{"run_id": 8, "bias_std_dev_scale": 0.204481, "bias_height_fraction": 0.2, "perturbation_size": 0.005, "optimizer": "Scipy", "found_minima": [[0.6234994049, 0.02803775853], [-0.05005911216512628, 0.4667066329027239], [-0.5582236389308953, 1.4417258366034167]], "found_saddles": [[0.04214704519266632, 0.48096719337010285], [0.40595112992236027, 0.35636106153096136]], "bias_count": 36, "energy_calls_at_each_min": [1, 193, 663], "force_calls_at_each_min": [1, 193, 663]}