{"run_id": 29, "bias_std_dev_scale": 0.17099799999999998, "bias_height_fraction": 0.092832, "perturbation_size": 0.005, "optimizer": "Scipy", "found_minima": [[0.6234994049, 0.02803775853], [-0.05001225270588718, 0.4666944513716366], [-0.5582236347635879, 1.4417258415923255]], "found_saddles": [[0.22711581988924728, 0.38468443645336514], [0.8167632251982601, 0.17050937117826545]], "bias_count": 97, "energy_calls_at_each_min": [1, 480, 1742], "force_calls_at_each_min": [1, 480, 1742]}