{"run_id": 41, "bias_std_dev_scale": 0.292402, "bias_height_fraction": 0.2, "perturbation_size": 0.005, "optimizer": "FIRE", "found_minima": [[0.6234994049, 0.02803775853], [-0.053089920753763106, 0.46745637826483644], [-0.5582236206751369, 1.441725865082798]], "found_saddles": [[0.1577381231891106, 0.25374341555747776], [-0.8371779381268247, 0.6057771962951802]], "bias_count": 38, "energy_calls_at_each_min": [1, 996, 4095], "force_calls_at_each_min": [1, 996, 4095]}