{"run_id": 31, "bias_std_dev_scale": 0.17099799999999998, "bias_height_fraction": 0.02, "perturbation_size": 0.005, "optimizer": "Scipy", "found_minima": [[0.6234994049, 0.02803775853], [-0.05001146918833125, 0.46669427783031503], [-0.5582236346272459, 1.441725841800953]], "found_saddles": [[0.23926050888434594, 0.39177690244467306], [0.18886991739352832, 0.3769618436808839]], "bias_count": 169, "energy_calls_at_each_min": [1, 1765, 2523], "force_calls_at_each_min": [1, 1765, 2523]}