{"run_id": 1, "bias_std_dev_scale": 0.204481, "bias_height_fraction": 0.2, "perturbation_size": 0.005, "optimizer": "Scipy", "found_minima": [[0.6234994049, 0.02803775853], [-0.05004395738287716, 0.4667026699738602], [-0.5582236348532896, 1.4417258415690661]], "found_saddles": [[-0.13986522263494194, 0.429078767754688], [-0.5267561983664376, 0.4994655232483701]], "bias_count": 20, "energy_calls_at_each_min": [1, 204, 348], "force_calls_at_each_min": [1, 204, 348]}