{"run_id": 53, "bias_std_dev_scale": 0.244521, "bias_height_fraction": 0.154853, "perturbation_size": 0.005, "optimizer": "FIRE", "found_minima": [[0.6234994049, 0.02803775853], [-0.05035967577482479, 0.4667819155236053], [-0.5582236286524934, 1.441725845294049]], "found_saddles": [[0.1327316911954027, 0.1991334838474612], [-0.8271950056201592, 0.5910246004901988]], "bias_count": 68, "energy_calls_at_each_min": [1, 1323, 7202], "force_calls_at_each_min": [1, 1323, 7202]}