{"run_id": 11, "bias_std_dev_scale": 0.14299699999999999, "bias_height_fraction": 0.11989699999999999, "perturbation_size": 0.005, "optimizer": "Scipy", "found_minima": [[0.6234994049, 0.02803775853], [-0.050011496990781334, 0.46669425882790855], [-0.5582236374655609, 1.4417258386829606]], "found_saddles": [[0.11135532034130191, 0.19732507918195716], [-0.248615075648943, 0.4829541371658577]], "bias_count": 43, "energy_calls_at_each_min": [1, 811, 891], "force_calls_at_each_min": [1, 811, 891]}