{"run_id": 89, "bias_std_dev_scale": 0.17099799999999998, "bias_height_fraction": 0.11989699999999999, "perturbation_size": 0.005, "optimizer": "FIRE", "found_minima": [[0.6234994049, 0.02803775853], [-0.05001131687948657, 0.46669423476896166], [-0.5582236454335439, 1.441725829808669]], "found_saddles": [[0.23358265002162867, 0.3163645459994315], [-0.7732223993199715, 0.6550418014604174]], "bias_count": 171, "energy_calls_at_each_min": [1, 1831, 18987], "force_calls_at_each_min": [1, 1831, 18987]}