{"run_id": 90, "bias_std_dev_scale": 0.11958099999999999, "bias_height_fraction": 0.02, "perturbation_size": 0.005, "optimizer": "Scipy", "found_minima": [[0.6234994049, 0.02803775853], [-0.05001082711939947, 0.4666941062920033], [-0.558223634639249, 1.441725841725629]], "found_saddles": [[0.26493828687723375, 0.24291351606513403], [0.041866982522581066, 0.35233762712743105]], "bias_count": 266, "energy_calls_at_each_min": [1, 3728, 4512], "force_calls_at_each_min": [1, 3728, 4512]}