{"run_id": 99, "bias_std_dev_scale": 0.11958099999999999, "bias_height_fraction": 0.02, "perturbation_size": 0.005, "optimizer": "Scipy", "found_minima": [[0.6234994049, 0.02803775853], [-0.5582236346869429, 1.4417258456530078], [-0.05001082364456202, 0.466694104846286]], "found_saddles": [[0.29709709900957726, 0.0501972841491149], [-0.1618193329874622, 0.4443305249009941]], "bias_count": 842, "energy_calls_at_each_min": [1, 2587, 14446], "force_calls_at_each_min": [1, 2587, 14446]}