{"run_id": 92, "bias_std_dev_scale": 0.11958099999999999, "bias_height_fraction": 0.02, "perturbation_size": 0.005, "optimizer": "FIRE", "found_minima": [[0.6234994049, 0.02803775853], [-0.050010859056644784, 0.4666941035826085], [-0.5582236513603726, 1.4417258254968974]], "found_saddles": [[0.20694657804925518, 0.29911167482246104], [-0.823973993570478, 0.6164157822582937]], "bias_count": 1377, "energy_calls_at_each_min": [1, 22931, 158837], "force_calls_at_each_min": [1, 22931, 158837]}