{"run_id": 5, "bias_std_dev_scale": 0.204481, "bias_height_fraction": 0.2, "perturbation_size": 0.005, "optimizer": "Scipy", "found_minima": [[0.6234994049, 0.02803775853], [-0.05001978705594151, 0.46669632995052834], [-0.5582236348426257, 1.4417258415820156]], "found_saddles": [[0.25299676688094447, 0.3475263327931818], [0.09731243440405986, 0.16338653914287546]], "bias_count": 27, "energy_calls_at_each_min": [1, 111, 544], "force_calls_at_each_min": [1, 111, 544]}