{"run_id": 13, "bias_std_dev_scale": 0.14299699999999999, "bias_height_fraction": 0.11989699999999999, "perturbation_size": 0.005, "optimizer": "Scipy", "found_minima": [[0.6234994049, 0.02803775853], [-0.05001082487800183, 0.4666941047696962], [-0.5582236352978965, 1.441725841289707]], "found_saddles": [[0.2712825048328033, 0.2324530336796759], [0.33586676870119, 0.4646420846297171]], "bias_count": 78, "energy_calls_at_each_min": [1, 505, 2168], "force_calls_at_each_min": [1, 505, 2168]}