{"run_id": 50, "bias_std_dev_scale": 0.244521, "bias_height_fraction": 0.154853, "perturbation_size": 0.005, "optimizer": "Scipy", "found_minima": [[0.6234994049, 0.02803775853], [-0.05035968021013627, 0.46678190897178146], [-0.5582236349628505, 1.4417258412769671]], "found_saddles": [[0.19227906711288995, 0.12724904344844667], [0.020902490456504125, 0.03329740483501436]], "bias_count": 50, "energy_calls_at_each_min": [1, 266, 1028], "force_calls_at_each_min": [1, 266, 1028]}