{"run_id": 80, "bias_std_dev_scale": 0.17099799999999998, "bias_height_fraction": 0.11989699999999999, "perturbation_size": 0.005, "optimizer": "Scipy", "found_minima": [[0.6234994049, 0.02803775853], [-0.5582236337824931, 1.4417258429064739], [-0.0500113813255901, 0.4666942513307836]], "found_saddles": [[0.5035647829418595, 0.03586150617034654], [0.23955678915613354, 0.26605812833739345]], "bias_count": 94, "energy_calls_at_each_min": [1, 44, 1764], "force_calls_at_each_min": [1, 44, 1764]}