{"run_id": 70, "bias_std_dev_scale": 0.204481, "bias_height_fraction": 0.092832, "perturbation_size": 0.005, "optimizer": "Scipy", "found_minima": [[0.6234994049, 0.02803775853], [-0.5582236354092134, 1.4417258400438793], [-0.05048031970775816, 0.466801227006433]], "found_saddles": [[0.17743629084379556, 0.44854126815142925], [-1.1156631350940347, 0.7146703416821933]], "bias_count": 157, "energy_calls_at_each_min": [1, 301, 2820], "force_calls_at_each_min": [1, 301, 2820]}