{"run_id": 82, "bias_std_dev_scale": 0.17099799999999998, "bias_height_fraction": 0.11989699999999999, "perturbation_size": 0.005, "optimizer": "FIRE", "found_minima": [[0.6234994049, 0.02803775853], [-0.05001152795038038, 0.46669429224752385], [-0.558223651229384, 1.4417258266963295]], "found_saddles": [[0.13745072222275367, 0.13825168877374386], [-0.7783733733684123, 0.6659192463651503]], "bias_count": 167, "energy_calls_at_each_min": [1, 3290, 18521], "force_calls_at_each_min": [1, 3290, 18521]}