{"run_id": 80, "bias_std_dev_scale": 0.17099799999999998, "bias_height_fraction": 0.11989699999999999, "perturbation_size": 0.005, "optimizer": "FIRE", "found_minima": [[0.6234994049, 0.02803775853], [-0.05001438582457465, 0.4666950678024204], [-0.5582236440395505, 1.4417258324747744]], "found_saddles": [[0.17768137936664183, 0.23454228309976624], [-0.8201802823409143, 0.6064843892152709]], "bias_count": 108, "energy_calls_at_each_min": [1, 2626, 12013], "force_calls_at_each_min": [1, 2626, 12013]}