{"run_id": 9, "bias_std_dev_scale": 0.204481, "bias_height_fraction": 0.2, "perturbation_size": 0.005, "optimizer": "Scipy", "found_minima": [[0.6234994049, 0.02803775853], [-0.05003418801060236, 0.46670010270080603], [-0.5582236353267034, 1.441725842107006]], "found_saddles": [[0.21106413962011553, 0.42219470701516554], [-0.6561255524126647, 0.5221244471585975]], "bias_count": 38, "energy_calls_at_each_min": [1, 236, 772], "force_calls_at_each_min": [1, 236, 772]}