{"run_id": 40, "bias_std_dev_scale": 0.292402, "bias_height_fraction": 0.2, "perturbation_size": 0.005, "optimizer": "Scipy", "found_minima": [[0.6234994049, 0.02803775853], [-0.05278199543076515, 0.4673658917679763], [-0.5582236041079826, 1.4417258839741975]], "found_saddles": [[0.1730610333211783, 0.10722315789205808], [-1.1589293152970526, 0.5739948926782974]], "bias_count": 26, "energy_calls_at_each_min": [1, 191, 386], "force_calls_at_each_min": [1, 191, 386]}