{"run_id": 91, "bias_std_dev_scale": 0.11958099999999999, "bias_height_fraction": 0.02, "perturbation_size": 0.005, "optimizer": "Scipy", "found_minima": [[0.6234994049, 0.02803775853], [-0.0500108196966018, 0.46669411077898254], [-0.558223635592074, 1.4417258395945804]], "found_saddles": [[-0.11459247854081978, 0.4509420127626548], [0.23399139093260896, 0.14437913776533015]], "bias_count": 206, "energy_calls_at_each_min": [1, 2282, 3449], "force_calls_at_each_min": [1, 2282, 3449]}