{"run_id": 21, "bias_std_dev_scale": 0.17099799999999998, "bias_height_fraction": 0.092832, "perturbation_size": 0.005, "optimizer": "Scipy", "found_minima": [[0.6234994049, 0.02803775853], [-0.05001100140940779, 0.466694149804226], [-0.5582236346552756, 1.4417258417889325]], "found_saddles": [[-0.16875911042473601, 0.4207178108996604], [0.9639742073583782, -0.017829069833457115]], "bias_count": 76, "energy_calls_at_each_min": [1, 359, 1451], "force_calls_at_each_min": [1, 359, 1451]}