{"run_id": 20, "bias_std_dev_scale": 0.17099799999999998, "bias_height_fraction": 0.092832, "perturbation_size": 0.005, "optimizer": "Scipy", "found_minima": [[0.6234994049, 0.02803775853], [-0.050012172067015505, 0.4666944740457133], [-0.5582236314526873, 1.441725845740008]], "found_saddles": [[0.1288856521460087, 0.4473293526335536], [0.1825419697040839, 0.38860177221272896]], "bias_count": 40, "energy_calls_at_each_min": [1, 649, 725], "force_calls_at_each_min": [1, 649, 725]}