{"run_id": 13, "bias_std_dev_scale": 0.14299699999999999, "bias_height_fraction": 0.11989699999999999, "perturbation_size": 0.005, "optimizer": "Scipy", "found_minima": [[0.6234994049, 0.02803775853], [-0.05001092790127668, 0.46669412829855067], [-0.5582236295490004, 1.4417258479800943]], "found_saddles": [[0.1987578181233173, 0.1745132150744913], [-0.45475693352108293, 0.49531966956517964]], "bias_count": 61, "energy_calls_at_each_min": [1, 621, 1232], "force_calls_at_each_min": [1, 621, 1232]}