{"run_id": 38, "bias_std_dev_scale": 0.17099799999999998, "bias_height_fraction": 0.02, "perturbation_size": 0.005, "optimizer": "Scipy", "found_minima": [[0.6234994049, 0.02803775853], [-0.05001138285462811, 0.4666942531365972], [-0.55822361873832, 1.4417258583137909]], "found_saddles": [[0.24579192181331527, 0.38358594708893645], [0.1822331576450501, 0.383772601651213]], "bias_count": 164, "energy_calls_at_each_min": [1, 1626, 2328], "force_calls_at_each_min": [1, 1626, 2328]}