{"run_id": 56, "bias_std_dev_scale": 0.244521, "bias_height_fraction": 0.154853, "perturbation_size": 0.005, "optimizer": "Scipy", "found_minima": [[0.6234994049, 0.02803775853], [-0.050363088485413196, 0.4667828441874461], [-0.5582236339835187, 1.4417258428474724]], "found_saddles": [[0.14324957982867, 0.4479380436115852], [-0.37982498092947786, 0.4911272912317643]], "bias_count": 26, "energy_calls_at_each_min": [1, 208, 486], "force_calls_at_each_min": [1, 208, 486]}