{"run_id": 63, "bias_std_dev_scale": 0.204481, "bias_height_fraction": 0.154853, "perturbation_size": 0.005, "optimizer": "Scipy", "found_minima": [[0.6234994049, 0.02803775853], [-0.050044055916008565, 0.4667027665204705], [-0.5582236423237724, 1.441725835930622]], "found_saddles": [[0.15647327344777961, 0.1042481991349968], [-0.6269024513823764, 0.5110444567962001]], "bias_count": 35, "energy_calls_at_each_min": [1, 287, 590], "force_calls_at_each_min": [1, 287, 590]}