{"run_id": 22, "bias_std_dev_scale": 0.17099799999999998, "bias_height_fraction": 0.092832, "perturbation_size": 0.005, "optimizer": "Scipy", "found_minima": [[0.6234994049, 0.02803775853], [-0.05002209574802945, 0.466696667873024], [-0.558223650445, 1.4417258247933082]], "found_saddles": [[0.18319814390808245, 0.08720999091651897], [0.023573542251644035, 0.2937703860581891]], "bias_count": 50, "energy_calls_at_each_min": [1, 590, 952], "force_calls_at_each_min": [1, 590, 952]}