{"run_id": 66, "bias_std_dev_scale": 0.204481, "bias_height_fraction": 0.154853, "perturbation_size": 0.005, "optimizer": "Scipy", "found_minima": [[0.6234994049, 0.02803775853], [-0.050056877295019495, 0.46670624826980067], [-0.5582236341361237, 1.4417258424253312]], "found_saddles": [[0.2575738750042914, 0.41754688735160606], [-0.606425435316875, 0.5105312146997298]], "bias_count": 51, "energy_calls_at_each_min": [1, 242, 959], "force_calls_at_each_min": [1, 242, 959]}