{"run_id": 32, "bias_std_dev_scale": 0.17099799999999998, "bias_height_fraction": 0.02, "perturbation_size": 0.005, "optimizer": "Scipy", "found_minima": [[0.6234994049, 0.02803775853], [-0.05001462607569772, 0.4666949799757838], [-0.5582236443117979, 1.4417258304061342]], "found_saddles": [[0.2672733830009187, 0.18976993565139247], [0.09427688095331738, 0.2998214165498653]], "bias_count": 199, "energy_calls_at_each_min": [1, 1808, 3070], "force_calls_at_each_min": [1, 1808, 3070]}