{"run_id": 90, "bias_std_dev_scale": 0.11958099999999999, "bias_height_fraction": 0.02, "perturbation_size": 0.005, "optimizer": "FIRE", "found_minima": [[0.6234994049, 0.02803775853], [-0.05001080686051232, 0.4666940989859403], [-0.5582236440517488, 1.4417258325906874]], "found_saddles": [[0.21506475377162082, 0.2900910995440034], [-0.8335332610534593, 0.5927458902665379]], "bias_count": 1364, "energy_calls_at_each_min": [1, 22861, 155209], "force_calls_at_each_min": [1, 22861, 155209]}