{"run_id": 55, "bias_std_dev_scale": 0.244521, "bias_height_fraction": 0.154853, "perturbation_size": 0.005, "optimizer": "FIRE", "found_minima": [[0.6234994049, 0.02803775853], [-0.05154363542419015, 0.46710858826302165], [-0.5582236294106697, 1.441725845009793]], "found_saddles": [[0.19752796866211011, 0.2589201469542518], [-0.8502009066078824, 0.5541657890080474]], "bias_count": 72, "energy_calls_at_each_min": [1, 1192, 7769], "force_calls_at_each_min": [1, 1192, 7769]}