{"run_id": 79, "bias_std_dev_scale": 0.204481, "bias_height_fraction": 0.092832, "perturbation_size": 0.005, "optimizer": "FIRE", "found_minima": [[0.6234994049, 0.02803775853], [-0.05004502078199798, 0.4667030274086211], [-0.5582236293044475, 1.4417258448883072]], "found_saddles": [[0.26162041775048006, 0.3173869520696146], [-0.8325826084402536, 0.5931018034102399]], "bias_count": 130, "energy_calls_at_each_min": [1, 2277, 14430], "force_calls_at_each_min": [1, 2277, 14430]}