{"run_id": 98, "bias_std_dev_scale": 0.11958099999999999, "bias_height_fraction": 0.02, "perturbation_size": 0.005, "optimizer": "FIRE", "found_minima": [[0.6234994049, 0.02803775853], [-0.050010852431339785, 0.4666941015017198], [-0.5582236193622573, 1.4417258561629842]], "found_saddles": [[0.19352321476020093, 0.2804720666370072], [-0.8286418637552797, 0.6247939505471655]], "bias_count": 1321, "energy_calls_at_each_min": [1, 20747, 147755], "force_calls_at_each_min": [1, 20747, 147755]}