{"run_id": 8, "bias_std_dev_scale": 0.204481, "bias_height_fraction": 0.2, "perturbation_size": 0.005, "optimizer": "Scipy", "found_minima": [[0.6234994049, 0.02803775853], [-0.050063233863954365, 0.466707738890911], [-0.5582236376706539, 1.4417258418506296]], "found_saddles": [[0.05522304496475405, 0.4823091671474963], [0.044661515077119546, 0.2526773510606703]], "bias_count": 31, "energy_calls_at_each_min": [1, 206, 613], "force_calls_at_each_min": [1, 206, 613]}