{"run_id": 45, "bias_std_dev_scale": 0.292402, "bias_height_fraction": 0.2, "perturbation_size": 0.005, "optimizer": "Scipy", "found_minima": [[0.6234994049, 0.02803775853], [-0.05250206960224459, 0.4672911964784633], [-0.5582236313511431, 1.441725844274194]], "found_saddles": [[0.15545276267786662, 0.1230790868041176], [0.04897623740977293, 0.09153410391174124]], "bias_count": 25, "energy_calls_at_each_min": [1, 200, 423], "force_calls_at_each_min": [1, 200, 423]}