{"run_id": 84, "bias_std_dev_scale": 0.17099799999999998, "bias_height_fraction": 0.11989699999999999, "perturbation_size": 0.005, "optimizer": "FIRE", "found_minima": [[0.6234994049, 0.02803775853], [-0.05001198094888908, 0.4666943676325911], [-0.5582236483349629, 1.4417258284744088]], "found_saddles": [[0.14848786017120763, 0.2668419141886513], [-0.846565179683179, 0.574476361230097]], "bias_count": 118, "energy_calls_at_each_min": [1, 2291, 13085], "force_calls_at_each_min": [1, 2291, 13085]}