{"run_id": 58, "bias_std_dev_scale": 0.244521, "bias_height_fraction": 0.154853, "perturbation_size": 0.005, "optimizer": "FIRE", "found_minima": [[0.6234994049, 0.02803775853], [-0.0507422429408251, 0.46688556216917987], [-0.5582236179474022, 1.4417258580600028]], "found_saddles": [[0.1760495004980935, 0.28131443237527004], [-0.8579168806402896, 0.6142316161243832]], "bias_count": 53, "energy_calls_at_each_min": [1, 1409, 5519], "force_calls_at_each_min": [1, 1409, 5519]}