{"run_id": 26, "bias_std_dev_scale": 0.17099799999999998, "bias_height_fraction": 0.092832, "perturbation_size": 0.005, "optimizer": "Scipy", "found_minima": [[0.6234994049, 0.02803775853], [-0.05001099950754368, 0.4666941503468462], [-0.5582236346970679, 1.4417258416381165]], "found_saddles": [[-0.07884904708929508, 0.4582489377168194], [-0.6143033465821277, 0.5104533125207585]], "bias_count": 66, "energy_calls_at_each_min": [1, 383, 1224], "force_calls_at_each_min": [1, 383, 1224]}