{"run_id": 78, "bias_std_dev_scale": 0.204481, "bias_height_fraction": 0.092832, "perturbation_size": 0.005, "optimizer": "FIRE", "found_minima": [[0.6234994049, 0.02803775853], [-0.050029374685295884, 0.4666988716023385], [-0.5582236449160793, 1.4417258320029636]], "found_saddles": [[0.20816423679515086, 0.31174504706413314], [-0.8202671734377074, 0.6093320120742948]], "bias_count": 136, "energy_calls_at_each_min": [1, 1710, 14517], "force_calls_at_each_min": [1, 1710, 14517]}