{"run_id": 27, "bias_std_dev_scale": 0.17099799999999998, "bias_height_fraction": 0.092832, "perturbation_size": 0.005, "optimizer": "Scipy", "found_minima": [[0.6234994049, 0.02803775853], [-0.05001121120110418, 0.46669420307445614], [-0.5582236444902745, 1.441725831065129]], "found_saddles": [[-0.18094510821543497, 0.4003881966699588], [0.13198513333886475, 0.07803316310915435]], "bias_count": 58, "energy_calls_at_each_min": [1, 377, 1086], "force_calls_at_each_min": [1, 377, 1086]}