{"run_id": 27, "bias_std_dev_scale": 0.17099799999999998, "bias_height_fraction": 0.092832, "perturbation_size": 0.005, "optimizer": "Scipy", "found_minima": [[0.6234994049, 0.02803775853], [-0.05001108959339957, 0.4666941753878234], [-0.5582236401933398, 1.4417258359249858]], "found_saddles": [[0.10001466967698142, 0.45863741087010224], [0.9064156413833453, 0.08974522768503741]], "bias_count": 70, "energy_calls_at_each_min": [1, 381, 1275], "force_calls_at_each_min": [1, 381, 1275]}