{"run_id": 6, "bias_std_dev_scale": 0.204481, "bias_height_fraction": 0.2, "perturbation_size": 0.005, "optimizer": "Scipy", "found_minima": [[0.6234994049, 0.02803775853], [-0.05001895296580032, 0.46669611572944586], [-0.5582236346322164, 1.4417258439348068]], "found_saddles": [[0.25663573091725916, 0.3437956211467737], [0.05680795736789235, -0.06271126524042374]], "bias_count": 62, "energy_calls_at_each_min": [1, 143, 1269], "force_calls_at_each_min": [1, 143, 1269]}