{"run_id": 12, "bias_std_dev_scale": 0.14299699999999999, "bias_height_fraction": 0.11989699999999999, "perturbation_size": 0.005, "optimizer": "Scipy", "found_minima": [[0.6234994049, 0.02803775853], [-0.5582236342378025, 1.4417258420685977], [-0.050011329745773006, 0.46669424334965465]], "found_saddles": [[0.08443781349361101, 0.4947780200569765], [-0.873585433224708, 0.7471165825244712]], "bias_count": 257, "energy_calls_at_each_min": [1, 438, 5180], "force_calls_at_each_min": [1, 438, 5180]}