{"run_id": 24, "bias_std_dev_scale": 0.17099799999999998, "bias_height_fraction": 0.092832, "perturbation_size": 0.005, "optimizer": "Scipy", "found_minima": [[0.6234994049, 0.02803775853], [-0.05001349302465938, 0.4666948386833424], [-0.5582236342959866, 1.441725841693374]], "found_saddles": [[0.24671787387083455, 0.3763522172919563], [-0.42521752625389303, 0.49359096456730844]], "bias_count": 45, "energy_calls_at_each_min": [1, 502, 847], "force_calls_at_each_min": [1, 502, 847]}