{"run_id": 95, "bias_std_dev_scale": 0.11958099999999999, "bias_height_fraction": 0.02, "perturbation_size": 0.005, "optimizer": "Scipy", "found_minima": [[0.6234994049, 0.02803775853], [-0.5582236346261056, 1.4417258418109784], [-0.05001079829987599, 0.466694104911367]], "found_saddles": [[0.23247202546549234, 0.10236083574785773], [-1.126138136342119, 0.8381912280506216]], "bias_count": 1334, "energy_calls_at_each_min": [1, 2895, 22910], "force_calls_at_each_min": [1, 2895, 22910]}