{"run_id": 88, "bias_std_dev_scale": 0.17099799999999998, "bias_height_fraction": 0.11989699999999999, "perturbation_size": 0.005, "optimizer": "Scipy", "found_minima": [[0.6234994049, 0.02803775853], [-0.05001344149851948, 0.466694708940714], [-0.55822363461226, 1.4417258418337493]], "found_saddles": [[0.1840729135586354, 0.2292536133793679], [-0.32097565390816807, 0.48745181664124665]], "bias_count": 26, "energy_calls_at_each_min": [1, 419, 488], "force_calls_at_each_min": [1, 419, 488]}