{"run_id": 78, "bias_std_dev_scale": 0.204481, "bias_height_fraction": 0.092832, "perturbation_size": 0.005, "optimizer": "Scipy", "found_minima": [[0.6234994049, 0.02803775853], [-0.05003242378213194, 0.46669964308122536], [-0.5582236345138922, 1.4417258420855998]], "found_saddles": [[0.21103907408900838, 0.40683298534717943], [-0.4296484189129759, 0.4938397792983511]], "bias_count": 58, "energy_calls_at_each_min": [1, 450, 1110], "force_calls_at_each_min": [1, 450, 1110]}