{"run_id": 54, "bias_std_dev_scale": 0.244521, "bias_height_fraction": 0.154853, "perturbation_size": 0.005, "optimizer": "Scipy", "found_minima": [[0.6234994049, 0.02803775853], [-0.050727812711622515, 0.46688348849509265], [-0.5582236338993303, 1.4417258413029297]], "found_saddles": [[0.001743983182332339, 0.46760592548268165], [0.021002973520795512, 0.13868333973375876]], "bias_count": 38, "energy_calls_at_each_min": [1, 201, 735], "force_calls_at_each_min": [1, 201, 735]}