{"run_id": 18, "bias_std_dev_scale": 0.14299699999999999, "bias_height_fraction": 0.11989699999999999, "perturbation_size": 0.005, "optimizer": "Scipy", "found_minima": [[0.6234994049, 0.02803775853], [-0.05001127584032667, 0.46669421036653613], [-0.5582236346722448, 1.4417258418063368]], "found_saddles": [[0.1482237614120344, 0.0994222715094967], [-0.5658017284013418, 0.4887666664821307]], "bias_count": 56, "energy_calls_at_each_min": [1, 562, 1103], "force_calls_at_each_min": [1, 562, 1103]}