{"run_id": 48, "bias_std_dev_scale": 0.292402, "bias_height_fraction": 0.2, "perturbation_size": 0.005, "optimizer": "FIRE", "found_minima": [[0.6234994049, 0.02803775853], [-0.052251757709086945, 0.46722987636259294], [-0.5582236167626166, 1.4417258666876853]], "found_saddles": [[0.12988208442083785, 0.21627669362729535], [-0.8514322974177577, 0.5959067724670674]], "bias_count": 37, "energy_calls_at_each_min": [1, 834, 3783], "force_calls_at_each_min": [1, 834, 3783]}