{"run_id": 65, "bias_std_dev_scale": 0.204481, "bias_height_fraction": 0.154853, "perturbation_size": 0.005, "optimizer": "FIRE", "found_minima": [[0.6234994049, 0.02803775853], [-0.05002851189507783, 0.46669862640882426], [-0.5582236377377346, 1.4417258351415916]], "found_saddles": [[0.23075222804825463, 0.3439820751305239], [-0.8513224898160373, 0.607373009861084]], "bias_count": 34, "energy_calls_at_each_min": [1, 1319, 3237], "force_calls_at_each_min": [1, 1319, 3237]}