{"run_id": 46, "bias_std_dev_scale": 0.292402, "bias_height_fraction": 0.2, "perturbation_size": 0.005, "optimizer": "Scipy", "found_minima": [[0.6234994049, 0.02803775853], [-0.05323313088976134, 0.46748793410604117], [-0.558223633184429, 1.4417258440928697]], "found_saddles": [[0.15739398154503573, 0.10139603978898977], [-1.0550159459975985, 0.8645335462324666]], "bias_count": 18, "energy_calls_at_each_min": [1, 168, 301], "force_calls_at_each_min": [1, 168, 301]}