{"run_id": 29, "bias_std_dev_scale": 0.17099799999999998, "bias_height_fraction": 0.092832, "perturbation_size": 0.005, "optimizer": "Scipy", "found_minima": [[0.6234994049, 0.02803775853], [-0.05002185317992794, 0.4666967986853912], [-0.5582236344453395, 1.44172584153582]], "found_saddles": [[0.20660326768114404, 0.07117195470763125], [-0.3856365697133368, 0.49139506837520863]], "bias_count": 52, "energy_calls_at_each_min": [1, 655, 1002], "force_calls_at_each_min": [1, 655, 1002]}