{"run_id": 36, "bias_std_dev_scale": 0.17099799999999998, "bias_height_fraction": 0.02, "perturbation_size": 0.005, "optimizer": "Scipy", "found_minima": [[0.6234994049, 0.02803775853], [-0.05001329609673454, 0.4666946917912058], [-0.5582236346424543, 1.4417258417666026]], "found_saddles": [[0.12908417361946015, 0.45072844863648714], [-0.42440085306056974, 0.4935231651940752]], "bias_count": 301, "energy_calls_at_each_min": [1, 1571, 4761], "force_calls_at_each_min": [1, 1571, 4761]}