{"run_id": 64, "bias_std_dev_scale": 0.204481, "bias_height_fraction": 0.154853, "perturbation_size": 0.005, "optimizer": "FIRE", "found_minima": [[0.6234994049, 0.02803775853], [-0.05004162827396408, 0.46670213530283233], [-0.558223653079435, 1.4417258233900225]], "found_saddles": [[0.22108623303175212, 0.28359885820091374], [-0.8234063924093377, 0.603146250596503]], "bias_count": 95, "energy_calls_at_each_min": [1, 1152, 10720], "force_calls_at_each_min": [1, 1152, 10720]}