{"run_id": 28, "bias_std_dev_scale": 0.17099799999999998, "bias_height_fraction": 0.092832, "perturbation_size": 0.005, "optimizer": "Scipy", "found_minima": [[0.6234994049, 0.02803775853], [-0.050015224871691966, 0.4666953299049564], [-0.558223634684266, 1.4417258418152352]], "found_saddles": [[0.21964481441569608, 0.4080612137623336], [0.1449408146937757, 0.15752288144095405]], "bias_count": 47, "energy_calls_at_each_min": [1, 611, 970], "force_calls_at_each_min": [1, 611, 970]}