{"run_id": 76, "bias_std_dev_scale": 0.204481, "bias_height_fraction": 0.092832, "perturbation_size": 0.005, "optimizer": "Scipy", "found_minima": [[0.6234994049, 0.02803775853], [-0.050061560710894126, 0.46670750238811304], [-0.5582236270710003, 1.4417258518138327]], "found_saddles": [[0.2455836065284865, 0.3975434749369426], [0.30293548270603915, 0.37842219552359474]], "bias_count": 55, "energy_calls_at_each_min": [1, 360, 1099], "force_calls_at_each_min": [1, 360, 1099]}