{"run_id": 98, "bias_std_dev_scale": 0.11958099999999999, "bias_height_fraction": 0.02, "perturbation_size": 0.005, "optimizer": "Scipy", "found_minima": [[0.6234994049, 0.02803775853], [-0.05001081867303863, 0.4666941043938019], [-0.5582236344150622, 1.4417258408448455]], "found_saddles": [[-0.04671590044496299, 0.46668088690339354], [0.17413145240045083, 0.4368647779531226]], "bias_count": 193, "energy_calls_at_each_min": [1, 2774, 3276], "force_calls_at_each_min": [1, 2774, 3276]}