{"run_id": 94, "bias_std_dev_scale": 0.11958099999999999, "bias_height_fraction": 0.02, "perturbation_size": 0.005, "optimizer": "Scipy", "found_minima": [[0.6234994049, 0.02803775853], [-0.5582236344119141, 1.4417258416227403], [-0.05001082860611482, 0.46669410515645804]], "found_saddles": [[0.21856300188074881, 0.17545764389567056], [-1.0800664462052476, 0.822548233465947]], "bias_count": 1327, "energy_calls_at_each_min": [1, 3800, 23241], "force_calls_at_each_min": [1, 3800, 23241]}