{"run_id": 3220, "bias_std_dev_scale": 0.170998, "bias_height_fraction": 0.119897, "perturbation_size": 0.005, "optimizer": "FIRE", "found_minima": [[0.6234994049, 0.02803775853], [-0.05001122765038083, 0.46669419835762754], [-0.5582236204172845, 1.4417258548356082]], "found_saddles": [[0.14006917021644102, 0.1286807908207853], [-0.30846855556967046, 0.18825976305045583]], "bias_count": 109, "energy_calls_at_each_min": [1, 1592, 13505], "force_calls_at_each_min": [1, 1592, 13505], "min_height_scale": 2.0, "max_height_scale": 1.5, "min_cov_scale": 2.5, "max_cov_scale": 2.5, "pert_type": "fixed"}