{"run_id": 3242, "bias_std_dev_scale": 0.170998, "bias_height_fraction": 0.119897, "perturbation_size": 0.005, "optimizer": "FIRE", "found_minima": [[0.6234994049, 0.02803775853], [-0.05032832657153405, 0.4668159838657889], [-0.5582236220504382, 1.4417258521699694]], "found_saddles": [[0.23028420028974117, 0.31091601784170775], [1.0423429837025984, 0.038510554686130044]], "bias_count": 86, "energy_calls_at_each_min": [1, 1115, 10771], "force_calls_at_each_min": [1, 1115, 10771], "min_height_scale": 2.0, "max_height_scale": 2.0, "min_cov_scale": 2.0, "max_cov_scale": 2.0, "pert_type": "fixed"}