{"run_id": 1813, "bias_std_dev_scale": 0.170998, "bias_height_fraction": 0.119897, "perturbation_size": 0.005, "optimizer": "FIRE", "found_minima": [[0.6234994049, 0.02803775853], [-0.05001601418917059, 0.46669600119761956], [-0.5582236495478171, 1.4417258289943837]], "found_saddles": [[0.19127040476925208, 0.2533958981489211], [0.930234598567666, 0.18390015165050239]], "bias_count": 130, "energy_calls_at_each_min": [1, 1832, 15742], "force_calls_at_each_min": [1, 1832, 15742], "min_height_scale": 2.5, "max_height_scale": 1.5, "min_cov_scale": 2.5, "max_cov_scale": 2.5, "pert_type": "adaptive"}