{"run_id": 2563, "bias_std_dev_scale": 0.170998, "bias_height_fraction": 0.119897, "perturbation_size": 0.005, "optimizer": "FIRE", "found_minima": [[0.6234994049, 0.02803775853], [-0.05003925900541365, 0.466700803394588], [-0.558223652035554, 1.441725825000597]], "found_saddles": [[0.12678908189855292, 0.12346504331036996], [-0.8225798672841665, 0.5908147825775408]], "bias_count": 72, "energy_calls_at_each_min": [1, 1629, 8564], "force_calls_at_each_min": [1, 1629, 8564], "min_height_scale": 1.5, "max_height_scale": 1.5, "min_cov_scale": 1.5, "max_cov_scale": 2.0, "pert_type": "adaptive"}