{"run_id": 4136, "bias_std_dev_scale": 0.170998, "bias_height_fraction": 0.119897, "perturbation_size": 0.005, "optimizer": "FIRE", "found_minima": [[0.6234994049, 0.02803775853], [-0.05001106143262695, 0.4666941658694052], [-0.5582236307066298, 1.4417258482232134]], "found_saddles": [[0.22266961591381845, 0.2811865165426747], [-0.839495374222078, 0.4299983364155063]], "bias_count": 91, "energy_calls_at_each_min": [1, 1747, 11052], "force_calls_at_each_min": [1, 1747, 11052], "min_height_scale": 1.5, "max_height_scale": 2.0, "min_cov_scale": 2.0, "max_cov_scale": 1.5, "pert_type": "fixed"}