{"run_id": 4515, "bias_std_dev_scale": 0.170998, "bias_height_fraction": 0.119897, "perturbation_size": 0.005, "optimizer": "FIRE", "found_minima": [[0.6234994049, 0.02803775853], [-0.05002096580891432, 0.4666963889675435], [-0.5582236430762968, 1.4417258331107823]], "found_saddles": [[0.2695416408083545, 0.2965042633776647], [-0.7107782498294344, 0.6946998255174373]], "bias_count": 41, "energy_calls_at_each_min": [1, 1939, 4828], "force_calls_at_each_min": [1, 1939, 4828], "min_height_scale": 3.0, "max_height_scale": 2.0, "min_cov_scale": 1.5, "max_cov_scale": 2.0, "pert_type": "adaptive"}