{"run_id": 2915, "bias_std_dev_scale": 0.170998, "bias_height_fraction": 0.119897, "perturbation_size": 0.005, "optimizer": "FIRE", "found_minima": [[0.6234994049, 0.02803775853], [-0.053131460031777364, 0.4672685646838087], [-0.558223649203444, 1.441725828232825]], "found_saddles": [[0.978228330646546, 0.036686157585624685], [-0.6089232436816956, 0.34918005246205536]], "bias_count": 33, "energy_calls_at_each_min": [1, 1671, 3628], "force_calls_at_each_min": [1, 1671, 3628], "min_height_scale": 2.5, "max_height_scale": 3.0, "min_cov_scale": 1.5, "max_cov_scale": 2.0, "pert_type": "adaptive"}