{"run_id": 4138, "bias_std_dev_scale": 0.170998, "bias_height_fraction": 0.119897, "perturbation_size": 0.005, "optimizer": "FIRE", "found_minima": [[0.6234994049, 0.02803775853], [-0.050248385183011064, 0.46674965576727356], [-0.5582236555174032, 1.4417258214399429]], "found_saddles": [[0.23124284881314305, 0.2789700544044284], [0.02482601833585144, -0.09279164920833002]], "bias_count": 67, "energy_calls_at_each_min": [1, 1595, 8402], "force_calls_at_each_min": [1, 1595, 8402], "min_height_scale": 1.5, "max_height_scale": 2.0, "min_cov_scale": 2.0, "max_cov_scale": 2.0, "pert_type": "fixed"}