{"run_id": 4324, "bias_std_dev_scale": 0.170998, "bias_height_fraction": 0.119897, "perturbation_size": 0.005, "optimizer": "FIRE", "found_minima": [[0.6234994049, 0.02803775853], [-0.050605290258335746, 0.46682076194461586], [-0.5582236463025451, 1.4417258302813096]], "found_saddles": [[0.30886934369690555, 0.37089452586998173], [-0.692530389562725, 0.6604014022595585]], "bias_count": 34, "energy_calls_at_each_min": [1, 1029, 4023], "force_calls_at_each_min": [1, 1029, 4023], "min_height_scale": 2.0, "max_height_scale": 3.0, "min_cov_scale": 1.5, "max_cov_scale": 2.5, "pert_type": "fixed"}