{"run_id": 1361, "bias_std_dev_scale": 0.170998, "bias_height_fraction": 0.119897, "perturbation_size": 0.005, "optimizer": "FIRE", "found_minima": [[0.6234994049, 0.02803775853], [-0.050011079697572056, 0.46669415019490484], [-0.5582236502234746, 1.4417258248804372]], "found_saddles": [[0.11216330570863953, 0.18479313669203398], [1.058793507981993, -0.06389763063628431]], "bias_count": 134, "energy_calls_at_each_min": [1, 2297, 16436], "force_calls_at_each_min": [1, 2297, 16436], "min_height_scale": 2.5, "max_height_scale": 2.5, "min_cov_scale": 2.5, "max_cov_scale": 1.5, "pert_type": "adaptive"}