{"run_id": 4814, "bias_std_dev_scale": 0.170998, "bias_height_fraction": 0.119897, "perturbation_size": 0.005, "optimizer": "FIRE", "found_minima": [[0.6234994049, 0.02803775853], [-0.5582236410050513, 1.441725835903837]], "found_saddles": [[-0.23693124703665625, 0.03143713436744825]], "bias_count": 5000, "energy_calls_at_each_min": [1, 5964], "force_calls_at_each_min": [1, 5964], "min_height_scale": 2.0, "max_height_scale": 2.5, "min_cov_scale": 2.0, "max_cov_scale": 3.0, "pert_type": "fixed"}