{"run_id": 1040, "bias_std_dev_scale": 0.170998, "bias_height_fraction": 0.119897, "perturbation_size": 0.005, "optimizer": "FIRE", "found_minima": [[0.6234994049, 0.02803775853], [-0.05001243549342324, 0.4666944918871496], [-0.5582236493867394, 1.4417258271678604]], "found_saddles": [[0.250599415923062, 0.2872182574858089], [-0.8380640264597584, 0.520029084454137]], "bias_count": 98, "energy_calls_at_each_min": [1, 2635, 11956], "force_calls_at_each_min": [1, 2635, 11956], "min_height_scale": 1.5, "max_height_scale": 1.5, "min_cov_scale": 2.5, "max_cov_scale": 1.5, "pert_type": "fixed"}