{"run_id": 4212, "bias_std_dev_scale": 0.170998, "bias_height_fraction": 0.119897, "perturbation_size": 0.005, "optimizer": "FIRE", "found_minima": [[0.6234994049, 0.02803775853], [-0.05030159395745382, 0.46675615292144285], [-0.5582236193031057, 1.4417258581284231]], "found_saddles": [[0.17500902128427095, 0.26352324264163896], [-0.2645629528993072, 0.0009016860620333148]], "bias_count": 75, "energy_calls_at_each_min": [1, 1469, 9359], "force_calls_at_each_min": [1, 1469, 9359], "min_height_scale": 1.5, "max_height_scale": 3.0, "min_cov_scale": 2.5, "max_cov_scale": 2.5, "pert_type": "fixed"}