{"run_id": 3413, "bias_std_dev_scale": 0.170998, "bias_height_fraction": 0.119897, "perturbation_size": 0.005, "optimizer": "FIRE", "found_minima": [[0.6234994049, 0.02803775853], [-0.05193207036017384, 0.4672601229960665], [-0.5582236530669943, 1.4417258235864747]], "found_saddles": [[0.38418015522474375, 0.3343498782789933], [-0.5341290570921524, 0.2913441914555919]], "bias_count": 62, "energy_calls_at_each_min": [1, 1437, 7560], "force_calls_at_each_min": [1, 1437, 7560], "min_height_scale": 2.5, "max_height_scale": 2.5, "min_cov_scale": 2.5, "max_cov_scale": 2.5, "pert_type": "adaptive"}