{"run_id": 336, "bias_std_dev_scale": 0.170998, "bias_height_fraction": 0.119897, "perturbation_size": 0.005, "optimizer": "FIRE", "found_minima": [[0.6234994049, 0.02803775853], [-0.050010850384404025, 0.4666941088993646], [-0.5582236133105715, 1.4417258625335685]], "found_saddles": [[0.14882012734035635, 0.11792729103420412], [1.0378021478683894, 0.04593536976244263]], "bias_count": 76, "energy_calls_at_each_min": [1, 1173, 9017], "force_calls_at_each_min": [1, 1173, 9017], "min_height_scale": 2.5, "max_height_scale": 2.5, "min_cov_scale": 2.5, "max_cov_scale": 1.5, "pert_type": "fixed"}