{"run_id": 926, "bias_std_dev_scale": 0.170998, "bias_height_fraction": 0.119897, "perturbation_size": 0.005, "optimizer": "FIRE", "found_minima": [[0.6234994049, 0.02803775853], [-0.05001900586638677, 0.4666961951316436], [-0.558223619124608, 1.4417258583518866]], "found_saddles": [[0.23281909136711265, 0.28671957301374507], [-0.8628397132728236, 0.5767308557132174]], "bias_count": 74, "energy_calls_at_each_min": [1, 1322, 9631], "force_calls_at_each_min": [1, 1322, 9631], "min_height_scale": 3.0, "max_height_scale": 1.5, "min_cov_scale": 3.0, "max_cov_scale": 3.0, "pert_type": "fixed"}