{"run_id": 3111, "bias_std_dev_scale": 0.170998, "bias_height_fraction": 0.119897, "perturbation_size": 0.005, "optimizer": "FIRE", "found_minima": [[0.6234994049, 0.02803775853], [-0.0501053235460843, 0.46671448527032733], [-0.5582236548172853, 1.4417258210203046]], "found_saddles": [[0.08324613392475494, 0.17971055213462278], [-0.7882107588323904, 0.633328914741572]], "bias_count": 48, "energy_calls_at_each_min": [1, 1950, 5449], "force_calls_at_each_min": [1, 1950, 5449], "min_height_scale": 1.5, "max_height_scale": 2.0, "min_cov_scale": 1.5, "max_cov_scale": 3.0, "pert_type": "adaptive"}