{"run_id": 1544, "bias_std_dev_scale": 0.170998, "bias_height_fraction": 0.119897, "perturbation_size": 0.005, "optimizer": "FIRE", "found_minima": [[0.6234994049, 0.02803775853], [-0.05003470604200657, 0.46670247780172913], [-0.5582236195961934, 1.4417258584898571]], "found_saddles": [[0.16380333663170366, 0.25693136976337416], [-0.22898121493173654, 0.0860823744161043]], "bias_count": 144, "energy_calls_at_each_min": [1, 1840, 18364], "force_calls_at_each_min": [1, 1840, 18364], "min_height_scale": 1.5, "max_height_scale": 1.5, "min_cov_scale": 2.0, "max_cov_scale": 1.5, "pert_type": "fixed"}