{"run_id": 385, "bias_std_dev_scale": 0.170998, "bias_height_fraction": 0.119897, "perturbation_size": 0.005, "optimizer": "FIRE", "found_minima": [[0.6234994049, 0.02803775853], [-0.050038444869760834, 0.46670152398484194], [-0.5582236203576703, 1.4417258558538948]], "found_saddles": [[0.26038978672353474, 0.28945186567690434], [-0.8428504700996226, 0.5970976603797544]], "bias_count": 68, "energy_calls_at_each_min": [1, 2113, 7849], "force_calls_at_each_min": [1, 2113, 7849], "min_height_scale": 3.0, "max_height_scale": 1.5, "min_cov_scale": 1.5, "max_cov_scale": 1.5, "pert_type": "adaptive"}