{"run_id": 3023, "bias_std_dev_scale": 0.170998, "bias_height_fraction": 0.119897, "perturbation_size": 0.005, "optimizer": "FIRE", "found_minima": [[0.6234994049, 0.02803775853], [-0.05013555169090126, 0.4667183243871604], [-0.5582236198009001, 1.44172585527698]], "found_saddles": [[0.3556840797387374, 0.31084047359485056], [-0.7507776784769704, 0.6780619360266975]], "bias_count": 42, "energy_calls_at_each_min": [1, 1656, 4868], "force_calls_at_each_min": [1, 1656, 4868], "min_height_scale": 3.0, "max_height_scale": 2.5, "min_cov_scale": 2.0, "max_cov_scale": 3.0, "pert_type": "adaptive"}