{"run_id": 4117, "bias_std_dev_scale": 0.170998, "bias_height_fraction": 0.119897, "perturbation_size": 0.005, "optimizer": "FIRE", "found_minima": [[0.6234994049, 0.02803775853], [-0.5582236229185454, 1.4417258523235779]], "found_saddles": [[-0.31989106464548306, 0.16709634868826057]], "bias_count": 5000, "energy_calls_at_each_min": [1, 15051], "force_calls_at_each_min": [1, 15051], "min_height_scale": 1.5, "max_height_scale": 1.5, "min_cov_scale": 2.5, "max_cov_scale": 2.5, "pert_type": "adaptive"}