{"run_id": 219, "bias_std_dev_scale": 0.170998, "bias_height_fraction": 0.119897, "perturbation_size": 0.005, "optimizer": "FIRE", "found_minima": [[0.6234994049, 0.02803775853], [-0.05001080134964674, 0.4666941037252426], [-0.5582236495048855, 1.4417258280225809]], "found_saddles": [[0.36141312727133723, 0.28790705104851544], [-0.8117317444861291, 0.6361476399636895]], "bias_count": 66, "energy_calls_at_each_min": [1, 1383, 8176], "force_calls_at_each_min": [1, 1383, 8176], "min_height_scale": 2.0, "max_height_scale": 2.5, "min_cov_scale": 3.0, "max_cov_scale": 2.0, "pert_type": "adaptive"}