{"run_id": 4579, "bias_std_dev_scale": 0.170998, "bias_height_fraction": 0.119897, "perturbation_size": 0.005, "optimizer": "FIRE", "found_minima": [[0.6234994049, 0.02803775853], [-0.05015278902855795, 0.46672755302064484], [-0.5582236529543069, 1.441725823656231]], "found_saddles": [[0.11578098606421587, 0.18507415348788708], [-0.8352195955476859, 0.5841289964094654]], "bias_count": 22, "energy_calls_at_each_min": [1, 1226, 2424], "force_calls_at_each_min": [1, 1226, 2424], "min_height_scale": 3.0, "max_height_scale": 3.0, "min_cov_scale": 1.5, "max_cov_scale": 2.0, "pert_type": "adaptive"}