{"run_id": 1188, "bias_std_dev_scale": 0.170998, "bias_height_fraction": 0.119897, "perturbation_size": 0.005, "optimizer": "FIRE", "found_minima": [[0.6234994049, 0.02803775853], [-0.050340090983755026, 0.4667413100854555], [-0.5582236332874645, 1.4417258438613794]], "found_saddles": [[0.1378769159852622, 0.22528688665443242], [-0.16442581771516832, -0.011559401622064501]], "bias_count": 74, "energy_calls_at_each_min": [1, 1334, 8880], "force_calls_at_each_min": [1, 1334, 8880], "min_height_scale": 2.0, "max_height_scale": 2.0, "min_cov_scale": 1.5, "max_cov_scale": 2.5, "pert_type": "fixed"}