{"run_id": 1570, "bias_std_dev_scale": 0.170998, "bias_height_fraction": 0.119897, "perturbation_size": 0.005, "optimizer": "FIRE", "found_minima": [[0.6234994049, 0.02803775853], [-0.05006572985300363, 0.4667088351295191], [-0.5582236127393605, 1.4417258640751391]], "found_saddles": [[0.23580435187323276, 0.32667596035103774], [-0.70368345806284, 0.7042003073349571]], "bias_count": 59, "energy_calls_at_each_min": [1, 1607, 7100], "force_calls_at_each_min": [1, 1607, 7100], "min_height_scale": 1.5, "max_height_scale": 2.0, "min_cov_scale": 1.5, "max_cov_scale": 2.0, "pert_type": "fixed"}