{"run_id": 2760, "bias_std_dev_scale": 0.170998, "bias_height_fraction": 0.119897, "perturbation_size": 0.005, "optimizer": "FIRE", "found_minima": [[0.6234994049, 0.02803775853], [-0.050033960575599314, 0.46670169097473135], [-0.5582236413375319, 1.441725836288669]], "found_saddles": [[0.35887792969846277, 0.2689339780003622], [-0.5252146231883695, 0.2897147100129065]], "bias_count": 47, "energy_calls_at_each_min": [1, 1118, 5603], "force_calls_at_each_min": [1, 1118, 5603], "min_height_scale": 2.0, "max_height_scale": 2.5, "min_cov_scale": 2.0, "max_cov_scale": 1.5, "pert_type": "fixed"}