{"run_id": 856, "bias_std_dev_scale": 0.170998, "bias_height_fraction": 0.119897, "perturbation_size": 0.005, "optimizer": "FIRE", "found_minima": [[0.6234994049, 0.02803775853], [-0.050011584395625454, 0.466694259996352], [-0.5582236473329232, 1.4417258295861637]], "found_saddles": [[0.13873040645903373, 0.0377270312442373], [-0.5741300951246482, 0.7840114050050548]], "bias_count": 86, "energy_calls_at_each_min": [1, 1827, 10292], "force_calls_at_each_min": [1, 1827, 10292], "min_height_scale": 2.5, "max_height_scale": 2.5, "min_cov_scale": 3.0, "max_cov_scale": 1.5, "pert_type": "fixed"}