{"run_id": 1724, "bias_std_dev_scale": 0.170998, "bias_height_fraction": 0.119897, "perturbation_size": 0.005, "optimizer": "FIRE", "found_minima": [[0.6234994049, 0.02803775853], [-0.05176930452038748, 0.4669830482394712], [-0.5582236401404129, 1.4417258383620055]], "found_saddles": [[0.12776001490201122, 0.2612973234757796], [-0.8110156598401375, 0.6117734250761805]], "bias_count": 73, "energy_calls_at_each_min": [1, 2506, 9052], "force_calls_at_each_min": [1, 2506, 9052], "min_height_scale": 2.0, "max_height_scale": 2.0, "min_cov_scale": 3.0, "max_cov_scale": 2.5, "pert_type": "fixed"}