{"run_id": 3527, "bias_std_dev_scale": 0.170998, "bias_height_fraction": 0.119897, "perturbation_size": 0.005, "optimizer": "FIRE", "found_minima": [[0.6234994049, 0.02803775853], [-0.5582236292648514, 1.4417258449479864]], "found_saddles": [[-0.030732135741007895, -0.0716836249116114]], "bias_count": 5000, "energy_calls_at_each_min": [1, 5628], "force_calls_at_each_min": [1, 5628], "min_height_scale": 3.0, "max_height_scale": 2.5, "min_cov_scale": 1.5, "max_cov_scale": 3.0, "pert_type": "adaptive"}