{"run_id": 1324, "bias_std_dev_scale": 0.170998, "bias_height_fraction": 0.119897, "perturbation_size": 0.005, "optimizer": "FIRE", "found_minima": [[0.6234994049, 0.02803775853], [-0.0500502248869029, 0.4667042909131759], [-0.5582236556565612, 1.4417258214718587]], "found_saddles": [[0.16691789571614368, 0.21989359776243975], [-0.17641325774814307, 0.05290603671656527]], "bias_count": 72, "energy_calls_at_each_min": [1, 1594, 8937], "force_calls_at_each_min": [1, 1594, 8937], "min_height_scale": 2.5, "max_height_scale": 2.0, "min_cov_scale": 2.0, "max_cov_scale": 2.5, "pert_type": "fixed"}