{"run_id": 798, "bias_std_dev_scale": 0.170998, "bias_height_fraction": 0.119897, "perturbation_size": 0.005, "optimizer": "FIRE", "found_minima": [[0.6234994049, 0.02803775853], [-0.05010085621247826, 0.4667299563623332], [-0.5582236291866194, 1.441725849821922]], "found_saddles": [[0.08707740462652949, 0.08223800713181334], [-0.15825627998453526, 0.013700087538011226]], "bias_count": 101, "energy_calls_at_each_min": [1, 2332, 12509], "force_calls_at_each_min": [1, 2332, 12509], "min_height_scale": 2.5, "max_height_scale": 1.5, "min_cov_scale": 3.0, "max_cov_scale": 3.0, "pert_type": "fixed"}