{"run_id": 335, "bias_std_dev_scale": 0.170998, "bias_height_fraction": 0.119897, "perturbation_size": 0.005, "optimizer": "FIRE", "found_minima": [[0.6234994049, 0.02803775853], [-0.0507960816603969, 0.4668409059258017], [-0.5582236147163391, 1.4417258613081714]], "found_saddles": [[0.22025418096824778, 0.30329083560515563], [0.1993726150111894, 0.7220953971542516]], "bias_count": 78, "energy_calls_at_each_min": [1, 1101, 9707], "force_calls_at_each_min": [1, 1101, 9707], "min_height_scale": 2.5, "max_height_scale": 2.5, "min_cov_scale": 2.0, "max_cov_scale": 3.0, "pert_type": "adaptive"}