{"run_id": 5075, "bias_std_dev_scale": 0.170998, "bias_height_fraction": 0.119897, "perturbation_size": 0.005, "optimizer": "FIRE", "found_minima": [[0.6234994049, 0.02803775853], [-0.05001125634438695, 0.4666942531912429], [-0.5582236239276166, 1.4417258510346211]], "found_saddles": [[0.13435300484614465, 0.2874745354357746], [-0.8074326834633175, 0.46800267821831]], "bias_count": 42, "energy_calls_at_each_min": [1, 962, 4877], "force_calls_at_each_min": [1, 962, 4877], "min_height_scale": 3.0, "max_height_scale": 2.5, "min_cov_scale": 2.5, "max_cov_scale": 2.0, "pert_type": "adaptive"}