{"run_id": 1876, "bias_std_dev_scale": 0.170998, "bias_height_fraction": 0.119897, "perturbation_size": 0.005, "optimizer": "FIRE", "found_minima": [[0.6234994049, 0.02803775853], [-0.05119148238288552, 0.46698290295592493], [-0.5582236467160901, 1.441725829844924]], "found_saddles": [[0.2722799568277485, 0.3261353873118888], [-0.836486442553577, 0.5241113509109435]], "bias_count": 45, "energy_calls_at_each_min": [1, 1484, 5479], "force_calls_at_each_min": [1, 1484, 5479], "min_height_scale": 2.5, "max_height_scale": 2.5, "min_cov_scale": 2.5, "max_cov_scale": 2.5, "pert_type": "fixed"}