{"run_id": 1798, "bias_std_dev_scale": 0.170998, "bias_height_fraction": 0.119897, "perturbation_size": 0.005, "optimizer": "FIRE", "found_minima": [[0.6234994049, 0.02803775853], [-0.05159549592684834, 0.46719065787526065], [-0.5582236524496037, 1.4417258248700981]], "found_saddles": [[0.14748615273823643, 0.25341789032502965], [-0.8156963555049199, 0.6214987939651708]], "bias_count": 73, "energy_calls_at_each_min": [1, 1797, 9203], "force_calls_at_each_min": [1, 1797, 9203], "min_height_scale": 2.5, "max_height_scale": 1.5, "min_cov_scale": 1.5, "max_cov_scale": 3.0, "pert_type": "fixed"}