{"run_id": 3539, "bias_std_dev_scale": 0.170998, "bias_height_fraction": 0.119897, "perturbation_size": 0.005, "optimizer": "FIRE", "found_minima": [[0.6234994049, 0.02803775853], [-0.050013009481978773, 0.4666946238799428], [-0.5582236526786912, 1.4417258236751107]], "found_saddles": [[0.40734797429465736, 0.29407843478392753], [-0.6664223534612098, 0.3522555453181296]], "bias_count": 58, "energy_calls_at_each_min": [1, 1553, 7018], "force_calls_at_each_min": [1, 1553, 7018], "min_height_scale": 3.0, "max_height_scale": 2.5, "min_cov_scale": 2.5, "max_cov_scale": 2.0, "pert_type": "adaptive"}