{"run_id": 2355, "bias_std_dev_scale": 0.170998, "bias_height_fraction": 0.119897, "perturbation_size": 0.005, "optimizer": "FIRE", "found_minima": [[0.6234994049, 0.02803775853], [-0.0500116323300985, 0.46669431637743486], [-0.5582236459904328, 1.4417258291918418]], "found_saddles": [[0.1918458296228506, 0.29245094123164894], [-0.7904537573422706, 0.6896362201724632]], "bias_count": 62, "energy_calls_at_each_min": [1, 1493, 8391], "force_calls_at_each_min": [1, 1493, 8391], "min_height_scale": 2.5, "max_height_scale": 2.0, "min_cov_scale": 2.5, "max_cov_scale": 2.0, "pert_type": "adaptive"}