{"run_id": 3425, "bias_std_dev_scale": 0.170998, "bias_height_fraction": 0.119897, "perturbation_size": 0.005, "optimizer": "FIRE", "found_minima": [[0.6234994049, 0.02803775853], [-0.050010800619401795, 0.46669411331415905], [-0.55822365836032, 1.4417258180358075]], "found_saddles": [[0.1537025976523823, 0.29833098929033675], [-0.7209987089538634, 0.692021031196443]], "bias_count": 31, "energy_calls_at_each_min": [1, 1199, 3617], "force_calls_at_each_min": [1, 1199, 3617], "min_height_scale": 2.5, "max_height_scale": 3.0, "min_cov_scale": 1.5, "max_cov_scale": 1.5, "pert_type": "adaptive"}