{"run_id": 756, "bias_std_dev_scale": 0.170998, "bias_height_fraction": 0.119897, "perturbation_size": 0.005, "optimizer": "FIRE", "found_minima": [[0.6234994049, 0.02803775853], [-0.05001143201462712, 0.4666942407539391], [-0.558223643781581, 1.4417258325883833]], "found_saddles": [[0.20002275278383164, 0.29328048789764116], [-0.921428995035767, 0.47433300097251996]], "bias_count": 50, "energy_calls_at_each_min": [1, 1552, 6269], "force_calls_at_each_min": [1, 1552, 6269], "min_height_scale": 2.0, "max_height_scale": 3.0, "min_cov_scale": 2.5, "max_cov_scale": 2.5, "pert_type": "fixed"}