{"run_id": 2978, "bias_std_dev_scale": 0.170998, "bias_height_fraction": 0.119897, "perturbation_size": 0.005, "optimizer": "FIRE", "found_minima": [[0.6234994049, 0.02803775853], [-0.05006283474480529, 0.46670642015967084], [-0.5582236416728324, 1.4417258347924238]], "found_saddles": [[0.22349898180026465, 0.312763354865944], [-0.844523350889509, 0.6079267151657715]], "bias_count": 44, "energy_calls_at_each_min": [1, 708, 5006], "force_calls_at_each_min": [1, 708, 5006], "min_height_scale": 3.0, "max_height_scale": 2.0, "min_cov_scale": 1.5, "max_cov_scale": 2.0, "pert_type": "fixed"}