{"run_id": 148, "bias_std_dev_scale": 0.170998, "bias_height_fraction": 0.119897, "perturbation_size": 0.005, "optimizer": "FIRE", "found_minima": [[0.6234994049, 0.02803775853], [-0.05046220583566611, 0.46689953634437426], [-0.5582236233883222, 1.441725852671913]], "found_saddles": [[0.45544408941935555, 0.2822728428151852], [-0.7834966783669187, 0.6709765875332585]], "bias_count": 92, "energy_calls_at_each_min": [1, 2636, 11349], "force_calls_at_each_min": [1, 2636, 11349], "min_height_scale": 2.0, "max_height_scale": 1.5, "min_cov_scale": 2.5, "max_cov_scale": 2.5, "pert_type": "fixed"}