{"run_id": 5044, "bias_std_dev_scale": 0.170998, "bias_height_fraction": 0.119897, "perturbation_size": 0.005, "optimizer": "FIRE", "found_minima": [[0.6234994049, 0.02803775853], [-0.050076234898627815, 0.466707946612522], [-0.5582236180144693, 1.44172585920574]], "found_saddles": [[0.19520571506491266, 0.27266729499441333], [-0.8209731736828731, 0.6178498219254942]], "bias_count": 46, "energy_calls_at_each_min": [1, 691, 5619], "force_calls_at_each_min": [1, 691, 5619], "min_height_scale": 3.0, "max_height_scale": 2.0, "min_cov_scale": 2.5, "max_cov_scale": 2.5, "pert_type": "fixed"}