{"run_id": 799, "bias_std_dev_scale": 0.170998, "bias_height_fraction": 0.119897, "perturbation_size": 0.005, "optimizer": "FIRE", "found_minima": [[0.6234994049, 0.02803775853], [-0.0529631926888062, 0.4675178828407887], [-0.5582236285898919, 1.4417258497418988]], "found_saddles": [[0.3792131050160383, 0.32418816952618523], [-0.8892832051312947, 0.5800373764964305]], "bias_count": 66, "energy_calls_at_each_min": [1, 2315, 8306], "force_calls_at_each_min": [1, 2315, 8306], "min_height_scale": 2.5, "max_height_scale": 1.5, "min_cov_scale": 3.0, "max_cov_scale": 3.0, "pert_type": "adaptive"}