{"run_id": 1180, "bias_std_dev_scale": 0.170998, "bias_height_fraction": 0.119897, "perturbation_size": 0.005, "optimizer": "FIRE", "found_minima": [[0.6234994049, 0.02803775853], [-0.050012129260058984, 0.4666943619658466], [-0.5582236197296201, 1.4417258583310366]], "found_saddles": [[0.13616543886697116, 0.2392497963346739], [-0.2361496569564506, 0.13360818100313787]], "bias_count": 113, "energy_calls_at_each_min": [1, 1528, 13841], "force_calls_at_each_min": [1, 1528, 13841], "min_height_scale": 2.0, "max_height_scale": 1.5, "min_cov_scale": 3.0, "max_cov_scale": 2.5, "pert_type": "fixed"}