{"run_id": 4761, "bias_std_dev_scale": 0.170998, "bias_height_fraction": 0.119897, "perturbation_size": 0.005, "optimizer": "FIRE", "found_minima": [[0.6234994049, 0.02803775853], [-0.050170928123219403, 0.46672483825776306], [-0.5582236183669068, 1.4417258576442233]], "found_saddles": [[0.2528677868935023, 0.294315785169251], [-0.8344528125518111, 0.5501097067437828]], "bias_count": 107, "energy_calls_at_each_min": [1, 3622, 12888], "force_calls_at_each_min": [1, 3622, 12888], "min_height_scale": 2.0, "max_height_scale": 1.5, "min_cov_scale": 3.0, "max_cov_scale": 1.5, "pert_type": "adaptive"}