{"run_id": 3515, "bias_std_dev_scale": 0.170998, "bias_height_fraction": 0.119897, "perturbation_size": 0.005, "optimizer": "FIRE", "found_minima": [[0.6234994049, 0.02803775853], [-0.05001097635571379, 0.4666941400056173], [-0.5582236144061332, 1.4417258613671313]], "found_saddles": [[0.14180519617368711, 0.2115531407441085], [0.9689334474935282, 0.14121298513435587]], "bias_count": 103, "energy_calls_at_each_min": [1, 1231, 13213], "force_calls_at_each_min": [1, 1231, 13213], "min_height_scale": 3.0, "max_height_scale": 2.0, "min_cov_scale": 3.0, "max_cov_scale": 2.0, "pert_type": "adaptive"}