{"run_id": 4697, "bias_std_dev_scale": 0.170998, "bias_height_fraction": 0.119897, "perturbation_size": 0.005, "optimizer": "FIRE", "found_minima": [[0.6234994049, 0.02803775853], [-0.050024043202729934, 0.4666970991569905], [-0.5582236357259903, 1.4417258396790231]], "found_saddles": [[0.17938742200228822, 0.3027036437057344], [-0.827320184763837, 0.5816359793497787]], "bias_count": 82, "energy_calls_at_each_min": [1, 1954, 10184], "force_calls_at_each_min": [1, 1954, 10184], "min_height_scale": 1.5, "max_height_scale": 2.5, "min_cov_scale": 3.0, "max_cov_scale": 1.5, "pert_type": "adaptive"}