{"run_id": 3130, "bias_std_dev_scale": 0.170998, "bias_height_fraction": 0.119897, "perturbation_size": 0.005, "optimizer": "FIRE", "found_minima": [[0.6234994049, 0.02803775853], [-0.050010879231865125, 0.46669411286523027], [-0.5582236487220409, 1.4417258281775802]], "found_saddles": [[0.2428381788191404, 0.3040443894002888], [-0.7473313135127442, 0.7086943917203776]], "bias_count": 76, "energy_calls_at_each_min": [1, 891, 9004], "force_calls_at_each_min": [1, 891, 9004], "min_height_scale": 1.5, "max_height_scale": 2.0, "min_cov_scale": 3.0, "max_cov_scale": 2.0, "pert_type": "fixed"}