{"run_id": 1325, "bias_std_dev_scale": 0.170998, "bias_height_fraction": 0.119897, "perturbation_size": 0.005, "optimizer": "FIRE", "found_minima": [[0.6234994049, 0.02803775853], [-0.0500142938719881, 0.4666948014496398], [-0.5582236311117843, 1.4417258482836246]], "found_saddles": [[0.2815087338822494, 0.3569570438815869], [-0.09356520787862603, -0.019171336723701117]], "bias_count": 81, "energy_calls_at_each_min": [1, 1644, 10139], "force_calls_at_each_min": [1, 1644, 10139], "min_height_scale": 2.5, "max_height_scale": 2.0, "min_cov_scale": 2.0, "max_cov_scale": 2.5, "pert_type": "adaptive"}