{"run_id": 1556, "bias_std_dev_scale": 0.170998, "bias_height_fraction": 0.119897, "perturbation_size": 0.005, "optimizer": "FIRE", "found_minima": [[0.6234994049, 0.02803775853], [-0.050096625203926055, 0.46672027064938315], [-0.5582236179828076, 1.441725858020764]], "found_saddles": [[0.24822769510301773, 0.2994319324126351], [-0.2802061781175611, 0.18878364919195423]], "bias_count": 112, "energy_calls_at_each_min": [1, 1255, 14009], "force_calls_at_each_min": [1, 1255, 14009], "min_height_scale": 1.5, "max_height_scale": 1.5, "min_cov_scale": 2.5, "max_cov_scale": 2.5, "pert_type": "fixed"}