{"run_id": 4500, "bias_std_dev_scale": 0.170998, "bias_height_fraction": 0.119897, "perturbation_size": 0.005, "optimizer": "FIRE", "found_minima": [[0.6234994049, 0.02803775853], [-0.05092837878156927, 0.46696153103219507], [-0.558223606343949, 1.4417258907327184]], "found_saddles": [[0.1995777878847108, 0.27112032735061314], [-0.8697882987080673, 0.46794780521838286]], "bias_count": 112, "energy_calls_at_each_min": [1, 2047, 14129], "force_calls_at_each_min": [1, 2047, 14129], "min_height_scale": 3.0, "max_height_scale": 1.5, "min_cov_scale": 2.5, "max_cov_scale": 2.5, "pert_type": "fixed"}