{"run_id": 173, "bias_std_dev_scale": 0.170998, "bias_height_fraction": 0.119897, "perturbation_size": 0.005, "optimizer": "FIRE", "found_minima": [[0.6234994049, 0.02803775853], [-0.050082242606781575, 0.46671537738554403], [-0.5582236355842276, 1.4417258370923667]], "found_saddles": [[0.14495018475144408, 0.24896827245665332], [-0.785498159751495, 0.6692724234161614]], "bias_count": 76, "energy_calls_at_each_min": [1, 1791, 9738], "force_calls_at_each_min": [1, 1791, 9738], "min_height_scale": 2.0, "max_height_scale": 2.0, "min_cov_scale": 2.0, "max_cov_scale": 2.5, "pert_type": "adaptive"}