{"run_id": 3327, "bias_std_dev_scale": 0.170998, "bias_height_fraction": 0.119897, "perturbation_size": 0.005, "optimizer": "FIRE", "found_minima": [[0.6234994049, 0.02803775853], [-0.05001373977401725, 0.46669468404996844], [-0.5582236488180882, 1.4417258280099547]], "found_saddles": [[0.14655051126110707, 0.22156835738104347], [0.23038521779406723, 0.6867495595693898]], "bias_count": 62, "energy_calls_at_each_min": [1, 1211, 7934], "force_calls_at_each_min": [1, 1211, 7934], "min_height_scale": 2.0, "max_height_scale": 3.0, "min_cov_scale": 3.0, "max_cov_scale": 3.0, "pert_type": "adaptive"}