{"run_id": 3262, "bias_std_dev_scale": 0.170998, "bias_height_fraction": 0.119897, "perturbation_size": 0.005, "optimizer": "FIRE", "found_minima": [[0.6234994049, 0.02803775853], [-0.0500205453628349, 0.46669610766072417], [-0.5582236512212595, 1.4417258258545345]], "found_saddles": [[0.06547370051637996, 0.23455234690646584], [-0.8406858030661605, 0.5279762191484034]], "bias_count": 33, "energy_calls_at_each_min": [1, 1370, 3852], "force_calls_at_each_min": [1, 1370, 3852], "min_height_scale": 2.0, "max_height_scale": 2.0, "min_cov_scale": 3.0, "max_cov_scale": 3.0, "pert_type": "fixed"}