{"run_id": 2890, "bias_std_dev_scale": 0.170998, "bias_height_fraction": 0.119897, "perturbation_size": 0.005, "optimizer": "FIRE", "found_minima": [[0.6234994049, 0.02803775853], [-0.050020561100417554, 0.46669612325954324], [-0.5582236319016857, 1.4417258473073895]], "found_saddles": [[0.1881995238031046, 0.2451817004425378], [-0.5607992737309757, 0.6955816526959665]], "bias_count": 56, "energy_calls_at_each_min": [1, 1059, 6831], "force_calls_at_each_min": [1, 1059, 6831], "min_height_scale": 2.5, "max_height_scale": 2.5, "min_cov_scale": 2.0, "max_cov_scale": 2.0, "pert_type": "fixed"}