{"run_id": 1064, "bias_std_dev_scale": 0.170998, "bias_height_fraction": 0.119897, "perturbation_size": 0.005, "optimizer": "FIRE", "found_minima": [[0.6234994049, 0.02803775853], [-0.0500213066475597, 0.46669617363600285], [-0.5582236487081942, 1.4417258282258067]], "found_saddles": [[0.25489196023286453, 0.30565310692501857], [-0.35548062235652667, 0.17760283196986262]], "bias_count": 104, "energy_calls_at_each_min": [1, 1358, 12415], "force_calls_at_each_min": [1, 1358, 12415], "min_height_scale": 1.5, "max_height_scale": 2.0, "min_cov_scale": 2.0, "max_cov_scale": 1.5, "pert_type": "fixed"}