{"run_id": 61, "bias_std_dev_scale": 0.170998, "bias_height_fraction": 0.119897, "perturbation_size": 0.005, "optimizer": "FIRE", "found_minima": [[0.6234994049, 0.02803775853], [-0.05005437213573936, 0.4667020891587395], [-0.5582235496594058, 1.4417259339154243]], "found_saddles": [[0.8728886204577325, 0.11752771298059422], [-0.8157641267623865, 0.47573262647899367]], "bias_count": 92, "energy_calls_at_each_min": [1, 2034, 11823], "force_calls_at_each_min": [1, 2034, 11823], "min_height_scale": 1.5, "max_height_scale": 2.0, "min_cov_scale": 3.0, "max_cov_scale": 2.5, "pert_type": "adaptive"}