{"run_id": 3147, "bias_std_dev_scale": 0.170998, "bias_height_fraction": 0.119897, "perturbation_size": 0.005, "optimizer": "FIRE", "found_minima": [[0.6234994049, 0.02803775853], [-0.05016202882007286, 0.46672661514037356], [-0.5582236304391586, 1.4417258484304751]], "found_saddles": [[0.3551324898217699, 0.3102161280140156], [-0.8206946899477063, 0.628258580821809]], "bias_count": 22, "energy_calls_at_each_min": [1, 1289, 2615], "force_calls_at_each_min": [1, 1289, 2615], "min_height_scale": 1.5, "max_height_scale": 2.5, "min_cov_scale": 2.0, "max_cov_scale": 2.0, "pert_type": "adaptive"}