{"run_id": 1679, "bias_std_dev_scale": 0.170998, "bias_height_fraction": 0.119897, "perturbation_size": 0.005, "optimizer": "FIRE", "found_minima": [[0.6234994049, 0.02803775853], [-0.0501547523592565, 0.46672786883017586], [-0.5582236209737292, 1.4417258569660347]], "found_saddles": [[0.14771969908499422, 0.29033751553712933], [-0.8175714886169536, 0.47117487063972496]], "bias_count": 78, "energy_calls_at_each_min": [1, 1514, 9405], "force_calls_at_each_min": [1, 1514, 9405], "min_height_scale": 2.0, "max_height_scale": 1.5, "min_cov_scale": 2.0, "max_cov_scale": 3.0, "pert_type": "adaptive"}