{"run_id": 3356, "bias_std_dev_scale": 0.170998, "bias_height_fraction": 0.119897, "perturbation_size": 0.005, "optimizer": "FIRE", "found_minima": [[0.6234994049, 0.02803775853], [-0.05001146795760517, 0.4666942437225315], [-0.5582236216549306, 1.441725855129344]], "found_saddles": [[0.2200916213943021, 0.2821236965803573], [0.6420481375546572, 0.37528166294327137]], "bias_count": 128, "energy_calls_at_each_min": [1, 1509, 16043], "force_calls_at_each_min": [1, 1509, 16043], "min_height_scale": 2.5, "max_height_scale": 1.5, "min_cov_scale": 3.0, "max_cov_scale": 2.5, "pert_type": "fixed"}