{"run_id": 228, "bias_std_dev_scale": 0.170998, "bias_height_fraction": 0.119897, "perturbation_size": 0.005, "optimizer": "FIRE", "found_minima": [[0.6234994049, 0.02803775853], [-0.5582236283180021, 1.4417258498452188]], "found_saddles": [[-0.3452145613812437, 0.21391972882131197]], "bias_count": 5000, "energy_calls_at_each_min": [1, 5180], "force_calls_at_each_min": [1, 5180], "min_height_scale": 2.0, "max_height_scale": 3.0, "min_cov_scale": 1.5, "max_cov_scale": 2.5, "pert_type": "fixed"}