{"run_id": 2147, "bias_std_dev_scale": 0.170998, "bias_height_fraction": 0.119897, "perturbation_size": 0.005, "optimizer": "FIRE", "found_minima": [[0.6234994049, 0.02803775853], [-0.05025144281414319, 0.4667515852254292], [-0.5582236172258741, 1.441725860343599]], "found_saddles": [[0.1538329555882114, 0.16583782682252027], [-0.8468371959742246, 0.5932614231650514]], "bias_count": 16, "energy_calls_at_each_min": [1, 876, 1718], "force_calls_at_each_min": [1, 876, 1718], "min_height_scale": 1.5, "max_height_scale": 3.0, "min_cov_scale": 1.5, "max_cov_scale": 2.0, "pert_type": "adaptive"}