{"run_id": 2202, "bias_std_dev_scale": 0.170998, "bias_height_fraction": 0.119897, "perturbation_size": 0.005, "optimizer": "FIRE", "found_minima": [[0.6234994049, 0.02803775853], [-0.050011642725888955, 0.46669430067710904], [-0.5582236488508258, 1.4417258287075987]], "found_saddles": [[0.3344106983035744, 0.2823090195529896], [-0.6506285271450298, 0.31636908284820586]], "bias_count": 145, "energy_calls_at_each_min": [1, 2193, 18787], "force_calls_at_each_min": [1, 2193, 18787], "min_height_scale": 2.0, "max_height_scale": 1.5, "min_cov_scale": 3.0, "max_cov_scale": 2.0, "pert_type": "fixed"}