{"run_id": 270, "bias_std_dev_scale": 0.170998, "bias_height_fraction": 0.119897, "perturbation_size": 0.005, "optimizer": "FIRE", "found_minima": [[0.6234994049, 0.02803775853], [-0.5582236443712387, 1.4417258336302237]], "found_saddles": [[-0.7379926068506422, 0.6758136610468047]], "bias_count": 5000, "energy_calls_at_each_min": [1, 7506], "force_calls_at_each_min": [1, 7506], "min_height_scale": 2.5, "max_height_scale": 1.5, "min_cov_scale": 2.0, "max_cov_scale": 3.0, "pert_type": "fixed"}