{"run_id": 1322, "bias_std_dev_scale": 0.170998, "bias_height_fraction": 0.119897, "perturbation_size": 0.005, "optimizer": "FIRE", "found_minima": [[0.6234994049, 0.02803775853], [-0.05008863919624826, 0.4667082746222949], [-0.5582236461280118, 1.441725829094092]], "found_saddles": [[0.12655536129070066, 0.1631906635535147], [-0.06064987768892349, -0.07730185724322435]], "bias_count": 95, "energy_calls_at_each_min": [1, 1574, 12035], "force_calls_at_each_min": [1, 1574, 12035], "min_height_scale": 2.5, "max_height_scale": 2.0, "min_cov_scale": 2.0, "max_cov_scale": 2.0, "pert_type": "fixed"}