{"run_id": 1803, "bias_std_dev_scale": 0.170998, "bias_height_fraction": 0.119897, "perturbation_size": 0.005, "optimizer": "FIRE", "found_minima": [[0.6234994049, 0.02803775853], [-0.05001120577398217, 0.46669418840007554], [-0.5582236525020823, 1.4417258238650577]], "found_saddles": [[0.17138139676240377, 0.25456381005660506], [-0.8212617961762766, 0.5944480590590107]], "bias_count": 84, "energy_calls_at_each_min": [1, 1421, 10102], "force_calls_at_each_min": [1, 1421, 10102], "min_height_scale": 2.5, "max_height_scale": 1.5, "min_cov_scale": 2.0, "max_cov_scale": 2.0, "pert_type": "adaptive"}