{"run_id": 3662, "bias_std_dev_scale": 0.170998, "bias_height_fraction": 0.119897, "perturbation_size": 0.005, "optimizer": "FIRE", "found_minima": [[0.6234994049, 0.02803775853], [-0.05004216031406224, 0.4667333721130344], [-0.5582236443943165, 1.4417258318988102]], "found_saddles": [[0.1525607549420802, 0.05517681740500962], [-0.8396532043342744, 0.6108433264262795]], "bias_count": 43, "energy_calls_at_each_min": [1, 816, 5302], "force_calls_at_each_min": [1, 816, 5302], "min_height_scale": 1.5, "max_height_scale": 2.5, "min_cov_scale": 2.0, "max_cov_scale": 3.0, "pert_type": "fixed"}