{"run_id": 363, "bias_std_dev_scale": 0.170998, "bias_height_fraction": 0.119897, "perturbation_size": 0.005, "optimizer": "FIRE", "found_minima": [[0.6234994049, 0.02803775853], [-0.05002765398455011, 0.46669758444220333], [-0.5582236534464218, 1.441725823948889]], "found_saddles": [[0.4640080893946743, 0.31073753769185497], [-0.814087635274446, 0.6471273036753525]], "bias_count": 43, "energy_calls_at_each_min": [1, 1489, 5106], "force_calls_at_each_min": [1, 1489, 5106], "min_height_scale": 2.5, "max_height_scale": 3.0, "min_cov_scale": 2.0, "max_cov_scale": 2.0, "pert_type": "adaptive"}