{"run_id": 4501, "bias_std_dev_scale": 0.170998, "bias_height_fraction": 0.119897, "perturbation_size": 0.005, "optimizer": "FIRE", "found_minima": [[0.6234994049, 0.02803775853], [-0.050034086649347734, 0.46669913536266494], [-0.558223648902968, 1.4417258265895438]], "found_saddles": [[0.1576953829986757, 0.24043887904603614], [0.5171004951174066, 0.4803933840084603]], "bias_count": 108, "energy_calls_at_each_min": [1, 1993, 13235], "force_calls_at_each_min": [1, 1993, 13235], "min_height_scale": 3.0, "max_height_scale": 1.5, "min_cov_scale": 2.5, "max_cov_scale": 2.5, "pert_type": "adaptive"}