{"run_id": 2984, "bias_std_dev_scale": 0.170998, "bias_height_fraction": 0.119897, "perturbation_size": 0.005, "optimizer": "FIRE", "found_minima": [[0.6234994049, 0.02803775853], [-0.05001125277588062, 0.46669418718598543], [-0.5582236467832016, 1.441725829730048]], "found_saddles": [[0.9277915918368345, -0.03279947363165637], [-0.8352114454498359, 0.5019510413498389]], "bias_count": 47, "energy_calls_at_each_min": [1, 2153, 5466], "force_calls_at_each_min": [1, 2153, 5466], "min_height_scale": 3.0, "max_height_scale": 2.0, "min_cov_scale": 2.0, "max_cov_scale": 1.5, "pert_type": "fixed"}