{"run_id": 2262, "bias_std_dev_scale": 0.170998, "bias_height_fraction": 0.119897, "perturbation_size": 0.005, "optimizer": "FIRE", "found_minima": [[0.6234994049, 0.02803775853], [-0.05054692022876191, 0.46680884469606904], [-0.5582236454707832, 1.441725831367608]], "found_saddles": [[0.3249651188125847, 0.2888899378634536], [-0.8538077320786259, 0.5207305416688297]], "bias_count": 50, "energy_calls_at_each_min": [1, 590, 6062], "force_calls_at_each_min": [1, 590, 6062], "min_height_scale": 2.0, "max_height_scale": 2.5, "min_cov_scale": 2.5, "max_cov_scale": 3.0, "pert_type": "fixed"}