{"run_id": 2249, "bias_std_dev_scale": 0.170998, "bias_height_fraction": 0.119897, "perturbation_size": 0.005, "optimizer": "FIRE", "found_minima": [[0.6234994049, 0.02803775853], [-0.050014612853452295, 0.46669488900580264], [-0.5582236471019163, 1.4417258293818125]], "found_saddles": [[0.23800065985540403, 0.2868510151379409], [-0.7244954695827742, 0.6960403800023015]], "bias_count": 49, "energy_calls_at_each_min": [1, 1769, 5663], "force_calls_at_each_min": [1, 1769, 5663], "min_height_scale": 2.0, "max_height_scale": 2.5, "min_cov_scale": 2.0, "max_cov_scale": 1.5, "pert_type": "adaptive"}