{"run_id": 1779, "bias_std_dev_scale": 0.170998, "bias_height_fraction": 0.119897, "perturbation_size": 0.005, "optimizer": "FIRE", "found_minima": [[0.6234994049, 0.02803775853], [-0.05001126595516776, 0.4666942212605283], [-0.5582236176037603, 1.4417258597112883]], "found_saddles": [[0.25572875972573683, 0.30490396204336134], [-0.85079994830818, 0.6219929252817878]], "bias_count": 63, "energy_calls_at_each_min": [1, 977, 7549], "force_calls_at_each_min": [1, 977, 7549], "min_height_scale": 2.0, "max_height_scale": 3.0, "min_cov_scale": 2.5, "max_cov_scale": 2.0, "pert_type": "adaptive"}