{"run_id": 2673, "bias_std_dev_scale": 0.170998, "bias_height_fraction": 0.119897, "perturbation_size": 0.005, "optimizer": "FIRE", "found_minima": [[0.6234994049, 0.02803775853], [-0.05002385367684841, 0.4666973378244427], [-0.5582236154025302, 1.4417258619625435]], "found_saddles": [[0.9619502586944201, -0.03544929236131361], [-0.7454346884726228, 0.6559272354244573]], "bias_count": 71, "energy_calls_at_each_min": [1, 2747, 8542], "force_calls_at_each_min": [1, 2747, 8542], "min_height_scale": 1.5, "max_height_scale": 3.0, "min_cov_scale": 2.5, "max_cov_scale": 1.5, "pert_type": "adaptive"}