{"run_id": 264, "bias_std_dev_scale": 0.170998, "bias_height_fraction": 0.119897, "perturbation_size": 0.005, "optimizer": "FIRE", "found_minima": [[0.6234994049, 0.02803775853], [-0.050124002270285475, 0.46671968686254534], [-0.5582236450567101, 1.4417258313629815]], "found_saddles": [[0.14142960662868148, 0.1746222559836538], [-0.18885460231502688, -0.03993426581280974]], "bias_count": 148, "energy_calls_at_each_min": [1, 2727, 17824], "force_calls_at_each_min": [1, 2727, 17824], "min_height_scale": 2.5, "max_height_scale": 1.5, "min_cov_scale": 2.0, "max_cov_scale": 1.5, "pert_type": "fixed"}