{"run_id": 4262, "bias_std_dev_scale": 0.170998, "bias_height_fraction": 0.119897, "perturbation_size": 0.005, "optimizer": "FIRE", "found_minima": [[0.6234994049, 0.02803775853], [-0.05036960127003284, 0.46677947635051875], [-0.5582236232493459, 1.4417258510479511]], "found_saddles": [[0.11887562591852927, 0.24539811049132154], [-0.8799607305932592, 0.5818225693440082]], "bias_count": 49, "energy_calls_at_each_min": [1, 1541, 6194], "force_calls_at_each_min": [1, 1541, 6194], "min_height_scale": 2.0, "max_height_scale": 2.0, "min_cov_scale": 1.5, "max_cov_scale": 3.0, "pert_type": "fixed"}