{"run_id": 3442, "bias_std_dev_scale": 0.170998, "bias_height_fraction": 0.119897, "perturbation_size": 0.005, "optimizer": "FIRE", "found_minima": [[0.6234994049, 0.02803775853], [-0.05067579540674442, 0.4668084155388164], [-0.5582236525915301, 1.441725824057563]], "found_saddles": [[0.09601320468320039, 0.06162703209195063], [0.07258316082182988, 0.8145899374832034]], "bias_count": 102, "energy_calls_at_each_min": [1, 602, 12871], "force_calls_at_each_min": [1, 602, 12871], "min_height_scale": 2.5, "max_height_scale": 3.0, "min_cov_scale": 2.5, "max_cov_scale": 2.0, "pert_type": "fixed"}