{"run_id": 5066, "bias_std_dev_scale": 0.170998, "bias_height_fraction": 0.119897, "perturbation_size": 0.005, "optimizer": "FIRE", "found_minima": [[0.6234994049, 0.02803775853], [-0.05001082552258133, 0.46669410774778847], [-0.558223648197049, 1.4417258286633519]], "found_saddles": [[0.12584777866210292, 0.17138136532496878], [-0.869206175012827, 0.5570990001619234]], "bias_count": 44, "energy_calls_at_each_min": [1, 1171, 5525], "force_calls_at_each_min": [1, 1171, 5525], "min_height_scale": 3.0, "max_height_scale": 2.5, "min_cov_scale": 2.0, "max_cov_scale": 2.0, "pert_type": "fixed"}