{"run_id": 1536, "bias_std_dev_scale": 0.170998, "bias_height_fraction": 0.119897, "perturbation_size": 0.005, "optimizer": "FIRE", "found_minima": [[0.6234994049, 0.02803775853], [-0.05003897776479586, 0.46670166909177363], [-0.558223617182124, 1.441725859591659]], "found_saddles": [[0.1384225214555669, 0.13713530702239213], [-0.2167825846175035, 0.15471121260208942]], "bias_count": 102, "energy_calls_at_each_min": [1, 2093, 12346], "force_calls_at_each_min": [1, 2093, 12346], "min_height_scale": 1.5, "max_height_scale": 1.5, "min_cov_scale": 1.5, "max_cov_scale": 1.5, "pert_type": "fixed"}