{"run_id": 595, "bias_std_dev_scale": 0.170998, "bias_height_fraction": 0.119897, "perturbation_size": 0.005, "optimizer": "FIRE", "found_minima": [[0.6234994049, 0.02803775853], [-0.050017176910357404, 0.466695232957844], [-0.5582236506356273, 1.441725824306405]], "found_saddles": [[0.2700377214330398, 0.33154415414334815], [-0.7388763778163763, 0.4158719433741235]], "bias_count": 72, "energy_calls_at_each_min": [1, 1544, 8692], "force_calls_at_each_min": [1, 1544, 8692], "min_height_scale": 1.5, "max_height_scale": 2.5, "min_cov_scale": 2.5, "max_cov_scale": 2.0, "pert_type": "adaptive"}