{"run_id": 428, "bias_std_dev_scale": 0.170998, "bias_height_fraction": 0.119897, "perturbation_size": 0.005, "optimizer": "FIRE", "found_minima": [[0.6234994049, 0.02803775853], [-0.05003779959356855, 0.466700654002102], [-0.5582236226965576, 1.4417258533417971]], "found_saddles": [[0.1796880312902987, 0.27758496383520226], [-0.8224506288342402, 0.6250124745300251]], "bias_count": 33, "energy_calls_at_each_min": [1, 1003, 4088], "force_calls_at_each_min": [1, 1003, 4088], "min_height_scale": 3.0, "max_height_scale": 2.0, "min_cov_scale": 2.0, "max_cov_scale": 2.5, "pert_type": "fixed"}