{"run_id": 188, "bias_std_dev_scale": 0.170998, "bias_height_fraction": 0.119897, "perturbation_size": 0.005, "optimizer": "FIRE", "found_minima": [[0.6234994049, 0.02803775853], [-0.05013842144234726, 0.4667048268570443], [-0.5582236283544607, 1.4417258482668693]], "found_saddles": [[0.15648198880939, 0.1319457515786313], [-0.5089423067345294, 0.2362199959528937]], "bias_count": 97, "energy_calls_at_each_min": [1, 1233, 12009], "force_calls_at_each_min": [1, 1233, 12009], "min_height_scale": 2.0, "max_height_scale": 2.0, "min_cov_scale": 3.0, "max_cov_scale": 2.5, "pert_type": "fixed"}