{"run_id": 2419, "bias_std_dev_scale": 0.170998, "bias_height_fraction": 0.119897, "perturbation_size": 0.005, "optimizer": "FIRE", "found_minima": [[0.6234994049, 0.02803775853], [-0.05015680902520613, 0.4667256204965678], [-0.5582236285007945, 1.4417258439550953]], "found_saddles": [[0.12009108042612171, 0.2959508043668827], [-0.7444395834972594, 0.7246849124205871]], "bias_count": 59, "energy_calls_at_each_min": [1, 1323, 6912], "force_calls_at_each_min": [1, 1323, 6912], "min_height_scale": 2.5, "max_height_scale": 3.0, "min_cov_scale": 2.5, "max_cov_scale": 2.0, "pert_type": "adaptive"}