{"run_id": 2451, "bias_std_dev_scale": 0.170998, "bias_height_fraction": 0.119897, "perturbation_size": 0.005, "optimizer": "FIRE", "found_minima": [[0.6234994049, 0.02803775853], [-0.05021452678059766, 0.46673939424849226], [-0.558223647812361, 1.4417258286908996]], "found_saddles": [[0.25092245524770124, 0.32256096402284506], [-0.8018152464657275, 0.5121010057665024]], "bias_count": 86, "energy_calls_at_each_min": [1, 1724, 10446], "force_calls_at_each_min": [1, 1724, 10446], "min_height_scale": 3.0, "max_height_scale": 1.5, "min_cov_scale": 2.5, "max_cov_scale": 2.0, "pert_type": "adaptive"}