{"run_id": 2299, "bias_std_dev_scale": 0.170998, "bias_height_fraction": 0.119897, "perturbation_size": 0.005, "optimizer": "FIRE", "found_minima": [[0.6234994049, 0.02803775853], [-0.05038400673979473, 0.4667743803919512], [-0.5582236180095166, 1.4417258597628366]], "found_saddles": [[0.3020395344794555, 0.37655868942901904], [-0.4739755024882171, 0.7544377293534861]], "bias_count": 48, "energy_calls_at_each_min": [1, 1501, 6059], "force_calls_at_each_min": [1, 1501, 6059], "min_height_scale": 2.0, "max_height_scale": 3.0, "min_cov_scale": 3.0, "max_cov_scale": 2.0, "pert_type": "adaptive"}