{"run_id": 949, "bias_std_dev_scale": 0.170998, "bias_height_fraction": 0.119897, "perturbation_size": 0.005, "optimizer": "FIRE", "found_minima": [[0.6234994049, 0.02803775853], [-0.05014579497576899, 0.466749786455891], [-0.5582236478843763, 1.44172582905516]], "found_saddles": [[0.23808593104039502, 0.2957487861378586], [-0.7132611105281297, 0.29110655445774053]], "bias_count": 97, "energy_calls_at_each_min": [1, 1363, 12106], "force_calls_at_each_min": [1, 1363, 12106], "min_height_scale": 3.0, "max_height_scale": 2.0, "min_cov_scale": 2.5, "max_cov_scale": 2.5, "pert_type": "adaptive"}