{"run_id": 4893, "bias_std_dev_scale": 0.170998, "bias_height_fraction": 0.119897, "perturbation_size": 0.005, "optimizer": "FIRE", "found_minima": [[0.6234994049, 0.02803775853], [-0.05043345916782249, 0.4668186088222164], [-0.5582236517388433, 1.4417258240356043]], "found_saddles": [[0.28255364886382783, 0.4110610228906326], [-0.36235688198577315, 0.7224905941894514]], "bias_count": 124, "energy_calls_at_each_min": [1, 2593, 15780], "force_calls_at_each_min": [1, 2593, 15780], "min_height_scale": 2.5, "max_height_scale": 1.5, "min_cov_scale": 3.0, "max_cov_scale": 2.5, "pert_type": "adaptive"}