{"run_id": 3346, "bias_std_dev_scale": 0.170998, "bias_height_fraction": 0.119897, "perturbation_size": 0.005, "optimizer": "FIRE", "found_minima": [[0.6234994049, 0.02803775853], [-0.05001461866233301, 0.4666949235179436], [-0.558223644024754, 1.441725835052122]], "found_saddles": [[0.1856995523305364, 0.2739831249638267], [-0.825916961889512, 0.6136946870056]], "bias_count": 83, "energy_calls_at_each_min": [1, 1544, 10075], "force_calls_at_each_min": [1, 1544, 10075], "min_height_scale": 2.5, "max_height_scale": 1.5, "min_cov_scale": 2.5, "max_cov_scale": 2.0, "pert_type": "fixed"}