{"run_id": 4887, "bias_std_dev_scale": 0.170998, "bias_height_fraction": 0.119897, "perturbation_size": 0.005, "optimizer": "FIRE", "found_minima": [[0.6234994049, 0.02803775853], [-0.05005176519344878, 0.4667041278209061], [-0.558223629613766, 1.4417258448122383]], "found_saddles": [[0.1828685924578674, 0.2983043204979033], [-0.8130857614172381, 0.6193273690092237]], "bias_count": 55, "energy_calls_at_each_min": [1, 2017, 6292], "force_calls_at_each_min": [1, 2017, 6292], "min_height_scale": 2.5, "max_height_scale": 1.5, "min_cov_scale": 2.5, "max_cov_scale": 3.0, "pert_type": "adaptive"}