{"run_id": 4305, "bias_std_dev_scale": 0.170998, "bias_height_fraction": 0.119897, "perturbation_size": 0.005, "optimizer": "FIRE", "found_minima": [[0.6234994049, 0.02803775853], [-0.05001729123811727, 0.46669542210861503], [-0.5582236471951011, 1.4417258293825146]], "found_saddles": [[0.29098290383902053, 0.3168378025907252], [0.48230710485370004, 0.5488616059996312]], "bias_count": 85, "energy_calls_at_each_min": [1, 1574, 10273], "force_calls_at_each_min": [1, 1574, 10273], "min_height_scale": 2.0, "max_height_scale": 2.5, "min_cov_scale": 2.5, "max_cov_scale": 1.5, "pert_type": "adaptive"}