{"run_id": 420, "bias_std_dev_scale": 0.170998, "bias_height_fraction": 0.119897, "perturbation_size": 0.005, "optimizer": "FIRE", "found_minima": [[0.6234994049, 0.02803775853], [-0.05001259148077714, 0.46669467529935366], [-0.5582236507303008, 1.4417258258062686]], "found_saddles": [[0.18504583083602819, 0.26800839896650924], [-0.8418018777370917, 0.6315700771319652]], "bias_count": 37, "energy_calls_at_each_min": [1, 780, 4497], "force_calls_at_each_min": [1, 780, 4497], "min_height_scale": 3.0, "max_height_scale": 2.0, "min_cov_scale": 1.5, "max_cov_scale": 2.5, "pert_type": "fixed"}