{"run_id": 1543, "bias_std_dev_scale": 0.170998, "bias_height_fraction": 0.119897, "perturbation_size": 0.005, "optimizer": "FIRE", "found_minima": [[0.6234994049, 0.02803775853], [-0.05031850555227687, 0.4667673495640228], [-0.5582236237699075, 1.441725854890143]], "found_saddles": [[0.2716765091154387, 0.29869374623832334], [-0.8269088275321299, 0.6107725126908617]], "bias_count": 49, "energy_calls_at_each_min": [1, 1832, 5678], "force_calls_at_each_min": [1, 1832, 5678], "min_height_scale": 1.5, "max_height_scale": 1.5, "min_cov_scale": 1.5, "max_cov_scale": 3.0, "pert_type": "adaptive"}