{"run_id": 4663, "bias_std_dev_scale": 0.170998, "bias_height_fraction": 0.119897, "perturbation_size": 0.005, "optimizer": "FIRE", "found_minima": [[0.6234994049, 0.02803775853], [-0.05066314715481122, 0.46686486276831635], [-0.5582236266395327, 1.4417258470296646]], "found_saddles": [[0.14502653203349003, 0.16801378424281785], [-0.2596839360703215, -0.010524118426103929]], "bias_count": 97, "energy_calls_at_each_min": [1, 1695, 12133], "force_calls_at_each_min": [1, 1695, 12133], "min_height_scale": 1.5, "max_height_scale": 2.0, "min_cov_scale": 2.5, "max_cov_scale": 3.0, "pert_type": "adaptive"}