{"run_id": 3045, "bias_std_dev_scale": 0.170998, "bias_height_fraction": 0.119897, "perturbation_size": 0.005, "optimizer": "FIRE", "found_minima": [[0.6234994049, 0.02803775853], [-0.050610675428677324, 0.4668356532498313], [-0.5582236202371134, 1.4417258558090145]], "found_saddles": [[0.17931329978780616, 0.27666471820100763], [-0.8556015666773078, 0.6060495760413153]], "bias_count": 42, "energy_calls_at_each_min": [1, 748, 5036], "force_calls_at_each_min": [1, 748, 5036], "min_height_scale": 3.0, "max_height_scale": 3.0, "min_cov_scale": 1.5, "max_cov_scale": 2.5, "pert_type": "adaptive"}