{"run_id": 4316, "bias_std_dev_scale": 0.170998, "bias_height_fraction": 0.119897, "perturbation_size": 0.005, "optimizer": "FIRE", "found_minima": [[0.6234994049, 0.02803775853], [-0.050381390115456115, 0.46676968529593305], [-0.5582236177967514, 1.4417258588954094]], "found_saddles": [[0.07717259279220245, 0.11179537481624965], [-0.5602002088583088, 0.7577128852494305]], "bias_count": 45, "energy_calls_at_each_min": [1, 1421, 5939], "force_calls_at_each_min": [1, 1421, 5939], "min_height_scale": 2.0, "max_height_scale": 2.5, "min_cov_scale": 3.0, "max_cov_scale": 2.5, "pert_type": "fixed"}