{"run_id": 1130, "bias_std_dev_scale": 0.170998, "bias_height_fraction": 0.119897, "perturbation_size": 0.005, "optimizer": "FIRE", "found_minima": [[0.6234994049, 0.02803775853], [-0.050011760671853665, 0.46669428596789486], [-0.5582236444773184, 1.441725832224513]], "found_saddles": [[0.17787376392237467, 0.24241484835433721], [0.6430560995903685, 0.4718945508669724]], "bias_count": 79, "energy_calls_at_each_min": [1, 1362, 9626], "force_calls_at_each_min": [1, 1362, 9626], "min_height_scale": 1.5, "max_height_scale": 3.0, "min_cov_scale": 2.0, "max_cov_scale": 2.0, "pert_type": "fixed"}