{"run_id": 1401, "bias_std_dev_scale": 0.170998, "bias_height_fraction": 0.119897, "perturbation_size": 0.005, "optimizer": "FIRE", "found_minima": [[0.6234994049, 0.02803775853], [-0.05001190049351711, 0.466694317887183], [-0.5582236488224023, 1.4417258263730433]], "found_saddles": [[0.9448673652134699, -0.011054270999715933], [-0.669877190571396, 0.33198385403104697]], "bias_count": 63, "energy_calls_at_each_min": [1, 2154, 7650], "force_calls_at_each_min": [1, 2154, 7650], "min_height_scale": 2.5, "max_height_scale": 3.0, "min_cov_scale": 3.0, "max_cov_scale": 1.5, "pert_type": "adaptive"}