{"run_id": 2798, "bias_std_dev_scale": 0.170998, "bias_height_fraction": 0.119897, "perturbation_size": 0.005, "optimizer": "FIRE", "found_minima": [[0.6234994049, 0.02803775853], [-0.051314126769399275, 0.46690458167121457], [-0.5582236445400821, 1.441725832049887]], "found_saddles": [[0.11992068156079821, 0.2097124241400318], [-0.3226132492096702, 0.20586928823499567]], "bias_count": 44, "energy_calls_at_each_min": [1, 778, 5451], "force_calls_at_each_min": [1, 778, 5451], "min_height_scale": 2.0, "max_height_scale": 3.0, "min_cov_scale": 2.0, "max_cov_scale": 3.0, "pert_type": "fixed"}