{"run_id": 937, "bias_std_dev_scale": 0.170998, "bias_height_fraction": 0.119897, "perturbation_size": 0.005, "optimizer": "FIRE", "found_minima": [[0.6234994049, 0.02803775853], [-0.050033325920744096, 0.4666987980960941], [-0.5582236208173632, 1.441725855219741]], "found_saddles": [[0.29065994791425237, 0.2993256119164147], [-0.812617523327239, 0.6130012119365287]], "bias_count": 66, "energy_calls_at_each_min": [1, 1931, 7898], "force_calls_at_each_min": [1, 1931, 7898], "min_height_scale": 3.0, "max_height_scale": 2.0, "min_cov_scale": 2.0, "max_cov_scale": 1.5, "pert_type": "adaptive"}