{"run_id": 1812, "bias_std_dev_scale": 0.170998, "bias_height_fraction": 0.119897, "perturbation_size": 0.005, "optimizer": "FIRE", "found_minima": [[0.6234994049, 0.02803775853], [-0.0500165741067736, 0.46669681592973533], [-0.5582236200686836, 1.4417258559370658]], "found_saddles": [[0.2780247869660317, 0.2881317820346198], [-0.7371676981096656, 0.6794695509635912]], "bias_count": 74, "energy_calls_at_each_min": [1, 1798, 9432], "force_calls_at_each_min": [1, 1798, 9432], "min_height_scale": 2.5, "max_height_scale": 1.5, "min_cov_scale": 2.5, "max_cov_scale": 2.5, "pert_type": "fixed"}