{"run_id": 387, "bias_std_dev_scale": 0.170998, "bias_height_fraction": 0.119897, "perturbation_size": 0.005, "optimizer": "FIRE", "found_minima": [[0.6234994049, 0.02803775853], [-0.05046195871421437, 0.46678302598641364], [-0.5582236240151965, 1.4417258536575996]], "found_saddles": [[0.25662342320020587, 0.33271534719578755], [-0.166441319955147, 0.0878259834524737]], "bias_count": 92, "energy_calls_at_each_min": [1, 1317, 10715], "force_calls_at_each_min": [1, 1317, 10715], "min_height_scale": 3.0, "max_height_scale": 1.5, "min_cov_scale": 1.5, "max_cov_scale": 2.0, "pert_type": "adaptive"}