{"run_id": 1903, "bias_std_dev_scale": 0.170998, "bias_height_fraction": 0.119897, "perturbation_size": 0.005, "optimizer": "FIRE", "found_minima": [[0.6234994049, 0.02803775853], [-0.05016280090304955, 0.46672375548062306], [-0.5582236176929591, 1.4417258581965064]], "found_saddles": [[0.32635980553328064, 0.3380701874730657], [-0.15428512568806602, -0.03300458347691246]], "bias_count": 63, "energy_calls_at_each_min": [1, 1574, 7837], "force_calls_at_each_min": [1, 1574, 7837], "min_height_scale": 2.5, "max_height_scale": 3.0, "min_cov_scale": 2.0, "max_cov_scale": 3.0, "pert_type": "adaptive"}