{"run_id": 4511, "bias_std_dev_scale": 0.170998, "bias_height_fraction": 0.119897, "perturbation_size": 0.005, "optimizer": "FIRE", "found_minima": [[0.6234994049, 0.02803775853], [-0.05001803155108119, 0.46669551961790967], [-0.558223649276035, 1.441725827530764]], "found_saddles": [[0.2191440072619634, 0.29552391783953225], [-0.5827155586462307, 0.30975293547043103]], "bias_count": 97, "energy_calls_at_each_min": [1, 1510, 11894], "force_calls_at_each_min": [1, 1510, 11894], "min_height_scale": 3.0, "max_height_scale": 1.5, "min_cov_scale": 3.0, "max_cov_scale": 3.0, "pert_type": "adaptive"}