{"run_id": 2140, "bias_std_dev_scale": 0.170998, "bias_height_fraction": 0.119897, "perturbation_size": 0.005, "optimizer": "FIRE", "found_minima": [[0.6234994049, 0.02803775853], [-0.05004404399933295, 0.4667090858965567], [-0.5582236369941225, 1.4417258365615047]], "found_saddles": [[0.4200903899609443, 0.33307622609947746], [0.3161231032276479, 0.6613180822284357]], "bias_count": 92, "energy_calls_at_each_min": [1, 2324, 11349], "force_calls_at_each_min": [1, 2324, 11349], "min_height_scale": 1.5, "max_height_scale": 2.5, "min_cov_scale": 3.0, "max_cov_scale": 2.5, "pert_type": "fixed"}