{"run_id": 4722, "bias_std_dev_scale": 0.170998, "bias_height_fraction": 0.119897, "perturbation_size": 0.005, "optimizer": "FIRE", "found_minima": [[0.6234994049, 0.02803775853], [-0.05002239855752644, 0.46669640927006834], [-0.5582236576657674, 1.4417258186974167]], "found_saddles": [[0.3990563149904555, 0.28286160004598104], [0.5338173235442831, 0.5460992729368185]], "bias_count": 71, "energy_calls_at_each_min": [1, 1011, 8589], "force_calls_at_each_min": [1, 1011, 8589], "min_height_scale": 1.5, "max_height_scale": 3.0, "min_cov_scale": 2.5, "max_cov_scale": 2.0, "pert_type": "fixed"}