{"run_id": 4967, "bias_std_dev_scale": 0.170998, "bias_height_fraction": 0.119897, "perturbation_size": 0.005, "optimizer": "FIRE", "found_minima": [[0.6234994049, 0.02803775853], [-0.5582236241039636, 1.4417258547586778]], "found_saddles": [[1.0565719699184448, 0.0781579707140147]], "bias_count": 5000, "energy_calls_at_each_min": [1, 6351], "force_calls_at_each_min": [1, 6351], "min_height_scale": 2.5, "max_height_scale": 3.0, "min_cov_scale": 1.5, "max_cov_scale": 3.0, "pert_type": "adaptive"}