{"run_id": 3523, "bias_std_dev_scale": 0.170998, "bias_height_fraction": 0.119897, "perturbation_size": 0.005, "optimizer": "FIRE", "found_minima": [[0.6234994049, 0.02803775853], [-0.05001625917899487, 0.46669511294247035], [-0.5582236492907783, 1.4417258283032812]], "found_saddles": [[0.20892103128072892, 0.30844082795178973], [-0.7905642660767958, 0.6628812039917087]], "bias_count": 30, "energy_calls_at_each_min": [1, 1662, 3134], "force_calls_at_each_min": [1, 1662, 3134], "min_height_scale": 3.0, "max_height_scale": 2.5, "min_cov_scale": 1.5, "max_cov_scale": 2.0, "pert_type": "adaptive"}