{"run_id": 575, "bias_std_dev_scale": 0.170998, "bias_height_fraction": 0.119897, "perturbation_size": 0.005, "optimizer": "FIRE", "found_minima": [[0.6234994049, 0.02803775853], [-0.0521775444178635, 0.4673162074534138], [-0.558223609133427, 1.4417258704056977]], "found_saddles": [[0.3635832048458289, 0.3599896432037055], [-0.7464297409752291, 0.6728944787771978]], "bias_count": 44, "energy_calls_at_each_min": [1, 1729, 5446], "force_calls_at_each_min": [1, 1729, 5446], "min_height_scale": 1.5, "max_height_scale": 2.0, "min_cov_scale": 3.0, "max_cov_scale": 3.0, "pert_type": "adaptive"}