{"run_id": 3779, "bias_std_dev_scale": 0.170998, "bias_height_fraction": 0.119897, "perturbation_size": 0.005, "optimizer": "FIRE", "found_minima": [[0.6234994049, 0.02803775853], [-0.054389068495805284, 0.4675326550715849], [-0.5582236226447668, 1.4417258524782173]], "found_saddles": [[0.1830317014159435, 0.247334269170006], [-0.8223140113950598, 0.6138218998820876]], "bias_count": 22, "energy_calls_at_each_min": [1, 1273, 2413], "force_calls_at_each_min": [1, 1273, 2413], "min_height_scale": 2.0, "max_height_scale": 2.5, "min_cov_scale": 1.5, "max_cov_scale": 2.0, "pert_type": "adaptive"}