{"run_id": 563, "bias_std_dev_scale": 0.170998, "bias_height_fraction": 0.119897, "perturbation_size": 0.005, "optimizer": "FIRE", "found_minima": [[0.6234994049, 0.02803775853], [-0.050391565305954136, 0.4668127262085928], [-0.5582236516806212, 1.4417258239647552]], "found_saddles": [[0.35349552874094514, 0.3298612007193037], [-0.3561254745505594, 0.0605022227646952]], "bias_count": 132, "energy_calls_at_each_min": [1, 2093, 16407], "force_calls_at_each_min": [1, 2093, 16407], "min_height_scale": 1.5, "max_height_scale": 2.0, "min_cov_scale": 2.5, "max_cov_scale": 2.0, "pert_type": "adaptive"}