{"run_id": 3014, "bias_std_dev_scale": 0.170998, "bias_height_fraction": 0.119897, "perturbation_size": 0.005, "optimizer": "FIRE", "found_minima": [[0.6234994049, 0.02803775853], [-0.5582236311521467, 1.441725847246756]], "found_saddles": [[-0.8782265507040176, 0.5223267276511878]], "bias_count": 5000, "energy_calls_at_each_min": [1, 3770], "force_calls_at_each_min": [1, 3770], "min_height_scale": 3.0, "max_height_scale": 2.5, "min_cov_scale": 1.5, "max_cov_scale": 3.0, "pert_type": "fixed"}