{"run_id": 1956, "bias_std_dev_scale": 0.170998, "bias_height_fraction": 0.119897, "perturbation_size": 0.005, "optimizer": "FIRE", "found_minima": [[0.6234994049, 0.02803775853], [-0.050119868655550445, 0.4667139762150696], [-0.5582235965385196, 1.441725885078048]], "found_saddles": [[0.17252127894869485, 0.23908826934696925], [-0.22058882952381628, 0.1426808532625246]], "bias_count": 73, "energy_calls_at_each_min": [1, 679, 8916], "force_calls_at_each_min": [1, 679, 8916], "min_height_scale": 3.0, "max_height_scale": 2.0, "min_cov_scale": 1.5, "max_cov_scale": 2.5, "pert_type": "fixed"}