{"run_id": 1236, "bias_std_dev_scale": 0.170998, "bias_height_fraction": 0.119897, "perturbation_size": 0.005, "optimizer": "FIRE", "found_minima": [[0.6234994049, 0.02803775853], [-0.05019012696789045, 0.4667548079255567], [-0.5582236497251467, 1.4417258270741702]], "found_saddles": [[0.42820884691829963, 0.2788089384223784], [-0.7007563174244993, 0.36165112697148644]], "bias_count": 43, "energy_calls_at_each_min": [1, 1270, 5498], "force_calls_at_each_min": [1, 1270, 5498], "min_height_scale": 2.0, "max_height_scale": 2.5, "min_cov_scale": 2.5, "max_cov_scale": 2.5, "pert_type": "fixed"}