{"run_id": 1834, "bias_std_dev_scale": 0.170998, "bias_height_fraction": 0.119897, "perturbation_size": 0.005, "optimizer": "FIRE", "found_minima": [[0.6234994049, 0.02803775853], [-0.050077432751155955, 0.4667145095800565], [-0.558223621213661, 1.4417258529090984]], "found_saddles": [[0.9527821259347493, -0.033442558402509294], [-0.43204353792141326, 0.2682754884301162]], "bias_count": 67, "energy_calls_at_each_min": [1, 2216, 8158], "force_calls_at_each_min": [1, 2216, 8158], "min_height_scale": 2.5, "max_height_scale": 2.0, "min_cov_scale": 2.0, "max_cov_scale": 2.0, "pert_type": "fixed"}