{"run_id": 1370, "bias_std_dev_scale": 0.170998, "bias_height_fraction": 0.119897, "perturbation_size": 0.005, "optimizer": "FIRE", "found_minima": [[0.6234994049, 0.02803775853], [-0.050011201235477455, 0.4666942006272489], [-0.558223635588004, 1.4417258399958768]], "found_saddles": [[0.19578240902581104, 0.2796202181434432], [-0.8418785922278874, 0.5700773094536622]], "bias_count": 50, "energy_calls_at_each_min": [1, 1244, 6053], "force_calls_at_each_min": [1, 1244, 6053], "min_height_scale": 2.5, "max_height_scale": 2.5, "min_cov_scale": 3.0, "max_cov_scale": 2.0, "pert_type": "fixed"}