{"run_id": 3867, "bias_std_dev_scale": 0.170998, "bias_height_fraction": 0.119897, "perturbation_size": 0.005, "optimizer": "FIRE", "found_minima": [[0.6234994049, 0.02803775853], [-0.050212844512184496, 0.4667345030642362], [-0.5582236128135937, 1.4417258632489127]], "found_saddles": [[0.16388959049167492, 0.27112807729457533], [-0.8114947039003828, 0.6278736228865138]], "bias_count": 104, "energy_calls_at_each_min": [1, 2191, 12842], "force_calls_at_each_min": [1, 2191, 12842], "min_height_scale": 2.5, "max_height_scale": 1.5, "min_cov_scale": 3.0, "max_cov_scale": 2.0, "pert_type": "adaptive"}