{"run_id": 3532, "bias_std_dev_scale": 0.170998, "bias_height_fraction": 0.119897, "perturbation_size": 0.005, "optimizer": "FIRE", "found_minima": [[0.6234994049, 0.02803775853], [-0.05001289073774658, 0.46669497625236245], [-0.558223623553978, 1.441725853800753]], "found_saddles": [[0.21533906807370698, 0.27333871500453294], [0.6089964092706543, 0.38693358906101816]], "bias_count": 75, "energy_calls_at_each_min": [1, 796, 9439], "force_calls_at_each_min": [1, 796, 9439], "min_height_scale": 3.0, "max_height_scale": 2.5, "min_cov_scale": 2.0, "max_cov_scale": 2.5, "pert_type": "fixed"}