{"run_id": 2924, "bias_std_dev_scale": 0.170998, "bias_height_fraction": 0.119897, "perturbation_size": 0.005, "optimizer": "FIRE", "found_minima": [[0.6234994049, 0.02803775853], [-0.050011408986058124, 0.46669423946505595], [-0.5582236568207848, 1.441725819755609]], "found_saddles": [[0.13760630614947691, 0.08535519359934958], [-0.5544458572380122, 0.7552953556818096]], "bias_count": 63, "energy_calls_at_each_min": [1, 971, 7520], "force_calls_at_each_min": [1, 971, 7520], "min_height_scale": 2.5, "max_height_scale": 3.0, "min_cov_scale": 2.0, "max_cov_scale": 2.5, "pert_type": "fixed"}