{"run_id": 2370, "bias_std_dev_scale": 0.170998, "bias_height_fraction": 0.119897, "perturbation_size": 0.005, "optimizer": "FIRE", "found_minima": [[0.6234994049, 0.02803775853], [-0.05007075290649754, 0.4667059183078397], [-0.5582236228825117, 1.441725852474554]], "found_saddles": [[0.12651204555350695, 0.16606997477429492], [0.12582485047021075, 0.717409359295617]], "bias_count": 68, "energy_calls_at_each_min": [1, 1302, 8305], "force_calls_at_each_min": [1, 1302, 8305], "min_height_scale": 2.5, "max_height_scale": 2.5, "min_cov_scale": 1.5, "max_cov_scale": 2.0, "pert_type": "fixed"}