{"run_id": 1870, "bias_std_dev_scale": 0.170998, "bias_height_fraction": 0.119897, "perturbation_size": 0.005, "optimizer": "FIRE", "found_minima": [[0.6234994049, 0.02803775853], [-0.5582236221454813, 1.4417258521019747]], "found_saddles": [[-0.19736633466490167, -0.02404602162194474]], "bias_count": 5000, "energy_calls_at_each_min": [1, 6946], "force_calls_at_each_min": [1, 6946], "min_height_scale": 2.5, "max_height_scale": 2.5, "min_cov_scale": 2.0, "max_cov_scale": 3.0, "pert_type": "fixed"}