{"run_id": 4860, "bias_std_dev_scale": 0.170998, "bias_height_fraction": 0.119897, "perturbation_size": 0.005, "optimizer": "FIRE", "found_minima": [[0.6234994049, 0.02803775853], [-0.05001110509522961, 0.4666941633985409], [-0.5582236291855555, 1.4417258434637488]], "found_saddles": [[0.18387042132108194, 0.2696203576809096], [-0.10400013440801155, -0.07601494933524909]], "bias_count": 78, "energy_calls_at_each_min": [1, 1235, 9608], "force_calls_at_each_min": [1, 1235, 9608], "min_height_scale": 2.0, "max_height_scale": 3.0, "min_cov_scale": 3.0, "max_cov_scale": 2.5, "pert_type": "fixed"}