{"run_id": 2642, "bias_std_dev_scale": 0.170998, "bias_height_fraction": 0.119897, "perturbation_size": 0.005, "optimizer": "FIRE", "found_minima": [[0.6234994049, 0.02803775853], [-0.050031449586563595, 0.46669877125123066], [-0.5582236215390199, 1.4417258557881836]], "found_saddles": [[0.16098296466548617, 0.27006350106031307], [-0.6672454374565681, 0.3409431688569095]], "bias_count": 77, "energy_calls_at_each_min": [1, 998, 9642], "force_calls_at_each_min": [1, 998, 9642], "min_height_scale": 1.5, "max_height_scale": 2.5, "min_cov_scale": 2.5, "max_cov_scale": 2.0, "pert_type": "fixed"}