{"run_id": 3945, "bias_std_dev_scale": 0.170998, "bias_height_fraction": 0.119897, "perturbation_size": 0.005, "optimizer": "FIRE", "found_minima": [[0.6234994049, 0.02803775853], [-0.05003508461790029, 0.46669905298680786], [-0.558223622660528, 1.4417258543119698]], "found_saddles": [[0.027119649923613938, 0.14784005680922546], [-0.7432139455857218, 0.6980400767225489]], "bias_count": 57, "energy_calls_at_each_min": [1, 1805, 6809], "force_calls_at_each_min": [1, 1805, 6809], "min_height_scale": 2.5, "max_height_scale": 3.0, "min_cov_scale": 2.0, "max_cov_scale": 1.5, "pert_type": "adaptive"}