{"run_id": 4450, "bias_std_dev_scale": 0.170998, "bias_height_fraction": 0.119897, "perturbation_size": 0.005, "optimizer": "FIRE", "found_minima": [[0.6234994049, 0.02803775853], [-0.050011032128046994, 0.46669420282127594], [-0.5582236540825821, 1.441725822275945]], "found_saddles": [[0.3952472660123698, 0.3197826875587656], [-0.818393111551242, 0.6280266478531784]], "bias_count": 32, "energy_calls_at_each_min": [1, 1421, 3859], "force_calls_at_each_min": [1, 1421, 3859], "min_height_scale": 2.5, "max_height_scale": 3.0, "min_cov_scale": 1.5, "max_cov_scale": 2.0, "pert_type": "fixed"}