{"run_id": 1850, "bias_std_dev_scale": 0.170998, "bias_height_fraction": 0.119897, "perturbation_size": 0.005, "optimizer": "FIRE", "found_minima": [[0.6234994049, 0.02803775853], [-0.05001080082528451, 0.46669410326470734], [-0.5582236513449025, 1.4417258257378225]], "found_saddles": [[0.18082681998828312, 0.287698233650528], [-0.1477214267901021, -0.003554719127145863]], "bias_count": 113, "energy_calls_at_each_min": [1, 1954, 14118], "force_calls_at_each_min": [1, 1954, 14118], "min_height_scale": 2.5, "max_height_scale": 2.0, "min_cov_scale": 3.0, "max_cov_scale": 2.0, "pert_type": "fixed"}