{"run_id": 259, "bias_std_dev_scale": 0.170998, "bias_height_fraction": 0.119897, "perturbation_size": 0.005, "optimizer": "FIRE", "found_minima": [[0.6234994049, 0.02803775853], [-0.05094958385482322, 0.46690268880863883], [-0.5582236570811108, 1.4417258192517624]], "found_saddles": [[0.22158533620659288, 0.3197025727719412], [-0.836290177265592, 0.6220365301913425]], "bias_count": 62, "energy_calls_at_each_min": [1, 1701, 7156], "force_calls_at_each_min": [1, 1701, 7156], "min_height_scale": 2.5, "max_height_scale": 1.5, "min_cov_scale": 1.5, "max_cov_scale": 2.0, "pert_type": "adaptive"}