{"run_id": 5061, "bias_std_dev_scale": 0.170998, "bias_height_fraction": 0.119897, "perturbation_size": 0.005, "optimizer": "FIRE", "found_minima": [[0.6234994049, 0.02803775853], [-0.05005643058255022, 0.4667040543092127], [-0.558223625061413, 1.4417258499300616]], "found_saddles": [[0.16694060801815946, 0.275086364755114], [-0.7847384237285692, 0.4288934471737473]], "bias_count": 61, "energy_calls_at_each_min": [1, 1005, 7604], "force_calls_at_each_min": [1, 1005, 7604], "min_height_scale": 3.0, "max_height_scale": 2.5, "min_cov_scale": 1.5, "max_cov_scale": 2.5, "pert_type": "adaptive"}