{"run_id": 1459, "bias_std_dev_scale": 0.170998, "bias_height_fraction": 0.119897, "perturbation_size": 0.005, "optimizer": "FIRE", "found_minima": [[0.6234994049, 0.02803775853], [-0.05198819908903897, 0.4671366244530552], [-0.5582236494498823, 1.4417258273574436]], "found_saddles": [[0.9096958891783011, 0.10538637139684033], [0.45294615077468686, 0.5209607467605354]], "bias_count": 88, "energy_calls_at_each_min": [1, 2685, 10611], "force_calls_at_each_min": [1, 2685, 10611], "min_height_scale": 3.0, "max_height_scale": 2.0, "min_cov_scale": 2.5, "max_cov_scale": 2.0, "pert_type": "adaptive"}