{"run_id": 3403, "bias_std_dev_scale": 0.170998, "bias_height_fraction": 0.119897, "perturbation_size": 0.005, "optimizer": "FIRE", "found_minima": [[0.6234994049, 0.02803775853], [-0.05001249806017272, 0.46669445602981613], [-0.5582236404918521, 1.4417258396181347]], "found_saddles": [[0.5124560901346996, 0.2559155976351693], [-0.839321069792468, 0.5261039404709789]], "bias_count": 56, "energy_calls_at_each_min": [1, 1970, 6603], "force_calls_at_each_min": [1, 1970, 6603], "min_height_scale": 2.5, "max_height_scale": 2.5, "min_cov_scale": 2.0, "max_cov_scale": 2.0, "pert_type": "adaptive"}