{"run_id": 3499, "bias_std_dev_scale": 0.170998, "bias_height_fraction": 0.119897, "perturbation_size": 0.005, "optimizer": "FIRE", "found_minima": [[0.6234994049, 0.02803775853], [-0.05001189480456323, 0.4666944175280888], [-0.5582236541339622, 1.4417258223438265]], "found_saddles": [[0.4675756752530948, 0.2505157564288382], [-0.8127102489317096, 0.6467886234886693]], "bias_count": 53, "energy_calls_at_each_min": [1, 1811, 6229], "force_calls_at_each_min": [1, 1811, 6229], "min_height_scale": 3.0, "max_height_scale": 2.0, "min_cov_scale": 2.0, "max_cov_scale": 2.0, "pert_type": "adaptive"}