{"run_id": 3573, "bias_std_dev_scale": 0.170998, "bias_height_fraction": 0.119897, "perturbation_size": 0.005, "optimizer": "FIRE", "found_minima": [[0.6234994049, 0.02803775853], [-0.05001406335677924, 0.4666947707492855], [-0.5582236157641058, 1.4417258619799844]], "found_saddles": [[0.23061478124721072, 0.28200601495065686], [-0.8614285935736918, 0.548107643383086]], "bias_count": 37, "energy_calls_at_each_min": [1, 1919, 4466], "force_calls_at_each_min": [1, 1919, 4466], "min_height_scale": 3.0, "max_height_scale": 3.0, "min_cov_scale": 2.5, "max_cov_scale": 2.5, "pert_type": "adaptive"}