{"run_id": 3685, "bias_std_dev_scale": 0.170998, "bias_height_fraction": 0.119897, "perturbation_size": 0.005, "optimizer": "FIRE", "found_minima": [[0.6234994049, 0.02803775853], [-0.0506107069075497, 0.4668356650585006], [-0.5582236482729968, 1.4417258280194347]], "found_saddles": [[0.21558925479379806, 0.2691820078434216], [-0.8301586928685281, 0.6004311873148496]], "bias_count": 17, "energy_calls_at_each_min": [1, 829, 1793], "force_calls_at_each_min": [1, 829, 1793], "min_height_scale": 1.5, "max_height_scale": 3.0, "min_cov_scale": 1.5, "max_cov_scale": 2.5, "pert_type": "adaptive"}