{"run_id": 1756, "bias_std_dev_scale": 0.170998, "bias_height_fraction": 0.119897, "perturbation_size": 0.005, "optimizer": "FIRE", "found_minima": [[0.6234994049, 0.02803775853], [-0.050095817999498075, 0.4667127681681459], [-0.5582236297367567, 1.441725848955074]], "found_saddles": [[0.2456461890882784, 0.29796766484343173], [0.4916458342401608, 0.5199385830564413]], "bias_count": 71, "energy_calls_at_each_min": [1, 1378, 9480], "force_calls_at_each_min": [1, 1378, 9480], "min_height_scale": 2.0, "max_height_scale": 2.5, "min_cov_scale": 3.0, "max_cov_scale": 2.5, "pert_type": "fixed"}