{"run_id": 576, "bias_std_dev_scale": 0.170998, "bias_height_fraction": 0.119897, "perturbation_size": 0.005, "optimizer": "FIRE", "found_minima": [[0.6234994049, 0.02803775853], [-0.05001143449083151, 0.4666942379839252], [-0.558223622758963, 1.4417258553963148]], "found_saddles": [[0.14383289748195574, 0.18317005885310095], [-0.20807801884169777, 0.10928154354204116]], "bias_count": 60, "energy_calls_at_each_min": [1, 1536, 7297], "force_calls_at_each_min": [1, 1536, 7297], "min_height_scale": 1.5, "max_height_scale": 2.5, "min_cov_scale": 1.5, "max_cov_scale": 1.5, "pert_type": "fixed"}