{"run_id": 226, "bias_std_dev_scale": 0.170998, "bias_height_fraction": 0.119897, "perturbation_size": 0.005, "optimizer": "FIRE", "found_minima": [[0.6234994049, 0.02803775853], [-0.05002223061040783, 0.46669624282730754], [-0.558223644585636, 1.441725834913961]], "found_saddles": [[0.1823299347146587, 0.28593076487204505], [-0.3228027796883797, 0.0921795130286079]], "bias_count": 56, "energy_calls_at_each_min": [1, 1394, 6663], "force_calls_at_each_min": [1, 1394, 6663], "min_height_scale": 2.0, "max_height_scale": 3.0, "min_cov_scale": 1.5, "max_cov_scale": 2.0, "pert_type": "fixed"}