{"run_id": 2952, "bias_std_dev_scale": 0.170998, "bias_height_fraction": 0.119897, "perturbation_size": 0.005, "optimizer": "FIRE", "found_minima": [[0.6234994049, 0.02803775853], [-0.05002969803922144, 0.4666983722418719], [-0.5582236201147701, 1.4417258579097834]], "found_saddles": [[0.20279587168057037, 0.29769130256384535], [-0.8264192047528204, 0.5898637162073854]], "bias_count": 67, "energy_calls_at_each_min": [1, 2759, 8117], "force_calls_at_each_min": [1, 2759, 8117], "min_height_scale": 3.0, "max_height_scale": 1.5, "min_cov_scale": 2.0, "max_cov_scale": 1.5, "pert_type": "fixed"}