{"run_id": 2564, "bias_std_dev_scale": 0.170998, "bias_height_fraction": 0.119897, "perturbation_size": 0.005, "optimizer": "FIRE", "found_minima": [[0.6234994049, 0.02803775853], [-0.05031267399631669, 0.46681623425426616], [-0.5582236511356198, 1.4417258257160006]], "found_saddles": [[0.2779699763605019, 0.35596697158953305], [-0.3290035330808716, 0.1839355211372943]], "bias_count": 98, "energy_calls_at_each_min": [1, 1823, 12447], "force_calls_at_each_min": [1, 1823, 12447], "min_height_scale": 1.5, "max_height_scale": 1.5, "min_cov_scale": 1.5, "max_cov_scale": 2.5, "pert_type": "fixed"}