{"run_id": 2546, "bias_std_dev_scale": 0.170998, "bias_height_fraction": 0.119897, "perturbation_size": 0.005, "optimizer": "FIRE", "found_minima": [[0.6234994049, 0.02803775853], [-0.05083135344355324, 0.4668595629364931], [-0.5582236218571276, 1.4417258542435536]], "found_saddles": [[0.2421166386274246, 0.3009065054396022], [-0.17501367584378114, 0.06793303772694155]], "bias_count": 55, "energy_calls_at_each_min": [1, 562, 6700], "force_calls_at_each_min": [1, 562, 6700], "min_height_scale": 3.0, "max_height_scale": 3.0, "min_cov_scale": 2.5, "max_cov_scale": 2.0, "pert_type": "fixed"}