{"run_id": 986, "bias_std_dev_scale": 0.170998, "bias_height_fraction": 0.119897, "perturbation_size": 0.005, "optimizer": "FIRE", "found_minima": [[0.6234994049, 0.02803775853], [-0.05001116256395538, 0.46669416108921974], [-0.558223644930797, 1.4417258319887638]], "found_saddles": [[0.19841557457634604, 0.27192170275144506], [-0.2756837783683368, -0.04316274801936203]], "bias_count": 118, "energy_calls_at_each_min": [1, 1709, 14662], "force_calls_at_each_min": [1, 1709, 14662], "min_height_scale": 3.0, "max_height_scale": 2.5, "min_cov_scale": 3.0, "max_cov_scale": 2.0, "pert_type": "fixed"}