{"run_id": 2526, "bias_std_dev_scale": 0.170998, "bias_height_fraction": 0.119897, "perturbation_size": 0.005, "optimizer": "FIRE", "found_minima": [[0.6234994049, 0.02803775853], [-0.05005959295288187, 0.4667056243911148], [-0.5582236499335099, 1.441725826961464]], "found_saddles": [[0.27319032146421357, 0.3107131247894414], [0.4881446512053837, 0.5750046160346037]], "bias_count": 74, "energy_calls_at_each_min": [1, 1111, 9321], "force_calls_at_each_min": [1, 1111, 9321], "min_height_scale": 3.0, "max_height_scale": 2.5, "min_cov_scale": 3.0, "max_cov_scale": 3.0, "pert_type": "fixed"}