{"run_id": 3793, "bias_std_dev_scale": 0.170998, "bias_height_fraction": 0.119897, "perturbation_size": 0.005, "optimizer": "FIRE", "found_minima": [[0.6234994049, 0.02803775853], [-0.05003149282699222, 0.466698337639618], [-0.5582236199058158, 1.4417258555817711]], "found_saddles": [[0.33407244371887135, 0.3130823650026958], [-0.7962459024016906, 0.6574237578578342]], "bias_count": 74, "energy_calls_at_each_min": [1, 2362, 8567], "force_calls_at_each_min": [1, 2362, 8567], "min_height_scale": 2.0, "max_height_scale": 2.5, "min_cov_scale": 2.5, "max_cov_scale": 1.5, "pert_type": "adaptive"}