{"run_id": 2080, "bias_std_dev_scale": 0.170998, "bias_height_fraction": 0.119897, "perturbation_size": 0.005, "optimizer": "FIRE", "found_minima": [[0.6234994049, 0.02803775853], [-0.05027944669856214, 0.46677814406085083], [-0.5582236408488889, 1.4417258357061502]], "found_saddles": [[0.42896558704708027, 0.29408324568708133], [-0.07311310575162393, -0.036632861201721656]], "bias_count": 97, "energy_calls_at_each_min": [1, 2809, 11744], "force_calls_at_each_min": [1, 2809, 11744], "min_height_scale": 1.5, "max_height_scale": 2.0, "min_cov_scale": 1.5, "max_cov_scale": 1.5, "pert_type": "fixed"}