{"run_id": 5009, "bias_std_dev_scale": 0.170998, "bias_height_fraction": 0.119897, "perturbation_size": 0.005, "optimizer": "FIRE", "found_minima": [[0.6234994049, 0.02803775853], [-0.05014801496066808, 0.4667342462944341], [-0.5582236526843015, 1.4417258240506068]], "found_saddles": [[0.26746287865987733, 0.3272477537180814], [-0.7794917221602342, 0.6853033895856463]], "bias_count": 108, "energy_calls_at_each_min": [1, 2813, 12983], "force_calls_at_each_min": [1, 2813, 12983], "min_height_scale": 3.0, "max_height_scale": 1.5, "min_cov_scale": 2.5, "max_cov_scale": 1.5, "pert_type": "adaptive"}