{"run_id": 1931, "bias_std_dev_scale": 0.170998, "bias_height_fraction": 0.119897, "perturbation_size": 0.005, "optimizer": "FIRE", "found_minima": [[0.6234994049, 0.02803775853], [-0.05043126078949234, 0.46679657697893867], [-0.5582236231213594, 1.4417258551188998]], "found_saddles": [[0.35330418478775283, 0.29081106959235764], [-0.7211331793750678, 0.6909531969597272]], "bias_count": 87, "energy_calls_at_each_min": [1, 2410, 10188], "force_calls_at_each_min": [1, 2410, 10188], "min_height_scale": 3.0, "max_height_scale": 1.5, "min_cov_scale": 2.0, "max_cov_scale": 2.0, "pert_type": "adaptive"}