{"run_id": 33, "bias_std_dev_scale": 0.170998, "bias_height_fraction": 0.119897, "perturbation_size": 0.005, "optimizer": "FIRE", "found_minima": [[0.6234994049, 0.02803775853], [-0.05001117966218919, 0.466694195828837], [-0.5582236243032196, 1.44172585190005]], "found_saddles": [[0.17544243664608614, 0.2485167997335314], [-0.8132102684787563, 0.6091361057264711]], "bias_count": 67, "energy_calls_at_each_min": [1, 1540, 7943], "force_calls_at_each_min": [1, 1540, 7943], "min_height_scale": 1.5, "max_height_scale": 2.0, "min_cov_scale": 1.5, "max_cov_scale": 1.5, "pert_type": "adaptive"}