{"run_id": 1442, "bias_std_dev_scale": 0.170998, "bias_height_fraction": 0.119897, "perturbation_size": 0.005, "optimizer": "FIRE", "found_minima": [[0.6234994049, 0.02803775853], [-0.050776998648442255, 0.46686251256223316], [-0.5582236426089939, 1.4417258340143433]], "found_saddles": [[0.32415927083246876, 0.31321000108627634], [-0.10910863548546947, -0.021340242347450016]], "bias_count": 74, "energy_calls_at_each_min": [1, 1501, 8780], "force_calls_at_each_min": [1, 1501, 8780], "min_height_scale": 3.0, "max_height_scale": 2.0, "min_cov_scale": 1.5, "max_cov_scale": 2.0, "pert_type": "fixed"}