{"run_id": 1889, "bias_std_dev_scale": 0.170998, "bias_height_fraction": 0.119897, "perturbation_size": 0.005, "optimizer": "FIRE", "found_minima": [[0.6234994049, 0.02803775853], [-0.05053013833588519, 0.4668053204964811], [-0.5582236192497906, 1.441725855271508]], "found_saddles": [[0.057568341972858164, 0.1637678071431949], [-0.7952795227147302, 0.666998571805974]], "bias_count": 22, "energy_calls_at_each_min": [1, 1238, 2370], "force_calls_at_each_min": [1, 1238, 2370], "min_height_scale": 2.5, "max_height_scale": 3.0, "min_cov_scale": 1.5, "max_cov_scale": 1.5, "pert_type": "adaptive"}