{"run_id": 1450, "bias_std_dev_scale": 0.170998, "bias_height_fraction": 0.119897, "perturbation_size": 0.005, "optimizer": "FIRE", "found_minima": [[0.6234994049, 0.02803775853], [-0.050021727739347294, 0.466697133919656], [-0.5582236496088728, 1.4417258269011597]], "found_saddles": [[0.16325481463712732, 0.28509114895786486], [-0.8185282071848232, 0.6417812573130237]], "bias_count": 55, "energy_calls_at_each_min": [1, 2117, 6744], "force_calls_at_each_min": [1, 2117, 6744], "min_height_scale": 3.0, "max_height_scale": 2.0, "min_cov_scale": 2.0, "max_cov_scale": 2.0, "pert_type": "fixed"}