{"run_id": 457, "bias_std_dev_scale": 0.170998, "bias_height_fraction": 0.119897, "perturbation_size": 0.005, "optimizer": "FIRE", "found_minima": [[0.6234994049, 0.02803775853], [-0.05001286028542817, 0.46669455432365736], [-0.558223650454241, 1.4417258260494006]], "found_saddles": [[0.07396612868208736, 0.18557847761691226], [-0.876858024640383, 0.5107612979404337]], "bias_count": 74, "energy_calls_at_each_min": [1, 1100, 8622], "force_calls_at_each_min": [1, 1100, 8622], "min_height_scale": 3.0, "max_height_scale": 2.5, "min_cov_scale": 2.0, "max_cov_scale": 1.5, "pert_type": "adaptive"}