{"run_id": 2819, "bias_std_dev_scale": 0.170998, "bias_height_fraction": 0.119897, "perturbation_size": 0.005, "optimizer": "FIRE", "found_minima": [[0.6234994049, 0.02803775853], [-0.05068208973060872, 0.46694944938810307], [-0.5582236550373786, 1.44172582134198]], "found_saddles": [[0.2480518755542726, 0.3443280466757193], [-0.20778964961666374, 0.1006951683836419]], "bias_count": 93, "energy_calls_at_each_min": [1, 2051, 11291], "force_calls_at_each_min": [1, 2051, 11291], "min_height_scale": 2.5, "max_height_scale": 1.5, "min_cov_scale": 1.5, "max_cov_scale": 2.0, "pert_type": "adaptive"}