{"run_id": 4625, "bias_std_dev_scale": 0.170998, "bias_height_fraction": 0.119897, "perturbation_size": 0.005, "optimizer": "FIRE", "found_minima": [[0.6234994049, 0.02803775853], [-0.05002997419755423, 0.4667002380709602], [-0.5582236509048522, 1.4417258261461425]], "found_saddles": [[0.2240673266521869, 0.296666987326731], [-0.17225125686140974, 0.08130532953156197]], "bias_count": 126, "energy_calls_at_each_min": [1, 2613, 15211], "force_calls_at_each_min": [1, 2613, 15211], "min_height_scale": 1.5, "max_height_scale": 1.5, "min_cov_scale": 2.5, "max_cov_scale": 1.5, "pert_type": "adaptive"}