{"run_id": 3870, "bias_std_dev_scale": 0.170998, "bias_height_fraction": 0.119897, "perturbation_size": 0.005, "optimizer": "FIRE", "found_minima": [[0.6234994049, 0.02803775853], [-0.051700574007118784, 0.46711857261365514], [-0.5582236511598444, 1.4417258263898498]], "found_saddles": [[0.21139088720718296, 0.29431576574675544], [-0.6958564073192645, 0.6625228202985717]], "bias_count": 78, "energy_calls_at_each_min": [1, 2227, 9771], "force_calls_at_each_min": [1, 2227, 9771], "min_height_scale": 2.5, "max_height_scale": 1.5, "min_cov_scale": 3.0, "max_cov_scale": 3.0, "pert_type": "fixed"}