{"run_id": 3653, "bias_std_dev_scale": 0.170998, "bias_height_fraction": 0.119897, "perturbation_size": 0.005, "optimizer": "FIRE", "found_minima": [[0.6234994049, 0.02803775853], [-0.0500645408986198, 0.46670277440715174], [-0.558223618666467, 1.4417258578938914]], "found_saddles": [[0.11450955449775367, 0.12065136575787044], [-0.8379974995925472, 0.6158212198872263]], "bias_count": 49, "energy_calls_at_each_min": [1, 685, 5830], "force_calls_at_each_min": [1, 685, 5830], "min_height_scale": 1.5, "max_height_scale": 2.5, "min_cov_scale": 1.5, "max_cov_scale": 2.5, "pert_type": "adaptive"}