{"run_id": 1748, "bias_std_dev_scale": 0.170998, "bias_height_fraction": 0.119897, "perturbation_size": 0.005, "optimizer": "FIRE", "found_minima": [[0.6234994049, 0.02803775853], [-0.050014789739121324, 0.4666953673647317], [-0.5582236552106937, 1.441725820918451]], "found_saddles": [[0.17303196346278327, 0.2730255343580033], [-0.763105196794124, 0.6505566780682409]], "bias_count": 40, "energy_calls_at_each_min": [1, 999, 4817], "force_calls_at_each_min": [1, 999, 4817], "min_height_scale": 2.0, "max_height_scale": 2.5, "min_cov_scale": 2.5, "max_cov_scale": 2.5, "pert_type": "fixed"}