{"run_id": 5042, "bias_std_dev_scale": 0.170998, "bias_height_fraction": 0.119897, "perturbation_size": 0.005, "optimizer": "FIRE", "found_minima": [[0.6234994049, 0.02803775853], [-0.05001134433874698, 0.4666942649144591], [-0.5582236135313353, 1.4417258623820801]], "found_saddles": [[0.20900213373727639, 0.2914764972934679], [-0.794834719251638, 0.6772402566781061]], "bias_count": 50, "energy_calls_at_each_min": [1, 1513, 5965], "force_calls_at_each_min": [1, 1513, 5965], "min_height_scale": 3.0, "max_height_scale": 2.0, "min_cov_scale": 2.5, "max_cov_scale": 2.0, "pert_type": "fixed"}