{"run_id": 897, "bias_std_dev_scale": 0.170998, "bias_height_fraction": 0.119897, "perturbation_size": 0.005, "optimizer": "FIRE", "found_minima": [[0.6234994049, 0.02803775853], [-0.05001171072365705, 0.46669438835918015], [-0.5582236495312485, 1.4417258269818627]], "found_saddles": [[0.2038667099972981, 0.29528985742644553], [-0.8213813159088056, 0.5946346168894578]], "bias_count": 73, "energy_calls_at_each_min": [1, 1829, 8198], "force_calls_at_each_min": [1, 1829, 8198], "min_height_scale": 3.0, "max_height_scale": 1.5, "min_cov_scale": 1.5, "max_cov_scale": 1.5, "pert_type": "adaptive"}