{"run_id": 1410, "bias_std_dev_scale": 0.170998, "bias_height_fraction": 0.119897, "perturbation_size": 0.005, "optimizer": "FIRE", "found_minima": [[0.6234994049, 0.02803775853], [-0.05031817172509242, 0.4667563143058833], [-0.5582236527735461, 1.4417258240862918]], "found_saddles": [[0.17041124615158987, 0.2610835919268969], [-0.7974284270184625, 0.6175159664731328]], "bias_count": 46, "energy_calls_at_each_min": [1, 2179, 5555], "force_calls_at_each_min": [1, 2179, 5555], "min_height_scale": 3.0, "max_height_scale": 1.5, "min_cov_scale": 1.5, "max_cov_scale": 2.0, "pert_type": "fixed"}