{"run_id": 1484, "bias_std_dev_scale": 0.170998, "bias_height_fraction": 0.119897, "perturbation_size": 0.005, "optimizer": "FIRE", "found_minima": [[0.6234994049, 0.02803775853], [-0.5582236499791565, 1.4417258255347345]], "found_saddles": [[-0.8330373171992956, 0.5961913259731536]], "bias_count": 5000, "energy_calls_at_each_min": [1, 4466], "force_calls_at_each_min": [1, 4466], "min_height_scale": 3.0, "max_height_scale": 2.5, "min_cov_scale": 2.0, "max_cov_scale": 2.5, "pert_type": "fixed"}