{"run_id": 2276, "bias_std_dev_scale": 0.170998, "bias_height_fraction": 0.119897, "perturbation_size": 0.005, "optimizer": "FIRE", "found_minima": [[0.6234994049, 0.02803775853], [-0.050012096447820224, 0.4666945622930856], [-0.558223618567879, 1.4417258574335374]], "found_saddles": [[0.26136951857233104, 0.31654951777704776], [-0.1847038275493056, 0.049381129956207116]], "bias_count": 33, "energy_calls_at_each_min": [1, 514, 3901], "force_calls_at_each_min": [1, 514, 3901], "min_height_scale": 2.0, "max_height_scale": 3.0, "min_cov_scale": 1.5, "max_cov_scale": 2.5, "pert_type": "fixed"}