{"run_id": 2857, "bias_std_dev_scale": 0.170998, "bias_height_fraction": 0.119897, "perturbation_size": 0.005, "optimizer": "FIRE", "found_minima": [[0.6234994049, 0.02803775853], [-0.05001208919989498, 0.4666943352075878], [-0.5582236171618439, 1.4417258603856613]], "found_saddles": [[0.10302046856450976, 0.11336453957800008], [-0.8736911926134384, 0.529206962069563]], "bias_count": 91, "energy_calls_at_each_min": [1, 1933, 11044], "force_calls_at_each_min": [1, 1933, 11044], "min_height_scale": 2.5, "max_height_scale": 2.0, "min_cov_scale": 2.0, "max_cov_scale": 1.5, "pert_type": "adaptive"}