{"run_id": 1239, "bias_std_dev_scale": 0.170998, "bias_height_fraction": 0.119897, "perturbation_size": 0.005, "optimizer": "FIRE", "found_minima": [[0.6234994049, 0.02803775853], [-0.050015003794515026, 0.4666950950584521], [-0.5582236431976445, 1.441725833305287]], "found_saddles": [[0.21962887301819156, 0.30777374525675566], [-0.829589503018856, 0.6048401904089975]], "bias_count": 15, "energy_calls_at_each_min": [1, 1053, 1811], "force_calls_at_each_min": [1, 1053, 1811], "min_height_scale": 2.0, "max_height_scale": 2.5, "min_cov_scale": 2.5, "max_cov_scale": 3.0, "pert_type": "adaptive"}