{"run_id": 3879, "bias_std_dev_scale": 0.170998, "bias_height_fraction": 0.119897, "perturbation_size": 0.005, "optimizer": "FIRE", "found_minima": [[0.6234994049, 0.02803775853], [-0.05312300509935912, 0.4673322043912966], [-0.5582236501208937, 1.4417258267079043]], "found_saddles": [[0.11809436851316685, 0.18183552580356224], [-0.8068316131841173, 0.642542221088517]], "bias_count": 58, "energy_calls_at_each_min": [1, 1854, 7119], "force_calls_at_each_min": [1, 1854, 7119], "min_height_scale": 2.5, "max_height_scale": 2.0, "min_cov_scale": 1.5, "max_cov_scale": 3.0, "pert_type": "adaptive"}