{"run_id": 4900, "bias_std_dev_scale": 0.170998, "bias_height_fraction": 0.119897, "perturbation_size": 0.005, "optimizer": "FIRE", "found_minima": [[0.6234994049, 0.02803775853], [-0.05003470595797368, 0.4666990112929477], [-0.5582236545744447, 1.4417258215523632]], "found_saddles": [[0.1376045596733958, 0.23024159312136228], [1.0678610708463905, 0.0426986671496589]], "bias_count": 103, "energy_calls_at_each_min": [1, 1118, 12588], "force_calls_at_each_min": [1, 1118, 12588], "min_height_scale": 2.5, "max_height_scale": 2.0, "min_cov_scale": 1.5, "max_cov_scale": 2.5, "pert_type": "fixed"}