{"run_id": 1031, "bias_std_dev_scale": 0.170998, "bias_height_fraction": 0.119897, "perturbation_size": 0.005, "optimizer": "FIRE", "found_minima": [[0.6234994049, 0.02803775853], [-0.050430075279784575, 0.46682624409572115], [-0.55822363890968, 1.4417258392649064]], "found_saddles": [[0.6763371212823179, 0.2009492338833255], [-0.869945808717113, 0.559390159142787]], "bias_count": 61, "energy_calls_at_each_min": [1, 2557, 7091], "force_calls_at_each_min": [1, 2557, 7091], "min_height_scale": 1.5, "max_height_scale": 1.5, "min_cov_scale": 1.5, "max_cov_scale": 3.0, "pert_type": "adaptive"}