{"run_id": 4452, "bias_std_dev_scale": 0.170998, "bias_height_fraction": 0.119897, "perturbation_size": 0.005, "optimizer": "FIRE", "found_minima": [[0.6234994049, 0.02803775853], [-0.05283408782334935, 0.4672384882204212], [-0.5582236216960231, 1.4417258556176857]], "found_saddles": [[0.07605961345527609, 0.1615718317308576], [-0.2802545965113971, 0.7322395815514361]], "bias_count": 48, "energy_calls_at_each_min": [1, 1101, 5927], "force_calls_at_each_min": [1, 1101, 5927], "min_height_scale": 2.5, "max_height_scale": 3.0, "min_cov_scale": 1.5, "max_cov_scale": 2.5, "pert_type": "fixed"}