{"run_id": 650, "bias_std_dev_scale": 0.170998, "bias_height_fraction": 0.119897, "perturbation_size": 0.005, "optimizer": "FIRE", "found_minima": [[0.6234994049, 0.02803775853], [-0.05067270365806105, 0.46679713764021724], [-0.5582236267548779, 1.4417258467988294]], "found_saddles": [[0.27462943368138104, 0.29101421046852866], [-0.8275970909993664, 0.6152493333875164]], "bias_count": 90, "energy_calls_at_each_min": [1, 2068, 10856], "force_calls_at_each_min": [1, 2068, 10856], "min_height_scale": 2.0, "max_height_scale": 1.5, "min_cov_scale": 2.0, "max_cov_scale": 2.0, "pert_type": "fixed"}