{"run_id": 3106, "bias_std_dev_scale": 0.170998, "bias_height_fraction": 0.119897, "perturbation_size": 0.005, "optimizer": "FIRE", "found_minima": [[0.6234994049, 0.02803775853], [-0.0500108481322171, 0.4666941212656838], [-0.5582236201846517, 1.4417258571734863]], "found_saddles": [[0.16411673927874518, 0.2680777160781757], [-0.8182549427330335, 0.6292945603720876]], "bias_count": 61, "energy_calls_at_each_min": [1, 1309, 7340], "force_calls_at_each_min": [1, 1309, 7340], "min_height_scale": 1.5, "max_height_scale": 2.0, "min_cov_scale": 1.5, "max_cov_scale": 2.0, "pert_type": "fixed"}