{"run_id": 2612, "bias_std_dev_scale": 0.170998, "bias_height_fraction": 0.119897, "perturbation_size": 0.005, "optimizer": "FIRE", "found_minima": [[0.6234994049, 0.02803775853], [-0.050029642453223146, 0.4666982927038645], [-0.5582236496579911, 1.4417258273349394]], "found_saddles": [[0.19117438253924765, 0.2748130121960781], [0.31015536273232003, 0.6572466742967851]], "bias_count": 81, "energy_calls_at_each_min": [1, 960, 9805], "force_calls_at_each_min": [1, 960, 9805], "min_height_scale": 1.5, "max_height_scale": 2.0, "min_cov_scale": 2.5, "max_cov_scale": 2.5, "pert_type": "fixed"}