{"run_id": 229, "bias_std_dev_scale": 0.170998, "bias_height_fraction": 0.119897, "perturbation_size": 0.005, "optimizer": "FIRE", "found_minima": [[0.6234994049, 0.02803775853], [-0.050308702036045067, 0.4667591566388144], [-0.5582236419451022, 1.4417258324464552]], "found_saddles": [[0.17596439436020217, 0.2650174420467988], [-0.8542598053672177, 0.5720716343880404]], "bias_count": 31, "energy_calls_at_each_min": [1, 1023, 3604], "force_calls_at_each_min": [1, 1023, 3604], "min_height_scale": 2.0, "max_height_scale": 3.0, "min_cov_scale": 1.5, "max_cov_scale": 2.5, "pert_type": "adaptive"}