{"run_id": 3737, "bias_std_dev_scale": 0.170998, "bias_height_fraction": 0.119897, "perturbation_size": 0.005, "optimizer": "FIRE", "found_minima": [[0.6234994049, 0.02803775853], [-0.05001084075562008, 0.4666941178774733], [-0.5582236191068937, 1.4417258561025041]], "found_saddles": [[0.24174853531343932, 0.29300070621257457], [-0.7857739709017344, 0.6653594521031988]], "bias_count": 76, "energy_calls_at_each_min": [1, 2768, 9255], "force_calls_at_each_min": [1, 2768, 9255], "min_height_scale": 2.0, "max_height_scale": 1.5, "min_cov_scale": 3.0, "max_cov_scale": 1.5, "pert_type": "adaptive"}