{"run_id": 3135, "bias_std_dev_scale": 0.170998, "bias_height_fraction": 0.119897, "perturbation_size": 0.005, "optimizer": "FIRE", "found_minima": [[0.6234994049, 0.02803775853], [-0.05001429133885345, 0.46669482538096907], [-0.5582236135258238, 1.4417258624433467]], "found_saddles": [[0.2240475249502629, 0.29656094952175904], [-0.9225010758239766, 0.5322624233151716]], "bias_count": 66, "energy_calls_at_each_min": [1, 1226, 7833], "force_calls_at_each_min": [1, 1226, 7833], "min_height_scale": 1.5, "max_height_scale": 2.0, "min_cov_scale": 3.0, "max_cov_scale": 3.0, "pert_type": "adaptive"}