{"run_id": 3548, "bias_std_dev_scale": 0.170998, "bias_height_fraction": 0.119897, "perturbation_size": 0.005, "optimizer": "FIRE", "found_minima": [[0.6234994049, 0.02803775853], [-0.05011118772556651, 0.4667179810837061], [-0.5582236213255751, 1.4417258565596591]], "found_saddles": [[0.18726386283154411, 0.2852059190177003], [-0.7829662772225886, 0.6569351492349922]], "bias_count": 37, "energy_calls_at_each_min": [1, 1371, 4609], "force_calls_at_each_min": [1, 1371, 4609], "min_height_scale": 3.0, "max_height_scale": 2.5, "min_cov_scale": 3.0, "max_cov_scale": 2.5, "pert_type": "fixed"}