{"run_id": 1179, "bias_std_dev_scale": 0.170998, "bias_height_fraction": 0.119897, "perturbation_size": 0.005, "optimizer": "FIRE", "found_minima": [[0.6234994049, 0.02803775853], [-0.05001150992124158, 0.46669425013954846], [-0.5582236194859993, 1.4417258577154601]], "found_saddles": [[0.19722646346666198, 0.2675010903283752], [-0.7405287241324615, 0.6667343599309814]], "bias_count": 117, "energy_calls_at_each_min": [1, 2177, 14712], "force_calls_at_each_min": [1, 2177, 14712], "min_height_scale": 2.0, "max_height_scale": 1.5, "min_cov_scale": 3.0, "max_cov_scale": 2.0, "pert_type": "adaptive"}