{"run_id": 1009, "bias_std_dev_scale": 0.170998, "bias_height_fraction": 0.119897, "perturbation_size": 0.005, "optimizer": "FIRE", "found_minima": [[0.6234994049, 0.02803775853], [-0.05013587887523462, 0.4667176493198159], [-0.5582236514316966, 1.4417258251102156]], "found_saddles": [[0.9778967367878304, 0.002162060175676689], [-0.15829024091476804, 0.8109748324472117]], "bias_count": 96, "energy_calls_at_each_min": [1, 1939, 11841], "force_calls_at_each_min": [1, 1939, 11841], "min_height_scale": 3.0, "max_height_scale": 3.0, "min_cov_scale": 2.5, "max_cov_scale": 1.5, "pert_type": "adaptive"}