{"run_id": 5024, "bias_std_dev_scale": 0.170998, "bias_height_fraction": 0.119897, "perturbation_size": 0.005, "optimizer": "FIRE", "found_minima": [[0.6234994049, 0.02803775853], [-0.05001089707812628, 0.46669411790766085], [-0.5582236496038617, 1.441725827039944]], "found_saddles": [[0.23359840284705555, 0.33705561282262275], [-0.16907032094655694, 0.07666585898042785]], "bias_count": 73, "energy_calls_at_each_min": [1, 949, 8961], "force_calls_at_each_min": [1, 949, 8961], "min_height_scale": 3.0, "max_height_scale": 2.0, "min_cov_scale": 1.5, "max_cov_scale": 1.5, "pert_type": "fixed"}