{"run_id": 4282, "bias_std_dev_scale": 0.170998, "bias_height_fraction": 0.119897, "perturbation_size": 0.005, "optimizer": "FIRE", "found_minima": [[0.6234994049, 0.02803775853], [-0.050011028424415044, 0.466694149542615], [-0.5582236184092045, 1.4417258583768855]], "found_saddles": [[0.27540080282147683, 0.2999007650998685], [-0.8101169399795688, 0.6633930761312459]], "bias_count": 57, "energy_calls_at_each_min": [1, 1695, 6774], "force_calls_at_each_min": [1, 1695, 6774], "min_height_scale": 2.0, "max_height_scale": 2.0, "min_cov_scale": 3.0, "max_cov_scale": 2.0, "pert_type": "fixed"}