{"run_id": 4166, "bias_std_dev_scale": 0.170998, "bias_height_fraction": 0.119897, "perturbation_size": 0.005, "optimizer": "FIRE", "found_minima": [[0.6234994049, 0.02803775853], [-0.05216835487957823, 0.46712634269772463], [-0.5582236504916379, 1.4417258271966897]], "found_saddles": [[0.05833409398833765, 0.15845724518105717], [1.075851654605863, 0.07126070103970272]], "bias_count": 50, "energy_calls_at_each_min": [1, 1181, 5906], "force_calls_at_each_min": [1, 1181, 5906], "min_height_scale": 1.5, "max_height_scale": 2.5, "min_cov_scale": 1.5, "max_cov_scale": 3.0, "pert_type": "fixed"}