{"run_id": 418, "bias_std_dev_scale": 0.170998, "bias_height_fraction": 0.119897, "perturbation_size": 0.005, "optimizer": "FIRE", "found_minima": [[0.6234994049, 0.02803775853], [-0.0500139818690591, 0.4666955263792538], [-0.5582236200207737, 1.4417258574269691]], "found_saddles": [[0.1907439965685101, 0.24330022963741427], [-0.8597267081027037, 0.49238720130021424]], "bias_count": 62, "energy_calls_at_each_min": [1, 1009, 7604], "force_calls_at_each_min": [1, 1009, 7604], "min_height_scale": 3.0, "max_height_scale": 2.0, "min_cov_scale": 1.5, "max_cov_scale": 2.0, "pert_type": "fixed"}