{"run_id": 3547, "bias_std_dev_scale": 0.170998, "bias_height_fraction": 0.119897, "perturbation_size": 0.005, "optimizer": "FIRE", "found_minima": [[0.6234994049, 0.02803775853], [-0.050011819898325406, 0.46669442720072535], [-0.5582236179788491, 1.441725858434947]], "found_saddles": [[0.9361369377808071, -0.06401697873038575], [-0.8129341779913902, 0.5265988122935582]], "bias_count": 51, "energy_calls_at_each_min": [1, 2009, 5980], "force_calls_at_each_min": [1, 2009, 5980], "min_height_scale": 3.0, "max_height_scale": 2.5, "min_cov_scale": 3.0, "max_cov_scale": 2.0, "pert_type": "adaptive"}