{"run_id": 1095, "bias_std_dev_scale": 0.170998, "bias_height_fraction": 0.119897, "perturbation_size": 0.005, "optimizer": "FIRE", "found_minima": [[0.6234994049, 0.02803775853], [-0.5582236337622243, 1.4417258440571101]], "found_saddles": [[-0.7174337461432515, 0.7216019157881467]], "bias_count": 5000, "energy_calls_at_each_min": [1, 5330], "force_calls_at_each_min": [1, 5330], "min_height_scale": 1.5, "max_height_scale": 2.5, "min_cov_scale": 1.5, "max_cov_scale": 3.0, "pert_type": "adaptive"}