{"run_id": 3913, "bias_std_dev_scale": 0.170998, "bias_height_fraction": 0.119897, "perturbation_size": 0.005, "optimizer": "FIRE", "found_minima": [[0.6234994049, 0.02803775853], [-0.050119763077363315, 0.46672694448706525], [-0.5582236227233788, 1.4417258550180594]], "found_saddles": [[0.15066561286094476, 0.19271081246874294], [-0.8342563047389373, 0.6101717294178427]], "bias_count": 64, "energy_calls_at_each_min": [1, 1438, 7388], "force_calls_at_each_min": [1, 1438, 7388], "min_height_scale": 2.5, "max_height_scale": 2.5, "min_cov_scale": 2.0, "max_cov_scale": 1.5, "pert_type": "adaptive"}