{"run_id": 3325, "bias_std_dev_scale": 0.170998, "bias_height_fraction": 0.119897, "perturbation_size": 0.005, "optimizer": "FIRE", "found_minima": [[0.6234994049, 0.02803775853], [-0.05001144730477965, 0.46669437680775944], [-0.5582236311023585, 1.4417258435068396]], "found_saddles": [[0.8231510936846659, -0.10583296734032091], [0.6887704101239541, 0.3072947602965702]], "bias_count": 56, "energy_calls_at_each_min": [1, 1757, 7033], "force_calls_at_each_min": [1, 1757, 7033], "min_height_scale": 2.0, "max_height_scale": 3.0, "min_cov_scale": 3.0, "max_cov_scale": 2.5, "pert_type": "adaptive"}