{"run_id": 1082, "bias_std_dev_scale": 0.170998, "bias_height_fraction": 0.119897, "perturbation_size": 0.005, "optimizer": "FIRE", "found_minima": [[0.6234994049, 0.02803775853], [-0.05001391091540189, 0.46669555307767485], [-0.5582236370833634, 1.4417258363848962]], "found_saddles": [[0.14648193346108523, -0.006492616238037037], [-0.8069624583289768, 0.6331397573173784]], "bias_count": 80, "energy_calls_at_each_min": [1, 2470, 9741], "force_calls_at_each_min": [1, 2470, 9741], "min_height_scale": 1.5, "max_height_scale": 2.0, "min_cov_scale": 3.0, "max_cov_scale": 2.0, "pert_type": "fixed"}