{"run_id": 686, "bias_std_dev_scale": 0.170998, "bias_height_fraction": 0.119897, "perturbation_size": 0.005, "optimizer": "FIRE", "found_minima": [[0.6234994049, 0.02803775853], [-0.05001781163518005, 0.46669570295402485], [-0.5582236528302944, 1.4417258235338877]], "found_saddles": [[0.2515488076919793, 0.3469222700060651], [-0.17370974408008413, 0.02344503875095266]], "bias_count": 65, "energy_calls_at_each_min": [1, 1143, 7830], "force_calls_at_each_min": [1, 1143, 7830], "min_height_scale": 2.0, "max_height_scale": 2.0, "min_cov_scale": 2.0, "max_cov_scale": 3.0, "pert_type": "fixed"}