{"run_id": 1755, "bias_std_dev_scale": 0.170998, "bias_height_fraction": 0.119897, "perturbation_size": 0.005, "optimizer": "FIRE", "found_minima": [[0.6234994049, 0.02803775853], [-0.050010982991992164, 0.4666941456168467], [-0.5582236293997819, 1.441725849705271]], "found_saddles": [[0.38536380788158286, 0.26683737275774755], [-0.8368635848365438, 0.5435618549289979]], "bias_count": 85, "energy_calls_at_each_min": [1, 1645, 10391], "force_calls_at_each_min": [1, 1645, 10391], "min_height_scale": 2.0, "max_height_scale": 2.5, "min_cov_scale": 3.0, "max_cov_scale": 2.0, "pert_type": "adaptive"}