{"run_id": 4161, "bias_std_dev_scale": 0.170998, "bias_height_fraction": 0.119897, "perturbation_size": 0.005, "optimizer": "FIRE", "found_minima": [[0.6234994049, 0.02803775853], [-0.05001184784297786, 0.46669432897387453], [-0.5582236419002446, 1.4417258347370667]], "found_saddles": [[0.192684622231268, 0.2909876550263031], [-0.8018815038665097, 0.49220378299454315]], "bias_count": 52, "energy_calls_at_each_min": [1, 1114, 6184], "force_calls_at_each_min": [1, 1114, 6184], "min_height_scale": 1.5, "max_height_scale": 2.5, "min_cov_scale": 1.5, "max_cov_scale": 1.5, "pert_type": "adaptive"}