{"run_id": 4881, "bias_std_dev_scale": 0.170998, "bias_height_fraction": 0.119897, "perturbation_size": 0.005, "optimizer": "FIRE", "found_minima": [[0.6234994049, 0.02803775853], [-0.05002513041614048, 0.46669800370949066], [-0.558223622243137, 1.4417258536334034]], "found_saddles": [[0.22339749930371902, 0.29244540295990157], [-0.8114987630183003, 0.6257721344812404]], "bias_count": 111, "energy_calls_at_each_min": [1, 2270, 13754], "force_calls_at_each_min": [1, 2270, 13754], "min_height_scale": 2.5, "max_height_scale": 1.5, "min_cov_scale": 2.5, "max_cov_scale": 1.5, "pert_type": "adaptive"}