{"run_id": 4725, "bias_std_dev_scale": 0.170998, "bias_height_fraction": 0.119897, "perturbation_size": 0.005, "optimizer": "FIRE", "found_minima": [[0.6234994049, 0.02803775853], [-0.05001256086743791, 0.4666945817837702], [-0.5582236283170164, 1.4417258453811856]], "found_saddles": [[0.9801475503449071, 0.03855975898728911], [0.07954168872492551, 0.7318364283757429]], "bias_count": 63, "energy_calls_at_each_min": [1, 1875, 7789], "force_calls_at_each_min": [1, 1875, 7789], "min_height_scale": 1.5, "max_height_scale": 3.0, "min_cov_scale": 2.5, "max_cov_scale": 2.5, "pert_type": "adaptive"}