{"run_id": 2969, "bias_std_dev_scale": 0.170998, "bias_height_fraction": 0.119897, "perturbation_size": 0.005, "optimizer": "FIRE", "found_minima": [[0.6234994049, 0.02803775853], [-0.050037230820217354, 0.4667003803876031], [-0.5582236188205308, 1.441725857206637]], "found_saddles": [[0.20051896847153197, 0.2878903830412062], [-0.685859261233032, 0.6920484276292964]], "bias_count": 131, "energy_calls_at_each_min": [1, 2372, 17091], "force_calls_at_each_min": [1, 2372, 17091], "min_height_scale": 3.0, "max_height_scale": 1.5, "min_cov_scale": 3.0, "max_cov_scale": 1.5, "pert_type": "adaptive"}