{"run_id": 3511, "bias_std_dev_scale": 0.170998, "bias_height_fraction": 0.119897, "perturbation_size": 0.005, "optimizer": "FIRE", "found_minima": [[0.6234994049, 0.02803775853], [-0.050024917619848584, 0.46669673529310746], [-0.5582236562888249, 1.4417258203520449]], "found_saddles": [[0.26976873500319026, 0.30581672255438624], [-0.8230323094426936, 0.6099924147188432]], "bias_count": 40, "energy_calls_at_each_min": [1, 1567, 4567], "force_calls_at_each_min": [1, 1567, 4567], "min_height_scale": 3.0, "max_height_scale": 2.0, "min_cov_scale": 2.5, "max_cov_scale": 3.0, "pert_type": "adaptive"}