{"run_id": 3832, "bias_std_dev_scale": 0.170998, "bias_height_fraction": 0.119897, "perturbation_size": 0.005, "optimizer": "FIRE", "found_minima": [[0.6234994049, 0.02803775853], [-0.050125589874353935, 0.4667095369253039], [-0.5582236464037403, 1.441725830139872]], "found_saddles": [[0.5926915684907123, 0.23773631872902787], [-0.6540328889752243, 0.3551264816907227]], "bias_count": 48, "energy_calls_at_each_min": [1, 1466, 5776], "force_calls_at_each_min": [1, 1466, 5776], "min_height_scale": 2.0, "max_height_scale": 3.0, "min_cov_scale": 3.0, "max_cov_scale": 1.5, "pert_type": "fixed"}