{"run_id": 825, "bias_std_dev_scale": 0.170998, "bias_height_fraction": 0.119897, "perturbation_size": 0.005, "optimizer": "FIRE", "found_minima": [[0.6234994049, 0.02803775853], [-0.050023832497732484, 0.46670008939866786], [-0.5582236219233591, 1.4417258558559387]], "found_saddles": [[0.959678084787913, -0.038387061839924394], [-0.8077106436660071, 0.6249910737821276]], "bias_count": 70, "energy_calls_at_each_min": [1, 3491, 8379], "force_calls_at_each_min": [1, 3491, 8379], "min_height_scale": 2.5, "max_height_scale": 2.0, "min_cov_scale": 3.0, "max_cov_scale": 1.5, "pert_type": "adaptive"}