{"run_id": 4565, "bias_std_dev_scale": 0.170998, "bias_height_fraction": 0.119897, "perturbation_size": 0.005, "optimizer": "FIRE", "found_minima": [[0.6234994049, 0.02803775853], [-0.0509563342303424, 0.46700568690798605], [-0.5582236204332425, 1.4417258575580958]], "found_saddles": [[0.9788514172057788, -0.024976626584118002], [-0.7689226655727486, 0.6723894190888884]], "bias_count": 35, "energy_calls_at_each_min": [1, 2088, 4311], "force_calls_at_each_min": [1, 2088, 4311], "min_height_scale": 3.0, "max_height_scale": 2.5, "min_cov_scale": 2.5, "max_cov_scale": 2.5, "pert_type": "adaptive"}