{"run_id": 1288, "bias_std_dev_scale": 0.170998, "bias_height_fraction": 0.119897, "perturbation_size": 0.005, "optimizer": "FIRE", "found_minima": [[0.6234994049, 0.02803775853], [-0.05054322510845757, 0.4668088645864586], [-0.558223635520496, 1.4417258401991724]], "found_saddles": [[0.9425399255098221, -0.008485341235168222], [-0.7946297836716634, 0.48253100345197397]], "bias_count": 48, "energy_calls_at_each_min": [1, 2999, 5665], "force_calls_at_each_min": [1, 2999, 5665], "min_height_scale": 2.5, "max_height_scale": 1.5, "min_cov_scale": 2.0, "max_cov_scale": 1.5, "pert_type": "fixed"}