{"run_id": 1736, "bias_std_dev_scale": 0.170998, "bias_height_fraction": 0.119897, "perturbation_size": 0.005, "optimizer": "FIRE", "found_minima": [[0.6234994049, 0.02803775853], [-0.05001094713179776, 0.4666941495158889], [-0.5582236391911575, 1.4417258345853632]], "found_saddles": [[0.19338797070679134, 0.297242049230562], [-0.4886659012458109, 0.7462046982105435]], "bias_count": 89, "energy_calls_at_each_min": [1, 1508, 10577], "force_calls_at_each_min": [1, 1508, 10577], "min_height_scale": 2.0, "max_height_scale": 2.5, "min_cov_scale": 2.0, "max_cov_scale": 1.5, "pert_type": "fixed"}