{"run_id": 319, "bias_std_dev_scale": 0.170998, "bias_height_fraction": 0.119897, "perturbation_size": 0.005, "optimizer": "FIRE", "found_minima": [[0.6234994049, 0.02803775853], [-0.050139075291891703, 0.46674107302351725], [-0.558223640298093, 1.4417258380847868]], "found_saddles": [[0.26166870031688716, 0.3057268141197097], [-0.14410310353748718, 0.024997138770399628]], "bias_count": 90, "energy_calls_at_each_min": [1, 1288, 11191], "force_calls_at_each_min": [1, 1288, 11191], "min_height_scale": 2.5, "max_height_scale": 2.0, "min_cov_scale": 3.0, "max_cov_scale": 3.0, "pert_type": "adaptive"}