{"run_id": 1029, "bias_std_dev_scale": 0.170998, "bias_height_fraction": 0.119897, "perturbation_size": 0.005, "optimizer": "FIRE", "found_minima": [[0.6234994049, 0.02803775853], [-0.05011866423698252, 0.46671905985691153], [-0.5582236150693005, 1.4417258609330168]], "found_saddles": [[0.23701514724885947, 0.35487740656227496], [-0.8239540532035617, 0.5968010113610203]], "bias_count": 61, "energy_calls_at_each_min": [1, 1677, 7135], "force_calls_at_each_min": [1, 1677, 7135], "min_height_scale": 1.5, "max_height_scale": 1.5, "min_cov_scale": 1.5, "max_cov_scale": 2.5, "pert_type": "adaptive"}