{"run_id": 4047, "bias_std_dev_scale": 0.170998, "bias_height_fraction": 0.119897, "perturbation_size": 0.005, "optimizer": "FIRE", "found_minima": [[0.6234994049, 0.02803775853], [-0.05001755662599304, 0.46669559338870875], [-0.5582236521672765, 1.441725823060716]], "found_saddles": [[0.31732414636506684, 0.2957706164397002], [-0.838832678969452, 0.6138491352663163]], "bias_count": 31, "energy_calls_at_each_min": [1, 1455, 3624], "force_calls_at_each_min": [1, 1455, 3624], "min_height_scale": 3.0, "max_height_scale": 2.5, "min_cov_scale": 2.0, "max_cov_scale": 3.0, "pert_type": "adaptive"}