{"run_id": 3935, "bias_std_dev_scale": 0.170998, "bias_height_fraction": 0.119897, "perturbation_size": 0.005, "optimizer": "FIRE", "found_minima": [[0.6234994049, 0.02803775853], [-0.05230699009445872, 0.46715713231408945], [-0.5582236195478513, 1.4417258564744095]], "found_saddles": [[0.26884778921679053, 0.3328404274561105], [0.21781452382330316, 0.6757702760424178]], "bias_count": 62, "energy_calls_at_each_min": [1, 1054, 7666], "force_calls_at_each_min": [1, 1054, 7666], "min_height_scale": 2.5, "max_height_scale": 2.5, "min_cov_scale": 3.0, "max_cov_scale": 3.0, "pert_type": "adaptive"}