{"run_id": 4323, "bias_std_dev_scale": 0.170998, "bias_height_fraction": 0.119897, "perturbation_size": 0.005, "optimizer": "FIRE", "found_minima": [[0.6234994049, 0.02803775853], [-0.05312061943048079, 0.467525903827618], [-0.5582236228277007, 1.4417258509716981]], "found_saddles": [[0.14954494218223216, 0.2603662552772038], [-0.25011174145751974, 0.10774959734594661]], "bias_count": 53, "energy_calls_at_each_min": [1, 1209, 6090], "force_calls_at_each_min": [1, 1209, 6090], "min_height_scale": 2.0, "max_height_scale": 3.0, "min_cov_scale": 1.5, "max_cov_scale": 2.0, "pert_type": "adaptive"}