{"run_id": 801, "bias_std_dev_scale": 0.170998, "bias_height_fraction": 0.119897, "perturbation_size": 0.005, "optimizer": "FIRE", "found_minima": [[0.6234994049, 0.02803775853], [-0.050010924905699965, 0.46669412060356064], [-0.5582236299817841, 1.4417258488011775]], "found_saddles": [[0.14249520600060805, 0.17983440143933654], [-0.8493600228533524, 0.5964293592448]], "bias_count": 31, "energy_calls_at_each_min": [1, 1302, 3326], "force_calls_at_each_min": [1, 1302, 3326], "min_height_scale": 2.5, "max_height_scale": 2.0, "min_cov_scale": 1.5, "max_cov_scale": 1.5, "pert_type": "adaptive"}