{"run_id": 4848, "bias_std_dev_scale": 0.170998, "bias_height_fraction": 0.119897, "perturbation_size": 0.005, "optimizer": "FIRE", "found_minima": [[0.6234994049, 0.02803775853], [-0.05006180074077435, 0.46670346050401085], [-0.5582236498960182, 1.4417258278768958]], "found_saddles": [[0.2857547800294782, 0.31793026487371845], [-0.16488442710528947, -0.007416158684429545]], "bias_count": 74, "energy_calls_at_each_min": [1, 1219, 9179], "force_calls_at_each_min": [1, 1219, 9179], "min_height_scale": 2.0, "max_height_scale": 3.0, "min_cov_scale": 2.5, "max_cov_scale": 1.5, "pert_type": "fixed"}