{"run_id": 2319, "bias_std_dev_scale": 0.170998, "bias_height_fraction": 0.119897, "perturbation_size": 0.005, "optimizer": "FIRE", "found_minima": [[0.6234994049, 0.02803775853], [-0.05033702028270878, 0.46677069486622214], [-0.5582236319373344, 1.4417258439091543]], "found_saddles": [[0.20971837337276666, 0.3027346856904468], [-0.8745344703127464, 0.6036708080865186]], "bias_count": 66, "energy_calls_at_each_min": [1, 1519, 7907], "force_calls_at_each_min": [1, 1519, 7907], "min_height_scale": 2.5, "max_height_scale": 1.5, "min_cov_scale": 2.0, "max_cov_scale": 3.0, "pert_type": "adaptive"}