{"run_id": 234, "bias_std_dev_scale": 0.170998, "bias_height_fraction": 0.119897, "perturbation_size": 0.005, "optimizer": "FIRE", "found_minima": [[0.6234994049, 0.02803775853], [-0.05004873240612942, 0.4667047374224795], [-0.558223625454729, 1.4417258492420666]], "found_saddles": [[0.11214485582280215, 0.16919444337468018], [-0.5963303466433572, 0.7913738327270333]], "bias_count": 70, "energy_calls_at_each_min": [1, 1061, 8594], "force_calls_at_each_min": [1, 1061, 8594], "min_height_scale": 2.0, "max_height_scale": 3.0, "min_cov_scale": 2.0, "max_cov_scale": 2.0, "pert_type": "fixed"}