{"run_id": 2891, "bias_std_dev_scale": 0.170998, "bias_height_fraction": 0.119897, "perturbation_size": 0.005, "optimizer": "FIRE", "found_minima": [[0.6234994049, 0.02803775853], [-0.05023184941076361, 0.4667664779162363], [-0.5582236204666678, 1.441725856907373]], "found_saddles": [[0.1657361565785261, 0.2770156714338212], [-0.8375000390112296, 0.6205055026772336]], "bias_count": 42, "energy_calls_at_each_min": [1, 1168, 5033], "force_calls_at_each_min": [1, 1168, 5033], "min_height_scale": 2.5, "max_height_scale": 2.5, "min_cov_scale": 2.0, "max_cov_scale": 2.0, "pert_type": "adaptive"}