{"run_id": 980, "bias_std_dev_scale": 0.170998, "bias_height_fraction": 0.119897, "perturbation_size": 0.005, "optimizer": "FIRE", "found_minima": [[0.6234994049, 0.02803775853], [-0.05147030302890969, 0.4671587528030106], [-0.5582236438107413, 1.4417258315735713]], "found_saddles": [[0.11899635596105392, 0.12677222160237175], [-0.09959017810732951, -0.0559885401120623]], "bias_count": 60, "energy_calls_at_each_min": [1, 1490, 7200], "force_calls_at_each_min": [1, 1490, 7200], "min_height_scale": 3.0, "max_height_scale": 2.5, "min_cov_scale": 2.5, "max_cov_scale": 2.5, "pert_type": "fixed"}