{"run_id": 4085, "bias_std_dev_scale": 0.170998, "bias_height_fraction": 0.119897, "perturbation_size": 0.005, "optimizer": "FIRE", "found_minima": [[0.6234994049, 0.02803775853], [-0.05001146937656742, 0.46669426545556913], [-0.5582236237564416, 1.4417258537194295]], "found_saddles": [[0.9268936396088512, -0.03524909671089646], [-0.2506249807929922, 0.04258281880642337]], "bias_count": 67, "energy_calls_at_each_min": [1, 1420, 8256], "force_calls_at_each_min": [1, 1420, 8256], "min_height_scale": 3.0, "max_height_scale": 3.0, "min_cov_scale": 2.5, "max_cov_scale": 2.5, "pert_type": "adaptive"}