{"run_id": 942, "bias_std_dev_scale": 0.170998, "bias_height_fraction": 0.119897, "perturbation_size": 0.005, "optimizer": "FIRE", "found_minima": [[0.6234994049, 0.02803775853], [-0.050016646207640986, 0.4666953715757495], [-0.558223622845541, 1.4417258531909096]], "found_saddles": [[0.1349387295183103, 0.16735935139028], [-0.13829975730039132, 0.02706109439952956]], "bias_count": 76, "energy_calls_at_each_min": [1, 1405, 9154], "force_calls_at_each_min": [1, 1405, 9154], "min_height_scale": 3.0, "max_height_scale": 2.0, "min_cov_scale": 2.0, "max_cov_scale": 3.0, "pert_type": "fixed"}