{"run_id": 747, "bias_std_dev_scale": 0.170998, "bias_height_fraction": 0.119897, "perturbation_size": 0.005, "optimizer": "FIRE", "found_minima": [[0.6234994049, 0.02803775853], [-0.05003211332174398, 0.46669754615277], [-0.558223633347412, 1.4417258385207372]], "found_saddles": [[0.13784306795380558, 0.27513578175213754], [0.5792050567482602, 0.43378311621382043]], "bias_count": 84, "energy_calls_at_each_min": [1, 961, 9991], "force_calls_at_each_min": [1, 961, 9991], "min_height_scale": 2.0, "max_height_scale": 3.0, "min_cov_scale": 2.0, "max_cov_scale": 2.0, "pert_type": "adaptive"}