{"run_id": 3414, "bias_std_dev_scale": 0.170998, "bias_height_fraction": 0.119897, "perturbation_size": 0.005, "optimizer": "FIRE", "found_minima": [[0.6234994049, 0.02803775853], [-0.05002452479817966, 0.4666969076890055], [-0.5582236196127411, 1.4417258548722078]], "found_saddles": [[0.24333353689399626, 0.2968815389029097], [-0.6444771634713339, 0.24470686861214122]], "bias_count": 81, "energy_calls_at_each_min": [1, 1458, 10116], "force_calls_at_each_min": [1, 1458, 10116], "min_height_scale": 2.5, "max_height_scale": 2.5, "min_cov_scale": 2.5, "max_cov_scale": 3.0, "pert_type": "fixed"}