{"run_id": 3808, "bias_std_dev_scale": 0.170998, "bias_height_fraction": 0.119897, "perturbation_size": 0.005, "optimizer": "FIRE", "found_minima": [[0.6234994049, 0.02803775853], [-0.05008582186148998, 0.46670950653650667], [-0.5582236463553654, 1.441725830187598]], "found_saddles": [[0.17002812646456036, 0.26374119507510074], [-0.405448813176831, 0.08849556190904116]], "bias_count": 64, "energy_calls_at_each_min": [1, 1090, 7660], "force_calls_at_each_min": [1, 1090, 7660], "min_height_scale": 2.0, "max_height_scale": 3.0, "min_cov_scale": 1.5, "max_cov_scale": 1.5, "pert_type": "fixed"}