{"run_id": 474, "bias_std_dev_scale": 0.170998, "bias_height_fraction": 0.119897, "perturbation_size": 0.005, "optimizer": "FIRE", "found_minima": [[0.6234994049, 0.02803775853], [-0.050014919177708284, 0.46669505772522873], [-0.5582236516446203, 1.441725824806644]], "found_saddles": [[0.3771162171856594, 0.34226830365854227], [-0.8117205158312246, 0.49733633039427977]], "bias_count": 32, "energy_calls_at_each_min": [1, 1303, 3807], "force_calls_at_each_min": [1, 1303, 3807], "min_height_scale": 3.0, "max_height_scale": 2.5, "min_cov_scale": 3.0, "max_cov_scale": 2.0, "pert_type": "fixed"}