{"run_id": 3116, "bias_std_dev_scale": 0.170998, "bias_height_fraction": 0.119897, "perturbation_size": 0.005, "optimizer": "FIRE", "found_minima": [[0.6234994049, 0.02803775853], [-0.05271943718981542, 0.46714902723956203], [-0.558223646346384, 1.4417258302766855]], "found_saddles": [[0.09623662277447657, 0.15591243985851055], [-0.860243858984167, 0.6078082575588188]], "bias_count": 54, "energy_calls_at_each_min": [1, 969, 6778], "force_calls_at_each_min": [1, 969, 6778], "min_height_scale": 1.5, "max_height_scale": 2.0, "min_cov_scale": 2.0, "max_cov_scale": 2.5, "pert_type": "fixed"}