{"run_id": 4516, "bias_std_dev_scale": 0.170998, "bias_height_fraction": 0.119897, "perturbation_size": 0.005, "optimizer": "FIRE", "found_minima": [[0.6234994049, 0.02803775853], [-0.5582236288893363, 1.4417258451126895]], "found_saddles": [[0.6141792149780851, 0.36059667279450347]], "bias_count": 5000, "energy_calls_at_each_min": [1, 8694], "force_calls_at_each_min": [1, 8694], "min_height_scale": 3.0, "max_height_scale": 2.0, "min_cov_scale": 1.5, "max_cov_scale": 2.5, "pert_type": "fixed"}