{"run_id": 4706, "bias_std_dev_scale": 0.170998, "bias_height_fraction": 0.119897, "perturbation_size": 0.005, "optimizer": "FIRE", "found_minima": [[0.6234994049, 0.02803775853], [-0.05002806852092269, 0.4666977519258757], [-0.5582236215122346, 1.4417258557777568]], "found_saddles": [[0.14338080230752603, 0.2834216331973488], [-0.18954837850411144, 0.08043853772751759]], "bias_count": 53, "energy_calls_at_each_min": [1, 1201, 6407], "force_calls_at_each_min": [1, 1201, 6407], "min_height_scale": 1.5, "max_height_scale": 3.0, "min_cov_scale": 1.5, "max_cov_scale": 2.0, "pert_type": "fixed"}