{"run_id": 2773, "bias_std_dev_scale": 0.170998, "bias_height_fraction": 0.119897, "perturbation_size": 0.005, "optimizer": "FIRE", "found_minima": [[0.6234994049, 0.02803775853], [-0.050013484533038347, 0.4666946579778143], [-0.558223619694806, 1.4417258583772385]], "found_saddles": [[0.21318993125381586, 0.280958806391007], [-0.6824550133572994, 0.34198651558430077]], "bias_count": 64, "energy_calls_at_each_min": [1, 1060, 7768], "force_calls_at_each_min": [1, 1060, 7768], "min_height_scale": 2.0, "max_height_scale": 2.5, "min_cov_scale": 2.5, "max_cov_scale": 2.5, "pert_type": "adaptive"}