{"run_id": 2571, "bias_std_dev_scale": 0.170998, "bias_height_fraction": 0.119897, "perturbation_size": 0.005, "optimizer": "FIRE", "found_minima": [[0.6234994049, 0.02803775853], [-0.05001493558888677, 0.4666950869489255], [-0.5582236199770354, 1.4417258558291612]], "found_saddles": [[0.20321949781576437, 0.2885130366220231], [-0.7023586518475153, 0.6655427505947119]], "bias_count": 84, "energy_calls_at_each_min": [1, 1240, 9875], "force_calls_at_each_min": [1, 1240, 9875], "min_height_scale": 1.5, "max_height_scale": 1.5, "min_cov_scale": 2.0, "max_cov_scale": 2.0, "pert_type": "adaptive"}