{"run_id": 4432, "bias_std_dev_scale": 0.170998, "bias_height_fraction": 0.119897, "perturbation_size": 0.005, "optimizer": "FIRE", "found_minima": [[0.6234994049, 0.02803775853], [-0.05001125390351633, 0.46669419959923225], [-0.5582236518037619, 1.4417258252923337]], "found_saddles": [[0.1580935173299568, 0.22885016277283224], [-0.15978503877060335, 0.047238328262765285]], "bias_count": 81, "energy_calls_at_each_min": [1, 1407, 9757], "force_calls_at_each_min": [1, 1407, 9757], "min_height_scale": 2.5, "max_height_scale": 2.5, "min_cov_scale": 2.5, "max_cov_scale": 1.5, "pert_type": "fixed"}