{"run_id": 2663, "bias_std_dev_scale": 0.170998, "bias_height_fraction": 0.119897, "perturbation_size": 0.005, "optimizer": "FIRE", "found_minima": [[0.6234994049, 0.02803775853], [-0.05026372786489809, 0.4668034682756275], [-0.5582236309353454, 1.4417258486156814]], "found_saddles": [[0.2188648911183722, 0.29971857450799205], [-0.8971974663066837, 0.5589511376948543]], "bias_count": 27, "energy_calls_at_each_min": [1, 633, 3068], "force_calls_at_each_min": [1, 633, 3068], "min_height_scale": 1.5, "max_height_scale": 3.0, "min_cov_scale": 1.5, "max_cov_scale": 3.0, "pert_type": "adaptive"}