{"run_id": 1951, "bias_std_dev_scale": 0.170998, "bias_height_fraction": 0.119897, "perturbation_size": 0.005, "optimizer": "FIRE", "found_minima": [[0.6234994049, 0.02803775853], [-0.05006312891896634, 0.46671716041423233], [-0.5582236430543445, 1.4417258343069739]], "found_saddles": [[0.15707821195886587, 0.20198434370048904], [-0.7993365925834269, 0.6291373581882472]], "bias_count": 96, "energy_calls_at_each_min": [1, 1170, 11840], "force_calls_at_each_min": [1, 1170, 11840], "min_height_scale": 3.0, "max_height_scale": 1.5, "min_cov_scale": 3.0, "max_cov_scale": 3.0, "pert_type": "adaptive"}