{"run_id": 4481, "bias_std_dev_scale": 0.170998, "bias_height_fraction": 0.119897, "perturbation_size": 0.005, "optimizer": "FIRE", "found_minima": [[0.6234994049, 0.02803775853], [-0.05001865529449008, 0.4666956812637113], [-0.5582236211614772, 1.4417258567493207]], "found_saddles": [[0.20447792820716867, 0.29365338544185765], [-0.8068389261233557, 0.6239044111252344]], "bias_count": 46, "energy_calls_at_each_min": [1, 2390, 5175], "force_calls_at_each_min": [1, 2390, 5175], "min_height_scale": 3.0, "max_height_scale": 1.5, "min_cov_scale": 1.5, "max_cov_scale": 1.5, "pert_type": "adaptive"}