{"run_id": 2967, "bias_std_dev_scale": 0.170998, "bias_height_fraction": 0.119897, "perturbation_size": 0.005, "optimizer": "FIRE", "found_minima": [[0.6234994049, 0.02803775853], [-0.05001456462555527, 0.4666949148143588], [-0.55822362220198, 1.4417258538313693]], "found_saddles": [[0.18300999969929185, 0.293123813124444], [0.430935037627088, 0.6138595234875855]], "bias_count": 123, "energy_calls_at_each_min": [1, 1123, 15281], "force_calls_at_each_min": [1, 1123, 15281], "min_height_scale": 3.0, "max_height_scale": 1.5, "min_cov_scale": 2.5, "max_cov_scale": 3.0, "pert_type": "adaptive"}