{"run_id": 280, "bias_std_dev_scale": 0.170998, "bias_height_fraction": 0.119897, "perturbation_size": 0.005, "optimizer": "FIRE", "found_minima": [[0.6234994049, 0.02803775853], [-0.05001718805083446, 0.4666954746167195], [-0.5582236453815123, 1.4417258313503867]], "found_saddles": [[0.088448250837878, 0.2249824666489748], [-0.8106722283251037, 0.6151212058250151]], "bias_count": 101, "energy_calls_at_each_min": [1, 3331, 12859], "force_calls_at_each_min": [1, 3331, 12859], "min_height_scale": 2.5, "max_height_scale": 1.5, "min_cov_scale": 3.0, "max_cov_scale": 1.5, "pert_type": "fixed"}