{"run_id": 3506, "bias_std_dev_scale": 0.170998, "bias_height_fraction": 0.119897, "perturbation_size": 0.005, "optimizer": "FIRE", "found_minima": [[0.6234994049, 0.02803775853], [-0.05072404137042295, 0.46685078859844886], [-0.5582236192813836, 1.4417258579271715]], "found_saddles": [[0.3967997820107199, 0.3333296136815209], [-0.7990827728792385, 0.6658897872348016]], "bias_count": 36, "energy_calls_at_each_min": [1, 1166, 4215], "force_calls_at_each_min": [1, 1166, 4215], "min_height_scale": 3.0, "max_height_scale": 2.0, "min_cov_scale": 2.5, "max_cov_scale": 2.0, "pert_type": "fixed"}