{"run_id": 3470, "bias_std_dev_scale": 0.170998, "bias_height_fraction": 0.119897, "perturbation_size": 0.005, "optimizer": "FIRE", "found_minima": [[0.6234994049, 0.02803775853], [-0.050017423737854214, 0.4666958410246417], [-0.5582236493725584, 1.441725827580777]], "found_saddles": [[0.21622245667723064, 0.2842184580502521], [-0.33134307318107403, 0.13585338140387923]], "bias_count": 107, "energy_calls_at_each_min": [1, 934, 13381], "force_calls_at_each_min": [1, 934, 13381], "min_height_scale": 3.0, "max_height_scale": 1.5, "min_cov_scale": 2.0, "max_cov_scale": 3.0, "pert_type": "fixed"}