{"run_id": 479, "bias_std_dev_scale": 0.170998, "bias_height_fraction": 0.119897, "perturbation_size": 0.005, "optimizer": "FIRE", "found_minima": [[0.6234994049, 0.02803775853], [-0.5582236541767464, 1.4417258224874925]], "found_saddles": [[0.0033020252665158373, 0.7422459521422042]], "bias_count": 5000, "energy_calls_at_each_min": [1, 9366], "force_calls_at_each_min": [1, 9366], "min_height_scale": 3.0, "max_height_scale": 2.5, "min_cov_scale": 3.0, "max_cov_scale": 3.0, "pert_type": "adaptive"}