{"run_id": 979, "bias_std_dev_scale": 0.170998, "bias_height_fraction": 0.119897, "perturbation_size": 0.005, "optimizer": "FIRE", "found_minima": [[0.6234994049, 0.02803775853], [-0.0500625958790254, 0.46670891117819946], [-0.5582236302877321, 1.4417258489093299]], "found_saddles": [[0.14791299957605236, 0.09213292058003605], [-0.8021134755922147, 0.630403198476355]], "bias_count": 47, "energy_calls_at_each_min": [1, 1526, 5832], "force_calls_at_each_min": [1, 1526, 5832], "min_height_scale": 3.0, "max_height_scale": 2.5, "min_cov_scale": 2.5, "max_cov_scale": 2.0, "pert_type": "adaptive"}