{"run_id": 1488, "bias_std_dev_scale": 0.170998, "bias_height_fraction": 0.119897, "perturbation_size": 0.005, "optimizer": "FIRE", "found_minima": [[0.6234994049, 0.02803775853], [-0.05003093682354868, 0.4666984839236195], [-0.55822362122436, 1.4417258547761898]], "found_saddles": [[0.13011600834289583, 0.0750826817801889], [-0.8088282230448149, 0.5005097702484176]], "bias_count": 56, "energy_calls_at_each_min": [1, 1798, 6938], "force_calls_at_each_min": [1, 1798, 6938], "min_height_scale": 3.0, "max_height_scale": 2.5, "min_cov_scale": 2.5, "max_cov_scale": 1.5, "pert_type": "fixed"}