{"run_id": 3253, "bias_std_dev_scale": 0.170998, "bias_height_fraction": 0.119897, "perturbation_size": 0.005, "optimizer": "FIRE", "found_minima": [[0.6234994049, 0.02803775853], [-0.05054358103526888, 0.46686869025136774], [-0.5582236183301638, 1.4417258584062114]], "found_saddles": [[0.1400465820389591, 0.2286744209580541], [-0.817096158637787, 0.6209075318159494]], "bias_count": 67, "energy_calls_at_each_min": [1, 2303, 8270], "force_calls_at_each_min": [1, 2303, 8270], "min_height_scale": 2.0, "max_height_scale": 2.0, "min_cov_scale": 2.5, "max_cov_scale": 2.5, "pert_type": "adaptive"}