{"run_id": 1326, "bias_std_dev_scale": 0.170998, "bias_height_fraction": 0.119897, "perturbation_size": 0.005, "optimizer": "FIRE", "found_minima": [[0.6234994049, 0.02803775853], [-0.05020285416868466, 0.4667158891099837], [-0.5582236444674642, 1.4417258336877306]], "found_saddles": [[0.24725955516768516, 0.3283037114355841], [-0.8238837472720351, 0.6126004715402773]], "bias_count": 28, "energy_calls_at_each_min": [1, 1423, 3316], "force_calls_at_each_min": [1, 1423, 3316], "min_height_scale": 2.5, "max_height_scale": 2.0, "min_cov_scale": 2.0, "max_cov_scale": 3.0, "pert_type": "fixed"}