{"run_id": 1778, "bias_std_dev_scale": 0.170998, "bias_height_fraction": 0.119897, "perturbation_size": 0.005, "optimizer": "FIRE", "found_minima": [[0.6234994049, 0.02803775853], [-0.0500108941978607, 0.46669412024871076], [-0.558223642088155, 1.4417258344204098]], "found_saddles": [[0.21294250481170837, 0.2932213825359636], [-0.9041947553434369, 0.5317572032963616]], "bias_count": 34, "energy_calls_at_each_min": [1, 1226, 4098], "force_calls_at_each_min": [1, 1226, 4098], "min_height_scale": 2.0, "max_height_scale": 3.0, "min_cov_scale": 2.5, "max_cov_scale": 2.0, "pert_type": "fixed"}