{"run_id": 4734, "bias_std_dev_scale": 0.170998, "bias_height_fraction": 0.119897, "perturbation_size": 0.005, "optimizer": "FIRE", "found_minima": [[0.6234994049, 0.02803775853], [-0.05001393629246536, 0.4666947598091833], [-0.5582236401221797, 1.4417258404608668]], "found_saddles": [[0.23271808779627168, 0.28179030846200276], [-0.5119905157303906, 0.7697852417195326]], "bias_count": 64, "energy_calls_at_each_min": [1, 993, 8257], "force_calls_at_each_min": [1, 993, 8257], "min_height_scale": 1.5, "max_height_scale": 3.0, "min_cov_scale": 3.0, "max_cov_scale": 3.0, "pert_type": "fixed"}