{"run_id": 3622, "bias_std_dev_scale": 0.170998, "bias_height_fraction": 0.119897, "perturbation_size": 0.005, "optimizer": "FIRE", "found_minima": [[0.6234994049, 0.02803775853], [-0.05202631811079026, 0.46706435535671026], [-0.5582236534932165, 1.4417258232065533]], "found_saddles": [[0.11285473295577242, 0.20043262477134655], [-0.8020028774954843, 0.6514686575993611]], "bias_count": 63, "energy_calls_at_each_min": [1, 1294, 7708], "force_calls_at_each_min": [1, 1294, 7708], "min_height_scale": 1.5, "max_height_scale": 2.0, "min_cov_scale": 1.5, "max_cov_scale": 3.0, "pert_type": "fixed"}