{"run_id": 1007, "bias_std_dev_scale": 0.170998, "bias_height_fraction": 0.119897, "perturbation_size": 0.005, "optimizer": "FIRE", "found_minima": [[0.6234994049, 0.02803775853], [-0.05005036936976263, 0.4667037768102159], [-0.5582236296463506, 1.4417258447656747]], "found_saddles": [[0.38937410756735913, 0.30978398058614737], [-0.7167210007999187, 0.6782706229850728]], "bias_count": 28, "energy_calls_at_each_min": [1, 1186, 3391], "force_calls_at_each_min": [1, 1186, 3391], "min_height_scale": 3.0, "max_height_scale": 3.0, "min_cov_scale": 2.0, "max_cov_scale": 3.0, "pert_type": "adaptive"}