{"run_id": 2925, "bias_std_dev_scale": 0.170998, "bias_height_fraction": 0.119897, "perturbation_size": 0.005, "optimizer": "FIRE", "found_minima": [[0.6234994049, 0.02803775853], [-0.050515231103252844, 0.4668284084303306], [-0.5582236357705554, 1.4417258375187878]], "found_saddles": [[0.20657556483073028, 0.28815013972841313], [-0.8069312409850676, 0.6815345789361277]], "bias_count": 45, "energy_calls_at_each_min": [1, 418, 5492], "force_calls_at_each_min": [1, 418, 5492], "min_height_scale": 2.5, "max_height_scale": 3.0, "min_cov_scale": 2.0, "max_cov_scale": 2.5, "pert_type": "adaptive"}