{"run_id": 40, "bias_std_dev_scale": 0.170998, "bias_height_fraction": 0.119897, "perturbation_size": 0.005, "optimizer": "FIRE", "found_minima": [[0.6234994049, 0.02803775853], [-0.05084828440054749, 0.46689181770627697], [-0.5582236327933485, 1.4417258445979295]], "found_saddles": [[0.2323594898104173, 0.2853578578757121], [-0.1898997928677176, 0.056224327862774405]], "bias_count": 91, "energy_calls_at_each_min": [1, 1027, 10960], "force_calls_at_each_min": [1, 1027, 10960], "min_height_scale": 1.5, "max_height_scale": 2.0, "min_cov_scale": 2.0, "max_cov_scale": 1.5, "pert_type": "fixed"}