{"run_id": 1567, "bias_std_dev_scale": 0.170998, "bias_height_fraction": 0.119897, "perturbation_size": 0.005, "optimizer": "FIRE", "found_minima": [[0.6234994049, 0.02803775853], [-0.053193639846876334, 0.4675955353744102], [-0.5582236509548079, 1.441725826102458]], "found_saddles": [[0.26315987770015975, 0.3027169559978552], [-0.04603088484782468, -0.07714797832770567]], "bias_count": 129, "energy_calls_at_each_min": [1, 1541, 16029], "force_calls_at_each_min": [1, 1541, 16029], "min_height_scale": 1.5, "max_height_scale": 1.5, "min_cov_scale": 3.0, "max_cov_scale": 3.0, "pert_type": "adaptive"}