{"run_id": 843, "bias_std_dev_scale": 0.170998, "bias_height_fraction": 0.119897, "perturbation_size": 0.005, "optimizer": "FIRE", "found_minima": [[0.6234994049, 0.02803775853], [-0.0500970198701799, 0.4667142650594885], [-0.5582236468493947, 1.4417258298100464]], "found_saddles": [[0.5514324142075538, 0.24481741303469357], [-0.8217722194297336, 0.5968692578331511]], "bias_count": 45, "energy_calls_at_each_min": [1, 1720, 5400], "force_calls_at_each_min": [1, 1720, 5400], "min_height_scale": 2.5, "max_height_scale": 2.5, "min_cov_scale": 2.0, "max_cov_scale": 2.0, "pert_type": "adaptive"}