{"run_id": 2980, "bias_std_dev_scale": 0.170998, "bias_height_fraction": 0.119897, "perturbation_size": 0.005, "optimizer": "FIRE", "found_minima": [[0.6234994049, 0.02803775853], [-0.050510807148233076, 0.46682051864967694], [-0.5582236285759702, 1.441725845240505]], "found_saddles": [[0.21283334140143012, 0.2851655579596493], [-0.8364640419766909, 0.5720609674118968]], "bias_count": 53, "energy_calls_at_each_min": [1, 1082, 6303], "force_calls_at_each_min": [1, 1082, 6303], "min_height_scale": 3.0, "max_height_scale": 2.0, "min_cov_scale": 1.5, "max_cov_scale": 2.5, "pert_type": "fixed"}