{"run_id": 1969, "bias_std_dev_scale": 0.170998, "bias_height_fraction": 0.119897, "perturbation_size": 0.005, "optimizer": "FIRE", "found_minima": [[0.6234994049, 0.02803775853], [-0.05055515911527496, 0.4668265923888387], [-0.5582236186995737, 1.4417258587940192]], "found_saddles": [[0.18336381046775102, 0.2740826330090782], [-0.8261934075652364, 0.5389139938162094]], "bias_count": 65, "energy_calls_at_each_min": [1, 1583, 7755], "force_calls_at_each_min": [1, 1583, 7755], "min_height_scale": 3.0, "max_height_scale": 2.0, "min_cov_scale": 2.5, "max_cov_scale": 1.5, "pert_type": "adaptive"}