{"run_id": 4882, "bias_std_dev_scale": 0.170998, "bias_height_fraction": 0.119897, "perturbation_size": 0.005, "optimizer": "FIRE", "found_minima": [[0.6234994049, 0.02803775853], [-0.050361462469584374, 0.4667862152128955], [-0.558223653876918, 1.441725823116551]], "found_saddles": [[0.3050149134768718, 0.3216001124145861], [-0.16394120508878124, 0.016686134654244067]], "bias_count": 114, "energy_calls_at_each_min": [1, 1687, 13815], "force_calls_at_each_min": [1, 1687, 13815], "min_height_scale": 2.5, "max_height_scale": 1.5, "min_cov_scale": 2.5, "max_cov_scale": 2.0, "pert_type": "fixed"}