{"run_id": 2606, "bias_std_dev_scale": 0.170998, "bias_height_fraction": 0.119897, "perturbation_size": 0.005, "optimizer": "FIRE", "found_minima": [[0.6234994049, 0.02803775853], [-0.050050617933517144, 0.4667020040670162], [-0.5582236318488604, 1.441725847672936]], "found_saddles": [[0.32218703240188945, 0.28470298275757056], [0.49192455176690875, 0.48324056430671086]], "bias_count": 72, "energy_calls_at_each_min": [1, 1123, 8804], "force_calls_at_each_min": [1, 1123, 8804], "min_height_scale": 1.5, "max_height_scale": 2.0, "min_cov_scale": 2.0, "max_cov_scale": 3.0, "pert_type": "fixed"}