{"run_id": 3951, "bias_std_dev_scale": 0.170998, "bias_height_fraction": 0.119897, "perturbation_size": 0.005, "optimizer": "FIRE", "found_minima": [[0.6234994049, 0.02803775853], [-0.052295139977436504, 0.4672420979736548], [-0.5582236462845475, 1.441725830524457]], "found_saddles": [[0.3421028299665367, 0.3694821162041966], [-0.016904548604343886, -0.1145926708776988]], "bias_count": 58, "energy_calls_at_each_min": [1, 822, 7001], "force_calls_at_each_min": [1, 822, 7001], "min_height_scale": 2.5, "max_height_scale": 3.0, "min_cov_scale": 2.0, "max_cov_scale": 3.0, "pert_type": "adaptive"}