{"run_id": 3758, "bias_std_dev_scale": 0.170998, "bias_height_fraction": 0.119897, "perturbation_size": 0.005, "optimizer": "FIRE", "found_minima": [[0.6234994049, 0.02803775853], [-0.050031178239633184, 0.46669923600148244], [-0.5582236396343868, 1.4417258384616847]], "found_saddles": [[0.2164935015682175, 0.31366262975199843], [-0.13418516289330978, -0.04135113268663245]], "bias_count": 89, "energy_calls_at_each_min": [1, 1277, 11014], "force_calls_at_each_min": [1, 1277, 11014], "min_height_scale": 2.0, "max_height_scale": 2.0, "min_cov_scale": 2.0, "max_cov_scale": 3.0, "pert_type": "fixed"}