{"run_id": 4886, "bias_std_dev_scale": 0.170998, "bias_height_fraction": 0.119897, "perturbation_size": 0.005, "optimizer": "FIRE", "found_minima": [[0.6234994049, 0.02803775853], [-0.05297700697295411, 0.4672456795922679], [-0.5582236254874605, 1.4417258490064038]], "found_saddles": [[0.1857255139476361, 0.26891177616285455], [-0.1454348274161375, 0.06731725846505907]], "bias_count": 87, "energy_calls_at_each_min": [1, 2362, 11515], "force_calls_at_each_min": [1, 2362, 11515], "min_height_scale": 2.5, "max_height_scale": 1.5, "min_cov_scale": 2.5, "max_cov_scale": 3.0, "pert_type": "fixed"}