{"run_id": 911, "bias_std_dev_scale": 0.170998, "bias_height_fraction": 0.119897, "perturbation_size": 0.005, "optimizer": "FIRE", "found_minima": [[0.6234994049, 0.02803775853], [-0.05044916672325978, 0.4668304395613772], [-0.5582236085503572, 1.4417258730296196]], "found_saddles": [[0.14045222542635138, 0.2916417372572808], [-0.8332700611827994, 0.6332812839668409]], "bias_count": 46, "energy_calls_at_each_min": [1, 1573, 5363], "force_calls_at_each_min": [1, 1573, 5363], "min_height_scale": 3.0, "max_height_scale": 1.5, "min_cov_scale": 2.0, "max_cov_scale": 3.0, "pert_type": "adaptive"}