{"run_id": 2203, "bias_std_dev_scale": 0.170998, "bias_height_fraction": 0.119897, "perturbation_size": 0.005, "optimizer": "FIRE", "found_minima": [[0.6234994049, 0.02803775853], [-0.050011402780466584, 0.46669426307570505], [-0.5582236490779225, 1.441725827910516]], "found_saddles": [[0.18273593191285833, 0.2575424907681251], [-0.538758613310229, 0.29777848212468044]], "bias_count": 111, "energy_calls_at_each_min": [1, 1987, 13465], "force_calls_at_each_min": [1, 1987, 13465], "min_height_scale": 2.0, "max_height_scale": 1.5, "min_cov_scale": 3.0, "max_cov_scale": 2.0, "pert_type": "adaptive"}