{"run_id": 3803, "bias_std_dev_scale": 0.170998, "bias_height_fraction": 0.119897, "perturbation_size": 0.005, "optimizer": "FIRE", "found_minima": [[0.6234994049, 0.02803775853], [-0.05002821110995336, 0.4667001665859591], [-0.5582236210043084, 1.441725855002494]], "found_saddles": [[0.16832853604749667, 0.29188126409077103], [-0.6918536245110165, 0.6707004351462574]], "bias_count": 53, "energy_calls_at_each_min": [1, 2090, 6362], "force_calls_at_each_min": [1, 2090, 6362], "min_height_scale": 2.0, "max_height_scale": 2.5, "min_cov_scale": 3.0, "max_cov_scale": 2.0, "pert_type": "adaptive"}