{"run_id": 1957, "bias_std_dev_scale": 0.170998, "bias_height_fraction": 0.119897, "perturbation_size": 0.005, "optimizer": "FIRE", "found_minima": [[0.6234994049, 0.02803775853], [-0.05001190681648314, 0.4666943731505777], [-0.5582236161143335, 1.4417258613434032]], "found_saddles": [[0.17268235469738297, 0.24384237738125608], [0.665860552114768, 0.32891327383621116]], "bias_count": 73, "energy_calls_at_each_min": [1, 1495, 9285], "force_calls_at_each_min": [1, 1495, 9285], "min_height_scale": 3.0, "max_height_scale": 2.0, "min_cov_scale": 1.5, "max_cov_scale": 2.5, "pert_type": "adaptive"}