{"run_id": 3864, "bias_std_dev_scale": 0.170998, "bias_height_fraction": 0.119897, "perturbation_size": 0.005, "optimizer": "FIRE", "found_minima": [[0.6234994049, 0.02803775853], [-0.05084781459988561, 0.46683244185920086], [-0.5582236448634562, 1.4417258316447774]], "found_saddles": [[0.38571552132362136, 0.3275112199964962], [-0.7303793209108336, 0.6976132712937919]], "bias_count": 125, "energy_calls_at_each_min": [1, 2260, 15659], "force_calls_at_each_min": [1, 2260, 15659], "min_height_scale": 2.5, "max_height_scale": 1.5, "min_cov_scale": 3.0, "max_cov_scale": 1.5, "pert_type": "fixed"}