{"run_id": 4757, "bias_std_dev_scale": 0.170998, "bias_height_fraction": 0.119897, "perturbation_size": 0.005, "optimizer": "FIRE", "found_minima": [[0.6234994049, 0.02803775853], [-0.050015115846831534, 0.4666959325032594], [-0.558223637543091, 1.4417258387073795]], "found_saddles": [[0.26536154572605797, 0.3350071556476317], [-0.08051228295896509, 0.7114340204539555]], "bias_count": 102, "energy_calls_at_each_min": [1, 1438, 12509], "force_calls_at_each_min": [1, 1438, 12509], "min_height_scale": 2.0, "max_height_scale": 1.5, "min_cov_scale": 2.5, "max_cov_scale": 2.5, "pert_type": "adaptive"}