{"run_id": 2388, "bias_std_dev_scale": 0.170998, "bias_height_fraction": 0.119897, "perturbation_size": 0.005, "optimizer": "FIRE", "found_minima": [[0.6234994049, 0.02803775853], [-0.05153507147111912, 0.46716924416204375], [-0.5582236208567183, 1.4417258551491452]], "found_saddles": [[0.13627171559051504, 0.0787610222970513], [-0.007075599269667918, 0.7216004750418161]], "bias_count": 49, "energy_calls_at_each_min": [1, 979, 6247], "force_calls_at_each_min": [1, 979, 6247], "min_height_scale": 2.5, "max_height_scale": 2.5, "min_cov_scale": 2.5, "max_cov_scale": 2.5, "pert_type": "fixed"}