{"run_id": 4573, "bias_std_dev_scale": 0.170998, "bias_height_fraction": 0.119897, "perturbation_size": 0.005, "optimizer": "FIRE", "found_minima": [[0.6234994049, 0.02803775853], [-0.0503477673983393, 0.4667790325374515], [-0.5582236186909095, 1.4417258587717483]], "found_saddles": [[0.2904389680919895, 0.3502421946299392], [-0.7695348873373724, 0.6701579087491629]], "bias_count": 52, "energy_calls_at_each_min": [1, 982, 6264], "force_calls_at_each_min": [1, 982, 6264], "min_height_scale": 3.0, "max_height_scale": 2.5, "min_cov_scale": 3.0, "max_cov_scale": 2.5, "pert_type": "adaptive"}