{"run_id": 31, "bias_std_dev_scale": 0.170998, "bias_height_fraction": 0.119897, "perturbation_size": 0.005, "optimizer": "FIRE", "found_minima": [[0.6234994049, 0.02803775853], [-0.052409432434833085, 0.4673057069499001], [-0.5582236533871264, 1.4417258223959648]], "found_saddles": [[0.2985032974962405, 0.28730027123357765], [-0.8313769323252896, 0.6373216189389865]], "bias_count": 68, "energy_calls_at_each_min": [1, 2091, 8330], "force_calls_at_each_min": [1, 2091, 8330], "min_height_scale": 1.5, "max_height_scale": 1.5, "min_cov_scale": 3.0, "max_cov_scale": 3.0, "pert_type": "adaptive"}