{"run_id": 4834, "bias_std_dev_scale": 0.170998, "bias_height_fraction": 0.119897, "perturbation_size": 0.005, "optimizer": "FIRE", "found_minima": [[0.6234994049, 0.02803775853], [-0.050085799811954754, 0.46671792634494375], [-0.5582236488190857, 1.4417258270629965]], "found_saddles": [[0.2551526407702258, 0.3146359530732263], [-0.3025266927977729, 0.03345258895414261]], "bias_count": 57, "energy_calls_at_each_min": [1, 1224, 6782], "force_calls_at_each_min": [1, 1224, 6782], "min_height_scale": 2.0, "max_height_scale": 3.0, "min_cov_scale": 1.5, "max_cov_scale": 2.0, "pert_type": "fixed"}