{"run_id": 3192, "bias_std_dev_scale": 0.170998, "bias_height_fraction": 0.119897, "perturbation_size": 0.005, "optimizer": "FIRE", "found_minima": [[0.6234994049, 0.02803775853], [-0.05052339709627294, 0.4667878674825014], [-0.5582236223832178, 1.441725854588526]], "found_saddles": [[0.4424787167618229, 0.27516730789896726], [-0.857263688662215, 0.5713134801234822]], "bias_count": 56, "energy_calls_at_each_min": [1, 1844, 6793], "force_calls_at_each_min": [1, 1844, 6793], "min_height_scale": 1.5, "max_height_scale": 3.0, "min_cov_scale": 3.0, "max_cov_scale": 1.5, "pert_type": "fixed"}