{"run_id": 2450, "bias_std_dev_scale": 0.170998, "bias_height_fraction": 0.119897, "perturbation_size": 0.005, "optimizer": "FIRE", "found_minima": [[0.6234994049, 0.02803775853], [-0.05008759844801143, 0.4667106078317853], [-0.5582236454879366, 1.4417258310167957]], "found_saddles": [[0.1447150963800893, 0.291150589970668], [-0.6138420605067654, 0.7107610460502553]], "bias_count": 98, "energy_calls_at_each_min": [1, 1484, 11861], "force_calls_at_each_min": [1, 1484, 11861], "min_height_scale": 3.0, "max_height_scale": 1.5, "min_cov_scale": 2.5, "max_cov_scale": 2.0, "pert_type": "fixed"}