{"run_id": 3887, "bias_std_dev_scale": 0.170998, "bias_height_fraction": 0.119897, "perturbation_size": 0.005, "optimizer": "FIRE", "found_minima": [[0.6234994049, 0.02803775853], [-0.05268972744350741, 0.4673260460761447], [-0.5582236530302161, 1.4417258233821553]], "found_saddles": [[0.24818037142868626, 0.3648737042564073], [-0.8308471372574184, 0.6109377889429397]], "bias_count": 35, "energy_calls_at_each_min": [1, 1463, 4004], "force_calls_at_each_min": [1, 1463, 4004], "min_height_scale": 2.5, "max_height_scale": 2.0, "min_cov_scale": 2.0, "max_cov_scale": 3.0, "pert_type": "adaptive"}