{"run_id": 2363, "bias_std_dev_scale": 0.170998, "bias_height_fraction": 0.119897, "perturbation_size": 0.005, "optimizer": "FIRE", "found_minima": [[0.6234994049, 0.02803775853], [-0.05001119189947494, 0.466694188163729], [-0.5582236342211214, 1.4417258454363444]], "found_saddles": [[0.14812260518505138, 0.18605598414113364], [-0.8013183347463135, 0.6685503073028337]], "bias_count": 77, "energy_calls_at_each_min": [1, 1693, 9560], "force_calls_at_each_min": [1, 1693, 9560], "min_height_scale": 2.5, "max_height_scale": 2.0, "min_cov_scale": 3.0, "max_cov_scale": 2.0, "pert_type": "adaptive"}