{"run_id": 3899, "bias_std_dev_scale": 0.170998, "bias_height_fraction": 0.119897, "perturbation_size": 0.005, "optimizer": "FIRE", "found_minima": [[0.6234994049, 0.02803775853], [-0.05004727672523833, 0.4667012621448885], [-0.5582236502595359, 1.4417258256459642]], "found_saddles": [[0.32444189095000864, 0.31570290731237816], [-0.28405833820866716, 0.7389895543025327]], "bias_count": 90, "energy_calls_at_each_min": [1, 1739, 10831], "force_calls_at_each_min": [1, 1739, 10831], "min_height_scale": 2.5, "max_height_scale": 2.0, "min_cov_scale": 3.0, "max_cov_scale": 2.0, "pert_type": "adaptive"}