{"run_id": 2047, "bias_std_dev_scale": 0.170998, "bias_height_fraction": 0.119897, "perturbation_size": 0.005, "optimizer": "FIRE", "found_minima": [[0.6234994049, 0.02803775853], [-0.05001633595614767, 0.46669644289765566], [-0.558223640228512, 1.4417258381578493]], "found_saddles": [[0.3075776205854876, 0.27943437627632395], [-0.31615361691591154, 0.12361206564238916]], "bias_count": 68, "energy_calls_at_each_min": [1, 1428, 8609], "force_calls_at_each_min": [1, 1428, 8609], "min_height_scale": 3.0, "max_height_scale": 3.0, "min_cov_scale": 3.0, "max_cov_scale": 3.0, "pert_type": "adaptive"}