{"run_id": 1954, "bias_std_dev_scale": 0.170998, "bias_height_fraction": 0.119897, "perturbation_size": 0.005, "optimizer": "FIRE", "found_minima": [[0.6234994049, 0.02803775853], [-0.05005515640901802, 0.46670432107288], [-0.5582236399311392, 1.4417258382241465]], "found_saddles": [[0.2828082089360801, 0.29889073194303784], [-0.8471614084217499, 0.621844560576485]], "bias_count": 72, "energy_calls_at_each_min": [1, 1230, 8763], "force_calls_at_each_min": [1, 1230, 8763], "min_height_scale": 3.0, "max_height_scale": 2.0, "min_cov_scale": 1.5, "max_cov_scale": 2.0, "pert_type": "fixed"}