{"run_id": 3154, "bias_std_dev_scale": 0.170998, "bias_height_fraction": 0.119897, "perturbation_size": 0.005, "optimizer": "FIRE", "found_minima": [[0.6234994049, 0.02803775853], [-0.05052724939594717, 0.46698297706436953], [-0.5582236525303249, 1.4417258240487736]], "found_saddles": [[0.1016772765958024, -0.014721327655820522], [-0.8373265965261781, 0.5868945227833242]], "bias_count": 21, "energy_calls_at_each_min": [1, 1516, 2376], "force_calls_at_each_min": [1, 1516, 2376], "min_height_scale": 1.5, "max_height_scale": 2.5, "min_cov_scale": 2.5, "max_cov_scale": 2.0, "pert_type": "fixed"}