{"run_id": 2591, "bias_std_dev_scale": 0.170998, "bias_height_fraction": 0.119897, "perturbation_size": 0.005, "optimizer": "FIRE", "found_minima": [[0.6234994049, 0.02803775853], [-0.05001612307461511, 0.46669519661791353], [-0.5582236178202767, 1.4417258596526108]], "found_saddles": [[0.15363033310273802, 0.26757196309055736], [-0.755758786903982, 0.6563097878349298]], "bias_count": 104, "energy_calls_at_each_min": [1, 1820, 12748], "force_calls_at_each_min": [1, 1820, 12748], "min_height_scale": 1.5, "max_height_scale": 1.5, "min_cov_scale": 3.0, "max_cov_scale": 3.0, "pert_type": "adaptive"}