{"run_id": 2660, "bias_std_dev_scale": 0.170998, "bias_height_fraction": 0.119897, "perturbation_size": 0.005, "optimizer": "FIRE", "found_minima": [[0.6234994049, 0.02803775853], [-0.05008470674873313, 0.4667142854705157], [-0.558223650139002, 1.4417258269065947]], "found_saddles": [[0.22255426512079943, 0.3070127083778239], [-0.46977657454558236, 0.1772407750067298]], "bias_count": 50, "energy_calls_at_each_min": [1, 991, 5723], "force_calls_at_each_min": [1, 991, 5723], "min_height_scale": 1.5, "max_height_scale": 3.0, "min_cov_scale": 1.5, "max_cov_scale": 2.5, "pert_type": "fixed"}