{"run_id": 2333, "bias_std_dev_scale": 0.170998, "bias_height_fraction": 0.119897, "perturbation_size": 0.005, "optimizer": "FIRE", "found_minima": [[0.6234994049, 0.02803775853], [-0.050695877014306875, 0.4671754467293263], [-0.5582236111695474, 1.4417258652111022]], "found_saddles": [[0.3297740315470311, 0.3419561538355071], [-0.846017572791241, 0.5301523520347846]], "bias_count": 95, "energy_calls_at_each_min": [1, 2151, 11794], "force_calls_at_each_min": [1, 2151, 11794], "min_height_scale": 2.5, "max_height_scale": 1.5, "min_cov_scale": 3.0, "max_cov_scale": 2.5, "pert_type": "adaptive"}