{"run_id": 4362, "bias_std_dev_scale": 0.170998, "bias_height_fraction": 0.119897, "perturbation_size": 0.005, "optimizer": "FIRE", "found_minima": [[0.6234994049, 0.02803775853], [-0.05049056134686104, 0.4668013944045873], [-0.5582236436751281, 1.4417258339268022]], "found_saddles": [[0.3920098060496265, 0.2708308796403792], [-0.12829848516939288, -0.035191893802932354]], "bias_count": 117, "energy_calls_at_each_min": [1, 2207, 14225], "force_calls_at_each_min": [1, 2207, 14225], "min_height_scale": 2.5, "max_height_scale": 1.5, "min_cov_scale": 2.0, "max_cov_scale": 2.0, "pert_type": "fixed"}