{"run_id": 2622, "bias_std_dev_scale": 0.170998, "bias_height_fraction": 0.119897, "perturbation_size": 0.005, "optimizer": "FIRE", "found_minima": [[0.6234994049, 0.02803775853], [-0.05034053519725074, 0.46676091925778446], [-0.5582236495074441, 1.4417258268744646]], "found_saddles": [[0.2215013132510512, 0.3181284052765045], [-0.12257796382177093, -0.06869662264255369]], "bias_count": 132, "energy_calls_at_each_min": [1, 1088, 16581], "force_calls_at_each_min": [1, 1088, 16581], "min_height_scale": 1.5, "max_height_scale": 2.0, "min_cov_scale": 3.0, "max_cov_scale": 3.0, "pert_type": "fixed"}