{"run_id": 1790, "bias_std_dev_scale": 0.170998, "bias_height_fraction": 0.119897, "perturbation_size": 0.005, "optimizer": "FIRE", "found_minima": [[0.6234994049, 0.02803775853], [-0.050013755137669036, 0.46669469231278166], [-0.5582236187725367, 1.4417258572524339]], "found_saddles": [[0.25479703327515163, 0.2928843018580911], [-0.8419763124837141, 0.576941336553742]], "bias_count": 44, "energy_calls_at_each_min": [1, 436, 5237], "force_calls_at_each_min": [1, 436, 5237], "min_height_scale": 2.0, "max_height_scale": 3.0, "min_cov_scale": 3.0, "max_cov_scale": 3.0, "pert_type": "fixed"}