{"run_id": 840, "bias_std_dev_scale": 0.170998, "bias_height_fraction": 0.119897, "perturbation_size": 0.005, "optimizer": "FIRE", "found_minima": [[0.6234994049, 0.02803775853], [-0.05001219062004528, 0.4666943972834084], [-0.5582236143187281, 1.441725862407849]], "found_saddles": [[0.13955055183714066, 0.11537407998429211], [-0.649464134998184, 0.7127328284904291]], "bias_count": 59, "energy_calls_at_each_min": [1, 1438, 7300], "force_calls_at_each_min": [1, 1438, 7300], "min_height_scale": 2.5, "max_height_scale": 2.5, "min_cov_scale": 2.0, "max_cov_scale": 1.5, "pert_type": "fixed"}