{"run_id": 1363, "bias_std_dev_scale": 0.170998, "bias_height_fraction": 0.119897, "perturbation_size": 0.005, "optimizer": "FIRE", "found_minima": [[0.6234994049, 0.02803775853], [-0.050115675240339976, 0.46671527176602456], [-0.5582236511814104, 1.441725825947956]], "found_saddles": [[0.2347527303919802, 0.3001569521420202], [-0.7960580894123301, 0.4747377905273131]], "bias_count": 27, "energy_calls_at_each_min": [1, 1617, 2991], "force_calls_at_each_min": [1, 1617, 2991], "min_height_scale": 2.5, "max_height_scale": 2.5, "min_cov_scale": 2.5, "max_cov_scale": 2.0, "pert_type": "adaptive"}