{"run_id": 2554, "bias_std_dev_scale": 0.170998, "bias_height_fraction": 0.119897, "perturbation_size": 0.005, "optimizer": "FIRE", "found_minima": [[0.6234994049, 0.02803775853], [-0.050011762425077315, 0.4666943288579988], [-0.5582236319597476, 1.4417258422433552]], "found_saddles": [[0.1433692873786014, 0.28517963799227014], [-0.6434887103992101, 0.7628915897058332]], "bias_count": 57, "energy_calls_at_each_min": [1, 1478, 7150], "force_calls_at_each_min": [1, 1478, 7150], "min_height_scale": 3.0, "max_height_scale": 3.0, "min_cov_scale": 3.0, "max_cov_scale": 2.0, "pert_type": "fixed"}