{"run_id": 3578, "bias_std_dev_scale": 0.170998, "bias_height_fraction": 0.119897, "perturbation_size": 0.005, "optimizer": "FIRE", "found_minima": [[0.6234994049, 0.02803775853], [-0.0500141668807023, 0.46669507414874123], [-0.5582236188446368, 1.4417258590490922]], "found_saddles": [[0.5622750686450677, -0.13714728625450656], [-0.4717348538166758, 0.7658096832707525]], "bias_count": 64, "energy_calls_at_each_min": [1, 1576, 8166], "force_calls_at_each_min": [1, 1576, 8166], "min_height_scale": 3.0, "max_height_scale": 3.0, "min_cov_scale": 3.0, "max_cov_scale": 2.0, "pert_type": "fixed"}