{"run_id": 1847, "bias_std_dev_scale": 0.170998, "bias_height_fraction": 0.119897, "perturbation_size": 0.005, "optimizer": "FIRE", "found_minima": [[0.6234994049, 0.02803775853], [-0.050066077089694856, 0.4667053105002376], [-0.5582236406648672, 1.4417258395634804]], "found_saddles": [[0.3056319462101611, 0.29873878182223995], [0.4919178957181783, 0.5652738632990236]], "bias_count": 82, "energy_calls_at_each_min": [1, 1582, 10045], "force_calls_at_each_min": [1, 1582, 10045], "min_height_scale": 2.5, "max_height_scale": 2.0, "min_cov_scale": 2.5, "max_cov_scale": 3.0, "pert_type": "adaptive"}