{"run_id": 1607, "bias_std_dev_scale": 0.170998, "bias_height_fraction": 0.119897, "perturbation_size": 0.005, "optimizer": "FIRE", "found_minima": [[0.6234994049, 0.02803775853], [-0.5582236393773959, 1.441725839102352]], "found_saddles": [[-0.8480187333593461, 0.6113829651308604]], "bias_count": 5000, "energy_calls_at_each_min": [1, 1921], "force_calls_at_each_min": [1, 1921], "min_height_scale": 1.5, "max_height_scale": 2.5, "min_cov_scale": 1.5, "max_cov_scale": 3.0, "pert_type": "adaptive"}