{"run_id": 2806, "bias_std_dev_scale": 0.170998, "bias_height_fraction": 0.119897, "perturbation_size": 0.005, "optimizer": "FIRE", "found_minima": [[0.6234994049, 0.02803775853], [-0.05001943673585597, 0.46669627606913966], [-0.5582236372401185, 1.441725839987388]], "found_saddles": [[0.2085837155997463, 0.27486843766958674], [-0.22442713336965683, -0.0008123583816550782]], "bias_count": 55, "energy_calls_at_each_min": [1, 458, 6974], "force_calls_at_each_min": [1, 458, 6974], "min_height_scale": 2.0, "max_height_scale": 3.0, "min_cov_scale": 2.5, "max_cov_scale": 3.0, "pert_type": "fixed"}