{"run_id": 4673, "bias_std_dev_scale": 0.170998, "bias_height_fraction": 0.119897, "perturbation_size": 0.005, "optimizer": "FIRE", "found_minima": [[0.6234994049, 0.02803775853], [-0.050058692014722295, 0.46671096867294154], [-0.5582236191462506, 1.4417258568439921]], "found_saddles": [[0.18359049191649232, 0.2810958555574674], [-0.8064888892557108, 0.5116885847390483]], "bias_count": 18, "energy_calls_at_each_min": [1, 1199, 1934], "force_calls_at_each_min": [1, 1199, 1934], "min_height_scale": 1.5, "max_height_scale": 2.5, "min_cov_scale": 1.5, "max_cov_scale": 1.5, "pert_type": "adaptive"}