{"run_id": 3650, "bias_std_dev_scale": 0.170998, "bias_height_fraction": 0.119897, "perturbation_size": 0.005, "optimizer": "FIRE", "found_minima": [[0.6234994049, 0.02803775853], [-0.051668620378545534, 0.46709147367050086], [-0.5582236554694849, 1.441725821354012]], "found_saddles": [[0.9498854381110774, 0.029862174247550118], [-0.40630488249638236, 0.8000797947869884]], "bias_count": 82, "energy_calls_at_each_min": [1, 1837, 10499], "force_calls_at_each_min": [1, 1837, 10499], "min_height_scale": 1.5, "max_height_scale": 2.5, "min_cov_scale": 1.5, "max_cov_scale": 2.0, "pert_type": "fixed"}