{"run_id": 776, "bias_std_dev_scale": 0.170998, "bias_height_fraction": 0.119897, "perturbation_size": 0.005, "optimizer": "FIRE", "found_minima": [[0.6234994049, 0.02803775853], [-0.05003110926011998, 0.4666994771494687], [-0.558223640233414, 1.4417258382136473]], "found_saddles": [[0.18266356827783736, 0.2775160843351515], [-0.7543514855758513, 0.6757643276719931]], "bias_count": 104, "energy_calls_at_each_min": [1, 2073, 12545], "force_calls_at_each_min": [1, 2073, 12545], "min_height_scale": 2.5, "max_height_scale": 1.5, "min_cov_scale": 2.0, "max_cov_scale": 1.5, "pert_type": "fixed"}