{"run_id": 398, "bias_std_dev_scale": 0.170998, "bias_height_fraction": 0.119897, "perturbation_size": 0.005, "optimizer": "FIRE", "found_minima": [[0.6234994049, 0.02803775853], [-0.05002970801542729, 0.4666984672406773], [-0.5582236220091599, 1.4417258540075892]], "found_saddles": [[0.1598778246589146, 0.207604873969709], [-0.8343131272816198, 0.5758940626467205]], "bias_count": 67, "energy_calls_at_each_min": [1, 2349, 8282], "force_calls_at_each_min": [1, 2349, 8282], "min_height_scale": 3.0, "max_height_scale": 1.5, "min_cov_scale": 2.0, "max_cov_scale": 3.0, "pert_type": "fixed"}