{"run_id": 2210, "bias_std_dev_scale": 0.170998, "bias_height_fraction": 0.119897, "perturbation_size": 0.005, "optimizer": "FIRE", "found_minima": [[0.6234994049, 0.02803775853], [-0.05001333573241568, 0.46669490564938826], [-0.5582236300463627, 1.4417258490861584]], "found_saddles": [[0.2624102650670945, 0.29301439515581873], [0.6298373277995436, 0.3778295113992687]], "bias_count": 87, "energy_calls_at_each_min": [1, 1177, 10527], "force_calls_at_each_min": [1, 1177, 10527], "min_height_scale": 2.0, "max_height_scale": 2.0, "min_cov_scale": 1.5, "max_cov_scale": 2.0, "pert_type": "fixed"}