{"run_id": 3115, "bias_std_dev_scale": 0.170998, "bias_height_fraction": 0.119897, "perturbation_size": 0.005, "optimizer": "FIRE", "found_minima": [[0.6234994049, 0.02803775853], [-0.050079772884008965, 0.46670962273418326], [-0.558223622349312, 1.4417258536748934]], "found_saddles": [[0.26371302485472103, 0.28831599498918364], [-0.494268145152383, 0.7156243178034924]], "bias_count": 88, "energy_calls_at_each_min": [1, 2280, 10173], "force_calls_at_each_min": [1, 2280, 10173], "min_height_scale": 1.5, "max_height_scale": 2.0, "min_cov_scale": 2.0, "max_cov_scale": 2.0, "pert_type": "adaptive"}