{"run_id": 4120, "bias_std_dev_scale": 0.170998, "bias_height_fraction": 0.119897, "perturbation_size": 0.005, "optimizer": "FIRE", "found_minima": [[0.6234994049, 0.02803775853], [-0.050023183149145264, 0.466697386978916], [-0.5582236410832013, 1.4417258391071905]], "found_saddles": [[0.09666883890380928, 0.18483800387683957], [-0.060876963495558906, -0.0109690283227666]], "bias_count": 112, "energy_calls_at_each_min": [1, 3384, 13486], "force_calls_at_each_min": [1, 3384, 13486], "min_height_scale": 1.5, "max_height_scale": 1.5, "min_cov_scale": 3.0, "max_cov_scale": 1.5, "pert_type": "fixed"}