{"run_id": 1523, "bias_std_dev_scale": 0.170998, "bias_height_fraction": 0.119897, "perturbation_size": 0.005, "optimizer": "FIRE", "found_minima": [[0.6234994049, 0.02803775853], [-0.05001101398386657, 0.4666941429583895], [-0.5582236527602923, 1.441725824458174]], "found_saddles": [[0.1696806938614901, 0.2872311221006568], [-0.2738814377947944, 0.18872320824566446]], "bias_count": 68, "energy_calls_at_each_min": [1, 1115, 8160], "force_calls_at_each_min": [1, 1115, 8160], "min_height_scale": 3.0, "max_height_scale": 3.0, "min_cov_scale": 2.5, "max_cov_scale": 2.0, "pert_type": "adaptive"}