{"run_id": 674, "bias_std_dev_scale": 0.170998, "bias_height_fraction": 0.119897, "perturbation_size": 0.005, "optimizer": "FIRE", "found_minima": [[0.6234994049, 0.02803775853], [-0.05004036590454113, 0.466701366591183], [-0.5582236153694623, 1.4417258604963124]], "found_saddles": [[0.1670456620234866, 0.2168676564529331], [-0.23195946188023348, 0.12747615124393102]], "bias_count": 64, "energy_calls_at_each_min": [1, 883, 7708], "force_calls_at_each_min": [1, 883, 7708], "min_height_scale": 2.0, "max_height_scale": 2.0, "min_cov_scale": 1.5, "max_cov_scale": 2.0, "pert_type": "fixed"}