{"run_id": 5043, "bias_std_dev_scale": 0.170998, "bias_height_fraction": 0.119897, "perturbation_size": 0.005, "optimizer": "FIRE", "found_minima": [[0.6234994049, 0.02803775853], [-0.050012450861264296, 0.46669460092790427], [-0.5582236464795242, 1.4417258295367557]], "found_saddles": [[0.18718169920283792, 0.28655593634105], [-0.3738654538466534, 0.17507723581874474]], "bias_count": 108, "energy_calls_at_each_min": [1, 1790, 13075], "force_calls_at_each_min": [1, 1790, 13075], "min_height_scale": 3.0, "max_height_scale": 2.0, "min_cov_scale": 2.5, "max_cov_scale": 2.0, "pert_type": "adaptive"}