{"run_id": 3768, "bias_std_dev_scale": 0.170998, "bias_height_fraction": 0.119897, "perturbation_size": 0.005, "optimizer": "FIRE", "found_minima": [[0.6234994049, 0.02803775853], [-0.050010866768284, 0.4666941103839407], [-0.5582236430983393, 1.4417258341436778]], "found_saddles": [[0.15927126381044662, 0.220860202170034], [-0.621801504511894, 0.7176550252430836]], "bias_count": 105, "energy_calls_at_each_min": [1, 1436, 12994], "force_calls_at_each_min": [1, 1436, 12994], "min_height_scale": 2.0, "max_height_scale": 2.0, "min_cov_scale": 3.0, "max_cov_scale": 1.5, "pert_type": "fixed"}