{"run_id": 3786, "bias_std_dev_scale": 0.170998, "bias_height_fraction": 0.119897, "perturbation_size": 0.005, "optimizer": "FIRE", "found_minima": [[0.6234994049, 0.02803775853], [-0.5582236307667333, 1.4417258480428967]], "found_saddles": [[-0.8734402978765037, 0.483562239783029]], "bias_count": 5000, "energy_calls_at_each_min": [1, 4220], "force_calls_at_each_min": [1, 4220], "min_height_scale": 2.0, "max_height_scale": 2.5, "min_cov_scale": 2.0, "max_cov_scale": 2.0, "pert_type": "fixed"}