{"run_id": 4096, "bias_std_dev_scale": 0.170998, "bias_height_fraction": 0.119897, "perturbation_size": 0.005, "optimizer": "FIRE", "found_minima": [[0.6234994049, 0.02803775853], [-0.05008999925806895, 0.46671069471347465], [-0.558223619990889, 1.4417258574362977]], "found_saddles": [[0.13613646839614033, 0.19755597427277743], [-0.2089047562473441, 0.12685567316838361]], "bias_count": 115, "energy_calls_at_each_min": [1, 1482, 13841], "force_calls_at_each_min": [1, 1482, 13841], "min_height_scale": 1.5, "max_height_scale": 1.5, "min_cov_scale": 1.5, "max_cov_scale": 1.5, "pert_type": "fixed"}