{"run_id": 3197, "bias_std_dev_scale": 0.170998, "bias_height_fraction": 0.119897, "perturbation_size": 0.005, "optimizer": "FIRE", "found_minima": [[0.6234994049, 0.02803775853], [-0.05001427435251528, 0.46669620245954], [-0.5582236523339692, 1.4417258234941235]], "found_saddles": [[0.11644122713169588, 0.03416623001963494], [0.5257793816619981, 0.5306675402803147]], "bias_count": 78, "energy_calls_at_each_min": [1, 1883, 10171], "force_calls_at_each_min": [1, 1883, 10171], "min_height_scale": 1.5, "max_height_scale": 3.0, "min_cov_scale": 3.0, "max_cov_scale": 2.5, "pert_type": "adaptive"}