{"run_id": 2275, "bias_std_dev_scale": 0.170998, "bias_height_fraction": 0.119897, "perturbation_size": 0.005, "optimizer": "FIRE", "found_minima": [[0.6234994049, 0.02803775853], [-0.05015587795979907, 0.4667283069838851], [-0.5582236297361817, 1.441725849463333]], "found_saddles": [[0.22308131602489642, 0.29472003880528175], [-0.8457344549237569, 0.5853941355813067]], "bias_count": 12, "energy_calls_at_each_min": [1, 792, 1301], "force_calls_at_each_min": [1, 792, 1301], "min_height_scale": 2.0, "max_height_scale": 3.0, "min_cov_scale": 1.5, "max_cov_scale": 2.0, "pert_type": "adaptive"}