{"run_id": 2129, "bias_std_dev_scale": 0.170998, "bias_height_fraction": 0.119897, "perturbation_size": 0.005, "optimizer": "FIRE", "found_minima": [[0.6234994049, 0.02803775853], [-0.05004345988042359, 0.4667022884373584], [-0.5582236402233516, 1.4417258382032379]], "found_saddles": [[0.24422819805044205, 0.31752639722742154], [-0.8215709690143755, 0.6023116645067816]], "bias_count": 39, "energy_calls_at_each_min": [1, 1137, 4501], "force_calls_at_each_min": [1, 1137, 4501], "min_height_scale": 1.5, "max_height_scale": 2.5, "min_cov_scale": 2.5, "max_cov_scale": 1.5, "pert_type": "adaptive"}