{"run_id": 701, "bias_std_dev_scale": 0.170998, "bias_height_fraction": 0.119897, "perturbation_size": 0.005, "optimizer": "FIRE", "found_minima": [[0.6234994049, 0.02803775853], [-0.050141467023671824, 0.46673407659982347], [-0.5582236545240421, 1.4417258213699085]], "found_saddles": [[0.8503148004660825, 0.13762021045807077], [-0.5027700913298081, 0.7406816074192967]], "bias_count": 76, "energy_calls_at_each_min": [1, 2284, 9349], "force_calls_at_each_min": [1, 2284, 9349], "min_height_scale": 2.0, "max_height_scale": 2.0, "min_cov_scale": 3.0, "max_cov_scale": 2.5, "pert_type": "adaptive"}