{"run_id": 4061, "bias_std_dev_scale": 0.170998, "bias_height_fraction": 0.119897, "perturbation_size": 0.005, "optimizer": "FIRE", "found_minima": [[0.6234994049, 0.02803775853], [-0.05001140441441287, 0.46669442503684594], [-0.5582236476126105, 1.441725829223537]], "found_saddles": [[0.22204165769885464, 0.31692334770931707], [-0.9089164662752843, 0.5952502226128502]], "bias_count": 53, "energy_calls_at_each_min": [1, 1249, 6627], "force_calls_at_each_min": [1, 1249, 6627], "min_height_scale": 3.0, "max_height_scale": 2.5, "min_cov_scale": 3.0, "max_cov_scale": 2.5, "pert_type": "adaptive"}