{"run_id": 4546, "bias_std_dev_scale": 0.170998, "bias_height_fraction": 0.119897, "perturbation_size": 0.005, "optimizer": "FIRE", "found_minima": [[0.6234994049, 0.02803775853], [-0.05007102669204801, 0.46671614004451456], [-0.558223654332012, 1.4417258224661167]], "found_saddles": [[0.13354304806154405, 0.19023970418892835], [-0.06067038220211178, -0.04385315289248208]], "bias_count": 57, "energy_calls_at_each_min": [1, 1295, 6977], "force_calls_at_each_min": [1, 1295, 6977], "min_height_scale": 3.0, "max_height_scale": 2.5, "min_cov_scale": 1.5, "max_cov_scale": 2.0, "pert_type": "fixed"}