{"run_id": 4796, "bias_std_dev_scale": 0.170998, "bias_height_fraction": 0.119897, "perturbation_size": 0.005, "optimizer": "FIRE", "found_minima": [[0.6234994049, 0.02803775853], [-0.05007332877383833, 0.4667052678044775], [-0.5582236495612484, 1.441725828668629]], "found_saddles": [[0.06672025626479584, 0.21268127106355067], [-0.8225903565159437, 0.5255942026711237]], "bias_count": 67, "energy_calls_at_each_min": [1, 1622, 8119], "force_calls_at_each_min": [1, 1622, 8119], "min_height_scale": 2.0, "max_height_scale": 2.0, "min_cov_scale": 3.0, "max_cov_scale": 2.5, "pert_type": "fixed"}