{"run_id": 3412, "bias_std_dev_scale": 0.170998, "bias_height_fraction": 0.119897, "perturbation_size": 0.005, "optimizer": "FIRE", "found_minima": [[0.6234994049, 0.02803775853], [-0.05038425394423824, 0.46677189207036895], [-0.5582236577050738, 1.4417258189977988]], "found_saddles": [[0.11845618471634654, -0.0034423857435650403], [0.034569394719724825, 0.7260238897381266]], "bias_count": 60, "energy_calls_at_each_min": [1, 2023, 7485], "force_calls_at_each_min": [1, 2023, 7485], "min_height_scale": 2.5, "max_height_scale": 2.5, "min_cov_scale": 2.5, "max_cov_scale": 2.5, "pert_type": "fixed"}