{"run_id": 4018, "bias_std_dev_scale": 0.170998, "bias_height_fraction": 0.119897, "perturbation_size": 0.005, "optimizer": "FIRE", "found_minima": [[0.6234994049, 0.02803775853], [-0.050035129517094594, 0.4667312807314209], [-0.558223615838965, 1.4417258599372114]], "found_saddles": [[0.22533142157564248, 0.29477825217532594], [-0.23861176556823502, -0.02754958426053477]], "bias_count": 118, "energy_calls_at_each_min": [1, 1388, 14564], "force_calls_at_each_min": [1, 1388, 14564], "min_height_scale": 3.0, "max_height_scale": 2.0, "min_cov_scale": 2.5, "max_cov_scale": 2.0, "pert_type": "fixed"}