{"run_id": 206, "bias_std_dev_scale": 0.170998, "bias_height_fraction": 0.119897, "perturbation_size": 0.005, "optimizer": "FIRE", "found_minima": [[0.6234994049, 0.02803775853], [-0.5582236472471597, 1.441725831178749]], "found_saddles": [[-0.49018791166280773, 0.22007011290760511]], "bias_count": 5000, "energy_calls_at_each_min": [1, 7588], "force_calls_at_each_min": [1, 7588], "min_height_scale": 2.0, "max_height_scale": 2.5, "min_cov_scale": 2.0, "max_cov_scale": 3.0, "pert_type": "fixed"}