{"run_id": 3138, "bias_std_dev_scale": 0.170998, "bias_height_fraction": 0.119897, "perturbation_size": 0.005, "optimizer": "FIRE", "found_minima": [[0.6234994049, 0.02803775853], [-0.05091152467842139, 0.4669552622690276], [-0.5582236194618705, 1.4417258585073194]], "found_saddles": [[0.33726276913769193, 0.30601344169358285], [-0.049115331339660666, 0.7507632250245889]], "bias_count": 65, "energy_calls_at_each_min": [1, 1668, 8039], "force_calls_at_each_min": [1, 1668, 8039], "min_height_scale": 1.5, "max_height_scale": 2.5, "min_cov_scale": 1.5, "max_cov_scale": 2.0, "pert_type": "fixed"}