{"run_id": 4584, "bias_std_dev_scale": 0.170998, "bias_height_fraction": 0.119897, "perturbation_size": 0.005, "optimizer": "FIRE", "found_minima": [[0.6234994049, 0.02803775853], [-0.05001084739080909, 0.4666941055139049], [-0.5582236531092647, 1.4417258239205917]], "found_saddles": [[0.18863420167043635, 0.2972005901200284], [-0.2849559457508693, 0.7610797400869685]], "bias_count": 72, "energy_calls_at_each_min": [1, 1120, 8646], "force_calls_at_each_min": [1, 1120, 8646], "min_height_scale": 3.0, "max_height_scale": 3.0, "min_cov_scale": 2.0, "max_cov_scale": 1.5, "pert_type": "fixed"}