{"run_id": 26, "bias_std_dev_scale": 0.170998, "bias_height_fraction": 0.119897, "perturbation_size": 0.005, "optimizer": "FIRE", "found_minima": [[0.6234994049, 0.02803775853], [-0.0500292562935779, 0.4666979878247033], [-0.5582236164883343, 1.441725860777551]], "found_saddles": [[0.16013871533051263, 0.27925387425791987], [-0.4664397732142723, 0.2731710154728937]], "bias_count": 121, "energy_calls_at_each_min": [1, 1416, 15348], "force_calls_at_each_min": [1, 1416, 15348], "min_height_scale": 1.5, "max_height_scale": 1.5, "min_cov_scale": 3.0, "max_cov_scale": 2.0, "pert_type": "fixed"}