{"run_id": 3282, "bias_std_dev_scale": 0.170998, "bias_height_fraction": 0.119897, "perturbation_size": 0.005, "optimizer": "FIRE", "found_minima": [[0.6234994049, 0.02803775853], [-0.05016885382934476, 0.46671975082781825], [-0.5582236458072148, 1.4417258321020756]], "found_saddles": [[0.4374860822436796, 0.28861433059872377], [-0.30746558211050884, -0.054228857910475325]], "bias_count": 107, "energy_calls_at_each_min": [1, 1535, 13165], "force_calls_at_each_min": [1, 1535, 13165], "min_height_scale": 2.0, "max_height_scale": 2.5, "min_cov_scale": 2.5, "max_cov_scale": 2.0, "pert_type": "fixed"}