{"run_id": 4696, "bias_std_dev_scale": 0.170998, "bias_height_fraction": 0.119897, "perturbation_size": 0.005, "optimizer": "FIRE", "found_minima": [[0.6234994049, 0.02803775853], [-0.05001078281083946, 0.4666941024286731], [-0.558223635069324, 1.4417258408223266]], "found_saddles": [[0.1660669331136845, 0.18609256187114287], [-0.9122112376715935, 0.5645132655557917]], "bias_count": 72, "energy_calls_at_each_min": [1, 1676, 8780], "force_calls_at_each_min": [1, 1676, 8780], "min_height_scale": 1.5, "max_height_scale": 2.5, "min_cov_scale": 3.0, "max_cov_scale": 1.5, "pert_type": "fixed"}