{"run_id": 5069, "bias_std_dev_scale": 0.170998, "bias_height_fraction": 0.119897, "perturbation_size": 0.005, "optimizer": "FIRE", "found_minima": [[0.6234994049, 0.02803775853], [-0.051310890288825226, 0.4669863582820938], [-0.5582236468287514, 1.4417258297194357]], "found_saddles": [[0.29670961764745946, 0.3000387694977791], [-0.8001360834797694, 0.4492574655284806]], "bias_count": 50, "energy_calls_at_each_min": [1, 1552, 5969], "force_calls_at_each_min": [1, 1552, 5969], "min_height_scale": 3.0, "max_height_scale": 2.5, "min_cov_scale": 2.0, "max_cov_scale": 2.5, "pert_type": "adaptive"}