{"run_id": 3825, "bias_std_dev_scale": 0.170998, "bias_height_fraction": 0.119897, "perturbation_size": 0.005, "optimizer": "FIRE", "found_minima": [[0.6234994049, 0.02803775853], [-0.050037015436772095, 0.46669917565552804], [-0.5582236452184927, 1.4417258323432198]], "found_saddles": [[0.2735537069788825, 0.3350582368683413], [-0.13856945196174403, -0.04227376185289705]], "bias_count": 88, "energy_calls_at_each_min": [1, 1778, 10756], "force_calls_at_each_min": [1, 1778, 10756], "min_height_scale": 2.0, "max_height_scale": 3.0, "min_cov_scale": 2.5, "max_cov_scale": 1.5, "pert_type": "adaptive"}