{"run_id": 4928, "bias_std_dev_scale": 0.170998, "bias_height_fraction": 0.119897, "perturbation_size": 0.005, "optimizer": "FIRE", "found_minima": [[0.6234994049, 0.02803775853], [-0.05001817517127647, 0.4666959278867547], [-0.558223645141857, 1.4417258313368682]], "found_saddles": [[0.08414127352270136, 0.12829857211767573], [-0.7220146959953699, 0.6843811244409647]], "bias_count": 54, "energy_calls_at_each_min": [1, 1337, 6321], "force_calls_at_each_min": [1, 1337, 6321], "min_height_scale": 2.5, "max_height_scale": 2.5, "min_cov_scale": 1.5, "max_cov_scale": 1.5, "pert_type": "fixed"}