{"run_id": 1562, "bias_std_dev_scale": 0.170998, "bias_height_fraction": 0.119897, "perturbation_size": 0.005, "optimizer": "FIRE", "found_minima": [[0.6234994049, 0.02803775853], [-0.05070056894778841, 0.4668070591046598], [-0.5582236410441999, 1.4417258394125259]], "found_saddles": [[0.09557704734263407, 0.17304587998661802], [0.10063145905304328, -0.14752706449765968]], "bias_count": 162, "energy_calls_at_each_min": [1, 1959, 20618], "force_calls_at_each_min": [1, 1959, 20618], "min_height_scale": 1.5, "max_height_scale": 1.5, "min_cov_scale": 3.0, "max_cov_scale": 2.0, "pert_type": "fixed"}