{"run_id": 3988, "bias_std_dev_scale": 0.170998, "bias_height_fraction": 0.119897, "perturbation_size": 0.005, "optimizer": "FIRE", "found_minima": [[0.6234994049, 0.02803775853], [-0.050393199820683125, 0.4669424112695704], [-0.5582236471272443, 1.4417258278595546]], "found_saddles": [[0.239751298003545, 0.2873031075373938], [-0.7852113205651181, 0.6552053746210716]], "bias_count": 93, "energy_calls_at_each_min": [1, 2893, 11538], "force_calls_at_each_min": [1, 2893, 11538], "min_height_scale": 3.0, "max_height_scale": 1.5, "min_cov_scale": 2.5, "max_cov_scale": 2.5, "pert_type": "fixed"}