{"run_id": 215, "bias_std_dev_scale": 0.170998, "bias_height_fraction": 0.119897, "perturbation_size": 0.005, "optimizer": "FIRE", "found_minima": [[0.6234994049, 0.02803775853], [-0.05016296339549025, 0.4667287851782472], [-0.5582236116332036, 1.441725864912128]], "found_saddles": [[0.1860419166613724, 0.23567942043636728], [-0.8505850568026602, 0.5779679649074675]], "bias_count": 43, "energy_calls_at_each_min": [1, 1448, 5281], "force_calls_at_each_min": [1, 1448, 5281], "min_height_scale": 2.0, "max_height_scale": 2.5, "min_cov_scale": 2.5, "max_cov_scale": 3.0, "pert_type": "adaptive"}