{"run_id": 2830, "bias_std_dev_scale": 0.170998, "bias_height_fraction": 0.119897, "perturbation_size": 0.005, "optimizer": "FIRE", "found_minima": [[0.6234994049, 0.02803775853], [-0.050014491409290276, 0.4666949990857765], [-0.5582236489435227, 1.4417258293105772]], "found_saddles": [[0.15710242524318657, 0.1633351384336896], [-0.8006295517326957, 0.6476518301132013]], "bias_count": 76, "energy_calls_at_each_min": [1, 1567, 9306], "force_calls_at_each_min": [1, 1567, 9306], "min_height_scale": 2.5, "max_height_scale": 1.5, "min_cov_scale": 2.0, "max_cov_scale": 3.0, "pert_type": "fixed"}