{"run_id": 1698, "bias_std_dev_scale": 0.170998, "bias_height_fraction": 0.119897, "perturbation_size": 0.005, "optimizer": "FIRE", "found_minima": [[0.6234994049, 0.02803775853], [-0.050055490682430655, 0.46670230818232455], [-0.5582236283162, 1.4417258471740884]], "found_saddles": [[0.1463290985922815, 0.28626961904603143], [-0.8084976123859675, 0.496333895947785]], "bias_count": 73, "energy_calls_at_each_min": [1, 1758, 8871], "force_calls_at_each_min": [1, 1758, 8871], "min_height_scale": 2.0, "max_height_scale": 2.0, "min_cov_scale": 1.5, "max_cov_scale": 2.0, "pert_type": "fixed"}