{"run_id": 1327, "bias_std_dev_scale": 0.170998, "bias_height_fraction": 0.119897, "perturbation_size": 0.005, "optimizer": "FIRE", "found_minima": [[0.6234994049, 0.02803775853], [-0.05002900052210677, 0.466700499545959], [-0.5582236212247058, 1.4417258547951113]], "found_saddles": [[0.31067972242498043, 0.29301848082966525], [-0.7549572840019761, 0.6549871593181407]], "bias_count": 51, "energy_calls_at_each_min": [1, 1243, 6359], "force_calls_at_each_min": [1, 1243, 6359], "min_height_scale": 2.5, "max_height_scale": 2.0, "min_cov_scale": 2.0, "max_cov_scale": 3.0, "pert_type": "adaptive"}