{"run_id": 4485, "bias_std_dev_scale": 0.170998, "bias_height_fraction": 0.119897, "perturbation_size": 0.005, "optimizer": "FIRE", "found_minima": [[0.6234994049, 0.02803775853], [-0.05005901951157456, 0.46670777231121063], [-0.5582236328672809, 1.441725840464639]], "found_saddles": [[0.255307506780189, 0.29474826255148145], [-0.813584959700742, 0.6212519854779813]], "bias_count": 76, "energy_calls_at_each_min": [1, 2068, 8785], "force_calls_at_each_min": [1, 2068, 8785], "min_height_scale": 3.0, "max_height_scale": 1.5, "min_cov_scale": 1.5, "max_cov_scale": 2.5, "pert_type": "adaptive"}