{"run_id": 4969, "bias_std_dev_scale": 0.170998, "bias_height_fraction": 0.119897, "perturbation_size": 0.005, "optimizer": "FIRE", "found_minima": [[0.6234994049, 0.02803775853], [-0.050092891579768345, 0.4667118747904742], [-0.5582236537131985, 1.4417258230164391]], "found_saddles": [[0.9880431702868523, 0.09171432974199831], [-0.15315444450376872, -0.008439118060327287]], "bias_count": 64, "energy_calls_at_each_min": [1, 2769, 7694], "force_calls_at_each_min": [1, 2769, 7694], "min_height_scale": 2.5, "max_height_scale": 3.0, "min_cov_scale": 2.0, "max_cov_scale": 1.5, "pert_type": "adaptive"}