{"run_id": 4012, "bias_std_dev_scale": 0.170998, "bias_height_fraction": 0.119897, "perturbation_size": 0.005, "optimizer": "FIRE", "found_minima": [[0.6234994049, 0.02803775853], [-0.050198633131258955, 0.46673294095893747], [-0.5582236398886924, 1.4417258384345957]], "found_saddles": [[0.19496984456777003, 0.29005959692488065], [-0.25229867542042855, 0.06333210227802015]], "bias_count": 85, "energy_calls_at_each_min": [1, 1092, 10564], "force_calls_at_each_min": [1, 1092, 10564], "min_height_scale": 3.0, "max_height_scale": 2.0, "min_cov_scale": 2.0, "max_cov_scale": 2.5, "pert_type": "fixed"}