{"run_id": 3352, "bias_std_dev_scale": 0.170998, "bias_height_fraction": 0.119897, "perturbation_size": 0.005, "optimizer": "FIRE", "found_minima": [[0.6234994049, 0.02803775853], [-0.05025368517563265, 0.46675010109719306], [-0.558223657458496, 1.4417258191149083]], "found_saddles": [[0.579907779390531, 0.24653017880741993], [0.6290292380775411, 0.35974963311309516]], "bias_count": 142, "energy_calls_at_each_min": [1, 3715, 18032], "force_calls_at_each_min": [1, 3715, 18032], "min_height_scale": 2.5, "max_height_scale": 1.5, "min_cov_scale": 3.0, "max_cov_scale": 1.5, "pert_type": "fixed"}