{"run_id": 951, "bias_std_dev_scale": 0.170998, "bias_height_fraction": 0.119897, "perturbation_size": 0.005, "optimizer": "FIRE", "found_minima": [[0.6234994049, 0.02803775853], [-0.050042018208033334, 0.4666999080668516], [-0.5582236374843386, 1.4417258351027789]], "found_saddles": [[0.23418454041194434, 0.3486080182058346], [-0.7332527211621317, 0.7420210954104172]], "bias_count": 61, "energy_calls_at_each_min": [1, 1530, 7116], "force_calls_at_each_min": [1, 1530, 7116], "min_height_scale": 3.0, "max_height_scale": 2.0, "min_cov_scale": 2.5, "max_cov_scale": 3.0, "pert_type": "adaptive"}