{"run_id": 4252, "bias_std_dev_scale": 0.170998, "bias_height_fraction": 0.119897, "perturbation_size": 0.005, "optimizer": "FIRE", "found_minima": [[0.6234994049, 0.02803775853], [-0.050018638893121074, 0.4666964262084454], [-0.5582236374511589, 1.4417258353699742]], "found_saddles": [[0.2171205457024909, 0.30628402612713784], [-0.6020567466636391, 0.7125379052462811]], "bias_count": 86, "energy_calls_at_each_min": [1, 1312, 10750], "force_calls_at_each_min": [1, 1312, 10750], "min_height_scale": 2.0, "max_height_scale": 1.5, "min_cov_scale": 3.0, "max_cov_scale": 2.5, "pert_type": "fixed"}