{"run_id": 10, "bias_std_dev_scale": 0.170998, "bias_height_fraction": 0.119897, "perturbation_size": 0.005, "optimizer": "FIRE", "found_minima": [[0.6234994049, 0.02803775853], [-0.05001101799410185, 0.4666941470699709], [-0.5582236207079474, 1.4417258552870296]], "found_saddles": [[0.20427117147344115, 0.283612629978271], [-0.12192506565985363, 0.048045595188336794]], "bias_count": 98, "energy_calls_at_each_min": [1, 2156, 11948], "force_calls_at_each_min": [1, 2156, 11948], "min_height_scale": 1.5, "max_height_scale": 1.5, "min_cov_scale": 2.0, "max_cov_scale": 2.0, "pert_type": "fixed"}