{"run_id": 4648, "bias_std_dev_scale": 0.170998, "bias_height_fraction": 0.119897, "perturbation_size": 0.005, "optimizer": "FIRE", "found_minima": [[0.6234994049, 0.02803775853], [-0.05001566431986005, 0.4666953988882067], [-0.5582236403656645, 1.4417258396423276]], "found_saddles": [[0.26135342955446583, 0.2851280793364964], [-0.8393313102456296, 0.5087272706043018]], "bias_count": 67, "energy_calls_at_each_min": [1, 1756, 8043], "force_calls_at_each_min": [1, 1756, 8043], "min_height_scale": 1.5, "max_height_scale": 2.0, "min_cov_scale": 2.0, "max_cov_scale": 1.5, "pert_type": "fixed"}