{"run_id": 1974, "bias_std_dev_scale": 0.170998, "bias_height_fraction": 0.119897, "perturbation_size": 0.005, "optimizer": "FIRE", "found_minima": [[0.6234994049, 0.02803775853], [-0.05001561681120269, 0.46669512741183616], [-0.5582236422908522, 1.4417258317763975]], "found_saddles": [[0.21998163955003291, 0.2961593909954714], [-0.8463541005134024, 0.6262183425191894]], "bias_count": 56, "energy_calls_at_each_min": [1, 1359, 6791], "force_calls_at_each_min": [1, 1359, 6791], "min_height_scale": 3.0, "max_height_scale": 2.0, "min_cov_scale": 2.5, "max_cov_scale": 3.0, "pert_type": "fixed"}