{"run_id": 2219, "bias_std_dev_scale": 0.170998, "bias_height_fraction": 0.119897, "perturbation_size": 0.005, "optimizer": "FIRE", "found_minima": [[0.6234994049, 0.02803775853], [-0.050012969321268544, 0.4666949110138495], [-0.5582236457137381, 1.4417258311392254]], "found_saddles": [[0.19883160167488434, 0.26813875184681285], [-0.8112528231770765, 0.6058312290907912]], "bias_count": 21, "energy_calls_at_each_min": [1, 1549, 2298], "force_calls_at_each_min": [1, 1549, 2298], "min_height_scale": 2.0, "max_height_scale": 2.0, "min_cov_scale": 2.0, "max_cov_scale": 2.0, "pert_type": "adaptive"}