{"run_id": 2109, "bias_std_dev_scale": 0.170998, "bias_height_fraction": 0.119897, "perturbation_size": 0.005, "optimizer": "FIRE", "found_minima": [[0.6234994049, 0.02803775853], [-0.05005596723711075, 0.46670640586094614], [-0.558223647110176, 1.44172582939238]], "found_saddles": [[0.24611843152468527, 0.2860413628248059], [-0.8336043794726123, 0.6377320113543369]], "bias_count": 56, "energy_calls_at_each_min": [1, 1660, 7078], "force_calls_at_each_min": [1, 1660, 7078], "min_height_scale": 1.5, "max_height_scale": 2.0, "min_cov_scale": 3.0, "max_cov_scale": 2.5, "pert_type": "adaptive"}