{"run_id": 4023, "bias_std_dev_scale": 0.170998, "bias_height_fraction": 0.119897, "perturbation_size": 0.005, "optimizer": "FIRE", "found_minima": [[0.6234994049, 0.02803775853], [-0.05074207899365555, 0.4669045598448466], [-0.5582236161731144, 1.4417258591635884]], "found_saddles": [[0.1481774035162946, 0.18830691694888027], [-0.8369043677587196, 0.6014549578258344]], "bias_count": 39, "energy_calls_at_each_min": [1, 1708, 4717], "force_calls_at_each_min": [1, 1708, 4717], "min_height_scale": 3.0, "max_height_scale": 2.0, "min_cov_scale": 2.5, "max_cov_scale": 3.0, "pert_type": "adaptive"}