{"run_id": 3364, "bias_std_dev_scale": 0.170998, "bias_height_fraction": 0.119897, "perturbation_size": 0.005, "optimizer": "FIRE", "found_minima": [[0.6234994049, 0.02803775853], [-0.5582236448523471, 1.4417258317050095]], "found_saddles": [[-0.4501233056599492, 0.2654828769149584]], "bias_count": 5000, "energy_calls_at_each_min": [1, 7668], "force_calls_at_each_min": [1, 7668], "min_height_scale": 2.5, "max_height_scale": 2.0, "min_cov_scale": 1.5, "max_cov_scale": 2.5, "pert_type": "fixed"}