{"run_id": 3874, "bias_std_dev_scale": 0.170998, "bias_height_fraction": 0.119897, "perturbation_size": 0.005, "optimizer": "FIRE", "found_minima": [[0.6234994049, 0.02803775853], [-0.05035884392260937, 0.46677028999072917], [-0.5582236353174163, 1.4417258402988307]], "found_saddles": [[0.23275478436386932, 0.3148788243901288], [-0.8419469866536919, 0.553825818046174]], "bias_count": 65, "energy_calls_at_each_min": [1, 942, 7911], "force_calls_at_each_min": [1, 942, 7911], "min_height_scale": 2.5, "max_height_scale": 2.0, "min_cov_scale": 1.5, "max_cov_scale": 2.0, "pert_type": "fixed"}