{"run_id": 1857, "bias_std_dev_scale": 0.170998, "bias_height_fraction": 0.119897, "perturbation_size": 0.005, "optimizer": "FIRE", "found_minima": [[0.6234994049, 0.02803775853], [-0.05008247166166031, 0.466710694529789], [-0.558223655117986, 1.4417258208902164]], "found_saddles": [[0.26339104484482345, 0.32190409120441105], [-0.7748037730331987, 0.43484658780871993]], "bias_count": 51, "energy_calls_at_each_min": [1, 1273, 6065], "force_calls_at_each_min": [1, 1273, 6065], "min_height_scale": 2.5, "max_height_scale": 2.5, "min_cov_scale": 1.5, "max_cov_scale": 1.5, "pert_type": "adaptive"}