{"run_id": 4375, "bias_std_dev_scale": 0.170998, "bias_height_fraction": 0.119897, "perturbation_size": 0.005, "optimizer": "FIRE", "found_minima": [[0.6234994049, 0.02803775853], [-0.5582236190447463, 1.4417258572780416]], "found_saddles": [[-0.5544981190692003, 0.3058700967774011]], "bias_count": 5000, "energy_calls_at_each_min": [1, 9656], "force_calls_at_each_min": [1, 9656], "min_height_scale": 2.5, "max_height_scale": 1.5, "min_cov_scale": 2.5, "max_cov_scale": 3.0, "pert_type": "adaptive"}