{"run_id": 759, "bias_std_dev_scale": 0.170998, "bias_height_fraction": 0.119897, "perturbation_size": 0.005, "optimizer": "FIRE", "found_minima": [[0.6234994049, 0.02803775853], [-0.0500432241934274, 0.4667398266626295], [-0.5582236222586174, 1.4417258515453368]], "found_saddles": [[0.2513884436420813, 0.3290239425873842], [-0.9049553085546213, 0.4164114314984061]], "bias_count": 64, "energy_calls_at_each_min": [1, 997, 8114], "force_calls_at_each_min": [1, 997, 8114], "min_height_scale": 2.0, "max_height_scale": 3.0, "min_cov_scale": 2.5, "max_cov_scale": 3.0, "pert_type": "adaptive"}