{"run_id": 728, "bias_std_dev_scale": 0.170998, "bias_height_fraction": 0.119897, "perturbation_size": 0.005, "optimizer": "FIRE", "found_minima": [[0.6234994049, 0.02803775853], [-0.05001087016791321, 0.46669411237631564], [-0.5582236219074856, 1.4417258551331051]], "found_saddles": [[0.1374408734610144, 0.16527020598591333], [-0.915509389580841, 0.5552175146840139]], "bias_count": 84, "energy_calls_at_each_min": [1, 1172, 10069], "force_calls_at_each_min": [1, 1172, 10069], "min_height_scale": 2.0, "max_height_scale": 2.5, "min_cov_scale": 3.0, "max_cov_scale": 1.5, "pert_type": "fixed"}