{"run_id": 3169, "bias_std_dev_scale": 0.170998, "bias_height_fraction": 0.119897, "perturbation_size": 0.005, "optimizer": "FIRE", "found_minima": [[0.6234994049, 0.02803775853], [-0.0506599150155337, 0.4668303510275544], [-0.5582236174623587, 1.4417258601335465]], "found_saddles": [[0.04013003366148859, 0.1845361981184199], [1.055143082568132, -0.012414469082802238]], "bias_count": 68, "energy_calls_at_each_min": [1, 1547, 8025], "force_calls_at_each_min": [1, 1547, 8025], "min_height_scale": 1.5, "max_height_scale": 3.0, "min_cov_scale": 1.5, "max_cov_scale": 1.5, "pert_type": "adaptive"}