{"run_id": 4862, "bias_std_dev_scale": 0.170998, "bias_height_fraction": 0.119897, "perturbation_size": 0.005, "optimizer": "FIRE", "found_minima": [[0.6234994049, 0.02803775853], [-0.05001536113957278, 0.46669564751035214], [-0.5582236533555122, 1.4417258233705188]], "found_saddles": [[0.3115472225833827, 0.2806111852537986], [-0.4039115912640227, 0.16655692790468674]], "bias_count": 67, "energy_calls_at_each_min": [1, 1238, 8621], "force_calls_at_each_min": [1, 1238, 8621], "min_height_scale": 2.0, "max_height_scale": 3.0, "min_cov_scale": 3.0, "max_cov_scale": 3.0, "pert_type": "fixed"}