{"run_id": 106, "bias_std_dev_scale": 0.170998, "bias_height_fraction": 0.119897, "perturbation_size": 0.005, "optimizer": "FIRE", "found_minima": [[0.6234994049, 0.02803775853], [-0.05203442442277078, 0.46724766316830896], [-0.5582236560612573, 1.4417258205027579]], "found_saddles": [[0.3715434894354789, 0.3566221670627694], [-0.5147283089633725, 0.27509613179061576]], "bias_count": 52, "energy_calls_at_each_min": [1, 1162, 6275], "force_calls_at_each_min": [1, 1162, 6275], "min_height_scale": 1.5, "max_height_scale": 3.0, "min_cov_scale": 2.0, "max_cov_scale": 2.0, "pert_type": "fixed"}