{"run_id": 598, "bias_std_dev_scale": 0.170998, "bias_height_fraction": 0.119897, "perturbation_size": 0.005, "optimizer": "FIRE", "found_minima": [[0.6234994049, 0.02803775853], [-0.0500138813484878, 0.46669472155801595], [-0.5582236512253245, 1.4417258256326055]], "found_saddles": [[0.22637353758968806, 0.29906962376193713], [-0.255983241353976, -0.04488490249301216]], "bias_count": 84, "energy_calls_at_each_min": [1, 866, 10489], "force_calls_at_each_min": [1, 866, 10489], "min_height_scale": 1.5, "max_height_scale": 2.5, "min_cov_scale": 2.5, "max_cov_scale": 3.0, "pert_type": "fixed"}