{"run_id": 4434, "bias_std_dev_scale": 0.170998, "bias_height_fraction": 0.119897, "perturbation_size": 0.005, "optimizer": "FIRE", "found_minima": [[0.6234994049, 0.02803775853], [-0.050031375692810263, 0.4666992319430803], [-0.5582236528927602, 1.441725823677421]], "found_saddles": [[0.2420163591322538, 0.28220213010348305], [-0.1716857020982419, 0.05593569305103149]], "bias_count": 81, "energy_calls_at_each_min": [1, 1208, 10028], "force_calls_at_each_min": [1, 1208, 10028], "min_height_scale": 2.5, "max_height_scale": 2.5, "min_cov_scale": 2.5, "max_cov_scale": 2.0, "pert_type": "fixed"}