{"run_id": 4520, "bias_std_dev_scale": 0.170998, "bias_height_fraction": 0.119897, "perturbation_size": 0.005, "optimizer": "FIRE", "found_minima": [[0.6234994049, 0.02803775853], [-0.05001086235884165, 0.466694112530689], [-0.5582236310518907, 1.4417258479467816]], "found_saddles": [[0.21107531662364615, 0.294389722435975], [-0.6151762286638888, 0.7385877023052528]], "bias_count": 102, "energy_calls_at_each_min": [1, 1432, 12484], "force_calls_at_each_min": [1, 1432, 12484], "min_height_scale": 3.0, "max_height_scale": 2.0, "min_cov_scale": 2.0, "max_cov_scale": 1.5, "pert_type": "fixed"}