{"run_id": 3967, "bias_std_dev_scale": 0.170998, "bias_height_fraction": 0.119897, "perturbation_size": 0.005, "optimizer": "FIRE", "found_minima": [[0.6234994049, 0.02803775853], [-0.05001936461077199, 0.46669752694885075], [-0.5582236397726456, 1.4417258389270713]], "found_saddles": [[0.1584613776939413, 0.23219819187221802], [-0.5680302306030706, 0.3002923433701119]], "bias_count": 44, "energy_calls_at_each_min": [1, 1183, 5358], "force_calls_at_each_min": [1, 1183, 5358], "min_height_scale": 2.5, "max_height_scale": 3.0, "min_cov_scale": 3.0, "max_cov_scale": 3.0, "pert_type": "adaptive"}