{"run_id": 2153, "bias_std_dev_scale": 0.170998, "bias_height_fraction": 0.119897, "perturbation_size": 0.005, "optimizer": "FIRE", "found_minima": [[0.6234994049, 0.02803775853], [-0.05001113042991383, 0.46669417333503904], [-0.5582236158427405, 1.4417258603033145]], "found_saddles": [[0.339345545082661, 0.2797664357256445], [-0.7806325372639137, 0.461780585868946]], "bias_count": 20, "energy_calls_at_each_min": [1, 1198, 2268], "force_calls_at_each_min": [1, 1198, 2268], "min_height_scale": 1.5, "max_height_scale": 3.0, "min_cov_scale": 2.0, "max_cov_scale": 1.5, "pert_type": "adaptive"}