{"run_id": 1713, "bias_std_dev_scale": 0.170998, "bias_height_fraction": 0.119897, "perturbation_size": 0.005, "optimizer": "FIRE", "found_minima": [[0.6234994049, 0.02803775853], [-0.05001087821142948, 0.46669411104468966], [-0.558223630710343, 1.4417258479392459]], "found_saddles": [[0.21186871932480345, 0.29499644867160996], [-0.7098060042304423, 0.6643768342860161]], "bias_count": 69, "energy_calls_at_each_min": [1, 2050, 8078], "force_calls_at_each_min": [1, 2050, 8078], "min_height_scale": 2.0, "max_height_scale": 2.0, "min_cov_scale": 2.5, "max_cov_scale": 1.5, "pert_type": "adaptive"}