{"run_id": 231, "bias_std_dev_scale": 0.170998, "bias_height_fraction": 0.119897, "perturbation_size": 0.005, "optimizer": "FIRE", "found_minima": [[0.6234994049, 0.02803775853], [-0.05196601214083163, 0.4671648002067688], [-0.5582236501665253, 1.4417258267886495]], "found_saddles": [[0.18452961043618593, 0.28244871097265484], [-0.825089630127672, 0.6296465893514737]], "bias_count": 39, "energy_calls_at_each_min": [1, 625, 4702], "force_calls_at_each_min": [1, 625, 4702], "min_height_scale": 2.0, "max_height_scale": 3.0, "min_cov_scale": 1.5, "max_cov_scale": 3.0, "pert_type": "adaptive"}