{"run_id": 3381, "bias_std_dev_scale": 0.170998, "bias_height_fraction": 0.119897, "perturbation_size": 0.005, "optimizer": "FIRE", "found_minima": [[0.6234994049, 0.02803775853], [-0.05007333228754378, 0.46670935605692904], [-0.5582236480329152, 1.4417258289035677]], "found_saddles": [[0.08640793186944315, 0.11223832497235184], [-0.8187491379585671, 0.6336620368806237]], "bias_count": 65, "energy_calls_at_each_min": [1, 2317, 7876], "force_calls_at_each_min": [1, 2317, 7876], "min_height_scale": 2.5, "max_height_scale": 2.0, "min_cov_scale": 2.5, "max_cov_scale": 2.5, "pert_type": "adaptive"}