{"run_id": 3558, "bias_std_dev_scale": 0.170998, "bias_height_fraction": 0.119897, "perturbation_size": 0.005, "optimizer": "FIRE", "found_minima": [[0.6234994049, 0.02803775853], [-0.05048350625803635, 0.4668256481684542], [-0.558223651862836, 1.4417258261125117]], "found_saddles": [[0.19748367668547984, 0.2889720141502609], [-0.6309920698754243, 0.7608796829035134]], "bias_count": 41, "energy_calls_at_each_min": [1, 868, 5042], "force_calls_at_each_min": [1, 868, 5042], "min_height_scale": 3.0, "max_height_scale": 3.0, "min_cov_scale": 1.5, "max_cov_scale": 3.0, "pert_type": "fixed"}