{"run_id": 724, "bias_std_dev_scale": 0.170998, "bias_height_fraction": 0.119897, "perturbation_size": 0.005, "optimizer": "FIRE", "found_minima": [[0.6234994049, 0.02803775853], [-0.05011961237346644, 0.46672007620160677], [-0.5582236372587078, 1.4417258366602899]], "found_saddles": [[0.19126854255576103, 0.28148709416560447], [-0.6156199883548278, 0.2505959652285907]], "bias_count": 68, "energy_calls_at_each_min": [1, 772, 8547], "force_calls_at_each_min": [1, 772, 8547], "min_height_scale": 2.0, "max_height_scale": 2.5, "min_cov_scale": 2.5, "max_cov_scale": 2.5, "pert_type": "fixed"}