{"run_id": 790, "bias_std_dev_scale": 0.170998, "bias_height_fraction": 0.119897, "perturbation_size": 0.005, "optimizer": "FIRE", "found_minima": [[0.6234994049, 0.02803775853], [-0.05162251602899753, 0.46715574144079214], [-0.5582236472362689, 1.4417258295956374]], "found_saddles": [[0.24904565429793554, 0.3131732397915454], [-0.8149324769539693, 0.6398062829558884]], "bias_count": 80, "energy_calls_at_each_min": [1, 2169, 9982], "force_calls_at_each_min": [1, 2169, 9982], "min_height_scale": 2.5, "max_height_scale": 1.5, "min_cov_scale": 2.5, "max_cov_scale": 3.0, "pert_type": "fixed"}