{"run_id": 589, "bias_std_dev_scale": 0.170998, "bias_height_fraction": 0.119897, "perturbation_size": 0.005, "optimizer": "FIRE", "found_minima": [[0.6234994049, 0.02803775853], [-0.05319855338105272, 0.4674642152039485], [-0.5582236225215776, 1.4417258547207863]], "found_saddles": [[0.33685790145605715, 0.3087764908594645], [-0.8931972787072076, 0.5697875833632808]], "bias_count": 45, "energy_calls_at_each_min": [1, 1602, 5384], "force_calls_at_each_min": [1, 1602, 5384], "min_height_scale": 1.5, "max_height_scale": 2.5, "min_cov_scale": 2.0, "max_cov_scale": 2.5, "pert_type": "adaptive"}