{"run_id": 2664, "bias_std_dev_scale": 0.170998, "bias_height_fraction": 0.119897, "perturbation_size": 0.005, "optimizer": "FIRE", "found_minima": [[0.6234994049, 0.02803775853], [-0.050010936853426044, 0.4666941274463678], [-0.5582236505385288, 1.4417258261043848]], "found_saddles": [[0.3907248475004571, 0.34392912634215506], [-0.6725704929452334, 0.31108876730829305]], "bias_count": 43, "energy_calls_at_each_min": [1, 1561, 4983], "force_calls_at_each_min": [1, 1561, 4983], "min_height_scale": 1.5, "max_height_scale": 3.0, "min_cov_scale": 2.0, "max_cov_scale": 1.5, "pert_type": "fixed"}