{"run_id": 511, "bias_std_dev_scale": 0.170998, "bias_height_fraction": 0.119897, "perturbation_size": 0.005, "optimizer": "FIRE", "found_minima": [[0.6234994049, 0.02803775853], [-0.5582236531981489, 1.4417258223259983]], "found_saddles": [[0.5133377680885688, 0.5241365305207231]], "bias_count": 5000, "energy_calls_at_each_min": [1, 8320], "force_calls_at_each_min": [1, 8320], "min_height_scale": 3.0, "max_height_scale": 3.0, "min_cov_scale": 3.0, "max_cov_scale": 3.0, "pert_type": "adaptive"}