{"run_id": 458, "bias_std_dev_scale": 0.170998, "bias_height_fraction": 0.119897, "perturbation_size": 0.005, "optimizer": "FIRE", "found_minima": [[0.6234994049, 0.02803775853], [-0.050069016114017297, 0.4667097703855932], [-0.558223653093159, 1.4417258238758173]], "found_saddles": [[0.38676821843092457, 0.289659716860275], [-0.7346840653815806, 0.6877914885801225]], "bias_count": 57, "energy_calls_at_each_min": [1, 1001, 6872], "force_calls_at_each_min": [1, 1001, 6872], "min_height_scale": 3.0, "max_height_scale": 2.5, "min_cov_scale": 2.0, "max_cov_scale": 2.0, "pert_type": "fixed"}