{"run_id": 2315, "bias_std_dev_scale": 0.170998, "bias_height_fraction": 0.119897, "perturbation_size": 0.005, "optimizer": "FIRE", "found_minima": [[0.6234994049, 0.02803775853], [-0.050224285159412345, 0.46675118374538704], [-0.5582236564618893, 1.441725820054086]], "found_saddles": [[0.2631582294043426, 0.3041426687882323], [-0.27785117102846507, 0.17748659636907838]], "bias_count": 94, "energy_calls_at_each_min": [1, 1717, 11139], "force_calls_at_each_min": [1, 1717, 11139], "min_height_scale": 2.5, "max_height_scale": 1.5, "min_cov_scale": 2.0, "max_cov_scale": 2.0, "pert_type": "adaptive"}