{"run_id": 1298, "bias_std_dev_scale": 0.170998, "bias_height_fraction": 0.119897, "perturbation_size": 0.005, "optimizer": "FIRE", "found_minima": [[0.6234994049, 0.02803775853], [-0.05001608096825287, 0.46669541220093846], [-0.5582236546977669, 1.4417258223535354]], "found_saddles": [[0.1957902950339599, 0.2584443786191244], [-0.10438953240572034, 0.03554673733995914]], "bias_count": 112, "energy_calls_at_each_min": [1, 1834, 14155], "force_calls_at_each_min": [1, 1834, 14155], "min_height_scale": 2.5, "max_height_scale": 1.5, "min_cov_scale": 2.5, "max_cov_scale": 2.0, "pert_type": "fixed"}