{"run_id": 4027, "bias_std_dev_scale": 0.170998, "bias_height_fraction": 0.119897, "perturbation_size": 0.005, "optimizer": "FIRE", "found_minima": [[0.6234994049, 0.02803775853], [-0.050013044088902926, 0.4666946157766968], [-0.5582236500443255, 1.4417258283859553]], "found_saddles": [[0.2640891965255959, 0.3309008276773016], [0.623049853629432, 0.42981216856535825]], "bias_count": 142, "energy_calls_at_each_min": [1, 1624, 18044], "force_calls_at_each_min": [1, 1624, 18044], "min_height_scale": 3.0, "max_height_scale": 2.0, "min_cov_scale": 3.0, "max_cov_scale": 2.0, "pert_type": "adaptive"}