{"run_id": 2413, "bias_std_dev_scale": 0.170998, "bias_height_fraction": 0.119897, "perturbation_size": 0.005, "optimizer": "FIRE", "found_minima": [[0.6234994049, 0.02803775853], [-0.05082651908234391, 0.4668623629759017], [-0.5582236188637785, 1.4417258571054274]], "found_saddles": [[0.26454224880013594, 0.3062163634711792], [-0.8341265453175012, 0.6167700433709539]], "bias_count": 14, "energy_calls_at_each_min": [1, 748, 1414], "force_calls_at_each_min": [1, 748, 1414], "min_height_scale": 2.5, "max_height_scale": 3.0, "min_cov_scale": 2.0, "max_cov_scale": 2.5, "pert_type": "adaptive"}