{"run_id": 5038, "bias_std_dev_scale": 0.170998, "bias_height_fraction": 0.119897, "perturbation_size": 0.005, "optimizer": "FIRE", "found_minima": [[0.6234994049, 0.02803775853], [-0.05147437890181844, 0.4670565394898612], [-0.5582236489434907, 1.4417258264725556]], "found_saddles": [[0.2759089357524017, 0.31458675811887876], [-0.22328140797026086, 0.09645618539865172]], "bias_count": 75, "energy_calls_at_each_min": [1, 1061, 9214], "force_calls_at_each_min": [1, 1061, 9214], "min_height_scale": 3.0, "max_height_scale": 2.0, "min_cov_scale": 2.0, "max_cov_scale": 3.0, "pert_type": "fixed"}