{"run_id": 1413, "bias_std_dev_scale": 0.170998, "bias_height_fraction": 0.119897, "perturbation_size": 0.005, "optimizer": "FIRE", "found_minima": [[0.6234994049, 0.02803775853], [-0.050198483160364606, 0.4667405189236919], [-0.5582236474055202, 1.4417258294844]], "found_saddles": [[0.1767865314327848, 0.2532580771345577], [-0.8393538614673723, 0.5832682746556126]], "bias_count": 56, "energy_calls_at_each_min": [1, 1593, 6661], "force_calls_at_each_min": [1, 1593, 6661], "min_height_scale": 3.0, "max_height_scale": 1.5, "min_cov_scale": 1.5, "max_cov_scale": 2.5, "pert_type": "adaptive"}