{"run_id": 4689, "bias_std_dev_scale": 0.170998, "bias_height_fraction": 0.119897, "perturbation_size": 0.005, "optimizer": "FIRE", "found_minima": [[0.6234994049, 0.02803775853], [-0.05065205922062296, 0.4667916794351278], [-0.5582236378754521, 1.4417258362216527]], "found_saddles": [[0.9651900922113391, -0.0217011413995647], [-0.8034331698388965, 0.6338697492430151]], "bias_count": 42, "energy_calls_at_each_min": [1, 2451, 4846], "force_calls_at_each_min": [1, 2451, 4846], "min_height_scale": 1.5, "max_height_scale": 2.5, "min_cov_scale": 2.5, "max_cov_scale": 1.5, "pert_type": "adaptive"}