{"run_id": 1864, "bias_std_dev_scale": 0.170998, "bias_height_fraction": 0.119897, "perturbation_size": 0.005, "optimizer": "FIRE", "found_minima": [[0.6234994049, 0.02803775853], [-0.050012568627163925, 0.4666945007368596], [-0.558223642282263, 1.4417258320039028]], "found_saddles": [[0.4864800631686077, 0.2855678482780115], [0.5803841842002344, 0.42088696606766496]], "bias_count": 99, "energy_calls_at_each_min": [1, 1510, 11974], "force_calls_at_each_min": [1, 1510, 11974], "min_height_scale": 2.5, "max_height_scale": 2.5, "min_cov_scale": 2.0, "max_cov_scale": 1.5, "pert_type": "fixed"}