{"run_id": 4647, "bias_std_dev_scale": 0.170998, "bias_height_fraction": 0.119897, "perturbation_size": 0.005, "optimizer": "FIRE", "found_minima": [[0.6234994049, 0.02803775853], [-0.05001436612499855, 0.4666949121400026], [-0.5582236397449885, 1.441725838664231]], "found_saddles": [[0.19535067602075312, 0.27938432951303577], [-0.8487942427098145, 0.567910997783228]], "bias_count": 45, "energy_calls_at_each_min": [1, 1142, 5294], "force_calls_at_each_min": [1, 1142, 5294], "min_height_scale": 1.5, "max_height_scale": 2.0, "min_cov_scale": 1.5, "max_cov_scale": 3.0, "pert_type": "adaptive"}