{"run_id": 2845, "bias_std_dev_scale": 0.170998, "bias_height_fraction": 0.119897, "perturbation_size": 0.005, "optimizer": "FIRE", "found_minima": [[0.6234994049, 0.02803775853], [-0.05028020453651157, 0.46676140575605557], [-0.5582236512235871, 1.4417258268821183]], "found_saddles": [[0.18894346304785264, 0.27338266448344334], [-0.5444297729809101, 0.27673535617713807]], "bias_count": 118, "energy_calls_at_each_min": [1, 1342, 14662], "force_calls_at_each_min": [1, 1342, 14662], "min_height_scale": 2.5, "max_height_scale": 1.5, "min_cov_scale": 3.0, "max_cov_scale": 2.5, "pert_type": "adaptive"}