{"run_id": 2427, "bias_std_dev_scale": 0.170998, "bias_height_fraction": 0.119897, "perturbation_size": 0.005, "optimizer": "FIRE", "found_minima": [[0.6234994049, 0.02803775853], [-0.05001084270279077, 0.4666941132893009], [-0.5582236316052138, 1.4417258470057743]], "found_saddles": [[0.9875967986712901, -0.013432484407702231], [0.08197982319257777, -0.13810793558020393]], "bias_count": 72, "energy_calls_at_each_min": [1, 1681, 8646], "force_calls_at_each_min": [1, 1681, 8646], "min_height_scale": 2.5, "max_height_scale": 3.0, "min_cov_scale": 3.0, "max_cov_scale": 2.0, "pert_type": "adaptive"}