{"run_id": 4365, "bias_std_dev_scale": 0.170998, "bias_height_fraction": 0.119897, "perturbation_size": 0.005, "optimizer": "FIRE", "found_minima": [[0.6234994049, 0.02803775853], [-0.05016049562407982, 0.4667331142554744], [-0.558223619095142, 1.441725858039168]], "found_saddles": [[0.12442479217615929, 0.2388749876524664], [-0.8107372664787565, 0.6129046883678639]], "bias_count": 76, "energy_calls_at_each_min": [1, 2440, 9104], "force_calls_at_each_min": [1, 2440, 9104], "min_height_scale": 2.5, "max_height_scale": 1.5, "min_cov_scale": 2.0, "max_cov_scale": 2.5, "pert_type": "adaptive"}