{"run_id": 2423, "bias_std_dev_scale": 0.170998, "bias_height_fraction": 0.119897, "perturbation_size": 0.005, "optimizer": "FIRE", "found_minima": [[0.6234994049, 0.02803775853], [-0.050019153813442484, 0.46669659419052506], [-0.5582236415291568, 1.441725836270803]], "found_saddles": [[0.09001078247378413, 0.21886209080962668], [0.46094110995023113, -0.20417138907925023]], "bias_count": 57, "energy_calls_at_each_min": [1, 1273, 7323], "force_calls_at_each_min": [1, 1273, 7323], "min_height_scale": 2.5, "max_height_scale": 3.0, "min_cov_scale": 2.5, "max_cov_scale": 3.0, "pert_type": "adaptive"}