{"run_id": 3099, "bias_std_dev_scale": 0.170998, "bias_height_fraction": 0.119897, "perturbation_size": 0.005, "optimizer": "FIRE", "found_minima": [[0.6234994049, 0.02803775853], [-0.05002005593381143, 0.4666961369784888], [-0.5582236196118605, 1.4417258564067896]], "found_saddles": [[0.21040697609060063, 0.27710794304117814], [-0.762097848126679, 0.6483803346039089]], "bias_count": 93, "energy_calls_at_each_min": [1, 1906, 11250], "force_calls_at_each_min": [1, 1906, 11250], "min_height_scale": 1.5, "max_height_scale": 1.5, "min_cov_scale": 3.0, "max_cov_scale": 2.0, "pert_type": "adaptive"}