{"run_id": 1828, "bias_std_dev_scale": 0.170998, "bias_height_fraction": 0.119897, "perturbation_size": 0.005, "optimizer": "FIRE", "found_minima": [[0.6234994049, 0.02803775853], [-0.0500139830970875, 0.4666950618267465], [-0.5582236201425278, 1.441725857276054]], "found_saddles": [[0.3430647580341247, 0.2738588646177454], [-0.25683584394841186, 0.03724214757693349]], "bias_count": 82, "energy_calls_at_each_min": [1, 1132, 9721], "force_calls_at_each_min": [1, 1132, 9721], "min_height_scale": 2.5, "max_height_scale": 2.0, "min_cov_scale": 1.5, "max_cov_scale": 2.5, "pert_type": "fixed"}