{"run_id": 1143, "bias_std_dev_scale": 0.170998, "bias_height_fraction": 0.119897, "perturbation_size": 0.005, "optimizer": "FIRE", "found_minima": [[0.6234994049, 0.02803775853], [-0.05001395659531438, 0.46669475741165256], [-0.5582236299531966, 1.4417258492856044]], "found_saddles": [[0.10398726199556331, 0.19506270040423934], [-0.8875710512461965, 0.592078294673948]], "bias_count": 34, "energy_calls_at_each_min": [1, 1773, 4200], "force_calls_at_each_min": [1, 1773, 4200], "min_height_scale": 1.5, "max_height_scale": 3.0, "min_cov_scale": 2.5, "max_cov_scale": 3.0, "pert_type": "adaptive"}