{"run_id": 1759, "bias_std_dev_scale": 0.170998, "bias_height_fraction": 0.119897, "perturbation_size": 0.005, "optimizer": "FIRE", "found_minima": [[0.6234994049, 0.02803775853], [-0.050109037508974046, 0.46676809602743835], [-0.558223646488035, 1.4417258301055482]], "found_saddles": [[0.27056819213951105, 0.2928191344709054], [-0.8588768044170765, 0.6191038540519598]], "bias_count": 41, "energy_calls_at_each_min": [1, 1320, 5050], "force_calls_at_each_min": [1, 1320, 5050], "min_height_scale": 2.0, "max_height_scale": 2.5, "min_cov_scale": 3.0, "max_cov_scale": 3.0, "pert_type": "adaptive"}