{"run_id": 4677, "bias_std_dev_scale": 0.170998, "bias_height_fraction": 0.119897, "perturbation_size": 0.005, "optimizer": "FIRE", "found_minima": [[0.6234994049, 0.02803775853], [-0.05009351650418779, 0.4667172276802734], [-0.5582236472050178, 1.4417258296233677]], "found_saddles": [[0.23228782223398375, 0.3038678873077777], [-0.8104892623411946, 0.6072435877805465]], "bias_count": 18, "energy_calls_at_each_min": [1, 1350, 1874], "force_calls_at_each_min": [1, 1350, 1874], "min_height_scale": 1.5, "max_height_scale": 2.5, "min_cov_scale": 1.5, "max_cov_scale": 2.5, "pert_type": "adaptive"}