{"run_id": 394, "bias_std_dev_scale": 0.170998, "bias_height_fraction": 0.119897, "perturbation_size": 0.005, "optimizer": "FIRE", "found_minima": [[0.6234994049, 0.02803775853], [-0.050011095048298634, 0.4666941631740412], [-0.5582236219137983, 1.4417258521313376]], "found_saddles": [[0.19663618353721962, 0.2703661118988512], [-0.2736133398404585, 0.1795187982064322]], "bias_count": 99, "energy_calls_at_each_min": [1, 1747, 11724], "force_calls_at_each_min": [1, 1747, 11724], "min_height_scale": 3.0, "max_height_scale": 1.5, "min_cov_scale": 2.0, "max_cov_scale": 2.0, "pert_type": "fixed"}