{"run_id": 2405, "bias_std_dev_scale": 0.170998, "bias_height_fraction": 0.119897, "perturbation_size": 0.005, "optimizer": "FIRE", "found_minima": [[0.6234994049, 0.02803775853], [-0.0506105980484339, 0.46683564332923105], [-0.5582236356518605, 1.4417258404031397]], "found_saddles": [[0.27465522909195106, 0.3248919681196111], [-0.8393828728814494, 0.5718901260216632]], "bias_count": 13, "energy_calls_at_each_min": [1, 809, 1370], "force_calls_at_each_min": [1, 809, 1370], "min_height_scale": 2.5, "max_height_scale": 3.0, "min_cov_scale": 1.5, "max_cov_scale": 2.5, "pert_type": "adaptive"}