{"run_id": 2847, "bias_std_dev_scale": 0.170998, "bias_height_fraction": 0.119897, "perturbation_size": 0.005, "optimizer": "FIRE", "found_minima": [[0.6234994049, 0.02803775853], [-0.05002120213404699, 0.46669677562238504], [-0.5582236435312349, 1.4417258325114715]], "found_saddles": [[0.2003174447942435, 0.2985297011520912], [-0.07745598192386928, 0.009726476633604451]], "bias_count": 93, "energy_calls_at_each_min": [1, 1670, 11486], "force_calls_at_each_min": [1, 1670, 11486], "min_height_scale": 2.5, "max_height_scale": 1.5, "min_cov_scale": 3.0, "max_cov_scale": 3.0, "pert_type": "adaptive"}