{"run_id": 3453, "bias_std_dev_scale": 0.170998, "bias_height_fraction": 0.119897, "perturbation_size": 0.005, "optimizer": "FIRE", "found_minima": [[0.6234994049, 0.02803775853], [-0.050011205205776295, 0.4666942264752945], [-0.5582236538763868, 1.4417258230612147]], "found_saddles": [[0.13297305506480742, 0.06365381446659832], [-0.7625511610998679, 0.6701269412812852]], "bias_count": 56, "energy_calls_at_each_min": [1, 1050, 7218], "force_calls_at_each_min": [1, 1050, 7218], "min_height_scale": 2.5, "max_height_scale": 3.0, "min_cov_scale": 3.0, "max_cov_scale": 2.5, "pert_type": "adaptive"}