{"run_id": 1707, "bias_std_dev_scale": 0.170998, "bias_height_fraction": 0.119897, "perturbation_size": 0.005, "optimizer": "FIRE", "found_minima": [[0.6234994049, 0.02803775853], [-0.05001098660937758, 0.466694152463132], [-0.558223645561178, 1.4417258309280283]], "found_saddles": [[0.2684503029669272, 0.297470555111896], [-0.8603917655114213, 0.49355588811341894]], "bias_count": 86, "energy_calls_at_each_min": [1, 1471, 10614], "force_calls_at_each_min": [1, 1471, 10614], "min_height_scale": 2.0, "max_height_scale": 2.0, "min_cov_scale": 2.0, "max_cov_scale": 2.0, "pert_type": "adaptive"}