{"run_id": 3303, "bias_std_dev_scale": 0.170998, "bias_height_fraction": 0.119897, "perturbation_size": 0.005, "optimizer": "FIRE", "found_minima": [[0.6234994049, 0.02803775853], [-0.05052257142148202, 0.4668802896014211], [-0.5582236398646055, 1.441725838798504]], "found_saddles": [[0.22310544170492108, 0.30709833955566773], [-0.8150517671098538, 0.6118526841837963]], "bias_count": 26, "energy_calls_at_each_min": [1, 558, 3213], "force_calls_at_each_min": [1, 558, 3213], "min_height_scale": 2.0, "max_height_scale": 3.0, "min_cov_scale": 1.5, "max_cov_scale": 3.0, "pert_type": "adaptive"}