{"run_id": 4201, "bias_std_dev_scale": 0.170998, "bias_height_fraction": 0.119897, "perturbation_size": 0.005, "optimizer": "FIRE", "found_minima": [[0.6234994049, 0.02803775853], [-0.050011680254949474, 0.46669425833645833], [-0.5582236224900337, 1.4417258535375548]], "found_saddles": [[0.6409336611038806, 0.2277582027658313], [-0.8566022849347359, 0.4707924176946953]], "bias_count": 34, "energy_calls_at_each_min": [1, 1709, 3912], "force_calls_at_each_min": [1, 1709, 3912], "min_height_scale": 1.5, "max_height_scale": 3.0, "min_cov_scale": 2.0, "max_cov_scale": 1.5, "pert_type": "adaptive"}