{"run_id": 1771, "bias_std_dev_scale": 0.170998, "bias_height_fraction": 0.119897, "perturbation_size": 0.005, "optimizer": "FIRE", "found_minima": [[0.6234994049, 0.02803775853], [-0.05035371735386541, 0.46677318568407006], [-0.5582236302467986, 1.4417258483717268]], "found_saddles": [[0.40393995406115885, 0.34967978256508436], [-0.7105533538446742, 0.6719711190694884]], "bias_count": 45, "energy_calls_at_each_min": [1, 1109, 5290], "force_calls_at_each_min": [1, 1109, 5290], "min_height_scale": 2.0, "max_height_scale": 3.0, "min_cov_scale": 2.0, "max_cov_scale": 2.0, "pert_type": "adaptive"}