{"run_id": 5001, "bias_std_dev_scale": 0.170998, "bias_height_fraction": 0.119897, "perturbation_size": 0.005, "optimizer": "FIRE", "found_minima": [[0.6234994049, 0.02803775853], [-0.05001110645249396, 0.46669419300551124], [-0.5582236434656412, 1.4417258309025671]], "found_saddles": [[0.12152506344475476, 0.15824921987165957], [-0.8399331336151158, 0.549600980092605]], "bias_count": 87, "energy_calls_at_each_min": [1, 1922, 10166], "force_calls_at_each_min": [1, 1922, 10166], "min_height_scale": 3.0, "max_height_scale": 1.5, "min_cov_scale": 2.0, "max_cov_scale": 1.5, "pert_type": "adaptive"}