{"run_id": 2587, "bias_std_dev_scale": 0.170998, "bias_height_fraction": 0.119897, "perturbation_size": 0.005, "optimizer": "FIRE", "found_minima": [[0.6234994049, 0.02803775853], [-0.05001889367843766, 0.4666966714217452], [-0.5582236525648809, 1.4417258233025017]], "found_saddles": [[0.23934385009433987, 0.31327168014482754], [-0.13769944940947285, -0.0012827476761364288]], "bias_count": 140, "energy_calls_at_each_min": [1, 2634, 16964], "force_calls_at_each_min": [1, 2634, 16964], "min_height_scale": 1.5, "max_height_scale": 1.5, "min_cov_scale": 3.0, "max_cov_scale": 2.0, "pert_type": "adaptive"}