{"run_id": 4533, "bias_std_dev_scale": 0.170998, "bias_height_fraction": 0.119897, "perturbation_size": 0.005, "optimizer": "FIRE", "found_minima": [[0.6234994049, 0.02803775853], [-0.05110331838016973, 0.46699417131184295], [-0.5582236256401987, 1.4417258486462574]], "found_saddles": [[0.2678954099390352, 0.292849986492971], [-0.24838067977598602, 0.14521963250247508]], "bias_count": 68, "energy_calls_at_each_min": [1, 1226, 8075], "force_calls_at_each_min": [1, 1226, 8075], "min_height_scale": 3.0, "max_height_scale": 2.0, "min_cov_scale": 2.5, "max_cov_scale": 2.5, "pert_type": "adaptive"}