{"run_id": 1444, "bias_std_dev_scale": 0.170998, "bias_height_fraction": 0.119897, "perturbation_size": 0.005, "optimizer": "FIRE", "found_minima": [[0.6234994049, 0.02803775853], [-0.558223636423079, 1.441725843732718]], "found_saddles": [[-0.8859721457232531, 0.5347510437605154]], "bias_count": 5000, "energy_calls_at_each_min": [1, 4910], "force_calls_at_each_min": [1, 4910], "min_height_scale": 3.0, "max_height_scale": 2.0, "min_cov_scale": 1.5, "max_cov_scale": 2.5, "pert_type": "fixed"}