{"run_id": 3351, "bias_std_dev_scale": 0.170998, "bias_height_fraction": 0.119897, "perturbation_size": 0.005, "optimizer": "FIRE", "found_minima": [[0.6234994049, 0.02803775853], [-0.05004237337689487, 0.4667005636128965], [-0.5582236185448859, 1.4417258574770242]], "found_saddles": [[0.16959823547932312, 0.24676100367354226], [-0.8108786887112044, 0.6220278159050953]], "bias_count": 61, "energy_calls_at_each_min": [1, 2108, 6973], "force_calls_at_each_min": [1, 2108, 6973], "min_height_scale": 2.5, "max_height_scale": 1.5, "min_cov_scale": 2.5, "max_cov_scale": 3.0, "pert_type": "adaptive"}