{"run_id": 1192, "bias_std_dev_scale": 0.170998, "bias_height_fraction": 0.119897, "perturbation_size": 0.005, "optimizer": "FIRE", "found_minima": [[0.6234994049, 0.02803775853], [-0.050199704715495334, 0.466733245112162], [-0.5582236299400095, 1.441725849717925]], "found_saddles": [[0.09051432062853079, 0.13516016730313596], [-0.6747834066962777, 0.7234051491005052]], "bias_count": 76, "energy_calls_at_each_min": [1, 1823, 8950], "force_calls_at_each_min": [1, 1823, 8950], "min_height_scale": 2.0, "max_height_scale": 2.0, "min_cov_scale": 2.0, "max_cov_scale": 1.5, "pert_type": "fixed"}