{"run_id": 292, "bias_std_dev_scale": 0.170998, "bias_height_fraction": 0.119897, "perturbation_size": 0.005, "optimizer": "FIRE", "found_minima": [[0.6234994049, 0.02803775853], [-0.5582236545564077, 1.441725822138734]], "found_saddles": [[-0.831541511108192, 0.5980367211971743]], "bias_count": 5000, "energy_calls_at_each_min": [1, 2846], "force_calls_at_each_min": [1, 2846], "min_height_scale": 2.5, "max_height_scale": 2.0, "min_cov_scale": 1.5, "max_cov_scale": 2.5, "pert_type": "fixed"}