{"run_id": 2394, "bias_std_dev_scale": 0.170998, "bias_height_fraction": 0.119897, "perturbation_size": 0.005, "optimizer": "FIRE", "found_minima": [[0.6234994049, 0.02803775853], [-0.0514117167351875, 0.4669135794710188], [-0.5582236210188082, 1.441725855015348]], "found_saddles": [[0.3970800590436546, 0.33242111241033706], [-0.30303155845456287, 0.09770675315882343]], "bias_count": 81, "energy_calls_at_each_min": [1, 1846, 10067], "force_calls_at_each_min": [1, 1846, 10067], "min_height_scale": 2.5, "max_height_scale": 2.5, "min_cov_scale": 3.0, "max_cov_scale": 2.0, "pert_type": "fixed"}