{"run_id": 2175, "bias_std_dev_scale": 0.170998, "bias_height_fraction": 0.119897, "perturbation_size": 0.005, "optimizer": "FIRE", "found_minima": [[0.6234994049, 0.02803775853], [-0.05001372906375684, 0.46669469388525614], [-0.5582236479805149, 1.4417258293598785]], "found_saddles": [[0.3047353006407203, 0.30504555505213804], [-0.8354533285097492, 0.6053522359611064]], "bias_count": 29, "energy_calls_at_each_min": [1, 1360, 3504], "force_calls_at_each_min": [1, 1360, 3504], "min_height_scale": 1.5, "max_height_scale": 3.0, "min_cov_scale": 3.0, "max_cov_scale": 3.0, "pert_type": "adaptive"}