{"run_id": 3297, "bias_std_dev_scale": 0.170998, "bias_height_fraction": 0.119897, "perturbation_size": 0.005, "optimizer": "FIRE", "found_minima": [[0.6234994049, 0.02803775853], [-0.05001189029231341, 0.4666943534708791], [-0.5582236189867321, 1.4417258570473892]], "found_saddles": [[0.12109380512553895, 0.10880687232740426], [-0.8864999000037174, 0.478702053384906]], "bias_count": 40, "energy_calls_at_each_min": [1, 1815, 4846], "force_calls_at_each_min": [1, 1815, 4846], "min_height_scale": 2.0, "max_height_scale": 3.0, "min_cov_scale": 1.5, "max_cov_scale": 1.5, "pert_type": "adaptive"}