{"run_id": 1696, "bias_std_dev_scale": 0.170998, "bias_height_fraction": 0.119897, "perturbation_size": 0.005, "optimizer": "FIRE", "found_minima": [[0.6234994049, 0.02803775853], [-0.05019976535825922, 0.46674195479503183], [-0.5582236205993428, 1.4417258554787677]], "found_saddles": [[0.2647427652339842, 0.3203889444091452], [-0.45656133193495135, 0.7459608497707569]], "bias_count": 103, "energy_calls_at_each_min": [1, 1912, 12322], "force_calls_at_each_min": [1, 1912, 12322], "min_height_scale": 2.0, "max_height_scale": 2.0, "min_cov_scale": 1.5, "max_cov_scale": 1.5, "pert_type": "fixed"}