{"run_id": 111, "bias_std_dev_scale": 0.170998, "bias_height_fraction": 0.119897, "perturbation_size": 0.005, "optimizer": "FIRE", "found_minima": [[0.6234994049, 0.02803775853], [-0.050014996783598345, 0.46669502514450684], [-0.5582236494763234, 1.4417258279553493]], "found_saddles": [[0.1784735811189556, 0.24899548878333816], [-0.8298399613113802, 0.6040172479870263]], "bias_count": 26, "energy_calls_at_each_min": [1, 754, 2946], "force_calls_at_each_min": [1, 754, 2946], "min_height_scale": 1.5, "max_height_scale": 3.0, "min_cov_scale": 2.0, "max_cov_scale": 3.0, "pert_type": "adaptive"}