{"run_id": 2408, "bias_std_dev_scale": 0.170998, "bias_height_fraction": 0.119897, "perturbation_size": 0.005, "optimizer": "FIRE", "found_minima": [[0.6234994049, 0.02803775853], [-0.050205814527928945, 0.46673582160760985], [-0.5582236192892949, 1.4417258567474722]], "found_saddles": [[0.538591460451591, 0.2681584579863462], [-0.265977608636046, -0.0967380617619529]], "bias_count": 98, "energy_calls_at_each_min": [1, 2098, 11868], "force_calls_at_each_min": [1, 2098, 11868], "min_height_scale": 2.5, "max_height_scale": 3.0, "min_cov_scale": 2.0, "max_cov_scale": 1.5, "pert_type": "fixed"}