{"run_id": 302, "bias_std_dev_scale": 0.170998, "bias_height_fraction": 0.119897, "perturbation_size": 0.005, "optimizer": "FIRE", "found_minima": [[0.6234994049, 0.02803775853], [-0.05001393129754605, 0.46669474396779337], [-0.558223620145504, 1.4417258567589921]], "found_saddles": [[0.22236200547298687, 0.29100986287667613], [-0.8173723432524567, 0.5307191720958021]], "bias_count": 56, "energy_calls_at_each_min": [1, 1202, 7174], "force_calls_at_each_min": [1, 1202, 7174], "min_height_scale": 2.5, "max_height_scale": 2.0, "min_cov_scale": 2.0, "max_cov_scale": 3.0, "pert_type": "fixed"}