{"run_id": 666, "bias_std_dev_scale": 0.170998, "bias_height_fraction": 0.119897, "perturbation_size": 0.005, "optimizer": "FIRE", "found_minima": [[0.6234994049, 0.02803775853], [-0.0500114835404808, 0.4666949846966578], [-0.558223623047755, 1.441725851716925]], "found_saddles": [[0.21192127410731598, 0.2983371525330725], [-0.16046896331667354, 0.07430614343448742]], "bias_count": 126, "energy_calls_at_each_min": [1, 1499, 16091], "force_calls_at_each_min": [1, 1499, 16091], "min_height_scale": 2.0, "max_height_scale": 1.5, "min_cov_scale": 3.0, "max_cov_scale": 2.0, "pert_type": "fixed"}