{"run_id": 1121, "bias_std_dev_scale": 0.170998, "bias_height_fraction": 0.119897, "perturbation_size": 0.005, "optimizer": "FIRE", "found_minima": [[0.6234994049, 0.02803775853], [-0.050158549823338144, 0.46672383462624156], [-0.5582236390858288, 1.441725841781332]], "found_saddles": [[0.23519468975297128, 0.35705120567647275], [-0.4751230442391077, 0.04884399241277951]], "bias_count": 79, "energy_calls_at_each_min": [1, 1377, 9436], "force_calls_at_each_min": [1, 1377, 9436], "min_height_scale": 1.5, "max_height_scale": 3.0, "min_cov_scale": 1.5, "max_cov_scale": 1.5, "pert_type": "adaptive"}