{"run_id": 4649, "bias_std_dev_scale": 0.170998, "bias_height_fraction": 0.119897, "perturbation_size": 0.005, "optimizer": "FIRE", "found_minima": [[0.6234994049, 0.02803775853], [-0.050100774016985324, 0.4667191473824072], [-0.5582236176241545, 1.4417258591023125]], "found_saddles": [[0.21844316346867376, 0.27685153653229255], [-0.753649464818778, 0.6512371294825161]], "bias_count": 55, "energy_calls_at_each_min": [1, 1685, 6366], "force_calls_at_each_min": [1, 1685, 6366], "min_height_scale": 1.5, "max_height_scale": 2.0, "min_cov_scale": 2.0, "max_cov_scale": 1.5, "pert_type": "adaptive"}