{"run_id": 815, "bias_std_dev_scale": 0.170998, "bias_height_fraction": 0.119897, "perturbation_size": 0.005, "optimizer": "FIRE", "found_minima": [[0.6234994049, 0.02803775853], [-0.05010852187090143, 0.46671789247100076], [-0.5582236485462163, 1.4417258280596428]], "found_saddles": [[0.1441211307656174, 0.2150658026293398], [-0.8275739137509805, 0.6286264249942998]], "bias_count": 41, "energy_calls_at_each_min": [1, 996, 4797], "force_calls_at_each_min": [1, 996, 4797], "min_height_scale": 2.5, "max_height_scale": 2.0, "min_cov_scale": 2.0, "max_cov_scale": 3.0, "pert_type": "adaptive"}