{"run_id": 4121, "bias_std_dev_scale": 0.170998, "bias_height_fraction": 0.119897, "perturbation_size": 0.005, "optimizer": "FIRE", "found_minima": [[0.6234994049, 0.02803775853], [-0.05115385024345584, 0.4669519422328263], [-0.5582236507682222, 1.4417258264246924]], "found_saddles": [[0.34300184050719557, 0.32335304819787314], [-0.7816554673808773, 0.6536843642539588]], "bias_count": 97, "energy_calls_at_each_min": [1, 3072, 11799], "force_calls_at_each_min": [1, 3072, 11799], "min_height_scale": 1.5, "max_height_scale": 1.5, "min_cov_scale": 3.0, "max_cov_scale": 1.5, "pert_type": "adaptive"}