{"run_id": 3279, "bias_std_dev_scale": 0.170998, "bias_height_fraction": 0.119897, "perturbation_size": 0.005, "optimizer": "FIRE", "found_minima": [[0.6234994049, 0.02803775853], [-0.5582236310990761, 1.4417258485069768]], "found_saddles": [[-0.4044738613776005, 0.13266672044747477]], "bias_count": 5000, "energy_calls_at_each_min": [1, 9866], "force_calls_at_each_min": [1, 9866], "min_height_scale": 2.0, "max_height_scale": 2.5, "min_cov_scale": 2.0, "max_cov_scale": 3.0, "pert_type": "adaptive"}