{"run_id": 616, "bias_std_dev_scale": 0.170998, "bias_height_fraction": 0.119897, "perturbation_size": 0.005, "optimizer": "FIRE", "found_minima": [[0.6234994049, 0.02803775853], [-0.05001079917342726, 0.4666941018519058], [-0.5582236416780803, 1.4417258364011747]], "found_saddles": [[0.9426771165478895, 0.044859966999365744], [-0.7965860782848923, 0.6305751545768745]], "bias_count": 35, "energy_calls_at_each_min": [1, 1498, 4094], "force_calls_at_each_min": [1, 1498, 4094], "min_height_scale": 1.5, "max_height_scale": 3.0, "min_cov_scale": 2.0, "max_cov_scale": 1.5, "pert_type": "fixed"}