{"run_id": 388, "bias_std_dev_scale": 0.170998, "bias_height_fraction": 0.119897, "perturbation_size": 0.005, "optimizer": "FIRE", "found_minima": [[0.6234994049, 0.02803775853], [-0.05002603909298968, 0.4667028689886385], [-0.5582236292644414, 1.441725844944122]], "found_saddles": [[0.24315704621631795, 0.30248844252623885], [-0.7417538013602268, 0.7136713420651634]], "bias_count": 48, "energy_calls_at_each_min": [1, 1509, 5499], "force_calls_at_each_min": [1, 1509, 5499], "min_height_scale": 3.0, "max_height_scale": 1.5, "min_cov_scale": 1.5, "max_cov_scale": 2.5, "pert_type": "fixed"}