{"run_id": 9, "bias_std_dev_scale": 0.170998, "bias_height_fraction": 0.119897, "perturbation_size": 0.005, "optimizer": "FIRE", "found_minima": [[0.6234994049, 0.02803775853], [-0.05007975869629861, 0.46672022270055025], [-0.5582236513015872, 1.4417258251318386]], "found_saddles": [[0.1885096275265425, 0.0035387893003196932], [-0.8210731248010739, 0.626238567072997]], "bias_count": 57, "energy_calls_at_each_min": [1, 2436, 6423], "force_calls_at_each_min": [1, 2436, 6423], "min_height_scale": 1.5, "max_height_scale": 1.5, "min_cov_scale": 2.0, "max_cov_scale": 1.5, "pert_type": "adaptive"}