{"run_id": 3592, "bias_std_dev_scale": 0.170998, "bias_height_fraction": 0.119897, "perturbation_size": 0.005, "optimizer": "FIRE", "found_minima": [[0.6234994049, 0.02803775853], [-0.050025603620738594, 0.4666975292324171], [-0.5582236302351269, 1.4417258487425466]], "found_saddles": [[0.24754197794995542, 0.3082285781655627], [-0.8571845764430063, 0.5490307589444842]], "bias_count": 59, "energy_calls_at_each_min": [1, 1576, 6885], "force_calls_at_each_min": [1, 1576, 6885], "min_height_scale": 1.5, "max_height_scale": 1.5, "min_cov_scale": 2.0, "max_cov_scale": 1.5, "pert_type": "fixed"}