{"run_id": 1433, "bias_std_dev_scale": 0.170998, "bias_height_fraction": 0.119897, "perturbation_size": 0.005, "optimizer": "FIRE", "found_minima": [[0.6234994049, 0.02803775853], [-0.05001173204309213, 0.46669449914343697], [-0.5582236511247405, 1.4417258256481211]], "found_saddles": [[0.21829109450191445, 0.2910323816065735], [-0.08387057187784458, -0.030216511849933556]], "bias_count": 128, "energy_calls_at_each_min": [1, 1990, 15784], "force_calls_at_each_min": [1, 1990, 15784], "min_height_scale": 3.0, "max_height_scale": 1.5, "min_cov_scale": 3.0, "max_cov_scale": 1.5, "pert_type": "adaptive"}