{"run_id": 3467, "bias_std_dev_scale": 0.170998, "bias_height_fraction": 0.119897, "perturbation_size": 0.005, "optimizer": "FIRE", "found_minima": [[0.6234994049, 0.02803775853], [-0.050024632530459016, 0.46669797256439716], [-0.5582236485288792, 1.4417258279377574]], "found_saddles": [[0.13238334737101298, 0.23845046607888298], [-0.8481619516777213, 0.5769448890590769]], "bias_count": 67, "energy_calls_at_each_min": [1, 1852, 7979], "force_calls_at_each_min": [1, 1852, 7979], "min_height_scale": 3.0, "max_height_scale": 1.5, "min_cov_scale": 2.0, "max_cov_scale": 2.0, "pert_type": "adaptive"}