{"run_id": 1393, "bias_std_dev_scale": 0.170998, "bias_height_fraction": 0.119897, "perturbation_size": 0.005, "optimizer": "FIRE", "found_minima": [[0.6234994049, 0.02803775853], [-0.05001614204901477, 0.46669518057966636], [-0.5582236479162657, 1.4417258291634516]], "found_saddles": [[0.034937389980244586, 0.15079884586140613], [0.6298917752675954, 0.3790384235521047]], "bias_count": 70, "energy_calls_at_each_min": [1, 1564, 8041], "force_calls_at_each_min": [1, 1564, 8041], "min_height_scale": 2.5, "max_height_scale": 3.0, "min_cov_scale": 2.5, "max_cov_scale": 1.5, "pert_type": "adaptive"}