{"run_id": 2997, "bias_std_dev_scale": 0.170998, "bias_height_fraction": 0.119897, "perturbation_size": 0.005, "optimizer": "FIRE", "found_minima": [[0.6234994049, 0.02803775853], [-0.050049716881699305, 0.46670521353346694], [-0.5582236384804112, 1.4417258408581881]], "found_saddles": [[0.15385632237237515, 0.0964305466544625], [-0.38916168656707123, 0.21639702321157014]], "bias_count": 82, "energy_calls_at_each_min": [1, 1663, 9594], "force_calls_at_each_min": [1, 1663, 9594], "min_height_scale": 3.0, "max_height_scale": 2.0, "min_cov_scale": 2.5, "max_cov_scale": 2.5, "pert_type": "adaptive"}