{"run_id": 3093, "bias_std_dev_scale": 0.170998, "bias_height_fraction": 0.119897, "perturbation_size": 0.005, "optimizer": "FIRE", "found_minima": [[0.6234994049, 0.02803775853], [-0.050054679263944, 0.46670353427766886], [-0.5582236400534593, 1.441725838497145]], "found_saddles": [[0.17633025735095662, 0.29861389595519555], [-0.777203417953475, 0.6752629110548245]], "bias_count": 80, "energy_calls_at_each_min": [1, 1565, 9581], "force_calls_at_each_min": [1, 1565, 9581], "min_height_scale": 1.5, "max_height_scale": 1.5, "min_cov_scale": 2.5, "max_cov_scale": 2.5, "pert_type": "adaptive"}