{"run_id": 296, "bias_std_dev_scale": 0.170998, "bias_height_fraction": 0.119897, "perturbation_size": 0.005, "optimizer": "FIRE", "found_minima": [[0.6234994049, 0.02803775853], [-0.05001119876257169, 0.4666941774202721], [-0.558223615532357, 1.4417258600262357]], "found_saddles": [[0.29418120306809475, 0.31124804471306294], [-0.7848861242839366, 0.4521146117332117]], "bias_count": 74, "energy_calls_at_each_min": [1, 1838, 8672], "force_calls_at_each_min": [1, 1838, 8672], "min_height_scale": 2.5, "max_height_scale": 2.0, "min_cov_scale": 2.0, "max_cov_scale": 1.5, "pert_type": "fixed"}