{"run_id": 4292, "bias_std_dev_scale": 0.170998, "bias_height_fraction": 0.119897, "perturbation_size": 0.005, "optimizer": "FIRE", "found_minima": [[0.6234994049, 0.02803775853], [-0.050016576988594366, 0.4666952760198793], [-0.5582236216594744, 1.4417258533767368]], "found_saddles": [[0.18051848715875732, 0.2792190486790744], [-0.8710647014324546, 0.5102155255991564]], "bias_count": 27, "energy_calls_at_each_min": [1, 1043, 3190], "force_calls_at_each_min": [1, 1043, 3190], "min_height_scale": 2.0, "max_height_scale": 2.5, "min_cov_scale": 1.5, "max_cov_scale": 2.5, "pert_type": "fixed"}