{"run_id": 1599, "bias_std_dev_scale": 0.170998, "bias_height_fraction": 0.119897, "perturbation_size": 0.005, "optimizer": "FIRE", "found_minima": [[0.6234994049, 0.02803775853], [-0.05002941540081425, 0.4666986679387179], [-0.5582236544708411, 1.441725822638986]], "found_saddles": [[0.1864163190305288, 0.27665858867710647], [-0.7957128686665176, 0.6227335295991705]], "bias_count": 49, "energy_calls_at_each_min": [1, 1344, 5830], "force_calls_at_each_min": [1, 1344, 5830], "min_height_scale": 1.5, "max_height_scale": 2.0, "min_cov_scale": 3.0, "max_cov_scale": 3.0, "pert_type": "adaptive"}