{"run_id": 2842, "bias_std_dev_scale": 0.170998, "bias_height_fraction": 0.119897, "perturbation_size": 0.005, "optimizer": "FIRE", "found_minima": [[0.6234994049, 0.02803775853], [-0.05002826780249154, 0.4666981609583819], [-0.5582236122055875, 1.4417258645178008]], "found_saddles": [[0.3459023046725429, 0.2919688641540384], [-0.1701035353266354, 0.11578909162603317]], "bias_count": 100, "energy_calls_at_each_min": [1, 3117, 12166], "force_calls_at_each_min": [1, 3117, 12166], "min_height_scale": 2.5, "max_height_scale": 1.5, "min_cov_scale": 3.0, "max_cov_scale": 2.0, "pert_type": "fixed"}