{"run_id": 4193, "bias_std_dev_scale": 0.170998, "bias_height_fraction": 0.119897, "perturbation_size": 0.005, "optimizer": "FIRE", "found_minima": [[0.6234994049, 0.02803775853], [-0.05281345276311519, 0.4673267119097594], [-0.5582236306982418, 1.4417258485870135]], "found_saddles": [[0.048901295660983404, 0.2075469452734636], [-0.8699101125925749, 0.4703649466049847]], "bias_count": 55, "energy_calls_at_each_min": [1, 1593, 6466], "force_calls_at_each_min": [1, 1593, 6466], "min_height_scale": 1.5, "max_height_scale": 3.0, "min_cov_scale": 1.5, "max_cov_scale": 1.5, "pert_type": "adaptive"}