{"run_id": 2555, "bias_std_dev_scale": 0.170998, "bias_height_fraction": 0.119897, "perturbation_size": 0.005, "optimizer": "FIRE", "found_minima": [[0.6234994049, 0.02803775853], [-0.05047310707492933, 0.466790660559575], [-0.5582236453035472, 1.441725828701713]], "found_saddles": [[0.1554883579505421, 0.03600967033635946], [-0.20245260093899642, 0.08953100795876359]], "bias_count": 73, "energy_calls_at_each_min": [1, 1444, 8951], "force_calls_at_each_min": [1, 1444, 8951], "min_height_scale": 3.0, "max_height_scale": 3.0, "min_cov_scale": 3.0, "max_cov_scale": 2.0, "pert_type": "adaptive"}