{"run_id": 2657, "bias_std_dev_scale": 0.170998, "bias_height_fraction": 0.119897, "perturbation_size": 0.005, "optimizer": "FIRE", "found_minima": [[0.6234994049, 0.02803775853], [-0.050015805408169786, 0.4666950673190263], [-0.5582236426581861, 1.441725833874311]], "found_saddles": [[0.5148301849233553, 0.2736224034229247], [-0.8693108011147536, 0.5952482396230251]], "bias_count": 39, "energy_calls_at_each_min": [1, 1509, 4437], "force_calls_at_each_min": [1, 1509, 4437], "min_height_scale": 1.5, "max_height_scale": 3.0, "min_cov_scale": 1.5, "max_cov_scale": 1.5, "pert_type": "adaptive"}