{"run_id": 865, "bias_std_dev_scale": 0.170998, "bias_height_fraction": 0.119897, "perturbation_size": 0.005, "optimizer": "FIRE", "found_minima": [[0.6234994049, 0.02803775853], [-0.050010892343393724, 0.4666941231994828], [-0.5582236502522187, 1.44172582624081]], "found_saddles": [[0.946302999072002, 0.04701579025668104], [-0.3910780269423435, 0.24375222667023488]], "bias_count": 56, "energy_calls_at_each_min": [1, 1575, 6548], "force_calls_at_each_min": [1, 1575, 6548], "min_height_scale": 2.5, "max_height_scale": 3.0, "min_cov_scale": 1.5, "max_cov_scale": 1.5, "pert_type": "adaptive"}