{"run_id": 2566, "bias_std_dev_scale": 0.170998, "bias_height_fraction": 0.119897, "perturbation_size": 0.005, "optimizer": "FIRE", "found_minima": [[0.6234994049, 0.02803775853], [-0.5582236180910929, 1.441725856681341]], "found_saddles": [[-0.1552519654238527, 0.01722599189119159]], "bias_count": 5000, "energy_calls_at_each_min": [1, 10127], "force_calls_at_each_min": [1, 10127], "min_height_scale": 1.5, "max_height_scale": 1.5, "min_cov_scale": 1.5, "max_cov_scale": 3.0, "pert_type": "fixed"}