{"run_id": 2641, "bias_std_dev_scale": 0.170998, "bias_height_fraction": 0.119897, "perturbation_size": 0.005, "optimizer": "FIRE", "found_minima": [[0.6234994049, 0.02803775853], [-0.051305368811752, 0.4669776066691136], [-0.5582236281073436, 1.4417258445687335]], "found_saddles": [[0.14272174274283653, 0.07275702290571687], [-0.45368681143701844, 0.14386958796372404]], "bias_count": 123, "energy_calls_at_each_min": [1, 1872, 14949], "force_calls_at_each_min": [1, 1872, 14949], "min_height_scale": 1.5, "max_height_scale": 2.5, "min_cov_scale": 2.5, "max_cov_scale": 1.5, "pert_type": "adaptive"}