{"run_id": 1753, "bias_std_dev_scale": 0.170998, "bias_height_fraction": 0.119897, "perturbation_size": 0.005, "optimizer": "FIRE", "found_minima": [[0.6234994049, 0.02803775853], [-0.05001176498424993, 0.4666943086596963], [-0.5582236454596804, 1.441725831091724]], "found_saddles": [[0.955399931565798, -0.045773298240797886], [-0.6774750079707149, 0.32404652800008943]], "bias_count": 92, "energy_calls_at_each_min": [1, 2487, 11110], "force_calls_at_each_min": [1, 2487, 11110], "min_height_scale": 2.0, "max_height_scale": 2.5, "min_cov_scale": 3.0, "max_cov_scale": 1.5, "pert_type": "adaptive"}