{"run_id": 3721, "bias_std_dev_scale": 0.170998, "bias_height_fraction": 0.119897, "perturbation_size": 0.005, "optimizer": "FIRE", "found_minima": [[0.6234994049, 0.02803775853], [-0.050026959276152666, 0.4667006666519356], [-0.558223629635571, 1.4417258495140897]], "found_saddles": [[0.13471068666960445, 0.07388584809853746], [-0.8277956195159624, 0.6119496262012943]], "bias_count": 127, "energy_calls_at_each_min": [1, 1982, 14915], "force_calls_at_each_min": [1, 1982, 14915], "min_height_scale": 2.0, "max_height_scale": 1.5, "min_cov_scale": 2.0, "max_cov_scale": 1.5, "pert_type": "adaptive"}