{"run_id": 1294, "bias_std_dev_scale": 0.170998, "bias_height_fraction": 0.119897, "perturbation_size": 0.005, "optimizer": "FIRE", "found_minima": [[0.6234994049, 0.02803775853], [-0.053506203368777684, 0.4671866506453242], [-0.5582236504119883, 1.4417258264438357]], "found_saddles": [[0.34274674084765233, 0.34892722117445446], [-0.8473278335858, 0.5919678351812586]], "bias_count": 88, "energy_calls_at_each_min": [1, 2037, 10938], "force_calls_at_each_min": [1, 2037, 10938], "min_height_scale": 2.5, "max_height_scale": 1.5, "min_cov_scale": 2.0, "max_cov_scale": 3.0, "pert_type": "fixed"}