{"run_id": 3155, "bias_std_dev_scale": 0.170998, "bias_height_fraction": 0.119897, "perturbation_size": 0.005, "optimizer": "FIRE", "found_minima": [[0.6234994049, 0.02803775853], [-0.05002291648118054, 0.4666964573329472], [-0.5582236220030272, 1.441725855291723]], "found_saddles": [[0.28369063888260826, 0.3248307326841079], [-0.8082305883711616, 0.6448031372207352]], "bias_count": 44, "energy_calls_at_each_min": [1, 2025, 5129], "force_calls_at_each_min": [1, 2025, 5129], "min_height_scale": 1.5, "max_height_scale": 2.5, "min_cov_scale": 2.5, "max_cov_scale": 2.0, "pert_type": "adaptive"}