{"run_id": 772, "bias_std_dev_scale": 0.170998, "bias_height_fraction": 0.119897, "perturbation_size": 0.005, "optimizer": "FIRE", "found_minima": [[0.6234994049, 0.02803775853], [-0.05087339472479033, 0.4669563035946719], [-0.558223638070787, 1.4417258365309475]], "found_saddles": [[0.14906198742897203, 0.21363490850197295], [-0.8529651356979558, 0.5988827267340984]], "bias_count": 65, "energy_calls_at_each_min": [1, 1621, 8014], "force_calls_at_each_min": [1, 1621, 8014], "min_height_scale": 2.5, "max_height_scale": 1.5, "min_cov_scale": 1.5, "max_cov_scale": 2.5, "pert_type": "fixed"}