{"run_id": 4746, "bias_std_dev_scale": 0.170998, "bias_height_fraction": 0.119897, "perturbation_size": 0.005, "optimizer": "FIRE", "found_minima": [[0.6234994049, 0.02803775853], [-0.05005103342313463, 0.466703867528025], [-0.5582236221121832, 1.4417258551560581]], "found_saddles": [[0.24587684009802907, 0.2843580995281605], [-0.8084404766997062, 0.635032940977462]], "bias_count": 92, "energy_calls_at_each_min": [1, 2189, 11060], "force_calls_at_each_min": [1, 2189, 11060], "min_height_scale": 2.0, "max_height_scale": 1.5, "min_cov_scale": 2.0, "max_cov_scale": 2.0, "pert_type": "fixed"}