{"run_id": 3110, "bias_std_dev_scale": 0.170998, "bias_height_fraction": 0.119897, "perturbation_size": 0.005, "optimizer": "FIRE", "found_minima": [[0.6234994049, 0.02803775853], [-0.05004173814289393, 0.4667004901823175], [-0.5582236224318262, 1.4417258539428979]], "found_saddles": [[0.15476424401771668, 0.21201424096001653], [-0.5302936529120247, 0.31006032207469303]], "bias_count": 56, "energy_calls_at_each_min": [1, 1154, 6579], "force_calls_at_each_min": [1, 1154, 6579], "min_height_scale": 1.5, "max_height_scale": 2.0, "min_cov_scale": 1.5, "max_cov_scale": 3.0, "pert_type": "fixed"}