{"run_id": 2387, "bias_std_dev_scale": 0.170998, "bias_height_fraction": 0.119897, "perturbation_size": 0.005, "optimizer": "FIRE", "found_minima": [[0.6234994049, 0.02803775853], [-0.05007592173808793, 0.4667065390390964], [-0.5582236466656267, 1.4417258305436094]], "found_saddles": [[0.29621145675127175, 0.3160580523145536], [-0.6606839314626001, 0.3557660788211879]], "bias_count": 66, "energy_calls_at_each_min": [1, 1397, 7827], "force_calls_at_each_min": [1, 1397, 7827], "min_height_scale": 2.5, "max_height_scale": 2.5, "min_cov_scale": 2.5, "max_cov_scale": 2.0, "pert_type": "adaptive"}