{"run_id": 3339, "bias_std_dev_scale": 0.170998, "bias_height_fraction": 0.119897, "perturbation_size": 0.005, "optimizer": "FIRE", "found_minima": [[0.6234994049, 0.02803775853], [-0.05095019675899701, 0.4669953463321464], [-0.5582236384050231, 1.4417258425324149]], "found_saddles": [[0.190347899914043, 0.2651591920852065], [-0.8444663844386453, 0.6101053392615451]], "bias_count": 71, "energy_calls_at_each_min": [1, 2083, 8599], "force_calls_at_each_min": [1, 2083, 8599], "min_height_scale": 2.5, "max_height_scale": 1.5, "min_cov_scale": 2.0, "max_cov_scale": 2.0, "pert_type": "adaptive"}