{"run_id": 321, "bias_std_dev_scale": 0.170998, "bias_height_fraction": 0.119897, "perturbation_size": 0.005, "optimizer": "FIRE", "found_minima": [[0.6234994049, 0.02803775853], [-0.050017051551816655, 0.46669546100135306], [-0.5582236187535082, 1.4417258572426084]], "found_saddles": [[0.07025693512813905, 0.14173935297511975], [-0.8481719031890526, 0.533719302770743]], "bias_count": 35, "energy_calls_at_each_min": [1, 1575, 3772], "force_calls_at_each_min": [1, 1575, 3772], "min_height_scale": 2.5, "max_height_scale": 2.5, "min_cov_scale": 1.5, "max_cov_scale": 1.5, "pert_type": "adaptive"}