{"run_id": 3676, "bias_std_dev_scale": 0.170998, "bias_height_fraction": 0.119897, "perturbation_size": 0.005, "optimizer": "FIRE", "found_minima": [[0.6234994049, 0.02803775853], [-0.05001122652286272, 0.4666942097708408], [-0.5582236464016205, 1.4417258304407479]], "found_saddles": [[0.33214682712625554, 0.3069458148828701], [0.5082067282538856, 0.527230846728552]], "bias_count": 77, "energy_calls_at_each_min": [1, 1449, 9921], "force_calls_at_each_min": [1, 1449, 9921], "min_height_scale": 1.5, "max_height_scale": 2.5, "min_cov_scale": 3.0, "max_cov_scale": 2.5, "pert_type": "fixed"}