{"run_id": 1511, "bias_std_dev_scale": 0.170998, "bias_height_fraction": 0.119897, "perturbation_size": 0.005, "optimizer": "FIRE", "found_minima": [[0.6234994049, 0.02803775853], [-0.558223645645639, 1.4417258308982515]], "found_saddles": [[-0.8381946466923282, 0.5837723976629483]], "bias_count": 5000, "energy_calls_at_each_min": [1, 1856], "force_calls_at_each_min": [1, 1856], "min_height_scale": 3.0, "max_height_scale": 3.0, "min_cov_scale": 1.5, "max_cov_scale": 3.0, "pert_type": "adaptive"}