{"run_id": 3438, "bias_std_dev_scale": 0.170998, "bias_height_fraction": 0.119897, "perturbation_size": 0.005, "optimizer": "FIRE", "found_minima": [[0.6234994049, 0.02803775853], [-0.050451038164882014, 0.46679824691748345], [-0.558223619427697, 1.4417258566102553]], "found_saddles": [[0.22976053643725022, 0.31806104876645325], [-0.8304804872844453, 0.6218364596507836]], "bias_count": 35, "energy_calls_at_each_min": [1, 1484, 4365], "force_calls_at_each_min": [1, 1484, 4365], "min_height_scale": 2.5, "max_height_scale": 3.0, "min_cov_scale": 2.0, "max_cov_scale": 3.0, "pert_type": "fixed"}