{"run_id": 3765, "bias_std_dev_scale": 0.170998, "bias_height_fraction": 0.119897, "perturbation_size": 0.005, "optimizer": "FIRE", "found_minima": [[0.6234994049, 0.02803775853], [-0.05011012851503128, 0.4667200818848574], [-0.5582236221444777, 1.4417258558971089]], "found_saddles": [[0.22308979727351544, 0.29738921683129693], [-0.8263447651914895, 0.6152119467338333]], "bias_count": 66, "energy_calls_at_each_min": [1, 1408, 8023], "force_calls_at_each_min": [1, 1408, 8023], "min_height_scale": 2.0, "max_height_scale": 2.0, "min_cov_scale": 2.5, "max_cov_scale": 2.5, "pert_type": "adaptive"}