{"run_id": 4868, "bias_std_dev_scale": 0.170998, "bias_height_fraction": 0.119897, "perturbation_size": 0.005, "optimizer": "FIRE", "found_minima": [[0.6234994049, 0.02803775853], [-0.054196025329260954, 0.46719398690735553], [-0.5582236552706288, 1.441725821808121]], "found_saddles": [[0.30593568477354216, 0.3408755607879987], [-0.7427572289357471, 0.6892040721602684]], "bias_count": 64, "energy_calls_at_each_min": [1, 1510, 7559], "force_calls_at_each_min": [1, 1510, 7559], "min_height_scale": 2.5, "max_height_scale": 1.5, "min_cov_scale": 1.5, "max_cov_scale": 2.5, "pert_type": "fixed"}