{"run_id": 2530, "bias_std_dev_scale": 0.170998, "bias_height_fraction": 0.119897, "perturbation_size": 0.005, "optimizer": "FIRE", "found_minima": [[0.6234994049, 0.02803775853], [-0.05003008521750752, 0.466705656709764], [-0.5582236177624139, 1.4417258586177595]], "found_saddles": [[0.1243725980846294, 0.18773122961034866], [-0.1158153745666291, 0.010046335354325732]], "bias_count": 57, "energy_calls_at_each_min": [1, 1297, 7002], "force_calls_at_each_min": [1, 1297, 7002], "min_height_scale": 3.0, "max_height_scale": 3.0, "min_cov_scale": 1.5, "max_cov_scale": 2.0, "pert_type": "fixed"}