{"run_id": 2251, "bias_std_dev_scale": 0.170998, "bias_height_fraction": 0.119897, "perturbation_size": 0.005, "optimizer": "FIRE", "found_minima": [[0.6234994049, 0.02803775853], [-0.05001701847965463, 0.46669533531999347], [-0.5582236536734241, 1.4417258230028864]], "found_saddles": [[0.6130280557144164, 0.2274501860941233], [-0.7929945111688753, 0.6545458152085475]], "bias_count": 20, "energy_calls_at_each_min": [1, 1588, 2138], "force_calls_at_each_min": [1, 1588, 2138], "min_height_scale": 2.0, "max_height_scale": 2.5, "min_cov_scale": 2.0, "max_cov_scale": 2.0, "pert_type": "adaptive"}