{"run_id": 4896, "bias_std_dev_scale": 0.170998, "bias_height_fraction": 0.119897, "perturbation_size": 0.005, "optimizer": "FIRE", "found_minima": [[0.6234994049, 0.02803775853], [-0.05002068191180403, 0.4666962071714041], [-0.5582236386801048, 1.441725834990948]], "found_saddles": [[0.3119946322555267, 0.3000613391528774], [-0.1924836750997705, 0.02937587444595395]], "bias_count": 97, "energy_calls_at_each_min": [1, 1427, 11721], "force_calls_at_each_min": [1, 1427, 11721], "min_height_scale": 2.5, "max_height_scale": 2.0, "min_cov_scale": 1.5, "max_cov_scale": 1.5, "pert_type": "fixed"}