{"run_id": 4109, "bias_std_dev_scale": 0.170998, "bias_height_fraction": 0.119897, "perturbation_size": 0.005, "optimizer": "FIRE", "found_minima": [[0.6234994049, 0.02803775853], [-0.05195199249213471, 0.46705891742468986], [-0.5582236172736649, 1.441725860286226]], "found_saddles": [[0.32354640859669775, 0.30224929515598714], [-0.8150121961505356, 0.6366467813762646]], "bias_count": 43, "energy_calls_at_each_min": [1, 2111, 5217], "force_calls_at_each_min": [1, 2111, 5217], "min_height_scale": 1.5, "max_height_scale": 1.5, "min_cov_scale": 2.0, "max_cov_scale": 2.5, "pert_type": "adaptive"}