{"run_id": 4278, "bias_std_dev_scale": 0.170998, "bias_height_fraction": 0.119897, "perturbation_size": 0.005, "optimizer": "FIRE", "found_minima": [[0.6234994049, 0.02803775853], [-0.05010127505695845, 0.4667116678911744], [-0.5582236306930957, 1.4417258478015955]], "found_saddles": [[0.2463264144575529, 0.32419066820438736], [-0.2698726597233853, 0.0376365771420367]], "bias_count": 81, "energy_calls_at_each_min": [1, 1298, 10007], "force_calls_at_each_min": [1, 1298, 10007], "min_height_scale": 2.0, "max_height_scale": 2.0, "min_cov_scale": 2.5, "max_cov_scale": 3.0, "pert_type": "fixed"}