{"run_id": 1635, "bias_std_dev_scale": 0.170998, "bias_height_fraction": 0.119897, "perturbation_size": 0.005, "optimizer": "FIRE", "found_minima": [[0.6234994049, 0.02803775853], [-0.05005972960864728, 0.46670512360562333], [-0.5582236531949042, 1.4417258242170081]], "found_saddles": [[0.2755767796115882, 0.35641241170145765], [-0.8428793590858384, 0.5830082261248805]], "bias_count": 13, "energy_calls_at_each_min": [1, 880, 1340], "force_calls_at_each_min": [1, 880, 1340], "min_height_scale": 1.5, "max_height_scale": 3.0, "min_cov_scale": 1.5, "max_cov_scale": 2.0, "pert_type": "adaptive"}