{"run_id": 383, "bias_std_dev_scale": 0.170998, "bias_height_fraction": 0.119897, "perturbation_size": 0.005, "optimizer": "FIRE", "found_minima": [[0.6234994049, 0.02803775853], [-0.5582236491409921, 1.441725827844046]], "found_saddles": [[-0.841936373178709, 0.6000909413547165]], "bias_count": 5000, "energy_calls_at_each_min": [1, 4488], "force_calls_at_each_min": [1, 4488], "min_height_scale": 2.5, "max_height_scale": 3.0, "min_cov_scale": 3.0, "max_cov_scale": 3.0, "pert_type": "adaptive"}