{"run_id": 27, "bias_std_dev_scale": 0.170998, "bias_height_fraction": 0.119897, "perturbation_size": 0.005, "optimizer": "FIRE", "found_minima": [[0.6234994049, 0.02803775853], [-0.05062466157941435, 0.46684831917830466], [-0.5582236506982623, 1.4417258271991447]], "found_saddles": [[0.24183502010246072, 0.2833563321727338], [0.557851326677941, 0.4471578930802145]], "bias_count": 146, "energy_calls_at_each_min": [1, 1639, 18324], "force_calls_at_each_min": [1, 1639, 18324], "min_height_scale": 1.5, "max_height_scale": 1.5, "min_cov_scale": 3.0, "max_cov_scale": 2.0, "pert_type": "adaptive"}