{"run_id": 4691, "bias_std_dev_scale": 0.170998, "bias_height_fraction": 0.119897, "perturbation_size": 0.005, "optimizer": "FIRE", "found_minima": [[0.6234994049, 0.02803775853], [-0.05001132988236264, 0.466694981055609], [-0.5582236496606815, 1.4417258251914038]], "found_saddles": [[0.34548035253746406, 0.3039924194062001], [-0.8192283671154482, 0.6262080527039369]], "bias_count": 52, "energy_calls_at_each_min": [1, 1923, 5837], "force_calls_at_each_min": [1, 1923, 5837], "min_height_scale": 1.5, "max_height_scale": 2.5, "min_cov_scale": 2.5, "max_cov_scale": 2.0, "pert_type": "adaptive"}