{"run_id": 172, "bias_std_dev_scale": 0.170998, "bias_height_fraction": 0.119897, "perturbation_size": 0.005, "optimizer": "FIRE", "found_minima": [[0.6234994049, 0.02803775853], [-0.050014990108227665, 0.4666961733167061], [-0.5582236248852835, 1.4417258535910835]], "found_saddles": [[0.20904542377082994, 0.2985648110942141], [0.4844192489170937, 0.5054286379876284]], "bias_count": 85, "energy_calls_at_each_min": [1, 943, 10399], "force_calls_at_each_min": [1, 943, 10399], "min_height_scale": 2.0, "max_height_scale": 2.0, "min_cov_scale": 2.0, "max_cov_scale": 2.5, "pert_type": "fixed"}