{"run_id": 4135, "bias_std_dev_scale": 0.170998, "bias_height_fraction": 0.119897, "perturbation_size": 0.005, "optimizer": "FIRE", "found_minima": [[0.6234994049, 0.02803775853], [-0.558223609951038, 1.4417258668563004]], "found_saddles": [[-0.9067661876871166, 0.5790892018409841]], "bias_count": 5000, "energy_calls_at_each_min": [1, 8368], "force_calls_at_each_min": [1, 8368], "min_height_scale": 1.5, "max_height_scale": 2.0, "min_cov_scale": 1.5, "max_cov_scale": 3.0, "pert_type": "adaptive"}