{"run_id": 903, "bias_std_dev_scale": 0.170998, "bias_height_fraction": 0.119897, "perturbation_size": 0.005, "optimizer": "FIRE", "found_minima": [[0.6234994049, 0.02803775853], [-0.051504167157789764, 0.46700311759053814], [-0.5582236410104886, 1.4417258321311017]], "found_saddles": [[0.19998097757327454, 0.29937562953561525], [-0.1655744948855709, 0.10408309849757075]], "bias_count": 81, "energy_calls_at_each_min": [1, 1529, 9687], "force_calls_at_each_min": [1, 1529, 9687], "min_height_scale": 3.0, "max_height_scale": 1.5, "min_cov_scale": 1.5, "max_cov_scale": 3.0, "pert_type": "adaptive"}