{"run_id": 1518, "bias_std_dev_scale": 0.170998, "bias_height_fraction": 0.119897, "perturbation_size": 0.005, "optimizer": "FIRE", "found_minima": [[0.6234994049, 0.02803775853], [-0.05007164444083303, 0.4667084313468967], [-0.5582236437145761, 1.441725832881075]], "found_saddles": [[0.35156350628367317, 0.3285324945705611], [0.4759325870534796, 0.539852517752884]], "bias_count": 52, "energy_calls_at_each_min": [1, 814, 6520], "force_calls_at_each_min": [1, 814, 6520], "min_height_scale": 3.0, "max_height_scale": 3.0, "min_cov_scale": 2.0, "max_cov_scale": 3.0, "pert_type": "fixed"}