{"run_id": 1181, "bias_std_dev_scale": 0.170998, "bias_height_fraction": 0.119897, "perturbation_size": 0.005, "optimizer": "FIRE", "found_minima": [[0.6234994049, 0.02803775853], [-0.050940015091214826, 0.46706632247494934], [-0.5582236289117931, 1.4417258450478192]], "found_saddles": [[0.2579994093761961, 0.2897163211107846], [-0.7874206293686304, 0.643279311781414]], "bias_count": 100, "energy_calls_at_each_min": [1, 2348, 12026], "force_calls_at_each_min": [1, 2348, 12026], "min_height_scale": 2.0, "max_height_scale": 1.5, "min_cov_scale": 3.0, "max_cov_scale": 2.5, "pert_type": "adaptive"}