{"run_id": 217, "bias_std_dev_scale": 0.170998, "bias_height_fraction": 0.119897, "perturbation_size": 0.005, "optimizer": "FIRE", "found_minima": [[0.6234994049, 0.02803775853], [-0.050013195895814246, 0.4666951436469787], [-0.558223650150871, 1.4417258254458718]], "found_saddles": [[0.10880823197759927, 0.2025257284786821], [-0.3790214570634889, 0.07938903625336804]], "bias_count": 106, "energy_calls_at_each_min": [1, 1723, 12964], "force_calls_at_each_min": [1, 1723, 12964], "min_height_scale": 2.0, "max_height_scale": 2.5, "min_cov_scale": 3.0, "max_cov_scale": 1.5, "pert_type": "adaptive"}