{"run_id": 1823, "bias_std_dev_scale": 0.170998, "bias_height_fraction": 0.119897, "perturbation_size": 0.005, "optimizer": "FIRE", "found_minima": [[0.6234994049, 0.02803775853], [-0.5582236381559147, 1.4417258378614313]], "found_saddles": [[-0.7074138849191736, 0.6795864114950365]], "bias_count": 5000, "energy_calls_at_each_min": [1, 12641], "force_calls_at_each_min": [1, 12641], "min_height_scale": 2.5, "max_height_scale": 1.5, "min_cov_scale": 3.0, "max_cov_scale": 3.0, "pert_type": "adaptive"}