{"run_id": 1926, "bias_std_dev_scale": 0.170998, "bias_height_fraction": 0.119897, "perturbation_size": 0.005, "optimizer": "FIRE", "found_minima": [[0.6234994049, 0.02803775853], [-0.05177239616482924, 0.4670920072589339], [-0.558223622098928, 1.441725852006423]], "found_saddles": [[0.2320186597690571, 0.30875039997611714], [-0.8242288391934133, 0.6144550770381413]], "bias_count": 63, "energy_calls_at_each_min": [1, 1689, 7766], "force_calls_at_each_min": [1, 1689, 7766], "min_height_scale": 3.0, "max_height_scale": 1.5, "min_cov_scale": 1.5, "max_cov_scale": 3.0, "pert_type": "fixed"}