{"run_id": 2369, "bias_std_dev_scale": 0.170998, "bias_height_fraction": 0.119897, "perturbation_size": 0.005, "optimizer": "FIRE", "found_minima": [[0.6234994049, 0.02803775853], [-0.05001450782124826, 0.4666953220062108], [-0.5582236215682396, 1.4417258545306422]], "found_saddles": [[0.3834450003196799, 0.3167722994307243], [-0.8341843962602599, 0.6283303068892967]], "bias_count": 31, "energy_calls_at_each_min": [1, 2100, 3590], "force_calls_at_each_min": [1, 2100, 3590], "min_height_scale": 2.5, "max_height_scale": 2.5, "min_cov_scale": 1.5, "max_cov_scale": 1.5, "pert_type": "adaptive"}