{"run_id": 1263, "bias_std_dev_scale": 0.170998, "bias_height_fraction": 0.119897, "perturbation_size": 0.005, "optimizer": "FIRE", "found_minima": [[0.6234994049, 0.02803775853], [-0.050330427217081794, 0.46680367796608885], [-0.5582236564700505, 1.4417258194981415]], "found_saddles": [[0.15987124401668695, 0.195630298343305], [-0.6593919827948752, 0.3277288592911258]], "bias_count": 44, "energy_calls_at_each_min": [1, 889, 5309], "force_calls_at_each_min": [1, 889, 5309], "min_height_scale": 2.0, "max_height_scale": 3.0, "min_cov_scale": 2.0, "max_cov_scale": 3.0, "pert_type": "adaptive"}