{"run_id": 2306, "bias_std_dev_scale": 0.170998, "bias_height_fraction": 0.119897, "perturbation_size": 0.005, "optimizer": "FIRE", "found_minima": [[0.6234994049, 0.02803775853], [-0.05001648744504499, 0.4666954223408898], [-0.5582236465592144, 1.4417258302623097]], "found_saddles": [[0.18855333470801675, 0.24954687681713936], [-0.10315806860874227, 0.03173108630896989]], "bias_count": 87, "energy_calls_at_each_min": [1, 2128, 10529], "force_calls_at_each_min": [1, 2128, 10529], "min_height_scale": 2.5, "max_height_scale": 1.5, "min_cov_scale": 1.5, "max_cov_scale": 2.0, "pert_type": "fixed"}