{"run_id": 1481, "bias_std_dev_scale": 0.170998, "bias_height_fraction": 0.119897, "perturbation_size": 0.005, "optimizer": "FIRE", "found_minima": [[0.6234994049, 0.02803775853], [-0.0500124896897957, 0.46669483384727056], [-0.5582236496862506, 1.4417258267524173]], "found_saddles": [[0.0566028516226615, 0.08662284077655726], [-0.6431217092213337, 0.6884658353025925]], "bias_count": 55, "energy_calls_at_each_min": [1, 2008, 6451], "force_calls_at_each_min": [1, 2008, 6451], "min_height_scale": 3.0, "max_height_scale": 2.5, "min_cov_scale": 2.0, "max_cov_scale": 1.5, "pert_type": "adaptive"}