{"run_id": 263, "bias_std_dev_scale": 0.170998, "bias_height_fraction": 0.119897, "perturbation_size": 0.005, "optimizer": "FIRE", "found_minima": [[0.6234994049, 0.02803775853], [-0.558223619968453, 1.4417258581216295]], "found_saddles": [[-0.8146984256755243, 0.5956464548099053]], "bias_count": 5000, "energy_calls_at_each_min": [1, 7172], "force_calls_at_each_min": [1, 7172], "min_height_scale": 2.5, "max_height_scale": 1.5, "min_cov_scale": 1.5, "max_cov_scale": 3.0, "pert_type": "adaptive"}