{"run_id": 2740, "bias_std_dev_scale": 0.170998, "bias_height_fraction": 0.119897, "perturbation_size": 0.005, "optimizer": "FIRE", "found_minima": [[0.6234994049, 0.02803775853], [-0.05002096509033789, 0.46669721173622464], [-0.558223617143509, 1.441725859920488]], "found_saddles": [[0.15469704086704755, 0.21214236044191043], [-0.8245900500628022, 0.6064420162737805]], "bias_count": 59, "energy_calls_at_each_min": [1, 1457, 7197], "force_calls_at_each_min": [1, 1457, 7197], "min_height_scale": 2.0, "max_height_scale": 2.0, "min_cov_scale": 2.5, "max_cov_scale": 2.5, "pert_type": "fixed"}