{"run_id": 5097, "bias_std_dev_scale": 0.170998, "bias_height_fraction": 0.119897, "perturbation_size": 0.005, "optimizer": "FIRE", "found_minima": [[0.6234994049, 0.02803775853], [-0.05012402128016601, 0.46671568717445333], [-0.5582236505750734, 1.44172582730649]], "found_saddles": [[0.19546372100023982, 0.2878751123401886], [1.0750297511542783, -0.0027419535338082737]], "bias_count": 72, "energy_calls_at_each_min": [1, 1832, 8276], "force_calls_at_each_min": [1, 1832, 8276], "min_height_scale": 3.0, "max_height_scale": 3.0, "min_cov_scale": 2.0, "max_cov_scale": 1.5, "pert_type": "adaptive"}