{"run_id": 463, "bias_std_dev_scale": 0.170998, "bias_height_fraction": 0.119897, "perturbation_size": 0.005, "optimizer": "FIRE", "found_minima": [[0.6234994049, 0.02803775853], [-0.05004927921979602, 0.46670580560212077], [-0.55822361816143, 1.441725857774976]], "found_saddles": [[0.3352105388948618, 0.32620061386857285], [-0.24531680595434024, 0.13209216569625742]], "bias_count": 52, "energy_calls_at_each_min": [1, 727, 6315], "force_calls_at_each_min": [1, 727, 6315], "min_height_scale": 3.0, "max_height_scale": 2.5, "min_cov_scale": 2.0, "max_cov_scale": 3.0, "pert_type": "adaptive"}