{"run_id": 1920, "bias_std_dev_scale": 0.170998, "bias_height_fraction": 0.119897, "perturbation_size": 0.005, "optimizer": "FIRE", "found_minima": [[0.6234994049, 0.02803775853], [-0.05001155309958796, 0.46669429558088854], [-0.5582236209074503, 1.4417258541387779]], "found_saddles": [[0.15088679432124372, 0.18462598617489592], [-0.8526970661016897, 0.5609797911821528]], "bias_count": 100, "energy_calls_at_each_min": [1, 2244, 12147], "force_calls_at_each_min": [1, 2244, 12147], "min_height_scale": 3.0, "max_height_scale": 1.5, "min_cov_scale": 1.5, "max_cov_scale": 1.5, "pert_type": "fixed"}