{"run_id": 409, "bias_std_dev_scale": 0.170998, "bias_height_fraction": 0.119897, "perturbation_size": 0.005, "optimizer": "FIRE", "found_minima": [[0.6234994049, 0.02803775853], [-0.05001246181383912, 0.46669489721069973], [-0.5582236302752192, 1.4417258487521403]], "found_saddles": [[0.18912750357909588, 0.2640698423498395], [-0.7674035277563563, 0.6458140977377712]], "bias_count": 128, "energy_calls_at_each_min": [1, 2080, 15490], "force_calls_at_each_min": [1, 2080, 15490], "min_height_scale": 3.0, "max_height_scale": 1.5, "min_cov_scale": 3.0, "max_cov_scale": 1.5, "pert_type": "adaptive"}