{"run_id": 3335, "bias_std_dev_scale": 0.170998, "bias_height_fraction": 0.119897, "perturbation_size": 0.005, "optimizer": "FIRE", "found_minima": [[0.6234994049, 0.02803775853], [-0.05003751150952518, 0.46670343197504055], [-0.558223603771051, 1.4417258753602693]], "found_saddles": [[0.21999590777772693, 0.31370600268794835], [-0.8006686280712833, 0.6135346110183373]], "bias_count": 80, "energy_calls_at_each_min": [1, 1704, 9674], "force_calls_at_each_min": [1, 1704, 9674], "min_height_scale": 2.5, "max_height_scale": 1.5, "min_cov_scale": 1.5, "max_cov_scale": 3.0, "pert_type": "adaptive"}