{"run_id": 1049, "bias_std_dev_scale": 0.170998, "bias_height_fraction": 0.119897, "perturbation_size": 0.005, "optimizer": "FIRE", "found_minima": [[0.6234994049, 0.02803775853], [-0.050031110984706195, 0.4667006726526506], [-0.5582236208143633, 1.4417258561589232]], "found_saddles": [[0.9368529694379417, 0.05841633169779317], [-0.6003151981690321, 0.7175647694171489]], "bias_count": 154, "energy_calls_at_each_min": [1, 2451, 18371], "force_calls_at_each_min": [1, 2451, 18371], "min_height_scale": 1.5, "max_height_scale": 1.5, "min_cov_scale": 3.0, "max_cov_scale": 1.5, "pert_type": "adaptive"}