{"run_id": 5091, "bias_std_dev_scale": 0.170998, "bias_height_fraction": 0.119897, "perturbation_size": 0.005, "optimizer": "FIRE", "found_minima": [[0.6234994049, 0.02803775853], [-0.05017037744178521, 0.46672848093868397], [-0.5582236416687849, 1.4417258342001211]], "found_saddles": [[0.3072477046529024, 0.3426647704756405], [0.3903965862957834, 0.6133500932394934]], "bias_count": 63, "energy_calls_at_each_min": [1, 1290, 7603], "force_calls_at_each_min": [1, 1290, 7603], "min_height_scale": 3.0, "max_height_scale": 3.0, "min_cov_scale": 1.5, "max_cov_scale": 2.0, "pert_type": "adaptive"}