{"run_id": 3983, "bias_std_dev_scale": 0.170998, "bias_height_fraction": 0.119897, "perturbation_size": 0.005, "optimizer": "FIRE", "found_minima": [[0.6234994049, 0.02803775853], [-0.050326491944656875, 0.4668398425941159], [-0.5582236527302148, 1.4417258236765655]], "found_saddles": [[0.20229917395406036, 0.31032687456080854], [-0.8465478960731699, 0.5824528036826632]], "bias_count": 64, "energy_calls_at_each_min": [1, 1465, 7933], "force_calls_at_each_min": [1, 1465, 7933], "min_height_scale": 3.0, "max_height_scale": 1.5, "min_cov_scale": 2.0, "max_cov_scale": 3.0, "pert_type": "adaptive"}