{"run_id": 1060, "bias_std_dev_scale": 0.170998, "bias_height_fraction": 0.119897, "perturbation_size": 0.005, "optimizer": "FIRE", "found_minima": [[0.6234994049, 0.02803775853], [-0.050119323856825264, 0.46671871806328463], [-0.558223628287384, 1.441725845381925]], "found_saddles": [[0.13296654790119322, 0.20757594924430997], [-0.8277079047752363, 0.56777313992992]], "bias_count": 48, "energy_calls_at_each_min": [1, 1302, 6060], "force_calls_at_each_min": [1, 1302, 6060], "min_height_scale": 1.5, "max_height_scale": 2.0, "min_cov_scale": 1.5, "max_cov_scale": 2.5, "pert_type": "fixed"}