{"run_id": 1899, "bias_std_dev_scale": 0.170998, "bias_height_fraction": 0.119897, "perturbation_size": 0.005, "optimizer": "FIRE", "found_minima": [[0.6234994049, 0.02803775853], [-0.05002082235891461, 0.4666963069959692], [-0.5582236522067053, 1.4417258234090187]], "found_saddles": [[0.20318902072813497, 0.28226108629590596], [0.7057835742039446, 0.33018339170141353]], "bias_count": 65, "energy_calls_at_each_min": [1, 805, 7648], "force_calls_at_each_min": [1, 805, 7648], "min_height_scale": 2.5, "max_height_scale": 3.0, "min_cov_scale": 2.0, "max_cov_scale": 2.0, "pert_type": "adaptive"}