{"run_id": 3968, "bias_std_dev_scale": 0.170998, "bias_height_fraction": 0.119897, "perturbation_size": 0.005, "optimizer": "FIRE", "found_minima": [[0.6234994049, 0.02803775853], [-0.05001647236813276, 0.4666953752983095], [-0.5582236290627387, 1.4417258450258719]], "found_saddles": [[0.22682191716233538, 0.2980035419257355], [-0.8230370643662868, 0.6181753667328607]], "bias_count": 82, "energy_calls_at_each_min": [1, 1785, 9994], "force_calls_at_each_min": [1, 1785, 9994], "min_height_scale": 3.0, "max_height_scale": 1.5, "min_cov_scale": 1.5, "max_cov_scale": 1.5, "pert_type": "fixed"}