{"run_id": 4188, "bias_std_dev_scale": 0.170998, "bias_height_fraction": 0.119897, "perturbation_size": 0.005, "optimizer": "FIRE", "found_minima": [[0.6234994049, 0.02803775853], [-0.05002831966148016, 0.466698454179267], [-0.55822362037457, 1.441725857756232]], "found_saddles": [[0.45891095051137254, 0.2782584101593384], [-0.24984257598552514, -0.04645323787453152]], "bias_count": 104, "energy_calls_at_each_min": [1, 1943, 12533], "force_calls_at_each_min": [1, 1943, 12533], "min_height_scale": 1.5, "max_height_scale": 2.5, "min_cov_scale": 3.0, "max_cov_scale": 2.5, "pert_type": "fixed"}