{"run_id": 3281, "bias_std_dev_scale": 0.170998, "bias_height_fraction": 0.119897, "perturbation_size": 0.005, "optimizer": "FIRE", "found_minima": [[0.6234994049, 0.02803775853], [-0.05001078431833817, 0.4666940957708469], [-0.5582236371975002, 1.4417258363226704]], "found_saddles": [[0.17740802229938463, 0.29584854280602707], [-0.8965519283733737, 0.6041104636526852]], "bias_count": 36, "energy_calls_at_each_min": [1, 1615, 4177], "force_calls_at_each_min": [1, 1615, 4177], "min_height_scale": 2.0, "max_height_scale": 2.5, "min_cov_scale": 2.5, "max_cov_scale": 1.5, "pert_type": "adaptive"}