{"run_id": 885, "bias_std_dev_scale": 0.170998, "bias_height_fraction": 0.119897, "perturbation_size": 0.005, "optimizer": "FIRE", "found_minima": [[0.6234994049, 0.02803775853], [-0.05001224236650836, 0.4666944483746508], [-0.5582236450204835, 1.4417258312678205]], "found_saddles": [[0.10945064209667837, 0.21784409703543867], [-0.8242502974673475, 0.6115455305304481]], "bias_count": 31, "energy_calls_at_each_min": [1, 1374, 3676], "force_calls_at_each_min": [1, 1374, 3676], "min_height_scale": 2.5, "max_height_scale": 3.0, "min_cov_scale": 2.5, "max_cov_scale": 2.5, "pert_type": "adaptive"}