{"run_id": 4586, "bias_std_dev_scale": 0.170998, "bias_height_fraction": 0.119897, "perturbation_size": 0.005, "optimizer": "FIRE", "found_minima": [[0.6234994049, 0.02803775853], [-0.050017634513487515, 0.46669561855965974], [-0.5582236183119468, 1.4417258589581823]], "found_saddles": [[0.20757111608642898, 0.2887735595068229], [-0.1544203915304808, -0.13814154548047142]], "bias_count": 67, "energy_calls_at_each_min": [1, 965, 8356], "force_calls_at_each_min": [1, 965, 8356], "min_height_scale": 3.0, "max_height_scale": 3.0, "min_cov_scale": 2.0, "max_cov_scale": 2.0, "pert_type": "fixed"}