{"run_id": 2815, "bias_std_dev_scale": 0.170998, "bias_height_fraction": 0.119897, "perturbation_size": 0.005, "optimizer": "FIRE", "found_minima": [[0.6234994049, 0.02803775853], [-0.05001493145443932, 0.46669528666754917], [-0.5582236528925154, 1.4417258228478669]], "found_saddles": [[0.16599508274826544, 0.23141708409234407], [-0.8021094764917636, 0.47920721735477995]], "bias_count": 42, "energy_calls_at_each_min": [1, 1181, 5417], "force_calls_at_each_min": [1, 1181, 5417], "min_height_scale": 2.0, "max_height_scale": 3.0, "min_cov_scale": 3.0, "max_cov_scale": 3.0, "pert_type": "adaptive"}