{"run_id": 1914, "bias_std_dev_scale": 0.170998, "bias_height_fraction": 0.119897, "perturbation_size": 0.005, "optimizer": "FIRE", "found_minima": [[0.6234994049, 0.02803775853], [-0.05048856586247971, 0.4668403458141277], [-0.5582236428794852, 1.441725833782192]], "found_saddles": [[0.11220865215784373, 0.003671625895065544], [0.17241957387071788, -0.22801850952129746]], "bias_count": 122, "energy_calls_at_each_min": [1, 2044, 15321], "force_calls_at_each_min": [1, 2044, 15321], "min_height_scale": 2.5, "max_height_scale": 3.0, "min_cov_scale": 3.0, "max_cov_scale": 2.0, "pert_type": "fixed"}