{"run_id": 2352, "bias_std_dev_scale": 0.170998, "bias_height_fraction": 0.119897, "perturbation_size": 0.005, "optimizer": "FIRE", "found_minima": [[0.6234994049, 0.02803775853], [-0.05001684928125996, 0.4666972865424812], [-0.558223647889619, 1.4417258287622734]], "found_saddles": [[0.3000167486587081, 0.3004432732167758], [-0.7817947187574056, 0.4696802129331585]], "bias_count": 82, "energy_calls_at_each_min": [1, 1835, 9918], "force_calls_at_each_min": [1, 1835, 9918], "min_height_scale": 2.5, "max_height_scale": 2.0, "min_cov_scale": 2.5, "max_cov_scale": 1.5, "pert_type": "fixed"}