{"run_id": 1046, "bias_std_dev_scale": 0.170998, "bias_height_fraction": 0.119897, "perturbation_size": 0.005, "optimizer": "FIRE", "found_minima": [[0.6234994049, 0.02803775853], [-0.05008575456190444, 0.46670952331261556], [-0.55822362127053, 1.4417258547507983]], "found_saddles": [[0.16090644818620267, 0.26332499261844367], [-0.8328215230376783, 0.5244195866777845]], "bias_count": 68, "energy_calls_at_each_min": [1, 1125, 8373], "force_calls_at_each_min": [1, 1125, 8373], "min_height_scale": 1.5, "max_height_scale": 1.5, "min_cov_scale": 2.5, "max_cov_scale": 3.0, "pert_type": "fixed"}