{"run_id": 1273, "bias_std_dev_scale": 0.170998, "bias_height_fraction": 0.119897, "perturbation_size": 0.005, "optimizer": "FIRE", "found_minima": [[0.6234994049, 0.02803775853], [-0.0500160792741939, 0.4666950218601341], [-0.5582236401173555, 1.4417258383323457]], "found_saddles": [[0.33255096087713254, 0.30110501299449566], [-0.24355865585389652, 0.13910650712129302]], "bias_count": 77, "energy_calls_at_each_min": [1, 1222, 9402], "force_calls_at_each_min": [1, 1222, 9402], "min_height_scale": 2.0, "max_height_scale": 3.0, "min_cov_scale": 3.0, "max_cov_scale": 1.5, "pert_type": "adaptive"}