{"run_id": 3982, "bias_std_dev_scale": 0.170998, "bias_height_fraction": 0.119897, "perturbation_size": 0.005, "optimizer": "FIRE", "found_minima": [[0.6234994049, 0.02803775853], [-0.5582236452656204, 1.441725831643959]], "found_saddles": [[-0.8261437595229791, 0.6280031636990882]], "bias_count": 5000, "energy_calls_at_each_min": [1, 8179], "force_calls_at_each_min": [1, 8179], "min_height_scale": 3.0, "max_height_scale": 1.5, "min_cov_scale": 2.0, "max_cov_scale": 3.0, "pert_type": "fixed"}