{"run_id": 1767, "bias_std_dev_scale": 0.170998, "bias_height_fraction": 0.119897, "perturbation_size": 0.005, "optimizer": "FIRE", "found_minima": [[0.6234994049, 0.02803775853], [-0.050064356263446894, 0.46670851651206], [-0.5582236297125321, 1.4417258492395528]], "found_saddles": [[0.1417515960484908, 0.2053717086494995], [-0.13213042447678594, 0.0488319688751959]], "bias_count": 37, "energy_calls_at_each_min": [1, 989, 4525], "force_calls_at_each_min": [1, 989, 4525], "min_height_scale": 2.0, "max_height_scale": 3.0, "min_cov_scale": 1.5, "max_cov_scale": 3.0, "pert_type": "adaptive"}