{"run_id": 2869, "bias_std_dev_scale": 0.170998, "bias_height_fraction": 0.119897, "perturbation_size": 0.005, "optimizer": "FIRE", "found_minima": [[0.6234994049, 0.02803775853], [-0.05004439645112576, 0.4667031957455516], [-0.5582236350979212, 1.4417258438533536]], "found_saddles": [[0.2369643299138346, 0.30265220624046246], [-0.8048479506700578, 0.6687159361869506]], "bias_count": 49, "energy_calls_at_each_min": [1, 1255, 5962], "force_calls_at_each_min": [1, 1255, 5962], "min_height_scale": 2.5, "max_height_scale": 2.0, "min_cov_scale": 2.5, "max_cov_scale": 2.5, "pert_type": "adaptive"}