{"run_id": 3103, "bias_std_dev_scale": 0.170998, "bias_height_fraction": 0.119897, "perturbation_size": 0.005, "optimizer": "FIRE", "found_minima": [[0.6234994049, 0.02803775853], [-0.0501201465491525, 0.4667211733043469], [-0.5582236402319715, 1.4417258337709555]], "found_saddles": [[0.17608595269843236, 0.2674518231714781], [0.461052627833359, 0.5774021882584044]], "bias_count": 113, "energy_calls_at_each_min": [1, 1595, 13871], "force_calls_at_each_min": [1, 1595, 13871], "min_height_scale": 1.5, "max_height_scale": 1.5, "min_cov_scale": 3.0, "max_cov_scale": 3.0, "pert_type": "adaptive"}