{"run_id": 629, "bias_std_dev_scale": 0.170998, "bias_height_fraction": 0.119897, "perturbation_size": 0.005, "optimizer": "FIRE", "found_minima": [[0.6234994049, 0.02803775853], [-0.050011032404319686, 0.46669452746902124], [-0.5582236464794622, 1.4417258295327513]], "found_saddles": [[0.19393329240432577, 0.29915903994762927], [0.9337052456042603, 0.17601861640607785]], "bias_count": 71, "energy_calls_at_each_min": [1, 1314, 8708], "force_calls_at_each_min": [1, 1314, 8708], "min_height_scale": 1.5, "max_height_scale": 3.0, "min_cov_scale": 2.5, "max_cov_scale": 2.5, "pert_type": "adaptive"}