{"run_id": 3144, "bias_std_dev_scale": 0.170998, "bias_height_fraction": 0.119897, "perturbation_size": 0.005, "optimizer": "FIRE", "found_minima": [[0.6234994049, 0.02803775853], [-0.05002341913222617, 0.4666981027117131], [-0.5582236492755436, 1.4417258271731825]], "found_saddles": [[0.4829681716758184, 0.25788782205674643], [0.6325414673417241, 0.3614809282886441]], "bias_count": 74, "energy_calls_at_each_min": [1, 1637, 8888], "force_calls_at_each_min": [1, 1637, 8888], "min_height_scale": 1.5, "max_height_scale": 2.5, "min_cov_scale": 2.0, "max_cov_scale": 1.5, "pert_type": "fixed"}