{"run_id": 1028, "bias_std_dev_scale": 0.170998, "bias_height_fraction": 0.119897, "perturbation_size": 0.005, "optimizer": "FIRE", "found_minima": [[0.6234994049, 0.02803775853], [-0.05038079996850545, 0.4668409289808539], [-0.5582236363673492, 1.4417258431549194]], "found_saddles": [[0.2990431855720868, 0.2949992183656987], [-0.8267056970439173, 0.5987913027434189]], "bias_count": 64, "energy_calls_at_each_min": [1, 1390, 7652], "force_calls_at_each_min": [1, 1390, 7652], "min_height_scale": 1.5, "max_height_scale": 1.5, "min_cov_scale": 1.5, "max_cov_scale": 2.5, "pert_type": "fixed"}