{"run_id": 3729, "bias_std_dev_scale": 0.170998, "bias_height_fraction": 0.119897, "perturbation_size": 0.005, "optimizer": "FIRE", "found_minima": [[0.6234994049, 0.02803775853], [-0.05001130534774396, 0.4666942544627111], [-0.5582236474812752, 1.441725829079833]], "found_saddles": [[0.13487270037418572, 0.1332831778195385], [-0.8466063427691545, 0.569656267593549]], "bias_count": 116, "energy_calls_at_each_min": [1, 2320, 13691], "force_calls_at_each_min": [1, 2320, 13691], "min_height_scale": 2.0, "max_height_scale": 1.5, "min_cov_scale": 2.5, "max_cov_scale": 1.5, "pert_type": "adaptive"}