{"run_id": 1659, "bias_std_dev_scale": 0.170998, "bias_height_fraction": 0.119897, "perturbation_size": 0.005, "optimizer": "FIRE", "found_minima": [[0.6234994049, 0.02803775853], [-0.05044786929828326, 0.46679043096815287], [-0.5582236524832446, 1.4417258232853054]], "found_saddles": [[0.08819042379771529, 0.2219086461103445], [-0.0565897187278263, -0.062467885665704985]], "bias_count": 55, "energy_calls_at_each_min": [1, 1475, 6648], "force_calls_at_each_min": [1, 1475, 6648], "min_height_scale": 1.5, "max_height_scale": 3.0, "min_cov_scale": 3.0, "max_cov_scale": 2.0, "pert_type": "adaptive"}