{"run_id": 1776, "bias_std_dev_scale": 0.170998, "bias_height_fraction": 0.119897, "perturbation_size": 0.005, "optimizer": "FIRE", "found_minima": [[0.6234994049, 0.02803775853], [-0.05001085308139629, 0.4666941117070487], [-0.5582236459474708, 1.4417258302845595]], "found_saddles": [[0.5683850939952766, 0.2346316155681814], [-0.2558183690352817, 0.017342048328974666]], "bias_count": 56, "energy_calls_at_each_min": [1, 1814, 7141], "force_calls_at_each_min": [1, 1814, 7141], "min_height_scale": 2.0, "max_height_scale": 3.0, "min_cov_scale": 2.5, "max_cov_scale": 1.5, "pert_type": "fixed"}