{"run_id": 3600, "bias_std_dev_scale": 0.170998, "bias_height_fraction": 0.119897, "perturbation_size": 0.005, "optimizer": "FIRE", "found_minima": [[0.6234994049, 0.02803775853], [-0.050010792805733555, 0.46669410314276527], [-0.558223645030974, 1.4417258314229329]], "found_saddles": [[0.1757926913415863, 0.2397222779056553], [-0.8490895408834906, 0.5785114669610112]], "bias_count": 124, "energy_calls_at_each_min": [1, 1930, 14857], "force_calls_at_each_min": [1, 1930, 14857], "min_height_scale": 1.5, "max_height_scale": 1.5, "min_cov_scale": 2.5, "max_cov_scale": 1.5, "pert_type": "fixed"}