{"run_id": 1307, "bias_std_dev_scale": 0.170998, "bias_height_fraction": 0.119897, "perturbation_size": 0.005, "optimizer": "FIRE", "found_minima": [[0.6234994049, 0.02803775853], [-0.050609322537255995, 0.4668334900847826], [-0.5582236402434302, 1.441725832857622]], "found_saddles": [[0.25333950772976477, 0.29480102743832776], [-0.911468040949363, 0.5789764017972526]], "bias_count": 82, "energy_calls_at_each_min": [1, 3709, 9989], "force_calls_at_each_min": [1, 3709, 9989], "min_height_scale": 2.5, "max_height_scale": 1.5, "min_cov_scale": 3.0, "max_cov_scale": 2.0, "pert_type": "adaptive"}