{"run_id": 670, "bias_std_dev_scale": 0.170998, "bias_height_fraction": 0.119897, "perturbation_size": 0.005, "optimizer": "FIRE", "found_minima": [[0.6234994049, 0.02803775853], [-0.050066906161134565, 0.4667112200117172], [-0.5582236139214766, 1.4417258620558084]], "found_saddles": [[0.2559825174714414, 0.3449772966422555], [-0.8517572450401778, 0.5780613038399612]], "bias_count": 84, "energy_calls_at_each_min": [1, 1151, 10522], "force_calls_at_each_min": [1, 1151, 10522], "min_height_scale": 2.0, "max_height_scale": 1.5, "min_cov_scale": 3.0, "max_cov_scale": 3.0, "pert_type": "fixed"}