{"run_id": 5013, "bias_std_dev_scale": 0.170998, "bias_height_fraction": 0.119897, "perturbation_size": 0.005, "optimizer": "FIRE", "found_minima": [[0.6234994049, 0.02803775853], [-0.0508638271491404, 0.4668221957964852], [-0.5582236178874294, 1.441725857531638]], "found_saddles": [[0.41081773727286386, 0.29957209443871025], [-0.2220031064787507, 0.10706275393428066]], "bias_count": 112, "energy_calls_at_each_min": [1, 3321, 14444], "force_calls_at_each_min": [1, 3321, 14444], "min_height_scale": 3.0, "max_height_scale": 1.5, "min_cov_scale": 2.5, "max_cov_scale": 2.5, "pert_type": "adaptive"}