{"run_id": 2103, "bias_std_dev_scale": 0.170998, "bias_height_fraction": 0.119897, "perturbation_size": 0.005, "optimizer": "FIRE", "found_minima": [[0.6234994049, 0.02803775853], [-0.05002432028296142, 0.4666966339999409], [-0.5582236191657105, 1.441725858609276]], "found_saddles": [[0.25376359473155435, 0.28447706806115386], [-0.6123873117234878, 0.7246546231778801]], "bias_count": 78, "energy_calls_at_each_min": [1, 1640, 9557], "force_calls_at_each_min": [1, 1640, 9557], "min_height_scale": 1.5, "max_height_scale": 2.0, "min_cov_scale": 2.5, "max_cov_scale": 3.0, "pert_type": "adaptive"}