{"run_id": 3060, "bias_std_dev_scale": 0.170998, "bias_height_fraction": 0.119897, "perturbation_size": 0.005, "optimizer": "FIRE", "found_minima": [[0.6234994049, 0.02803775853], [-0.050011398944397364, 0.46669423035436824], [-0.5582236203710418, 1.441725857060555]], "found_saddles": [[0.28008953720962526, 0.2927163558579235], [-0.20439450499002293, 0.004487188627759417]], "bias_count": 71, "energy_calls_at_each_min": [1, 424, 8666], "force_calls_at_each_min": [1, 424, 8666], "min_height_scale": 3.0, "max_height_scale": 3.0, "min_cov_scale": 2.5, "max_cov_scale": 2.5, "pert_type": "fixed"}