{"run_id": 1683, "bias_std_dev_scale": 0.170998, "bias_height_fraction": 0.119897, "perturbation_size": 0.005, "optimizer": "FIRE", "found_minima": [[0.6234994049, 0.02803775853], [-0.05009932231243538, 0.46672001073436], [-0.5582236523152246, 1.4417258246713924]], "found_saddles": [[0.2543272937578133, 0.2896410581806075], [-0.8274768426931571, 0.5752409105246848]], "bias_count": 88, "energy_calls_at_each_min": [1, 1863, 10556], "force_calls_at_each_min": [1, 1863, 10556], "min_height_scale": 2.0, "max_height_scale": 1.5, "min_cov_scale": 2.5, "max_cov_scale": 2.0, "pert_type": "adaptive"}