{"run_id": 859, "bias_std_dev_scale": 0.170998, "bias_height_fraction": 0.119897, "perturbation_size": 0.005, "optimizer": "FIRE", "found_minima": [[0.6234994049, 0.02803775853], [-0.05001103617968078, 0.4666941867634737], [-0.5582236476597735, 1.4417258289114507]], "found_saddles": [[0.2596004816718557, 0.2872707216718199], [-0.6426308197253453, 0.7217862424811077]], "bias_count": 55, "energy_calls_at_each_min": [1, 1124, 6416], "force_calls_at_each_min": [1, 1124, 6416], "min_height_scale": 2.5, "max_height_scale": 2.5, "min_cov_scale": 3.0, "max_cov_scale": 2.0, "pert_type": "adaptive"}