{"run_id": 4462, "bias_std_dev_scale": 0.170998, "bias_height_fraction": 0.119897, "perturbation_size": 0.005, "optimizer": "FIRE", "found_minima": [[0.6234994049, 0.02803775853], [-0.05026807100900608, 0.46673907322124253], [-0.5582236207705081, 1.4417258552460017]], "found_saddles": [[0.12861288328805182, 0.17780216944200464], [-0.8485793026351789, 0.5491351430406752]], "bias_count": 42, "energy_calls_at_each_min": [1, 887, 5230], "force_calls_at_each_min": [1, 887, 5230], "min_height_scale": 2.5, "max_height_scale": 3.0, "min_cov_scale": 2.0, "max_cov_scale": 3.0, "pert_type": "fixed"}