{"run_id": 4645, "bias_std_dev_scale": 0.170998, "bias_height_fraction": 0.119897, "perturbation_size": 0.005, "optimizer": "FIRE", "found_minima": [[0.6234994049, 0.02803775853], [-0.05001367834545603, 0.46669492538912105], [-0.5582236500885066, 1.4417258264436952]], "found_saddles": [[0.15881207528850286, 0.22411929811911557], [-0.7720315933769425, 0.6367522667497537]], "bias_count": 55, "energy_calls_at_each_min": [1, 1398, 6667], "force_calls_at_each_min": [1, 1398, 6667], "min_height_scale": 1.5, "max_height_scale": 2.0, "min_cov_scale": 1.5, "max_cov_scale": 2.5, "pert_type": "adaptive"}