{"run_id": 53, "bias_std_dev_scale": 0.170998, "bias_height_fraction": 0.119897, "perturbation_size": 0.005, "optimizer": "FIRE", "found_minima": [[0.6234994049, 0.02803775853], [-0.05008865021231844, 0.4667130754679827], [-0.5582236370023969, 1.4417258405890752]], "found_saddles": [[0.21225395487282614, 0.27306501895766944], [0.18704487263197364, 0.6757615776048863]], "bias_count": 90, "energy_calls_at_each_min": [1, 1782, 11029], "force_calls_at_each_min": [1, 1782, 11029], "min_height_scale": 1.5, "max_height_scale": 2.0, "min_cov_scale": 2.5, "max_cov_scale": 2.5, "pert_type": "adaptive"}