{"run_id": 2104, "bias_std_dev_scale": 0.170998, "bias_height_fraction": 0.119897, "perturbation_size": 0.005, "optimizer": "FIRE", "found_minima": [[0.6234994049, 0.02803775853], [-0.0500522004156153, 0.4667115197682191], [-0.558223656875431, 1.4417258192294895]], "found_saddles": [[0.2207524044937806, 0.3087264460134199], [-0.9212903380396501, 0.5542593975563934]], "bias_count": 100, "energy_calls_at_each_min": [1, 2197, 12057], "force_calls_at_each_min": [1, 2197, 12057], "min_height_scale": 1.5, "max_height_scale": 2.0, "min_cov_scale": 3.0, "max_cov_scale": 1.5, "pert_type": "fixed"}