{"run_id": 4998, "bias_std_dev_scale": 0.170998, "bias_height_fraction": 0.119897, "perturbation_size": 0.005, "optimizer": "FIRE", "found_minima": [[0.6234994049, 0.02803775853], [-0.05012882818480388, 0.46674098870657615], [-0.5582236000766071, 1.4417258854113515]], "found_saddles": [[0.2364751879216076, 0.30275434989275296], [-0.8338476419682825, 0.6157441558864274]], "bias_count": 53, "energy_calls_at_each_min": [1, 1160, 6571], "force_calls_at_each_min": [1, 1160, 6571], "min_height_scale": 3.0, "max_height_scale": 1.5, "min_cov_scale": 1.5, "max_cov_scale": 3.0, "pert_type": "fixed"}