{"run_id": 1799, "bias_std_dev_scale": 0.170998, "bias_height_fraction": 0.119897, "perturbation_size": 0.005, "optimizer": "FIRE", "found_minima": [[0.6234994049, 0.02803775853], [-0.05136316843487677, 0.4669203136322205], [-0.5582236487168184, 1.441725827323497]], "found_saddles": [[0.26443229481568137, 0.29960331136772667], [-0.7803487880023798, 0.6554687048913774]], "bias_count": 51, "energy_calls_at_each_min": [1, 2029, 5953], "force_calls_at_each_min": [1, 2029, 5953], "min_height_scale": 2.5, "max_height_scale": 1.5, "min_cov_scale": 1.5, "max_cov_scale": 3.0, "pert_type": "adaptive"}