{"run_id": 3454, "bias_std_dev_scale": 0.170998, "bias_height_fraction": 0.119897, "perturbation_size": 0.005, "optimizer": "FIRE", "found_minima": [[0.6234994049, 0.02803775853], [-0.05001389544358986, 0.4666947464594717], [-0.5582236483936792, 1.4417258283531684]], "found_saddles": [[0.2440517977854755, 0.2896918909206475], [-0.01466616477149867, -0.13805038712731252]], "bias_count": 43, "energy_calls_at_each_min": [1, 726, 5569], "force_calls_at_each_min": [1, 726, 5569], "min_height_scale": 2.5, "max_height_scale": 3.0, "min_cov_scale": 3.0, "max_cov_scale": 3.0, "pert_type": "fixed"}