{"run_id": 4832, "bias_std_dev_scale": 0.170998, "bias_height_fraction": 0.119897, "perturbation_size": 0.005, "optimizer": "FIRE", "found_minima": [[0.6234994049, 0.02803775853], [-0.05001084163383409, 0.4666941141351142], [-0.5582236187480327, 1.4417258573626617]], "found_saddles": [[0.5584669742328103, -0.12764233409355158], [0.4415102344661786, 0.5538201360505384]], "bias_count": 50, "energy_calls_at_each_min": [1, 1586, 5871], "force_calls_at_each_min": [1, 1586, 5871], "min_height_scale": 2.0, "max_height_scale": 3.0, "min_cov_scale": 1.5, "max_cov_scale": 1.5, "pert_type": "fixed"}