{"run_id": 2019, "bias_std_dev_scale": 0.170998, "bias_height_fraction": 0.119897, "perturbation_size": 0.005, "optimizer": "FIRE", "found_minima": [[0.6234994049, 0.02803775853], [-0.05001495599234811, 0.4666950669142069], [-0.5582236299927399, 1.441725848997146]], "found_saddles": [[0.2804821049758786, 0.3338592406298413], [-0.2545288720656622, 0.042841163958290955]], "bias_count": 55, "energy_calls_at_each_min": [1, 904, 6705], "force_calls_at_each_min": [1, 904, 6705], "min_height_scale": 3.0, "max_height_scale": 3.0, "min_cov_scale": 1.5, "max_cov_scale": 2.0, "pert_type": "adaptive"}