{"run_id": 3841, "bias_std_dev_scale": 0.170998, "bias_height_fraction": 0.119897, "perturbation_size": 0.005, "optimizer": "FIRE", "found_minima": [[0.6234994049, 0.02803775853], [-0.050014720692752805, 0.4666949068628974], [-0.5582236231207283, 1.4417258529261596]], "found_saddles": [[0.3013860887117922, 0.30274575683890187], [-0.8810350340661943, 0.535946620433627]], "bias_count": 102, "energy_calls_at_each_min": [1, 1849, 12287], "force_calls_at_each_min": [1, 1849, 12287], "min_height_scale": 2.5, "max_height_scale": 1.5, "min_cov_scale": 1.5, "max_cov_scale": 1.5, "pert_type": "adaptive"}