{"run_id": 2033, "bias_std_dev_scale": 0.170998, "bias_height_fraction": 0.119897, "perturbation_size": 0.005, "optimizer": "FIRE", "found_minima": [[0.6234994049, 0.02803775853], [-0.050026713826562125, 0.4666972501437139], [-0.5582236575753149, 1.4417258187950686]], "found_saddles": [[0.2717132288363612, 0.4127010278302287], [-0.4689666760131032, 0.24491329480773227]], "bias_count": 71, "energy_calls_at_each_min": [1, 1251, 8254], "force_calls_at_each_min": [1, 1251, 8254], "min_height_scale": 3.0, "max_height_scale": 3.0, "min_cov_scale": 2.5, "max_cov_scale": 1.5, "pert_type": "adaptive"}