{"run_id": 3463, "bias_std_dev_scale": 0.170998, "bias_height_fraction": 0.119897, "perturbation_size": 0.005, "optimizer": "FIRE", "found_minima": [[0.6234994049, 0.02803775853], [-0.0503497524768932, 0.4667674576869862], [-0.5582236296713541, 1.4417258503359691]], "found_saddles": [[0.11415719203415131, 0.22410352753124993], [-0.8253516173623949, 0.5933976739005481]], "bias_count": 57, "energy_calls_at_each_min": [1, 1422, 6578], "force_calls_at_each_min": [1, 1422, 6578], "min_height_scale": 3.0, "max_height_scale": 1.5, "min_cov_scale": 1.5, "max_cov_scale": 3.0, "pert_type": "adaptive"}