{"run_id": 4419, "bias_std_dev_scale": 0.170998, "bias_height_fraction": 0.119897, "perturbation_size": 0.005, "optimizer": "FIRE", "found_minima": [[0.6234994049, 0.02803775853], [-0.0503735628750465, 0.4667642633195703], [-0.5582236516528597, 1.4417258249285976]], "found_saddles": [[0.11838881906915832, 0.10931810714927974], [-0.7436545378597021, 0.6705806670939045]], "bias_count": 23, "energy_calls_at_each_min": [1, 1379, 2537], "force_calls_at_each_min": [1, 1379, 2537], "min_height_scale": 2.5, "max_height_scale": 2.5, "min_cov_scale": 1.5, "max_cov_scale": 2.0, "pert_type": "adaptive"}