{"run_id": 1970, "bias_std_dev_scale": 0.170998, "bias_height_fraction": 0.119897, "perturbation_size": 0.005, "optimizer": "FIRE", "found_minima": [[0.6234994049, 0.02803775853], [-0.05023612682167375, 0.4667625979151305], [-0.5582236234007304, 1.4417258504136892]], "found_saddles": [[0.23732497290112164, 0.30681348688108273], [-0.17487538074995412, 0.09671183700665208]], "bias_count": 82, "energy_calls_at_each_min": [1, 1549, 10282], "force_calls_at_each_min": [1, 1549, 10282], "min_height_scale": 3.0, "max_height_scale": 2.0, "min_cov_scale": 2.5, "max_cov_scale": 2.0, "pert_type": "fixed"}