{"run_id": 606, "bias_std_dev_scale": 0.170998, "bias_height_fraction": 0.119897, "perturbation_size": 0.005, "optimizer": "FIRE", "found_minima": [[0.6234994049, 0.02803775853], [-0.050018011653501566, 0.4666975562523692], [-0.5582236187974037, 1.4417258586926012]], "found_saddles": [[0.2197317011227783, 0.3024680105732399], [-0.2891041930516016, -0.009082788305530297]], "bias_count": 105, "energy_calls_at_each_min": [1, 1287, 13004], "force_calls_at_each_min": [1, 1287, 13004], "min_height_scale": 1.5, "max_height_scale": 2.5, "min_cov_scale": 3.0, "max_cov_scale": 3.0, "pert_type": "fixed"}