{"run_id": 1177, "bias_std_dev_scale": 0.170998, "bias_height_fraction": 0.119897, "perturbation_size": 0.005, "optimizer": "FIRE", "found_minima": [[0.6234994049, 0.02803775853], [-0.05001080882623926, 0.46669409826918523], [-0.558223624319754, 1.4417258537840962]], "found_saddles": [[0.24786489447092558, 0.3464446716745732], [-0.8669560795254466, 0.5861591529406974]], "bias_count": 79, "energy_calls_at_each_min": [1, 1840, 9430], "force_calls_at_each_min": [1, 1840, 9430], "min_height_scale": 2.0, "max_height_scale": 1.5, "min_cov_scale": 3.0, "max_cov_scale": 1.5, "pert_type": "adaptive"}