{"run_id": 4417, "bias_std_dev_scale": 0.170998, "bias_height_fraction": 0.119897, "perturbation_size": 0.005, "optimizer": "FIRE", "found_minima": [[0.6234994049, 0.02803775853], [-0.05001186147511716, 0.46669437495967614], [-0.5582236485781706, 1.4417258283401126]], "found_saddles": [[0.4011242938503923, 0.31318471491173916], [-0.7604506719044962, 0.6446366092551632]], "bias_count": 29, "energy_calls_at_each_min": [1, 1702, 3072], "force_calls_at_each_min": [1, 1702, 3072], "min_height_scale": 2.5, "max_height_scale": 2.5, "min_cov_scale": 1.5, "max_cov_scale": 1.5, "pert_type": "adaptive"}