{"run_id": 3263, "bias_std_dev_scale": 0.170998, "bias_height_fraction": 0.119897, "perturbation_size": 0.005, "optimizer": "FIRE", "found_minima": [[0.6234994049, 0.02803775853], [-0.050404951000454244, 0.46686394631507505], [-0.558223649752767, 1.4417258280532328]], "found_saddles": [[0.34952732861927477, 0.31002014863546146], [-0.7682941219142496, 0.6616917596706936]], "bias_count": 50, "energy_calls_at_each_min": [1, 1539, 6022], "force_calls_at_each_min": [1, 1539, 6022], "min_height_scale": 2.0, "max_height_scale": 2.0, "min_cov_scale": 3.0, "max_cov_scale": 3.0, "pert_type": "adaptive"}