{"run_id": 1978, "bias_std_dev_scale": 0.170998, "bias_height_fraction": 0.119897, "perturbation_size": 0.005, "optimizer": "FIRE", "found_minima": [[0.6234994049, 0.02803775853], [-0.050010983222753096, 0.46669414566041384], [-0.558223636233317, 1.4417258431203956]], "found_saddles": [[0.20016288470978447, 0.2926504731361318], [-0.483909258696956, 0.2927156672932443]], "bias_count": 57, "energy_calls_at_each_min": [1, 1394, 7031], "force_calls_at_each_min": [1, 1394, 7031], "min_height_scale": 3.0, "max_height_scale": 2.0, "min_cov_scale": 3.0, "max_cov_scale": 2.0, "pert_type": "fixed"}