{"run_id": 3648, "bias_std_dev_scale": 0.170998, "bias_height_fraction": 0.119897, "perturbation_size": 0.005, "optimizer": "FIRE", "found_minima": [[0.6234994049, 0.02803775853], [-0.05011482219097849, 0.46671956994762437], [-0.5582236518569494, 1.4417258258248378]], "found_saddles": [[0.40662221559774797, 0.33235628415697904], [-0.4187260277476739, 0.2491781545062625]], "bias_count": 61, "energy_calls_at_each_min": [1, 1793, 7240], "force_calls_at_each_min": [1, 1793, 7240], "min_height_scale": 1.5, "max_height_scale": 2.5, "min_cov_scale": 1.5, "max_cov_scale": 1.5, "pert_type": "fixed"}