{"run_id": 3708, "bias_std_dev_scale": 0.170998, "bias_height_fraction": 0.119897, "perturbation_size": 0.005, "optimizer": "FIRE", "found_minima": [[0.6234994049, 0.02803775853], [-0.05001108410567586, 0.46669415490352834], [-0.5582236309026256, 1.4417258446144035]], "found_saddles": [[0.21190282358327212, 0.29312150290162786], [-0.09106931760412341, -0.10696154686780499]], "bias_count": 87, "energy_calls_at_each_min": [1, 456, 11070], "force_calls_at_each_min": [1, 456, 11070], "min_height_scale": 1.5, "max_height_scale": 3.0, "min_cov_scale": 3.0, "max_cov_scale": 2.5, "pert_type": "fixed"}