{"run_id": 3996, "bias_std_dev_scale": 0.170998, "bias_height_fraction": 0.119897, "perturbation_size": 0.005, "optimizer": "FIRE", "found_minima": [[0.6234994049, 0.02803775853], [-0.050043740340538, 0.46670176691495147], [-0.5582236187193114, 1.4417258573836664]], "found_saddles": [[0.9379301739692727, 0.07175683942287865], [-0.2668330857457272, 0.1246636162911707]], "bias_count": 105, "energy_calls_at_each_min": [1, 2925, 13016], "force_calls_at_each_min": [1, 2925, 13016], "min_height_scale": 3.0, "max_height_scale": 1.5, "min_cov_scale": 3.0, "max_cov_scale": 2.5, "pert_type": "fixed"}