{"run_id": 4629, "bias_std_dev_scale": 0.170998, "bias_height_fraction": 0.119897, "perturbation_size": 0.005, "optimizer": "FIRE", "found_minima": [[0.6234994049, 0.02803775853], [-0.05281795743020898, 0.46760920021819635], [-0.5582236495255527, 1.441725827633613]], "found_saddles": [[0.4039235047321982, 0.29753216786948294], [-0.817727636416499, 0.6328851775632041]], "bias_count": 55, "energy_calls_at_each_min": [1, 2369, 6655], "force_calls_at_each_min": [1, 2369, 6655], "min_height_scale": 1.5, "max_height_scale": 1.5, "min_cov_scale": 2.5, "max_cov_scale": 2.5, "pert_type": "adaptive"}