{"run_id": 2453, "bias_std_dev_scale": 0.170998, "bias_height_fraction": 0.119897, "perturbation_size": 0.005, "optimizer": "FIRE", "found_minima": [[0.6234994049, 0.02803775853], [-0.05004932282382166, 0.4667011858219502], [-0.5582236355317107, 1.441725840319948]], "found_saddles": [[0.5890869758095548, 0.22853133731890218], [-0.848438395923219, 0.6138319777971664]], "bias_count": 43, "energy_calls_at_each_min": [1, 2379, 4828], "force_calls_at_each_min": [1, 2379, 4828], "min_height_scale": 3.0, "max_height_scale": 1.5, "min_cov_scale": 2.5, "max_cov_scale": 2.5, "pert_type": "adaptive"}