{"run_id": 4775, "bias_std_dev_scale": 0.170998, "bias_height_fraction": 0.119897, "perturbation_size": 0.005, "optimizer": "FIRE", "found_minima": [[0.6234994049, 0.02803775853], [-0.5582236476116107, 1.4417258313540757]], "found_saddles": [[-0.7863938155211675, 0.6583941936633366]], "bias_count": 5000, "energy_calls_at_each_min": [1, 5310], "force_calls_at_each_min": [1, 5310], "min_height_scale": 2.0, "max_height_scale": 2.0, "min_cov_scale": 1.5, "max_cov_scale": 3.0, "pert_type": "adaptive"}