{"run_id": 3674, "bias_std_dev_scale": 0.170998, "bias_height_fraction": 0.119897, "perturbation_size": 0.005, "optimizer": "FIRE", "found_minima": [[0.6234994049, 0.02803775853], [-0.05001495700328073, 0.4666954597529009], [-0.5582236444096988, 1.4417258309511571]], "found_saddles": [[0.42111904879315143, 0.3332440464518128], [-0.82123046175696, 0.5057718213608391]], "bias_count": 48, "energy_calls_at_each_min": [1, 1266, 5849], "force_calls_at_each_min": [1, 1266, 5849], "min_height_scale": 1.5, "max_height_scale": 2.5, "min_cov_scale": 3.0, "max_cov_scale": 2.0, "pert_type": "fixed"}