{"run_id": 4846, "bias_std_dev_scale": 0.170998, "bias_height_fraction": 0.119897, "perturbation_size": 0.005, "optimizer": "FIRE", "found_minima": [[0.6234994049, 0.02803775853], [-0.050284148895251304, 0.46678778560551076], [-0.5582236196404777, 1.441725857013211]], "found_saddles": [[0.28078404657204414, 0.2902975788578799], [-0.42998465932065333, 0.2412948151041951]], "bias_count": 42, "energy_calls_at_each_min": [1, 463, 5814], "force_calls_at_each_min": [1, 463, 5814], "min_height_scale": 2.0, "max_height_scale": 3.0, "min_cov_scale": 2.0, "max_cov_scale": 3.0, "pert_type": "fixed"}