{"run_id": 3503, "bias_std_dev_scale": 0.170998, "bias_height_fraction": 0.119897, "perturbation_size": 0.005, "optimizer": "FIRE", "found_minima": [[0.6234994049, 0.02803775853], [-0.5582236215169337, 1.4417258544923919]], "found_saddles": [[-0.7179864923444483, 0.6715359948375994]], "bias_count": 5000, "energy_calls_at_each_min": [1, 6526], "force_calls_at_each_min": [1, 6526], "min_height_scale": 3.0, "max_height_scale": 2.0, "min_cov_scale": 2.0, "max_cov_scale": 3.0, "pert_type": "adaptive"}