{"run_id": 3288, "bias_std_dev_scale": 0.170998, "bias_height_fraction": 0.119897, "perturbation_size": 0.005, "optimizer": "FIRE", "found_minima": [[0.6234994049, 0.02803775853], [-0.05001226067832929, 0.4666943941687062], [-0.5582236143323366, 1.4417258617275361]], "found_saddles": [[0.12262677692032803, 0.20096246314360777], [-0.5389581096549516, 0.698167565182075]], "bias_count": 76, "energy_calls_at_each_min": [1, 1630, 9232], "force_calls_at_each_min": [1, 1630, 9232], "min_height_scale": 2.0, "max_height_scale": 2.5, "min_cov_scale": 3.0, "max_cov_scale": 1.5, "pert_type": "fixed"}