{"run_id": 1453, "bias_std_dev_scale": 0.170998, "bias_height_fraction": 0.119897, "perturbation_size": 0.005, "optimizer": "FIRE", "found_minima": [[0.6234994049, 0.02803775853], [-0.05012451041431051, 0.46672810006529425], [-0.5582236398425695, 1.4417258388088445]], "found_saddles": [[0.24239806383789994, 0.28982137219028814], [-0.8055338584861897, 0.6318635936849671]], "bias_count": 50, "energy_calls_at_each_min": [1, 1421, 6029], "force_calls_at_each_min": [1, 1421, 6029], "min_height_scale": 3.0, "max_height_scale": 2.0, "min_cov_scale": 2.0, "max_cov_scale": 2.5, "pert_type": "adaptive"}