{"run_id": 4682, "bias_std_dev_scale": 0.170998, "bias_height_fraction": 0.119897, "perturbation_size": 0.005, "optimizer": "FIRE", "found_minima": [[0.6234994049, 0.02803775853], [-0.05003871655271622, 0.4667068882646012], [-0.5582236508134273, 1.4417258257351644]], "found_saddles": [[0.05947088158030013, 0.08272043597088476], [-0.8588124641564122, 0.5108874683497288]], "bias_count": 40, "energy_calls_at_each_min": [1, 2418, 4728], "force_calls_at_each_min": [1, 2418, 4728], "min_height_scale": 1.5, "max_height_scale": 2.5, "min_cov_scale": 2.0, "max_cov_scale": 2.0, "pert_type": "fixed"}