{"run_id": 1332, "bias_std_dev_scale": 0.170998, "bias_height_fraction": 0.119897, "perturbation_size": 0.005, "optimizer": "FIRE", "found_minima": [[0.6234994049, 0.02803775853], [-0.05048705112326459, 0.46681674865379924], [-0.5582236329941316, 1.441725844812791]], "found_saddles": [[0.1874755387395515, 0.27224316664592263], [-0.8158102479613563, 0.6051644136474238]], "bias_count": 64, "energy_calls_at_each_min": [1, 907, 7742], "force_calls_at_each_min": [1, 907, 7742], "min_height_scale": 2.5, "max_height_scale": 2.0, "min_cov_scale": 2.5, "max_cov_scale": 2.5, "pert_type": "fixed"}