{"run_id": 452, "bias_std_dev_scale": 0.170998, "bias_height_fraction": 0.119897, "perturbation_size": 0.005, "optimizer": "FIRE", "found_minima": [[0.6234994049, 0.02803775853], [-0.05240185897933477, 0.46738674194269453], [-0.5582236314666064, 1.441725847410267]], "found_saddles": [[0.9821144638820969, 0.0017644999551195807], [-0.8790673254265414, 0.529560422355037]], "bias_count": 37, "energy_calls_at_each_min": [1, 1665, 4187], "force_calls_at_each_min": [1, 1665, 4187], "min_height_scale": 3.0, "max_height_scale": 2.5, "min_cov_scale": 1.5, "max_cov_scale": 2.5, "pert_type": "fixed"}