{"run_id": 44, "bias_std_dev_scale": 0.170998, "bias_height_fraction": 0.119897, "perturbation_size": 0.005, "optimizer": "FIRE", "found_minima": [[0.6234994049, 0.02803775853], [-0.05013214433577046, 0.46672030565436035], [-0.5582236235712493, 1.4417258539685083]], "found_saddles": [[0.14368478555537745, 0.2703921839570187], [-0.18767505088051661, 0.006855873473866817]], "bias_count": 69, "energy_calls_at_each_min": [1, 1329, 8391], "force_calls_at_each_min": [1, 1329, 8391], "min_height_scale": 1.5, "max_height_scale": 2.0, "min_cov_scale": 2.0, "max_cov_scale": 2.5, "pert_type": "fixed"}