{"run_id": 3670, "bias_std_dev_scale": 0.170998, "bias_height_fraction": 0.119897, "perturbation_size": 0.005, "optimizer": "FIRE", "found_minima": [[0.6234994049, 0.02803775853], [-0.05006429690807226, 0.4667054036886438], [-0.5582236155453608, 1.4417258617840254]], "found_saddles": [[0.1547440487378024, 0.20198514508577428], [-0.6366849176922329, 0.3042608065636017]], "bias_count": 63, "energy_calls_at_each_min": [1, 976, 7764], "force_calls_at_each_min": [1, 976, 7764], "min_height_scale": 1.5, "max_height_scale": 2.5, "min_cov_scale": 2.5, "max_cov_scale": 3.0, "pert_type": "fixed"}