{"run_id": 2031, "bias_std_dev_scale": 0.170998, "bias_height_fraction": 0.119897, "perturbation_size": 0.005, "optimizer": "FIRE", "found_minima": [[0.6234994049, 0.02803775853], [-0.05080282615388883, 0.46692575090823674], [-0.5582236180319686, 1.4417258597553106]], "found_saddles": [[0.25305074012500994, 0.31162365841562495], [-0.802583401190599, 0.6465137538136003]], "bias_count": 33, "energy_calls_at_each_min": [1, 1109, 3894], "force_calls_at_each_min": [1, 1109, 3894], "min_height_scale": 3.0, "max_height_scale": 3.0, "min_cov_scale": 2.0, "max_cov_scale": 3.0, "pert_type": "adaptive"}