{"run_id": 1657, "bias_std_dev_scale": 0.170998, "bias_height_fraction": 0.119897, "perturbation_size": 0.005, "optimizer": "FIRE", "found_minima": [[0.6234994049, 0.02803775853], [-0.05042969491207932, 0.46675595837342654], [-0.5582236220126863, 1.441725855211436]], "found_saddles": [[0.27178539213334574, 0.3120562422436456], [-0.6131623342348382, 0.7193465586699311]], "bias_count": 74, "energy_calls_at_each_min": [1, 1600, 8803], "force_calls_at_each_min": [1, 1600, 8803], "min_height_scale": 1.5, "max_height_scale": 3.0, "min_cov_scale": 3.0, "max_cov_scale": 1.5, "pert_type": "adaptive"}