{"run_id": 135, "bias_std_dev_scale": 0.170998, "bias_height_fraction": 0.119897, "perturbation_size": 0.005, "optimizer": "FIRE", "found_minima": [[0.6234994049, 0.02803775853], [-0.050933501259293495, 0.46683801287596427], [-0.5582236539131669, 1.4417258225853666]], "found_saddles": [[0.09456485693631549, 0.252011066258616], [-0.8141449898286661, 0.6019304703197363]], "bias_count": 44, "energy_calls_at_each_min": [1, 1745, 5082], "force_calls_at_each_min": [1, 1745, 5082], "min_height_scale": 2.0, "max_height_scale": 1.5, "min_cov_scale": 1.5, "max_cov_scale": 3.0, "pert_type": "adaptive"}