{"run_id": 529, "bias_std_dev_scale": 0.170998, "bias_height_fraction": 0.119897, "perturbation_size": 0.005, "optimizer": "FIRE", "found_minima": [[0.6234994049, 0.02803775853], [-0.05001102911385639, 0.4666941582377571], [-0.5582236554296114, 1.4417258207529426]], "found_saddles": [[0.1595573916034384, 0.2402164755595222], [-0.3597446508751996, 0.13633782489267895]], "bias_count": 164, "energy_calls_at_each_min": [1, 2797, 20082], "force_calls_at_each_min": [1, 2797, 20082], "min_height_scale": 1.5, "max_height_scale": 1.5, "min_cov_scale": 2.5, "max_cov_scale": 1.5, "pert_type": "adaptive"}