{"run_id": 3847, "bias_std_dev_scale": 0.170998, "bias_height_fraction": 0.119897, "perturbation_size": 0.005, "optimizer": "FIRE", "found_minima": [[0.6234994049, 0.02803775853], [-0.050392948593406345, 0.4667829499262572], [-0.5582236457846622, 1.4417258298262536]], "found_saddles": [[0.18221018187504387, 0.26127639814557835], [-0.8723159477337373, 0.6009861242091955]], "bias_count": 64, "energy_calls_at_each_min": [1, 1419, 7446], "force_calls_at_each_min": [1, 1419, 7446], "min_height_scale": 2.5, "max_height_scale": 1.5, "min_cov_scale": 1.5, "max_cov_scale": 3.0, "pert_type": "adaptive"}