{"run_id": 185, "bias_std_dev_scale": 0.170998, "bias_height_fraction": 0.119897, "perturbation_size": 0.005, "optimizer": "FIRE", "found_minima": [[0.6234994049, 0.02803775853], [-0.050020488019196986, 0.46669678916869317], [-0.5582236189670328, 1.4417258555540406]], "found_saddles": [[0.19170945055634386, 0.2637392413664606], [-0.23909900388914188, 0.12170770323228455]], "bias_count": 103, "energy_calls_at_each_min": [1, 1189, 12614], "force_calls_at_each_min": [1, 1189, 12614], "min_height_scale": 2.0, "max_height_scale": 2.0, "min_cov_scale": 3.0, "max_cov_scale": 1.5, "pert_type": "adaptive"}