{"run_id": 2662, "bias_std_dev_scale": 0.170998, "bias_height_fraction": 0.119897, "perturbation_size": 0.005, "optimizer": "FIRE", "found_minima": [[0.6234994049, 0.02803775853], [-0.05007583998305139, 0.4667064524781448], [-0.5582236518510195, 1.4417258252501535]], "found_saddles": [[0.1278698403926223, 0.16617901306811775], [-0.20288040514795422, 0.1143751433818731]], "bias_count": 30, "energy_calls_at_each_min": [1, 697, 3471], "force_calls_at_each_min": [1, 697, 3471], "min_height_scale": 1.5, "max_height_scale": 3.0, "min_cov_scale": 1.5, "max_cov_scale": 3.0, "pert_type": "fixed"}