{"run_id": 2131, "bias_std_dev_scale": 0.170998, "bias_height_fraction": 0.119897, "perturbation_size": 0.005, "optimizer": "FIRE", "found_minima": [[0.6234994049, 0.02803775853], [-0.05008591977274242, 0.4667086709698495], [-0.5582236305511553, 1.441725848201343]], "found_saddles": [[0.3690741207407002, 0.35364040138679087], [-0.8030417187005283, 0.634114569216337]], "bias_count": 23, "energy_calls_at_each_min": [1, 1951, 2585], "force_calls_at_each_min": [1, 1951, 2585], "min_height_scale": 1.5, "max_height_scale": 2.5, "min_cov_scale": 2.5, "max_cov_scale": 2.0, "pert_type": "adaptive"}