{"run_id": 3512, "bias_std_dev_scale": 0.170998, "bias_height_fraction": 0.119897, "perturbation_size": 0.005, "optimizer": "FIRE", "found_minima": [[0.6234994049, 0.02803775853], [-0.05025874892735747, 0.4667498266116849], [-0.5582236466865691, 1.4417258305679206]], "found_saddles": [[0.18285493533080993, 0.26648271569746623], [-0.8087027376593587, 0.6297688192627815]], "bias_count": 75, "energy_calls_at_each_min": [1, 1526, 8966], "force_calls_at_each_min": [1, 1526, 8966], "min_height_scale": 3.0, "max_height_scale": 2.0, "min_cov_scale": 3.0, "max_cov_scale": 1.5, "pert_type": "fixed"}