{"run_id": 4079, "bias_std_dev_scale": 0.170998, "bias_height_fraction": 0.119897, "perturbation_size": 0.005, "optimizer": "FIRE", "found_minima": [[0.6234994049, 0.02803775853], [-0.05027508145336796, 0.4667595915977783], [-0.5582236534473924, 1.4417258231374996]], "found_saddles": [[0.2754647429259213, 0.30308364257795556], [-0.8363276202566996, 0.5759706837735885]], "bias_count": 30, "energy_calls_at_each_min": [1, 977, 3546], "force_calls_at_each_min": [1, 977, 3546], "min_height_scale": 3.0, "max_height_scale": 3.0, "min_cov_scale": 2.0, "max_cov_scale": 3.0, "pert_type": "adaptive"}