{"run_id": 3830, "bias_std_dev_scale": 0.170998, "bias_height_fraction": 0.119897, "perturbation_size": 0.005, "optimizer": "FIRE", "found_minima": [[0.6234994049, 0.02803775853], [-0.0500156535986698, 0.4666950573996289], [-0.5582236129226155, 1.4417258629645675]], "found_saddles": [[0.17830086343651308, 0.2682229277872691], [1.0258679245324571, -0.08143946287887925]], "bias_count": 57, "energy_calls_at_each_min": [1, 1161, 6997], "force_calls_at_each_min": [1, 1161, 6997], "min_height_scale": 2.0, "max_height_scale": 3.0, "min_cov_scale": 2.5, "max_cov_scale": 3.0, "pert_type": "fixed"}