{"run_id": 4528, "bias_std_dev_scale": 0.170998, "bias_height_fraction": 0.119897, "perturbation_size": 0.005, "optimizer": "FIRE", "found_minima": [[0.6234994049, 0.02803775853], [-0.050011663524943774, 0.4666943088111966], [-0.558223644171962, 1.441725830076032]], "found_saddles": [[0.1455754736350777, 0.16276184646380645], [-0.1519815024419834, 0.02346234116173785]], "bias_count": 90, "energy_calls_at_each_min": [1, 2051, 11755], "force_calls_at_each_min": [1, 2051, 11755], "min_height_scale": 3.0, "max_height_scale": 2.0, "min_cov_scale": 2.5, "max_cov_scale": 1.5, "pert_type": "fixed"}