{"run_id": 1422, "bias_std_dev_scale": 0.170998, "bias_height_fraction": 0.119897, "perturbation_size": 0.005, "optimizer": "FIRE", "found_minima": [[0.6234994049, 0.02803775853], [-0.5582236443882067, 1.4417258344863393]], "found_saddles": [[-0.7864280847265805, 0.6791453975517222]], "bias_count": 5000, "energy_calls_at_each_min": [1, 9654], "force_calls_at_each_min": [1, 9654], "min_height_scale": 3.0, "max_height_scale": 1.5, "min_cov_scale": 2.0, "max_cov_scale": 3.0, "pert_type": "fixed"}