{"run_id": 928, "bias_std_dev_scale": 0.170998, "bias_height_fraction": 0.119897, "perturbation_size": 0.005, "optimizer": "FIRE", "found_minima": [[0.6234994049, 0.02803775853], [-0.05036792708248486, 0.46678695794027303], [-0.5582236473999371, 1.4417258315485446]], "found_saddles": [[0.2574862609731401, 0.30567528799650706], [-0.6955834905223547, 0.728965252994443]], "bias_count": 68, "energy_calls_at_each_min": [1, 1531, 8095], "force_calls_at_each_min": [1, 1531, 8095], "min_height_scale": 3.0, "max_height_scale": 2.0, "min_cov_scale": 1.5, "max_cov_scale": 1.5, "pert_type": "fixed"}