{"run_id": 4118, "bias_std_dev_scale": 0.170998, "bias_height_fraction": 0.119897, "perturbation_size": 0.005, "optimizer": "FIRE", "found_minima": [[0.6234994049, 0.02803775853], [-0.05001516417415807, 0.4667058785330899], [-0.5582236411613672, 1.4417258351735154]], "found_saddles": [[0.23694223724576063, 0.2884166018187657], [-0.034240868637113904, -0.06062700818019459]], "bias_count": 99, "energy_calls_at_each_min": [1, 1037, 12783], "force_calls_at_each_min": [1, 1037, 12783], "min_height_scale": 1.5, "max_height_scale": 1.5, "min_cov_scale": 2.5, "max_cov_scale": 3.0, "pert_type": "fixed"}