{"run_id": 4866, "bias_std_dev_scale": 0.170998, "bias_height_fraction": 0.119897, "perturbation_size": 0.005, "optimizer": "FIRE", "found_minima": [[0.6234994049, 0.02803775853], [-0.05374660379528441, 0.4673129432620674], [-0.5582236183361491, 1.4417258576874787]], "found_saddles": [[0.31831548509932794, 0.3318316676997446], [-0.7689074774571297, 0.6481892570461069]], "bias_count": 70, "energy_calls_at_each_min": [1, 2475, 8253], "force_calls_at_each_min": [1, 2475, 8253], "min_height_scale": 2.5, "max_height_scale": 1.5, "min_cov_scale": 1.5, "max_cov_scale": 2.0, "pert_type": "fixed"}