{"run_id": 4575, "bias_std_dev_scale": 0.170998, "bias_height_fraction": 0.119897, "perturbation_size": 0.005, "optimizer": "FIRE", "found_minima": [[0.6234994049, 0.02803775853], [-0.05033177068063601, 0.4667516752160239], [-0.5582236484648266, 1.4417258282113627]], "found_saddles": [[0.8953133649758115, -0.05941137071966481], [-0.8365606685187791, 0.5728040378368187]], "bias_count": 48, "energy_calls_at_each_min": [1, 1691, 6168], "force_calls_at_each_min": [1, 1691, 6168], "min_height_scale": 3.0, "max_height_scale": 2.5, "min_cov_scale": 3.0, "max_cov_scale": 3.0, "pert_type": "adaptive"}