{"run_id": 2341, "bias_std_dev_scale": 0.170998, "bias_height_fraction": 0.119897, "perturbation_size": 0.005, "optimizer": "FIRE", "found_minima": [[0.6234994049, 0.02803775853], [-0.05037283339135073, 0.46684430036557495], [-0.5582236178372982, 1.4417258596474611]], "found_saddles": [[0.14384133770783292, 0.0811037925932967], [-0.8440871140232673, 0.6207007058631977]], "bias_count": 32, "energy_calls_at_each_min": [1, 1359, 3447], "force_calls_at_each_min": [1, 1359, 3447], "min_height_scale": 2.5, "max_height_scale": 2.0, "min_cov_scale": 1.5, "max_cov_scale": 2.5, "pert_type": "adaptive"}