{"run_id": 223, "bias_std_dev_scale": 0.170998, "bias_height_fraction": 0.119897, "perturbation_size": 0.005, "optimizer": "FIRE", "found_minima": [[0.6234994049, 0.02803775853], [-0.050061267648386004, 0.46670485915562965], [-0.55822364659119, 1.441725828468079]], "found_saddles": [[0.15945167465898527, 0.29887095014313053], [-0.7867976450382985, 0.656513709073824]], "bias_count": 43, "energy_calls_at_each_min": [1, 963, 5168], "force_calls_at_each_min": [1, 963, 5168], "min_height_scale": 2.0, "max_height_scale": 2.5, "min_cov_scale": 3.0, "max_cov_scale": 3.0, "pert_type": "adaptive"}