{"run_id": 636, "bias_std_dev_scale": 0.170998, "bias_height_fraction": 0.119897, "perturbation_size": 0.005, "optimizer": "FIRE", "found_minima": [[0.6234994049, 0.02803775853], [-0.050011165552708195, 0.4666941649755795], [-0.5582236534116535, 1.4417258241386761]], "found_saddles": [[0.24074682101039882, 0.2999416445708434], [-0.20441419657090729, -0.010780049941912801]], "bias_count": 74, "energy_calls_at_each_min": [1, 1123, 9799], "force_calls_at_each_min": [1, 1123, 9799], "min_height_scale": 1.5, "max_height_scale": 3.0, "min_cov_scale": 3.0, "max_cov_scale": 2.5, "pert_type": "fixed"}