{"run_id": 1593, "bias_std_dev_scale": 0.170998, "bias_height_fraction": 0.119897, "perturbation_size": 0.005, "optimizer": "FIRE", "found_minima": [[0.6234994049, 0.02803775853], [-0.050015708722235784, 0.4666956798070132], [-0.5582236376525551, 1.4417258367237586]], "found_saddles": [[0.20833844082411304, 0.262785506507258], [-0.8399839052158056, 0.5916507743818452]], "bias_count": 84, "energy_calls_at_each_min": [1, 1131, 10146], "force_calls_at_each_min": [1, 1131, 10146], "min_height_scale": 1.5, "max_height_scale": 2.0, "min_cov_scale": 3.0, "max_cov_scale": 1.5, "pert_type": "adaptive"}