{"run_id": 4798, "bias_std_dev_scale": 0.170998, "bias_height_fraction": 0.119897, "perturbation_size": 0.005, "optimizer": "FIRE", "found_minima": [[0.6234994049, 0.02803775853], [-0.051397387834362575, 0.46692322027669053], [-0.5582236547657622, 1.4417258211096526]], "found_saddles": [[0.09235551254189084, 0.11352964041409608], [0.4469570049237666, 0.5430908819078349]], "bias_count": 80, "energy_calls_at_each_min": [1, 1294, 9809], "force_calls_at_each_min": [1, 1294, 9809], "min_height_scale": 2.0, "max_height_scale": 2.0, "min_cov_scale": 3.0, "max_cov_scale": 3.0, "pert_type": "fixed"}