{"run_id": 2158, "bias_std_dev_scale": 0.170998, "bias_height_fraction": 0.119897, "perturbation_size": 0.005, "optimizer": "FIRE", "found_minima": [[0.6234994049, 0.02803775853], [-0.050263298691648785, 0.4667762236381215], [-0.5582236225586249, 1.4417258535639361]], "found_saddles": [[0.23751964548154622, 0.2883270289525416], [-0.7025724595446281, 0.3925659237568142]], "bias_count": 31, "energy_calls_at_each_min": [1, 773, 3747], "force_calls_at_each_min": [1, 773, 3747], "min_height_scale": 1.5, "max_height_scale": 3.0, "min_cov_scale": 2.0, "max_cov_scale": 3.0, "pert_type": "fixed"}