{"run_id": 4492, "bias_std_dev_scale": 0.170998, "bias_height_fraction": 0.119897, "perturbation_size": 0.005, "optimizer": "FIRE", "found_minima": [[0.6234994049, 0.02803775853], [-0.0502428980082415, 0.46675776550701115], [-0.5582236497985351, 1.441725826734653]], "found_saddles": [[0.12181750147421246, 0.2788908522077696], [-0.7216627831764579, 0.6712768668588592]], "bias_count": 80, "energy_calls_at_each_min": [1, 2150, 9846], "force_calls_at_each_min": [1, 2150, 9846], "min_height_scale": 3.0, "max_height_scale": 1.5, "min_cov_scale": 2.0, "max_cov_scale": 2.5, "pert_type": "fixed"}