{"run_id": 3823, "bias_std_dev_scale": 0.170998, "bias_height_fraction": 0.119897, "perturbation_size": 0.005, "optimizer": "FIRE", "found_minima": [[0.6234994049, 0.02803775853], [-0.05028739164653723, 0.46678876304732164], [-0.5582236227345808, 1.4417258532989297]], "found_saddles": [[0.19379878743360232, 0.2945232744521644], [-0.8216185895916581, 0.6130692461682689]], "bias_count": 27, "energy_calls_at_each_min": [1, 473, 3289], "force_calls_at_each_min": [1, 473, 3289], "min_height_scale": 2.0, "max_height_scale": 3.0, "min_cov_scale": 2.0, "max_cov_scale": 3.0, "pert_type": "adaptive"}