{"run_id": 3942, "bias_std_dev_scale": 0.170998, "bias_height_fraction": 0.119897, "perturbation_size": 0.005, "optimizer": "FIRE", "found_minima": [[0.6234994049, 0.02803775853], [-0.050022681090243055, 0.46669670146297787], [-0.5582236180863656, 1.4417258577416245]], "found_saddles": [[0.16651630228728895, 0.2853298970461561], [-0.41070919649466575, 0.15271482791009372]], "bias_count": 59, "energy_calls_at_each_min": [1, 713, 7479], "force_calls_at_each_min": [1, 713, 7479], "min_height_scale": 2.5, "max_height_scale": 3.0, "min_cov_scale": 1.5, "max_cov_scale": 3.0, "pert_type": "fixed"}