{"run_id": 4475, "bias_std_dev_scale": 0.170998, "bias_height_fraction": 0.119897, "perturbation_size": 0.005, "optimizer": "FIRE", "found_minima": [[0.6234994049, 0.02803775853], [-0.05032517523220262, 0.4667646667870322], [-0.5582236383939023, 1.4417258352226832]], "found_saddles": [[0.08705413393709162, 0.27138739797446193], [-0.9054281798124163, 0.5017150809681533]], "bias_count": 39, "energy_calls_at_each_min": [1, 2657, 4510], "force_calls_at_each_min": [1, 2657, 4510], "min_height_scale": 2.5, "max_height_scale": 3.0, "min_cov_scale": 3.0, "max_cov_scale": 2.0, "pert_type": "adaptive"}