{"run_id": 2420, "bias_std_dev_scale": 0.170998, "bias_height_fraction": 0.119897, "perturbation_size": 0.005, "optimizer": "FIRE", "found_minima": [[0.6234994049, 0.02803775853], [-0.5582236434877517, 1.4417258328370355]], "found_saddles": [[-0.9263876773064396, 0.4766748859224725]], "bias_count": 5000, "energy_calls_at_each_min": [1, 6560], "force_calls_at_each_min": [1, 6560], "min_height_scale": 2.5, "max_height_scale": 3.0, "min_cov_scale": 2.5, "max_cov_scale": 2.5, "pert_type": "fixed"}