{"run_id": 1386, "bias_std_dev_scale": 0.170998, "bias_height_fraction": 0.119897, "perturbation_size": 0.005, "optimizer": "FIRE", "found_minima": [[0.6234994049, 0.02803775853], [-0.05001112747968231, 0.4666941762035169], [-0.5582236482672138, 1.4417258275695344]], "found_saddles": [[0.17180446337939134, 0.21676137622936353], [-0.6587368806170752, 0.7319261594619868]], "bias_count": 46, "energy_calls_at_each_min": [1, 694, 5754], "force_calls_at_each_min": [1, 694, 5754], "min_height_scale": 2.5, "max_height_scale": 3.0, "min_cov_scale": 2.0, "max_cov_scale": 2.0, "pert_type": "fixed"}