{"run_id": 3631, "bias_std_dev_scale": 0.170998, "bias_height_fraction": 0.119897, "perturbation_size": 0.005, "optimizer": "FIRE", "found_minima": [[0.6234994049, 0.02803775853], [-0.0508043708983502, 0.4668160013275909], [-0.5582236494634601, 1.4417258271616613]], "found_saddles": [[0.20393000663717117, 0.28402008175671084], [-0.8135611858639464, 0.6234940060196809]], "bias_count": 38, "energy_calls_at_each_min": [1, 1222, 4294], "force_calls_at_each_min": [1, 1222, 4294], "min_height_scale": 1.5, "max_height_scale": 2.0, "min_cov_scale": 2.0, "max_cov_scale": 3.0, "pert_type": "adaptive"}