{"run_id": 1017, "bias_std_dev_scale": 0.170998, "bias_height_fraction": 0.119897, "perturbation_size": 0.005, "optimizer": "FIRE", "found_minima": [[0.6234994049, 0.02803775853], [-0.050011173349854346, 0.4666941679508231], [-0.5582236115170165, 1.4417258648742615]], "found_saddles": [[0.2847603397070391, 0.3446586065649845], [0.08674780368673951, -0.16640400101982658]], "bias_count": 95, "energy_calls_at_each_min": [1, 1368, 12477], "force_calls_at_each_min": [1, 1368, 12477], "min_height_scale": 3.0, "max_height_scale": 3.0, "min_cov_scale": 3.0, "max_cov_scale": 1.5, "pert_type": "adaptive"}