{"run_id": 2452, "bias_std_dev_scale": 0.170998, "bias_height_fraction": 0.119897, "perturbation_size": 0.005, "optimizer": "FIRE", "found_minima": [[0.6234994049, 0.02803775853], [-0.050626006183503096, 0.4668654527852356], [-0.5582236543993001, 1.4417258222738505]], "found_saddles": [[0.21953749523040858, 0.295080313265586], [-0.5160011961403438, 0.2613361478888446]], "bias_count": 105, "energy_calls_at_each_min": [1, 2368, 12960], "force_calls_at_each_min": [1, 2368, 12960], "min_height_scale": 3.0, "max_height_scale": 1.5, "min_cov_scale": 2.5, "max_cov_scale": 2.5, "pert_type": "fixed"}