{"run_id": 1424, "bias_std_dev_scale": 0.170998, "bias_height_fraction": 0.119897, "perturbation_size": 0.005, "optimizer": "FIRE", "found_minima": [[0.6234994049, 0.02803775853], [-0.050010790705386644, 0.4666941028632646], [-0.5582236505774381, 1.4417258260366064]], "found_saddles": [[0.22176553090641576, 0.3080645379036598], [-0.7690167137991636, 0.6506861084061103]], "bias_count": 105, "energy_calls_at_each_min": [1, 2437, 13168], "force_calls_at_each_min": [1, 2437, 13168], "min_height_scale": 3.0, "max_height_scale": 1.5, "min_cov_scale": 2.5, "max_cov_scale": 1.5, "pert_type": "fixed"}