{"run_id": 899, "bias_std_dev_scale": 0.170998, "bias_height_fraction": 0.119897, "perturbation_size": 0.005, "optimizer": "FIRE", "found_minima": [[0.6234994049, 0.02803775853], [-0.05028820016300858, 0.46678621561888484], [-0.5582236211161268, 1.4417258550684562]], "found_saddles": [[0.27866025367340697, 0.3325096596256526], [-0.8335903319202478, 0.5982459471225782]], "bias_count": 73, "energy_calls_at_each_min": [1, 1366, 8439], "force_calls_at_each_min": [1, 1366, 8439], "min_height_scale": 3.0, "max_height_scale": 1.5, "min_cov_scale": 1.5, "max_cov_scale": 2.0, "pert_type": "adaptive"}