{"run_id": 1930, "bias_std_dev_scale": 0.170998, "bias_height_fraction": 0.119897, "perturbation_size": 0.005, "optimizer": "FIRE", "found_minima": [[0.6234994049, 0.02803775853], [-0.0501597392860413, 0.466736066266178], [-0.5582236375479083, 1.4417258350760074]], "found_saddles": [[0.22546963157661715, 0.3106874090853607], [-0.6237752065174963, 0.3367680082711193]], "bias_count": 107, "energy_calls_at_each_min": [1, 1266, 13678], "force_calls_at_each_min": [1, 1266, 13678], "min_height_scale": 3.0, "max_height_scale": 1.5, "min_cov_scale": 2.0, "max_cov_scale": 2.0, "pert_type": "fixed"}