{"run_id": 3673, "bias_std_dev_scale": 0.170998, "bias_height_fraction": 0.119897, "perturbation_size": 0.005, "optimizer": "FIRE", "found_minima": [[0.6234994049, 0.02803775853], [-0.0500109943050819, 0.4666941546932719], [-0.5582236192500567, 1.441725857747119]], "found_saddles": [[0.17966075748013297, 0.27843986318868236], [-0.8303353345060259, 0.6062399677631961]], "bias_count": 48, "energy_calls_at_each_min": [1, 2113, 5575], "force_calls_at_each_min": [1, 2113, 5575], "min_height_scale": 1.5, "max_height_scale": 2.5, "min_cov_scale": 3.0, "max_cov_scale": 1.5, "pert_type": "adaptive"}