{"run_id": 4765, "bias_std_dev_scale": 0.170998, "bias_height_fraction": 0.119897, "perturbation_size": 0.005, "optimizer": "FIRE", "found_minima": [[0.6234994049, 0.02803775853], [-0.0500856075636034, 0.46671095506790555], [-0.5582236398095711, 1.4417258385702065]], "found_saddles": [[0.2081713452266643, 0.26786422716837244], [-0.8341507909554157, 0.640179791364909]], "bias_count": 71, "energy_calls_at_each_min": [1, 2503, 8432], "force_calls_at_each_min": [1, 2503, 8432], "min_height_scale": 2.0, "max_height_scale": 1.5, "min_cov_scale": 3.0, "max_cov_scale": 2.5, "pert_type": "adaptive"}