{"run_id": 3054, "bias_std_dev_scale": 0.170998, "bias_height_fraction": 0.119897, "perturbation_size": 0.005, "optimizer": "FIRE", "found_minima": [[0.6234994049, 0.02803775853], [-0.5582236209551781, 1.441725855849857]], "found_saddles": [[-0.78731265289162, 0.6505406058995931]], "bias_count": 5000, "energy_calls_at_each_min": [1, 5591], "force_calls_at_each_min": [1, 5591], "min_height_scale": 3.0, "max_height_scale": 3.0, "min_cov_scale": 2.0, "max_cov_scale": 3.0, "pert_type": "fixed"}