{"run_id": 4170, "bias_std_dev_scale": 0.170998, "bias_height_fraction": 0.119897, "perturbation_size": 0.005, "optimizer": "FIRE", "found_minima": [[0.6234994049, 0.02803775853], [-0.05043194665067281, 0.46679642796453835], [-0.5582236383576543, 1.4417258356345968]], "found_saddles": [[0.1740391505620155, 0.2666743519962585], [-0.5999783831299657, 0.32099855865763344]], "bias_count": 65, "energy_calls_at_each_min": [1, 1524, 7803], "force_calls_at_each_min": [1, 1524, 7803], "min_height_scale": 1.5, "max_height_scale": 2.5, "min_cov_scale": 2.0, "max_cov_scale": 2.0, "pert_type": "fixed"}