{"run_id": 3991, "bias_std_dev_scale": 0.170998, "bias_height_fraction": 0.119897, "perturbation_size": 0.005, "optimizer": "FIRE", "found_minima": [[0.6234994049, 0.02803775853], [-0.05059985537856031, 0.46684248578998455], [-0.5582236308959939, 1.4417258414012395]], "found_saddles": [[0.25810408500425414, 0.3170438899003319], [-0.11611827293583546, 0.010021539913521615]], "bias_count": 98, "energy_calls_at_each_min": [1, 1899, 11938], "force_calls_at_each_min": [1, 1899, 11938], "min_height_scale": 3.0, "max_height_scale": 1.5, "min_cov_scale": 2.5, "max_cov_scale": 3.0, "pert_type": "adaptive"}