{"run_id": 4920, "bias_std_dev_scale": 0.170998, "bias_height_fraction": 0.119897, "perturbation_size": 0.005, "optimizer": "FIRE", "found_minima": [[0.6234994049, 0.02803775853], [-0.05001131228809489, 0.46669422260111376], [-0.5582236223840058, 1.441725854766414]], "found_saddles": [[0.16325533161157435, 0.21361567422750072], [-0.25852402575681066, 0.1481967442949933]], "bias_count": 100, "energy_calls_at_each_min": [1, 1982, 12094], "force_calls_at_each_min": [1, 1982, 12094], "min_height_scale": 2.5, "max_height_scale": 2.0, "min_cov_scale": 3.0, "max_cov_scale": 1.5, "pert_type": "fixed"}