{"run_id": 761, "bias_std_dev_scale": 0.170998, "bias_height_fraction": 0.119897, "perturbation_size": 0.005, "optimizer": "FIRE", "found_minima": [[0.6234994049, 0.02803775853], [-0.050066167066030225, 0.466704588890802], [-0.5582236135432526, 1.4417258634094612]], "found_saddles": [[0.2951977039183753, 0.33650801468257174], [-0.8493292208046623, 0.6022111922102962]], "bias_count": 54, "energy_calls_at_each_min": [1, 1042, 6043], "force_calls_at_each_min": [1, 1042, 6043], "min_height_scale": 2.0, "max_height_scale": 3.0, "min_cov_scale": 3.0, "max_cov_scale": 1.5, "pert_type": "adaptive"}