{"run_id": 4058, "bias_std_dev_scale": 0.170998, "bias_height_fraction": 0.119897, "perturbation_size": 0.005, "optimizer": "FIRE", "found_minima": [[0.6234994049, 0.02803775853], [-0.050010877350148, 0.46669412310374947], [-0.5582236366741377, 1.441725836293197]], "found_saddles": [[0.34453996478056315, 0.31330023197411083], [-0.4912223389669461, 0.7270302016666891]], "bias_count": 69, "energy_calls_at_each_min": [1, 2196, 8387], "force_calls_at_each_min": [1, 2196, 8387], "min_height_scale": 3.0, "max_height_scale": 2.5, "min_cov_scale": 3.0, "max_cov_scale": 2.0, "pert_type": "fixed"}