{"run_id": 1923, "bias_std_dev_scale": 0.170998, "bias_height_fraction": 0.119897, "perturbation_size": 0.005, "optimizer": "FIRE", "found_minima": [[0.6234994049, 0.02803775853], [-0.5582236516352131, 1.4417258249772809]], "found_saddles": [[-0.8060406850478881, 0.6120030165681416]], "bias_count": 5000, "energy_calls_at_each_min": [1, 5213], "force_calls_at_each_min": [1, 5213], "min_height_scale": 3.0, "max_height_scale": 1.5, "min_cov_scale": 1.5, "max_cov_scale": 2.0, "pert_type": "adaptive"}