{"run_id": 2970, "bias_std_dev_scale": 0.170998, "bias_height_fraction": 0.119897, "perturbation_size": 0.005, "optimizer": "FIRE", "found_minima": [[0.6234994049, 0.02803775853], [-0.051552718234960486, 0.46693595018421524], [-0.5582236483805612, 1.4417258283918217]], "found_saddles": [[0.08125669473192777, 0.2446278985220823], [-0.02144521938291109, -0.05244077566089808]], "bias_count": 109, "energy_calls_at_each_min": [1, 3515, 13906], "force_calls_at_each_min": [1, 3515, 13906], "min_height_scale": 3.0, "max_height_scale": 1.5, "min_cov_scale": 3.0, "max_cov_scale": 2.0, "pert_type": "fixed"}