{"run_id": 2386, "bias_std_dev_scale": 0.170998, "bias_height_fraction": 0.119897, "perturbation_size": 0.005, "optimizer": "FIRE", "found_minima": [[0.6234994049, 0.02803775853], [-0.050120924741824946, 0.4667181059407041], [-0.5582236401017723, 1.4417258384261833]], "found_saddles": [[0.14545853518470467, 0.2476794374102566], [-0.7928423330986125, 0.456110340763192]], "bias_count": 44, "energy_calls_at_each_min": [1, 869, 5353], "force_calls_at_each_min": [1, 869, 5353], "min_height_scale": 2.5, "max_height_scale": 2.5, "min_cov_scale": 2.5, "max_cov_scale": 2.0, "pert_type": "fixed"}