{"run_id": 4739, "bias_std_dev_scale": 0.170998, "bias_height_fraction": 0.119897, "perturbation_size": 0.005, "optimizer": "FIRE", "found_minima": [[0.6234994049, 0.02803775853], [-0.05027525652985837, 0.46675976838021765], [-0.5582236214985714, 1.4417258570021543]], "found_saddles": [[0.14342739801405177, 0.29405558695326844], [-0.8761657366310471, 0.5422692276685069]], "bias_count": 84, "energy_calls_at_each_min": [1, 1777, 9984], "force_calls_at_each_min": [1, 1777, 9984], "min_height_scale": 2.0, "max_height_scale": 1.5, "min_cov_scale": 1.5, "max_cov_scale": 2.0, "pert_type": "adaptive"}