{"run_id": 3072, "bias_std_dev_scale": 0.170998, "bias_height_fraction": 0.119897, "perturbation_size": 0.005, "optimizer": "FIRE", "found_minima": [[0.6234994049, 0.02803775853], [-0.05004369717339398, 0.4667017349618974], [-0.5582236513267761, 1.4417258253940683]], "found_saddles": [[0.14483637132364657, 0.2675574241549454], [-0.8467069115403592, 0.5395573311536821]], "bias_count": 99, "energy_calls_at_each_min": [1, 2420, 12562], "force_calls_at_each_min": [1, 2420, 12562], "min_height_scale": 1.5, "max_height_scale": 1.5, "min_cov_scale": 1.5, "max_cov_scale": 1.5, "pert_type": "fixed"}