{"run_id": 339, "bias_std_dev_scale": 0.170998, "bias_height_fraction": 0.119897, "perturbation_size": 0.005, "optimizer": "FIRE", "found_minima": [[0.6234994049, 0.02803775853], [-0.050011636132287346, 0.46669428746702496], [-0.5582236283377822, 1.441725845361029]], "found_saddles": [[0.12766893756664147, 0.190559239163978], [-0.7678927700885798, 0.6844028054107965]], "bias_count": 60, "energy_calls_at_each_min": [1, 1483, 6970], "force_calls_at_each_min": [1, 1483, 6970], "min_height_scale": 2.5, "max_height_scale": 2.5, "min_cov_scale": 2.5, "max_cov_scale": 2.0, "pert_type": "adaptive"}