{"run_id": 3924, "bias_std_dev_scale": 0.170998, "bias_height_fraction": 0.119897, "perturbation_size": 0.005, "optimizer": "FIRE", "found_minima": [[0.6234994049, 0.02803775853], [-0.05001167203492572, 0.46669430129929007], [-0.5582236322992781, 1.4417258404715947]], "found_saddles": [[0.19874057125393885, 0.2821244010843146], [-0.2565287395784311, 0.012149162834762367]], "bias_count": 96, "energy_calls_at_each_min": [1, 996, 12026], "force_calls_at_each_min": [1, 996, 12026], "min_height_scale": 2.5, "max_height_scale": 2.5, "min_cov_scale": 2.5, "max_cov_scale": 2.5, "pert_type": "fixed"}