{"run_id": 4562, "bias_std_dev_scale": 0.170998, "bias_height_fraction": 0.119897, "perturbation_size": 0.005, "optimizer": "FIRE", "found_minima": [[0.6234994049, 0.02803775853], [-0.05003877325867678, 0.46670010024866615], [-0.5582236493562237, 1.4417258270391178]], "found_saddles": [[0.12772471590300016, 0.2687944453120474], [-0.8420323933409182, 0.5664360861332532]], "bias_count": 39, "energy_calls_at_each_min": [1, 1111, 4876], "force_calls_at_each_min": [1, 1111, 4876], "min_height_scale": 3.0, "max_height_scale": 2.5, "min_cov_scale": 2.5, "max_cov_scale": 2.0, "pert_type": "fixed"}