{"run_id": 1797, "bias_std_dev_scale": 0.170998, "bias_height_fraction": 0.119897, "perturbation_size": 0.005, "optimizer": "FIRE", "found_minima": [[0.6234994049, 0.02803775853], [-0.5582236485318964, 1.441725829319402]], "found_saddles": [[-0.13033124836573023, 0.02450584822218856]], "bias_count": 5000, "energy_calls_at_each_min": [1, 11294], "force_calls_at_each_min": [1, 11294], "min_height_scale": 2.5, "max_height_scale": 1.5, "min_cov_scale": 1.5, "max_cov_scale": 2.5, "pert_type": "adaptive"}