{"run_id": 2417, "bias_std_dev_scale": 0.170998, "bias_height_fraction": 0.119897, "perturbation_size": 0.005, "optimizer": "FIRE", "found_minima": [[0.6234994049, 0.02803775853], [-0.050113786523603, 0.46671363488415674], [-0.5582236535840966, 1.4417258232013375]], "found_saddles": [[0.9393710583968369, 0.03713066051600747], [-0.6254789440301062, 0.3069236654184288]], "bias_count": 59, "energy_calls_at_each_min": [1, 1885, 6635], "force_calls_at_each_min": [1, 1885, 6635], "min_height_scale": 2.5, "max_height_scale": 3.0, "min_cov_scale": 2.5, "max_cov_scale": 1.5, "pert_type": "adaptive"}