{"run_id": 4842, "bias_std_dev_scale": 0.170998, "bias_height_fraction": 0.119897, "perturbation_size": 0.005, "optimizer": "FIRE", "found_minima": [[0.6234994049, 0.02803775853], [-0.050020500660373966, 0.4666962518168918], [-0.5582236456065953, 1.4417258312335712]], "found_saddles": [[0.2255978311618309, 0.33433205646266784], [-0.5034988107837965, 0.2151063217971652]], "bias_count": 49, "energy_calls_at_each_min": [1, 430, 5788], "force_calls_at_each_min": [1, 430, 5788], "min_height_scale": 2.0, "max_height_scale": 3.0, "min_cov_scale": 2.0, "max_cov_scale": 2.0, "pert_type": "fixed"}