{"run_id": 4878, "bias_std_dev_scale": 0.170998, "bias_height_fraction": 0.119897, "perturbation_size": 0.005, "optimizer": "FIRE", "found_minima": [[0.6234994049, 0.02803775853], [-0.5582236324622241, 1.4417258451176123]], "found_saddles": [[-0.8461499043235132, 0.6077716176765755]], "bias_count": 5000, "energy_calls_at_each_min": [1, 7416], "force_calls_at_each_min": [1, 7416], "min_height_scale": 2.5, "max_height_scale": 1.5, "min_cov_scale": 2.0, "max_cov_scale": 3.0, "pert_type": "fixed"}