{"run_id": 1982, "bias_std_dev_scale": 0.170998, "bias_height_fraction": 0.119897, "perturbation_size": 0.005, "optimizer": "FIRE", "found_minima": [[0.6234994049, 0.02803775853], [-0.05299525507139064, 0.46725793836974433], [-0.5582236527092325, 1.441725822846918]], "found_saddles": [[0.3013261285825697, 0.3250059820876644], [-0.6648380980813434, 0.3070041403398491]], "bias_count": 84, "energy_calls_at_each_min": [1, 1739, 10031], "force_calls_at_each_min": [1, 1739, 10031], "min_height_scale": 3.0, "max_height_scale": 2.0, "min_cov_scale": 3.0, "max_cov_scale": 3.0, "pert_type": "fixed"}