{"run_id": 1134, "bias_std_dev_scale": 0.170998, "bias_height_fraction": 0.119897, "perturbation_size": 0.005, "optimizer": "FIRE", "found_minima": [[0.6234994049, 0.02803775853], [-0.5582236561177324, 1.4417258207997738]], "found_saddles": [[-0.5150104228757827, 0.285607641046339]], "bias_count": 5000, "energy_calls_at_each_min": [1, 3800], "force_calls_at_each_min": [1, 3800], "min_height_scale": 1.5, "max_height_scale": 3.0, "min_cov_scale": 2.0, "max_cov_scale": 3.0, "pert_type": "fixed"}