{"run_id": 3148, "bias_std_dev_scale": 0.170998, "bias_height_fraction": 0.119897, "perturbation_size": 0.005, "optimizer": "FIRE", "found_minima": [[0.6234994049, 0.02803775853], [-0.0507870154233178, 0.46687523670517805], [-0.5582236160916314, 1.4417258607911936]], "found_saddles": [[0.125192583462926, 0.19790202944785856], [-0.40843966325042275, 0.1516984664874706]], "bias_count": 72, "energy_calls_at_each_min": [1, 1711, 8976], "force_calls_at_each_min": [1, 1711, 8976], "min_height_scale": 1.5, "max_height_scale": 2.5, "min_cov_scale": 2.0, "max_cov_scale": 2.5, "pert_type": "fixed"}