{"run_id": 1932, "bias_std_dev_scale": 0.170998, "bias_height_fraction": 0.119897, "perturbation_size": 0.005, "optimizer": "FIRE", "found_minima": [[0.6234994049, 0.02803775853], [-0.05135542910544596, 0.4669549314880299], [-0.5582236298308375, 1.4417258493765923]], "found_saddles": [[0.13967408468255865, 0.23697019615308287], [-0.8467086799402946, 0.5521264652352947]], "bias_count": 73, "energy_calls_at_each_min": [1, 1770, 8998], "force_calls_at_each_min": [1, 1770, 8998], "min_height_scale": 3.0, "max_height_scale": 1.5, "min_cov_scale": 2.0, "max_cov_scale": 2.5, "pert_type": "fixed"}