{"run_id": 4415, "bias_std_dev_scale": 0.170998, "bias_height_fraction": 0.119897, "perturbation_size": 0.005, "optimizer": "FIRE", "found_minima": [[0.6234994049, 0.02803775853], [-0.05002592279183195, 0.46669752595965414], [-0.5582236299066302, 1.4417258484676618]], "found_saddles": [[0.16492767963763802, 0.2740628616641461], [-0.33756164007504547, 0.12717758561315878]], "bias_count": 67, "energy_calls_at_each_min": [1, 1388, 8513], "force_calls_at_each_min": [1, 1388, 8513], "min_height_scale": 2.5, "max_height_scale": 2.0, "min_cov_scale": 3.0, "max_cov_scale": 3.0, "pert_type": "adaptive"}