{"run_id": 4551, "bias_std_dev_scale": 0.170998, "bias_height_fraction": 0.119897, "perturbation_size": 0.005, "optimizer": "FIRE", "found_minima": [[0.6234994049, 0.02803775853], [-0.05099815631471243, 0.4669073572453377], [-0.55822364066623, 1.4417258387502916]], "found_saddles": [[0.16195775414464958, 0.2056046077589854], [-0.7507238441381653, 0.639272450250365]], "bias_count": 24, "energy_calls_at_each_min": [1, 1050, 2847], "force_calls_at_each_min": [1, 1050, 2847], "min_height_scale": 3.0, "max_height_scale": 2.5, "min_cov_scale": 1.5, "max_cov_scale": 3.0, "pert_type": "adaptive"}