{"run_id": 2524, "bias_std_dev_scale": 0.170998, "bias_height_fraction": 0.119897, "perturbation_size": 0.005, "optimizer": "FIRE", "found_minima": [[0.6234994049, 0.02803775853], [-0.5582236548021837, 1.441725821580408]], "found_saddles": [[-0.7398177636375498, 0.6891746733108529]], "bias_count": 5000, "energy_calls_at_each_min": [1, 3966], "force_calls_at_each_min": [1, 3966], "min_height_scale": 3.0, "max_height_scale": 2.5, "min_cov_scale": 3.0, "max_cov_scale": 2.5, "pert_type": "fixed"}