{"run_id": 1517, "bias_std_dev_scale": 0.170998, "bias_height_fraction": 0.119897, "perturbation_size": 0.005, "optimizer": "FIRE", "found_minima": [[0.6234994049, 0.02803775853], [-0.5582236417142998, 1.4417258347814226]], "found_saddles": [[-0.8749168677032353, 0.6015857277581137]], "bias_count": 5000, "energy_calls_at_each_min": [1, 1944], "force_calls_at_each_min": [1, 1944], "min_height_scale": 3.0, "max_height_scale": 3.0, "min_cov_scale": 2.0, "max_cov_scale": 2.5, "pert_type": "adaptive"}