{"run_id": 2782, "bias_std_dev_scale": 0.170998, "bias_height_fraction": 0.119897, "perturbation_size": 0.005, "optimizer": "FIRE", "found_minima": [[0.6234994049, 0.02803775853], [-0.5582236116388233, 1.4417258767989498]], "found_saddles": [[0.4195456863106504, 0.5843566819238535]], "bias_count": 5000, "energy_calls_at_each_min": [1, 8081], "force_calls_at_each_min": [1, 8081], "min_height_scale": 2.0, "max_height_scale": 2.5, "min_cov_scale": 3.0, "max_cov_scale": 3.0, "pert_type": "fixed"}