{"run_id": 3245, "bias_std_dev_scale": 0.170998, "bias_height_fraction": 0.119897, "perturbation_size": 0.005, "optimizer": "FIRE", "found_minima": [[0.6234994049, 0.02803775853], [-0.5582236166672039, 1.4417258609400867]], "found_saddles": [[-0.4569781979807923, 0.2819040338913653]], "bias_count": 5000, "energy_calls_at_each_min": [1, 7468], "force_calls_at_each_min": [1, 7468], "min_height_scale": 2.0, "max_height_scale": 2.0, "min_cov_scale": 2.0, "max_cov_scale": 2.5, "pert_type": "adaptive"}