{"run_id": 784, "bias_std_dev_scale": 0.170998, "bias_height_fraction": 0.119897, "perturbation_size": 0.005, "optimizer": "FIRE", "found_minima": [[0.6234994049, 0.02803775853], [-0.0500283316644524, 0.46669822803455185], [-0.5582236504843416, 1.4417258271411815]], "found_saddles": [[0.22417259245109325, 0.3215810935789784], [-0.8007188836223127, 0.6370388617105789]], "bias_count": 100, "energy_calls_at_each_min": [1, 2409, 12385], "force_calls_at_each_min": [1, 2409, 12385], "min_height_scale": 2.5, "max_height_scale": 1.5, "min_cov_scale": 2.5, "max_cov_scale": 1.5, "pert_type": "fixed"}