{"run_id": 4200, "bias_std_dev_scale": 0.170998, "bias_height_fraction": 0.119897, "perturbation_size": 0.005, "optimizer": "FIRE", "found_minima": [[0.6234994049, 0.02803775853], [-0.05004921826571223, 0.46670155643214234], [-0.5582236479279351, 1.4417258284712766]], "found_saddles": [[0.1027564911264442, 0.07543047793491518], [0.06875893049940962, -0.14449284072156898]], "bias_count": 77, "energy_calls_at_each_min": [1, 694, 9002], "force_calls_at_each_min": [1, 694, 9002], "min_height_scale": 1.5, "max_height_scale": 3.0, "min_cov_scale": 2.0, "max_cov_scale": 1.5, "pert_type": "fixed"}