{"run_id": 1789, "bias_std_dev_scale": 0.170998, "bias_height_fraction": 0.119897, "perturbation_size": 0.005, "optimizer": "FIRE", "found_minima": [[0.6234994049, 0.02803775853], [-0.050011227774296146, 0.46669424848337865], [-0.5582236488585707, 1.4417258276303737]], "found_saddles": [[0.13909271770243806, 0.05082804469127346], [-0.8325361789990611, 0.6157167032802187]], "bias_count": 27, "energy_calls_at_each_min": [1, 962, 3267], "force_calls_at_each_min": [1, 962, 3267], "min_height_scale": 2.0, "max_height_scale": 3.0, "min_cov_scale": 3.0, "max_cov_scale": 2.5, "pert_type": "adaptive"}