{"run_id": 1503, "bias_std_dev_scale": 0.170998, "bias_height_fraction": 0.119897, "perturbation_size": 0.005, "optimizer": "FIRE", "found_minima": [[0.6234994049, 0.02803775853], [-0.050072238405715376, 0.4667065806402058], [-0.5582236535220071, 1.4417258229484469]], "found_saddles": [[0.24993457753300075, 0.30554229888999407], [-0.002420897084766685, -0.11401086203062538]], "bias_count": 76, "energy_calls_at_each_min": [1, 1356, 9686], "force_calls_at_each_min": [1, 1356, 9686], "min_height_scale": 3.0, "max_height_scale": 2.5, "min_cov_scale": 3.0, "max_cov_scale": 3.0, "pert_type": "adaptive"}