{"run_id": 4539, "bias_std_dev_scale": 0.170998, "bias_height_fraction": 0.119897, "perturbation_size": 0.005, "optimizer": "FIRE", "found_minima": [[0.6234994049, 0.02803775853], [-0.050014171663280996, 0.4666947341526265], [-0.5582236499386047, 1.4417258249778901]], "found_saddles": [[0.2067682158417906, 0.28579942697406663], [-0.05296979506266147, -0.0459291402988184]], "bias_count": 101, "energy_calls_at_each_min": [1, 1425, 12325], "force_calls_at_each_min": [1, 1425, 12325], "min_height_scale": 3.0, "max_height_scale": 2.0, "min_cov_scale": 3.0, "max_cov_scale": 2.0, "pert_type": "adaptive"}