{"run_id": 1293, "bias_std_dev_scale": 0.170998, "bias_height_fraction": 0.119897, "perturbation_size": 0.005, "optimizer": "FIRE", "found_minima": [[0.6234994049, 0.02803775853], [-0.05174738625230445, 0.4671787048456796], [-0.5582236375042038, 1.4417258408793368]], "found_saddles": [[0.33757051692820295, 0.29219676004262], [-0.8177348860915061, 0.6105161911135375]], "bias_count": 25, "energy_calls_at_each_min": [1, 1360, 2753], "force_calls_at_each_min": [1, 1360, 2753], "min_height_scale": 2.5, "max_height_scale": 1.5, "min_cov_scale": 2.0, "max_cov_scale": 2.5, "pert_type": "adaptive"}