{"run_id": 3178, "bias_std_dev_scale": 0.170998, "bias_height_fraction": 0.119897, "perturbation_size": 0.005, "optimizer": "FIRE", "found_minima": [[0.6234994049, 0.02803775853], [-0.05003221043968833, 0.466698010246363], [-0.5582236296724018, 1.4417258447356944]], "found_saddles": [[0.9423058547966136, 0.01426143749912636], [-0.23610238602010247, 0.016716165127271386]], "bias_count": 63, "energy_calls_at_each_min": [1, 1401, 7733], "force_calls_at_each_min": [1, 1401, 7733], "min_height_scale": 1.5, "max_height_scale": 3.0, "min_cov_scale": 2.0, "max_cov_scale": 2.0, "pert_type": "fixed"}