{"run_id": 190, "bias_std_dev_scale": 0.170998, "bias_height_fraction": 0.119897, "perturbation_size": 0.005, "optimizer": "FIRE", "found_minima": [[0.6234994049, 0.02803775853], [-0.050023376920128, 0.4666969668831568], [-0.5582236524039403, 1.4417258247111249]], "found_saddles": [[0.17009170313493005, 0.2468839707992059], [-0.8436694741073827, 0.5870019161492556]], "bias_count": 59, "energy_calls_at_each_min": [1, 1031, 7340], "force_calls_at_each_min": [1, 1031, 7340], "min_height_scale": 2.0, "max_height_scale": 2.0, "min_cov_scale": 3.0, "max_cov_scale": 3.0, "pert_type": "fixed"}