{"run_id": 1695, "bias_std_dev_scale": 0.170998, "bias_height_fraction": 0.119897, "perturbation_size": 0.005, "optimizer": "FIRE", "found_minima": [[0.6234994049, 0.02803775853], [-0.050046632374252525, 0.4667103223477434], [-0.558223652974233, 1.4417258233688022]], "found_saddles": [[0.2966301284507754, 0.2927981385422265], [-0.8277106794301303, 0.5067273347676994]], "bias_count": 89, "energy_calls_at_each_min": [1, 1148, 10894], "force_calls_at_each_min": [1, 1148, 10894], "min_height_scale": 2.0, "max_height_scale": 1.5, "min_cov_scale": 3.0, "max_cov_scale": 3.0, "pert_type": "adaptive"}