{"run_id": 1336, "bias_std_dev_scale": 0.170998, "bias_height_fraction": 0.119897, "perturbation_size": 0.005, "optimizer": "FIRE", "found_minima": [[0.6234994049, 0.02803775853], [-0.05004206675378948, 0.4667035431731158], [-0.5582236160595385, 1.4417258604835324]], "found_saddles": [[0.1875864889675801, -0.006458308532844698], [-0.3293155522634354, 0.03473434829555181]], "bias_count": 118, "energy_calls_at_each_min": [1, 1768, 14591], "force_calls_at_each_min": [1, 1768, 14591], "min_height_scale": 2.5, "max_height_scale": 2.0, "min_cov_scale": 3.0, "max_cov_scale": 1.5, "pert_type": "fixed"}