{"run_id": 4402, "bias_std_dev_scale": 0.170998, "bias_height_fraction": 0.119897, "perturbation_size": 0.005, "optimizer": "FIRE", "found_minima": [[0.6234994049, 0.02803775853], [-0.05001729552038859, 0.46669599551809204], [-0.5582236508732424, 1.4417258255038858]], "found_saddles": [[0.15063874854255024, 0.28961569496801653], [-0.16941599627134352, 0.01504661254464894]], "bias_count": 75, "energy_calls_at_each_min": [1, 1417, 8961], "force_calls_at_each_min": [1, 1417, 8961], "min_height_scale": 2.5, "max_height_scale": 2.0, "min_cov_scale": 2.5, "max_cov_scale": 2.0, "pert_type": "fixed"}