{"run_id": 4549, "bias_std_dev_scale": 0.170998, "bias_height_fraction": 0.119897, "perturbation_size": 0.005, "optimizer": "FIRE", "found_minima": [[0.6234994049, 0.02803775853], [-0.558223647422216, 1.4417258292911606]], "found_saddles": [[-0.8241907388831724, 0.5962893962884034]], "bias_count": 5000, "energy_calls_at_each_min": [1, 2471], "force_calls_at_each_min": [1, 2471], "min_height_scale": 3.0, "max_height_scale": 2.5, "min_cov_scale": 1.5, "max_cov_scale": 2.5, "pert_type": "adaptive"}