{"run_id": 3638, "bias_std_dev_scale": 0.170998, "bias_height_fraction": 0.119897, "perturbation_size": 0.005, "optimizer": "FIRE", "found_minima": [[0.6234994049, 0.02803775853], [-0.05001522473252727, 0.4666950371418578], [-0.5582236526154545, 1.4417258232122585]], "found_saddles": [[0.26424593938461705, 0.2857216533424933], [0.40668968052821863, 0.5832120947703596]], "bias_count": 76, "energy_calls_at_each_min": [1, 1244, 10730], "force_calls_at_each_min": [1, 1244, 10730], "min_height_scale": 1.5, "max_height_scale": 2.0, "min_cov_scale": 2.5, "max_cov_scale": 3.0, "pert_type": "fixed"}