{"run_id": 1525, "bias_std_dev_scale": 0.170998, "bias_height_fraction": 0.119897, "perturbation_size": 0.005, "optimizer": "FIRE", "found_minima": [[0.6234994049, 0.02803775853], [-0.0520117638432361, 0.46726229255323287], [-0.5582236519968894, 1.4417258244914026]], "found_saddles": [[0.9791155105581294, 0.0897373770339778], [-0.842689611795702, 0.4508467746361073]], "bias_count": 38, "energy_calls_at_each_min": [1, 2029, 4691], "force_calls_at_each_min": [1, 2029, 4691], "min_height_scale": 3.0, "max_height_scale": 3.0, "min_cov_scale": 2.5, "max_cov_scale": 2.5, "pert_type": "adaptive"}