{"run_id": 1441, "bias_std_dev_scale": 0.170998, "bias_height_fraction": 0.119897, "perturbation_size": 0.005, "optimizer": "FIRE", "found_minima": [[0.6234994049, 0.02803775853], [-0.050011462510986184, 0.4666943962258243], [-0.55822364922272, 1.441725825695148]], "found_saddles": [[0.22303180796570396, 0.31691450482526284], [-0.8375538673881908, 0.6215894526825156]], "bias_count": 75, "energy_calls_at_each_min": [1, 1476, 8678], "force_calls_at_each_min": [1, 1476, 8678], "min_height_scale": 3.0, "max_height_scale": 2.0, "min_cov_scale": 1.5, "max_cov_scale": 1.5, "pert_type": "adaptive"}