{"run_id": 3892, "bias_std_dev_scale": 0.170998, "bias_height_fraction": 0.119897, "perturbation_size": 0.005, "optimizer": "FIRE", "found_minima": [[0.6234994049, 0.02803775853], [-0.05014332414909289, 0.46672644403169505], [-0.558223656486788, 1.4417258198079719]], "found_saddles": [[0.24477388066929773, 0.31782200736620236], [-0.07269461254288384, -0.020372001467649774]], "bias_count": 65, "energy_calls_at_each_min": [1, 967, 8313], "force_calls_at_each_min": [1, 967, 8313], "min_height_scale": 2.5, "max_height_scale": 2.0, "min_cov_scale": 2.5, "max_cov_scale": 2.5, "pert_type": "fixed"}