{"run_id": 2366, "bias_std_dev_scale": 0.170998, "bias_height_fraction": 0.119897, "perturbation_size": 0.005, "optimizer": "FIRE", "found_minima": [[0.6234994049, 0.02803775853], [-0.05082099410150681, 0.46693559975465265], [-0.5582236304367504, 1.441725848971601]], "found_saddles": [[0.47023414799220387, 0.25952419559655326], [-0.7111915990849449, 0.37457116901081633]], "bias_count": 77, "energy_calls_at_each_min": [1, 1873, 9527], "force_calls_at_each_min": [1, 1873, 9527], "min_height_scale": 2.5, "max_height_scale": 2.0, "min_cov_scale": 3.0, "max_cov_scale": 3.0, "pert_type": "fixed"}