{"run_id": 2324, "bias_std_dev_scale": 0.170998, "bias_height_fraction": 0.119897, "perturbation_size": 0.005, "optimizer": "FIRE", "found_minima": [[0.6234994049, 0.02803775853], [-0.052628834340334094, 0.46728181833398247], [-0.5582236541439644, 1.4417258232558334]], "found_saddles": [[0.9415177240035387, -0.014149979373691769], [-0.8220986038885193, 0.6268032276392028]], "bias_count": 58, "energy_calls_at_each_min": [1, 2347, 7479], "force_calls_at_each_min": [1, 2347, 7479], "min_height_scale": 2.5, "max_height_scale": 1.5, "min_cov_scale": 2.5, "max_cov_scale": 2.5, "pert_type": "fixed"}