{"run_id": 1210, "bias_std_dev_scale": 0.170998, "bias_height_fraction": 0.119897, "perturbation_size": 0.005, "optimizer": "FIRE", "found_minima": [[0.6234994049, 0.02803775853], [-0.05004755275204577, 0.46670104784439387], [-0.5582236179552398, 1.4417258580418533]], "found_saddles": [[0.22858903220052124, 0.3244686945431774], [-0.33291345816207957, 0.16998615991545063]], "bias_count": 95, "energy_calls_at_each_min": [1, 1153, 11653], "force_calls_at_each_min": [1, 1153, 11653], "min_height_scale": 2.0, "max_height_scale": 2.0, "min_cov_scale": 3.0, "max_cov_scale": 2.0, "pert_type": "fixed"}