{"run_id": 2572, "bias_std_dev_scale": 0.170998, "bias_height_fraction": 0.119897, "perturbation_size": 0.005, "optimizer": "FIRE", "found_minima": [[0.6234994049, 0.02803775853], [-0.050197856794752804, 0.4667418438591365], [-0.5582236520730777, 1.4417258248012368]], "found_saddles": [[0.1406574819113458, 0.11564197838056987], [-0.8859138591365886, 0.512594151328296]], "bias_count": 86, "energy_calls_at_each_min": [1, 1698, 11014], "force_calls_at_each_min": [1, 1698, 11014], "min_height_scale": 1.5, "max_height_scale": 1.5, "min_cov_scale": 2.0, "max_cov_scale": 2.5, "pert_type": "fixed"}