{"run_id": 4778, "bias_std_dev_scale": 0.170998, "bias_height_fraction": 0.119897, "perturbation_size": 0.005, "optimizer": "FIRE", "found_minima": [[0.6234994049, 0.02803775853], [-0.05001183549260587, 0.46669439907481053], [-0.5582236304091613, 1.441725848289724]], "found_saddles": [[0.21714840759487528, 0.2921367498461808], [-0.5510415775566946, 0.6994910654640207]], "bias_count": 66, "energy_calls_at_each_min": [1, 1076, 8131], "force_calls_at_each_min": [1, 1076, 8131], "min_height_scale": 2.0, "max_height_scale": 2.0, "min_cov_scale": 2.0, "max_cov_scale": 2.0, "pert_type": "fixed"}