{"run_id": 454, "bias_std_dev_scale": 0.170998, "bias_height_fraction": 0.119897, "perturbation_size": 0.005, "optimizer": "FIRE", "found_minima": [[0.6234994049, 0.02803775853], [-0.05002898793551995, 0.466700770989663], [-0.5582236127112755, 1.4417258634739647]], "found_saddles": [[0.2492399380429412, 0.33117400460973484], [-0.8557330237801193, 0.49530784425660584]], "bias_count": 33, "energy_calls_at_each_min": [1, 799, 4060], "force_calls_at_each_min": [1, 799, 4060], "min_height_scale": 3.0, "max_height_scale": 2.5, "min_cov_scale": 1.5, "max_cov_scale": 3.0, "pert_type": "fixed"}