{"run_id": 1271, "bias_std_dev_scale": 0.170998, "bias_height_fraction": 0.119897, "perturbation_size": 0.005, "optimizer": "FIRE", "found_minima": [[0.6234994049, 0.02803775853], [-0.05001890031508537, 0.46669654199699695], [-0.5582236521963418, 1.441725823840851]], "found_saddles": [[0.886019652373379, -0.0902630908780225], [0.5738683320213134, 0.4630963776825202]], "bias_count": 72, "energy_calls_at_each_min": [1, 1535, 9166], "force_calls_at_each_min": [1, 1535, 9166], "min_height_scale": 2.0, "max_height_scale": 3.0, "min_cov_scale": 2.5, "max_cov_scale": 3.0, "pert_type": "adaptive"}