{"run_id": 4815, "bias_std_dev_scale": 0.170998, "bias_height_fraction": 0.119897, "perturbation_size": 0.005, "optimizer": "FIRE", "found_minima": [[0.6234994049, 0.02803775853], [-0.050020263414602875, 0.4666961760051745], [-0.5582236526556675, 1.4417258245074216]], "found_saddles": [[0.23334107228238898, 0.29697583613568584], [-0.8155842774484386, 0.6211034471201275]], "bias_count": 33, "energy_calls_at_each_min": [1, 724, 3840], "force_calls_at_each_min": [1, 724, 3840], "min_height_scale": 2.0, "max_height_scale": 2.5, "min_cov_scale": 2.0, "max_cov_scale": 3.0, "pert_type": "adaptive"}