{"run_id": 2528, "bias_std_dev_scale": 0.170998, "bias_height_fraction": 0.119897, "perturbation_size": 0.005, "optimizer": "FIRE", "found_minima": [[0.6234994049, 0.02803775853], [-0.05017112552238413, 0.4667275612573439], [-0.5582236184872966, 1.4417258575133305]], "found_saddles": [[0.07790602320067708, 0.2314068056390695], [-0.3974081109075746, 0.09194824655690789]], "bias_count": 72, "energy_calls_at_each_min": [1, 959, 8410], "force_calls_at_each_min": [1, 959, 8410], "min_height_scale": 3.0, "max_height_scale": 3.0, "min_cov_scale": 1.5, "max_cov_scale": 1.5, "pert_type": "fixed"}