{"run_id": 3568, "bias_std_dev_scale": 0.170998, "bias_height_fraction": 0.119897, "perturbation_size": 0.005, "optimizer": "FIRE", "found_minima": [[0.6234994049, 0.02803775853], [-0.05072778609216792, 0.4667879661386496], [-0.558223637011887, 1.4417258365082182]], "found_saddles": [[0.07900005894941436, 0.09498440997485981], [-0.29869322752366145, 0.03260713776113321]], "bias_count": 77, "energy_calls_at_each_min": [1, 2196, 9173], "force_calls_at_each_min": [1, 2196, 9173], "min_height_scale": 3.0, "max_height_scale": 3.0, "min_cov_scale": 2.5, "max_cov_scale": 1.5, "pert_type": "fixed"}