{"run_id": 3440, "bias_std_dev_scale": 0.170998, "bias_height_fraction": 0.119897, "perturbation_size": 0.005, "optimizer": "FIRE", "found_minima": [[0.6234994049, 0.02803775853], [-0.050156726026493965, 0.46672475570086364], [-0.5582236449907095, 1.4417258315314618]], "found_saddles": [[0.3516491370002198, 0.3287603918888699], [-0.6837762044449767, 0.7032432184135707]], "bias_count": 20, "energy_calls_at_each_min": [1, 1308, 2421], "force_calls_at_each_min": [1, 1308, 2421], "min_height_scale": 2.5, "max_height_scale": 3.0, "min_cov_scale": 2.5, "max_cov_scale": 1.5, "pert_type": "fixed"}