{"run_id": 3950, "bias_std_dev_scale": 0.170998, "bias_height_fraction": 0.119897, "perturbation_size": 0.005, "optimizer": "FIRE", "found_minima": [[0.6234994049, 0.02803775853], [-0.05017024797674647, 0.46674294026746155], [-0.5582236208267144, 1.4417258551678764]], "found_saddles": [[0.26466126148100844, 0.30095508932579984], [-0.8626949534678046, 0.569199837839886]], "bias_count": 25, "energy_calls_at_each_min": [1, 708, 3218], "force_calls_at_each_min": [1, 708, 3218], "min_height_scale": 2.5, "max_height_scale": 3.0, "min_cov_scale": 2.0, "max_cov_scale": 3.0, "pert_type": "fixed"}