{"run_id": 1126, "bias_std_dev_scale": 0.170998, "bias_height_fraction": 0.119897, "perturbation_size": 0.005, "optimizer": "FIRE", "found_minima": [[0.6234994049, 0.02803775853], [-0.051737550905913046, 0.46711907327198454], [-0.5582236455418399, 1.4417258308084153]], "found_saddles": [[0.21038498264767488, 0.2803871950255688], [-0.2285852496430972, 0.1635049249103739]], "bias_count": 37, "energy_calls_at_each_min": [1, 1023, 4477], "force_calls_at_each_min": [1, 1023, 4477], "min_height_scale": 1.5, "max_height_scale": 3.0, "min_cov_scale": 1.5, "max_cov_scale": 3.0, "pert_type": "fixed"}