{"run_id": 4368, "bias_std_dev_scale": 0.170998, "bias_height_fraction": 0.119897, "perturbation_size": 0.005, "optimizer": "FIRE", "found_minima": [[0.6234994049, 0.02803775853], [-0.050011850932703036, 0.46669435784199714], [-0.558223651785239, 1.4417258252146212]], "found_saddles": [[0.2742685523008252, 0.29557301841354433], [-0.8310598166401688, 0.5322467264334282]], "bias_count": 63, "energy_calls_at_each_min": [1, 2862, 7533], "force_calls_at_each_min": [1, 2862, 7533], "min_height_scale": 2.5, "max_height_scale": 1.5, "min_cov_scale": 2.5, "max_cov_scale": 1.5, "pert_type": "fixed"}