{"run_id": 2517, "bias_std_dev_scale": 0.170998, "bias_height_fraction": 0.119897, "perturbation_size": 0.005, "optimizer": "FIRE", "found_minima": [[0.6234994049, 0.02803775853], [-0.050941190076662465, 0.4670413168076839], [-0.558223642514643, 1.4417258320046193]], "found_saddles": [[0.1132860607985319, 0.09290026488631102], [-0.31778040054311457, 0.1769676948258413]], "bias_count": 71, "energy_calls_at_each_min": [1, 1627, 8541], "force_calls_at_each_min": [1, 1627, 8541], "min_height_scale": 3.0, "max_height_scale": 2.5, "min_cov_scale": 2.5, "max_cov_scale": 2.5, "pert_type": "adaptive"}