{"run_id": 4394, "bias_std_dev_scale": 0.170998, "bias_height_fraction": 0.119897, "perturbation_size": 0.005, "optimizer": "FIRE", "found_minima": [[0.6234994049, 0.02803775853], [-0.05008614256893064, 0.46672019490167366], [-0.5582236498192357, 1.4417258267652646]], "found_saddles": [[0.2574960876135188, 0.2996386281566263], [-0.8037708883308585, 0.6307556958660865]], "bias_count": 57, "energy_calls_at_each_min": [1, 1588, 6856], "force_calls_at_each_min": [1, 1588, 6856], "min_height_scale": 2.5, "max_height_scale": 2.0, "min_cov_scale": 2.0, "max_cov_scale": 2.0, "pert_type": "fixed"}