{"run_id": 515, "bias_std_dev_scale": 0.170998, "bias_height_fraction": 0.119897, "perturbation_size": 0.005, "optimizer": "FIRE", "found_minima": [[0.6234994049, 0.02803775853], [-0.05016344000073572, 0.46672633153757204], [-0.5582236503456639, 1.4417258264808426]], "found_saddles": [[0.2547539268887046, 0.36402977714886786], [-0.8512564736712058, 0.5278660901039204]], "bias_count": 85, "energy_calls_at_each_min": [1, 1100, 9561], "force_calls_at_each_min": [1, 1100, 9561], "min_height_scale": 1.5, "max_height_scale": 1.5, "min_cov_scale": 1.5, "max_cov_scale": 2.0, "pert_type": "adaptive"}