{"run_id": 4724, "bias_std_dev_scale": 0.170998, "bias_height_fraction": 0.119897, "perturbation_size": 0.005, "optimizer": "FIRE", "found_minima": [[0.6234994049, 0.02803775853], [-0.05001140761132108, 0.46669424367118784], [-0.5582236375180275, 1.4417258363584817]], "found_saddles": [[0.22944422534312597, 0.30516998214296476], [-0.12427195393262748, -0.05632150180655804]], "bias_count": 39, "energy_calls_at_each_min": [1, 472, 4734], "force_calls_at_each_min": [1, 472, 4734], "min_height_scale": 1.5, "max_height_scale": 3.0, "min_cov_scale": 2.5, "max_cov_scale": 2.5, "pert_type": "fixed"}