{"run_id": 2902, "bias_std_dev_scale": 0.170998, "bias_height_fraction": 0.119897, "perturbation_size": 0.005, "optimizer": "FIRE", "found_minima": [[0.6234994049, 0.02803775853], [-0.05032040725609756, 0.4667663094969007], [-0.5582236164609363, 1.4417258587689468]], "found_saddles": [[0.12482437091882012, 0.19634963241611358], [-0.47375790432342546, 0.2819626049935299]], "bias_count": 62, "energy_calls_at_each_min": [1, 558, 7832], "force_calls_at_each_min": [1, 558, 7832], "min_height_scale": 2.5, "max_height_scale": 2.5, "min_cov_scale": 2.5, "max_cov_scale": 3.0, "pert_type": "fixed"}