{"run_id": 1917, "bias_std_dev_scale": 0.170998, "bias_height_fraction": 0.119897, "perturbation_size": 0.005, "optimizer": "FIRE", "found_minima": [[0.6234994049, 0.02803775853], [-0.05001294745882173, 0.46669450628349873], [-0.5582236505697097, 1.4417258260407768]], "found_saddles": [[0.8677504785364059, -0.08109668039470552], [-0.5235240384607446, 0.7720054103648475]], "bias_count": 52, "energy_calls_at_each_min": [1, 1845, 6379], "force_calls_at_each_min": [1, 1845, 6379], "min_height_scale": 2.5, "max_height_scale": 3.0, "min_cov_scale": 3.0, "max_cov_scale": 2.5, "pert_type": "adaptive"}