{"run_id": 2267, "bias_std_dev_scale": 0.170998, "bias_height_fraction": 0.119897, "perturbation_size": 0.005, "optimizer": "FIRE", "found_minima": [[0.6234994049, 0.02803775853], [-0.050352223579317006, 0.4668276642111152], [-0.5582236195162201, 1.4417258565312954]], "found_saddles": [[0.9690788759514412, -0.024559280384823235], [-0.7772951669577655, 0.6813066926412914]], "bias_count": 56, "energy_calls_at_each_min": [1, 2295, 6601], "force_calls_at_each_min": [1, 2295, 6601], "min_height_scale": 2.0, "max_height_scale": 2.5, "min_cov_scale": 3.0, "max_cov_scale": 2.0, "pert_type": "adaptive"}