{"run_id": 485, "bias_std_dev_scale": 0.170998, "bias_height_fraction": 0.119897, "perturbation_size": 0.005, "optimizer": "FIRE", "found_minima": [[0.6234994049, 0.02803775853], [-0.050192127019260936, 0.46673178308291785], [-0.5582236519909201, 1.4417258243392563]], "found_saddles": [[0.27297760812523497, 0.2927950692454024], [-0.8641026603647806, 0.5581471088058754]], "bias_count": 19, "energy_calls_at_each_min": [1, 1160, 2183], "force_calls_at_each_min": [1, 1160, 2183], "min_height_scale": 3.0, "max_height_scale": 3.0, "min_cov_scale": 1.5, "max_cov_scale": 2.5, "pert_type": "adaptive"}