{"run_id": 4521, "bias_std_dev_scale": 0.170998, "bias_height_fraction": 0.119897, "perturbation_size": 0.005, "optimizer": "FIRE", "found_minima": [[0.6234994049, 0.02803775853], [-0.05003342951223113, 0.4667003262863601], [-0.5582236523676629, 1.4417258248739788]], "found_saddles": [[0.2222782751667441, 0.30224983210216605], [-0.35419409322807643, 0.1362317625218389]], "bias_count": 110, "energy_calls_at_each_min": [1, 1585, 13026], "force_calls_at_each_min": [1, 1585, 13026], "min_height_scale": 3.0, "max_height_scale": 2.0, "min_cov_scale": 2.0, "max_cov_scale": 1.5, "pert_type": "adaptive"}