{"run_id": 1630, "bias_std_dev_scale": 0.170998, "bias_height_fraction": 0.119897, "perturbation_size": 0.005, "optimizer": "FIRE", "found_minima": [[0.6234994049, 0.02803775853], [-0.050056335501653546, 0.46670327445102255], [-0.5582236180625633, 1.4417258578063057]], "found_saddles": [[0.10876794707377535, 0.12412744303248363], [-0.17115158031158245, -0.024489107553953428]], "bias_count": 57, "energy_calls_at_each_min": [1, 1409, 7083], "force_calls_at_each_min": [1, 1409, 7083], "min_height_scale": 1.5, "max_height_scale": 2.5, "min_cov_scale": 3.0, "max_cov_scale": 3.0, "pert_type": "fixed"}