{"run_id": 3269, "bias_std_dev_scale": 0.170998, "bias_height_fraction": 0.119897, "perturbation_size": 0.005, "optimizer": "FIRE", "found_minima": [[0.6234994049, 0.02803775853], [-0.05085391030066764, 0.46683466224163034], [-0.5582236126473386, 1.4417258654208618]], "found_saddles": [[0.07431583192098144, 0.12658669519388857], [-0.3218325049179603, 0.12226094361126828]], "bias_count": 57, "energy_calls_at_each_min": [1, 1331, 6760], "force_calls_at_each_min": [1, 1331, 6760], "min_height_scale": 2.0, "max_height_scale": 2.5, "min_cov_scale": 1.5, "max_cov_scale": 2.5, "pert_type": "adaptive"}