{"run_id": 3728, "bias_std_dev_scale": 0.170998, "bias_height_fraction": 0.119897, "perturbation_size": 0.005, "optimizer": "FIRE", "found_minima": [[0.6234994049, 0.02803775853], [-0.05001081327977051, 0.4666940980346571], [-0.5582236167157757, 1.441725860292494]], "found_saddles": [[0.15591056933547368, 0.15562089932382447], [-0.7547383364936913, 0.6802404661910347]], "bias_count": 110, "energy_calls_at_each_min": [1, 1822, 12810], "force_calls_at_each_min": [1, 1822, 12810], "min_height_scale": 2.0, "max_height_scale": 1.5, "min_cov_scale": 2.5, "max_cov_scale": 1.5, "pert_type": "fixed"}