{"run_id": 2700, "bias_std_dev_scale": 0.170998, "bias_height_fraction": 0.119897, "perturbation_size": 0.005, "optimizer": "FIRE", "found_minima": [[0.6234994049, 0.02803775853], [-0.05119694887173679, 0.4669711778961076], [-0.5582236534078215, 1.4417258229161043]], "found_saddles": [[0.504143869919231, 0.2615270133747754], [-0.6819592948199301, 0.6783025761778914]], "bias_count": 91, "energy_calls_at_each_min": [1, 2487, 11289], "force_calls_at_each_min": [1, 2487, 11289], "min_height_scale": 2.0, "max_height_scale": 1.5, "min_cov_scale": 2.0, "max_cov_scale": 2.5, "pert_type": "fixed"}