{"run_id": 3435, "bias_std_dev_scale": 0.170998, "bias_height_fraction": 0.119897, "perturbation_size": 0.005, "optimizer": "FIRE", "found_minima": [[0.6234994049, 0.02803775853], [-0.05001080397379389, 0.466694105262861], [-0.5582236205137218, 1.4417258569780194]], "found_saddles": [[0.12678785184810448, 0.14400162328842236], [-0.8125397304022578, 0.6572359076206026]], "bias_count": 28, "energy_calls_at_each_min": [1, 1071, 3147], "force_calls_at_each_min": [1, 1071, 3147], "min_height_scale": 2.5, "max_height_scale": 3.0, "min_cov_scale": 2.0, "max_cov_scale": 2.0, "pert_type": "adaptive"}