{"run_id": 4872, "bias_std_dev_scale": 0.170998, "bias_height_fraction": 0.119897, "perturbation_size": 0.005, "optimizer": "FIRE", "found_minima": [[0.6234994049, 0.02803775853], [-0.050070992523770695, 0.46670971583210696], [-0.558223654072725, 1.4417258230558618]], "found_saddles": [[0.22199073310771303, 0.277328970521424], [-0.6159168760628813, 0.32082726504389114]], "bias_count": 135, "energy_calls_at_each_min": [1, 2024, 16435], "force_calls_at_each_min": [1, 2024, 16435], "min_height_scale": 2.5, "max_height_scale": 1.5, "min_cov_scale": 2.0, "max_cov_scale": 1.5, "pert_type": "fixed"}