{"run_id": 3224, "bias_std_dev_scale": 0.170998, "bias_height_fraction": 0.119897, "perturbation_size": 0.005, "optimizer": "FIRE", "found_minima": [[0.6234994049, 0.02803775853], [-0.05001077841253008, 0.46669409563796543], [-0.5582236279747955, 1.441725846453466]], "found_saddles": [[0.161931466645201, 0.24426493540310917], [-0.7785562204300944, 0.6647146981458015]], "bias_count": 104, "energy_calls_at_each_min": [1, 2307, 12949], "force_calls_at_each_min": [1, 2307, 12949], "min_height_scale": 2.0, "max_height_scale": 1.5, "min_cov_scale": 3.0, "max_cov_scale": 1.5, "pert_type": "fixed"}