{"run_id": 4736, "bias_std_dev_scale": 0.170998, "bias_height_fraction": 0.119897, "perturbation_size": 0.005, "optimizer": "FIRE", "found_minima": [[0.6234994049, 0.02803775853], [-0.05004678541662063, 0.4667022689807198], [-0.5582236231689696, 1.4417258529072408]], "found_saddles": [[0.9528762792406401, -0.008618567852326377], [-0.8273288325296474, 0.6170583906024627]], "bias_count": 65, "energy_calls_at_each_min": [1, 2526, 7522], "force_calls_at_each_min": [1, 2526, 7522], "min_height_scale": 2.0, "max_height_scale": 1.5, "min_cov_scale": 1.5, "max_cov_scale": 1.5, "pert_type": "fixed"}