{"run_id": 2347, "bias_std_dev_scale": 0.170998, "bias_height_fraction": 0.119897, "perturbation_size": 0.005, "optimizer": "FIRE", "found_minima": [[0.6234994049, 0.02803775853], [-0.050112505654839344, 0.46671978574117834], [-0.5582236509263253, 1.4417258259159405]], "found_saddles": [[0.2013917188683898, 0.2942893678375789], [-0.8230440293919425, 0.6239774162328645]], "bias_count": 43, "energy_calls_at_each_min": [1, 1618, 5114], "force_calls_at_each_min": [1, 1618, 5114], "min_height_scale": 2.5, "max_height_scale": 2.0, "min_cov_scale": 2.0, "max_cov_scale": 2.0, "pert_type": "adaptive"}