{"run_id": 4719, "bias_std_dev_scale": 0.170998, "bias_height_fraction": 0.119897, "perturbation_size": 0.005, "optimizer": "FIRE", "found_minima": [[0.6234994049, 0.02803775853], [-0.05020204864656704, 0.4667778386482719], [-0.5582236177897597, 1.4417258594049456]], "found_saddles": [[0.2598777308566098, 0.3062477942617964], [-0.833815433484075, 0.5632441752685076]], "bias_count": 34, "energy_calls_at_each_min": [1, 932, 4014], "force_calls_at_each_min": [1, 932, 4014], "min_height_scale": 1.5, "max_height_scale": 3.0, "min_cov_scale": 2.0, "max_cov_scale": 3.0, "pert_type": "adaptive"}