{"run_id": 1467, "bias_std_dev_scale": 0.170998, "bias_height_fraction": 0.119897, "perturbation_size": 0.005, "optimizer": "FIRE", "found_minima": [[0.6234994049, 0.02803775853], [-0.0500125337401168, 0.46669479217630144], [-0.5582236502333771, 1.4417258262194805]], "found_saddles": [[0.9465320516410596, -0.03575265833912847], [0.5833036501952686, 0.4134160520463321]], "bias_count": 102, "energy_calls_at_each_min": [1, 2230, 12506], "force_calls_at_each_min": [1, 2230, 12506], "min_height_scale": 3.0, "max_height_scale": 2.0, "min_cov_scale": 3.0, "max_cov_scale": 2.0, "pert_type": "adaptive"}