{"run_id": 757, "bias_std_dev_scale": 0.170998, "bias_height_fraction": 0.119897, "perturbation_size": 0.005, "optimizer": "FIRE", "found_minima": [[0.6234994049, 0.02803775853], [-0.050011178775447356, 0.4666941712882639], [-0.5582236303850314, 1.4417258489406308]], "found_saddles": [[0.1885456022285719, 0.2633453023202257], [-0.8651183953015611, 0.4772148151434991]], "bias_count": 48, "energy_calls_at_each_min": [1, 698, 5735], "force_calls_at_each_min": [1, 698, 5735], "min_height_scale": 2.0, "max_height_scale": 3.0, "min_cov_scale": 2.5, "max_cov_scale": 2.5, "pert_type": "adaptive"}