{"run_id": 2731, "bias_std_dev_scale": 0.170998, "bias_height_fraction": 0.119897, "perturbation_size": 0.005, "optimizer": "FIRE", "found_minima": [[0.6234994049, 0.02803775853], [-0.05001367533004836, 0.4666947537022111], [-0.5582236188989389, 1.4417258585862134]], "found_saddles": [[0.1556707140275146, 0.28512928589611775], [-0.8441109151414474, 0.5628878490257444]], "bias_count": 45, "energy_calls_at_each_min": [1, 1126, 5132], "force_calls_at_each_min": [1, 1126, 5132], "min_height_scale": 2.0, "max_height_scale": 2.0, "min_cov_scale": 2.0, "max_cov_scale": 2.0, "pert_type": "adaptive"}