{"run_id": 5067, "bias_std_dev_scale": 0.170998, "bias_height_fraction": 0.119897, "perturbation_size": 0.005, "optimizer": "FIRE", "found_minima": [[0.6234994049, 0.02803775853], [-0.05201788304403736, 0.46714987358970544], [-0.5582236434576988, 1.4417258330154281]], "found_saddles": [[0.979533119006252, -0.0030635405092073603], [0.12230184054327524, -0.14663833952758207]], "bias_count": 53, "energy_calls_at_each_min": [1, 1730, 6168], "force_calls_at_each_min": [1, 1730, 6168], "min_height_scale": 3.0, "max_height_scale": 2.5, "min_cov_scale": 2.0, "max_cov_scale": 2.0, "pert_type": "adaptive"}