{"run_id": 1178, "bias_std_dev_scale": 0.170998, "bias_height_fraction": 0.119897, "perturbation_size": 0.005, "optimizer": "FIRE", "found_minima": [[0.6234994049, 0.02803775853], [-0.050014259866071636, 0.4666950329762657], [-0.5582236447047683, 1.4417258318111876]], "found_saddles": [[0.8759660023046276, -0.07277174313121076], [-0.8063157822567594, 0.4632676780357468]], "bias_count": 101, "energy_calls_at_each_min": [1, 2268, 12695], "force_calls_at_each_min": [1, 2268, 12695], "min_height_scale": 2.0, "max_height_scale": 1.5, "min_cov_scale": 3.0, "max_cov_scale": 2.0, "pert_type": "fixed"}