{"run_id": 3806, "bias_std_dev_scale": 0.170998, "bias_height_fraction": 0.119897, "perturbation_size": 0.005, "optimizer": "FIRE", "found_minima": [[0.6234994049, 0.02803775853], [-0.04981215637296127, 0.4668968213448523], [-0.5582235972488125, 1.4417258874298828]], "found_saddles": [[0.018310242865198046, 0.06429249111876073], [-0.8159641383876532, 0.45039335934854857]], "bias_count": 59, "energy_calls_at_each_min": [1, 1378, 7403], "force_calls_at_each_min": [1, 1378, 7403], "min_height_scale": 2.0, "max_height_scale": 2.5, "min_cov_scale": 3.0, "max_cov_scale": 3.0, "pert_type": "fixed"}