{"run_id": 4499, "bias_std_dev_scale": 0.170998, "bias_height_fraction": 0.119897, "perturbation_size": 0.005, "optimizer": "FIRE", "found_minima": [[0.6234994049, 0.02803775853], [-0.050086941225672074, 0.46670365399039787], [-0.5582236221983435, 1.4417258563034114]], "found_saddles": [[0.2716725700515515, 0.3160290013438287], [-0.3929540496382217, 0.24266357548404327]], "bias_count": 121, "energy_calls_at_each_min": [1, 1959, 14946], "force_calls_at_each_min": [1, 1959, 14946], "min_height_scale": 3.0, "max_height_scale": 1.5, "min_cov_scale": 2.5, "max_cov_scale": 2.0, "pert_type": "adaptive"}