{"run_id": 5005, "bias_std_dev_scale": 0.170998, "bias_height_fraction": 0.119897, "perturbation_size": 0.005, "optimizer": "FIRE", "found_minima": [[0.6234994049, 0.02803775853], [-0.050130227017802766, 0.466726477484888], [-0.5582236534139905, 1.441725823479847]], "found_saddles": [[0.34775241299298987, 0.2962300685489304], [-0.741910639889755, 0.6945058920907795]], "bias_count": 79, "energy_calls_at_each_min": [1, 1875, 9567], "force_calls_at_each_min": [1, 1875, 9567], "min_height_scale": 3.0, "max_height_scale": 1.5, "min_cov_scale": 2.0, "max_cov_scale": 2.5, "pert_type": "adaptive"}