{"run_id": 5096, "bias_std_dev_scale": 0.170998, "bias_height_fraction": 0.119897, "perturbation_size": 0.005, "optimizer": "FIRE", "found_minima": [[0.6234994049, 0.02803775853], [-0.05001089798001703, 0.4666941191026689], [-0.5582236414699311, 1.4417258387335514]], "found_saddles": [[0.42142316552903153, 0.2708617163829479], [-0.18451945049018076, 0.049970732380514915]], "bias_count": 68, "energy_calls_at_each_min": [1, 1626, 8295], "force_calls_at_each_min": [1, 1626, 8295], "min_height_scale": 3.0, "max_height_scale": 3.0, "min_cov_scale": 2.0, "max_cov_scale": 1.5, "pert_type": "fixed"}