{"run_id": 505, "bias_std_dev_scale": 0.170998, "bias_height_fraction": 0.119897, "perturbation_size": 0.005, "optimizer": "FIRE", "found_minima": [[0.6234994049, 0.02803775853], [-0.050023867871177366, 0.46669572481623284], [-0.5582236431296952, 1.4417258350919853]], "found_saddles": [[0.9878938458555133, 0.039085002881008364], [-0.2732100588823718, 0.09891615823561677]], "bias_count": 79, "energy_calls_at_each_min": [1, 2382, 9536], "force_calls_at_each_min": [1, 2382, 9536], "min_height_scale": 3.0, "max_height_scale": 3.0, "min_cov_scale": 3.0, "max_cov_scale": 1.5, "pert_type": "adaptive"}