{"run_id": 477, "bias_std_dev_scale": 0.170998, "bias_height_fraction": 0.119897, "perturbation_size": 0.005, "optimizer": "FIRE", "found_minima": [[0.6234994049, 0.02803775853], [-0.05017416765748066, 0.46673664744352317], [-0.5582236184992778, 1.441725857509281]], "found_saddles": [[0.12370023332487268, 0.09737205467478194], [0.9062387606972595, 0.1822164472766652]], "bias_count": 55, "energy_calls_at_each_min": [1, 2045, 7376], "force_calls_at_each_min": [1, 2045, 7376], "min_height_scale": 3.0, "max_height_scale": 2.5, "min_cov_scale": 3.0, "max_cov_scale": 2.5, "pert_type": "adaptive"}