{"run_id": 2885, "bias_std_dev_scale": 0.170998, "bias_height_fraction": 0.119897, "perturbation_size": 0.005, "optimizer": "FIRE", "found_minima": [[0.6234994049, 0.02803775853], [-0.05005938282843871, 0.4667059414056732], [-0.5582236515197526, 1.4417258254177048]], "found_saddles": [[0.9480649967149486, -0.024857074372683315], [-0.8621428899761371, 0.4830327734534415]], "bias_count": 37, "energy_calls_at_each_min": [1, 1590, 4324], "force_calls_at_each_min": [1, 1590, 4324], "min_height_scale": 2.5, "max_height_scale": 2.5, "min_cov_scale": 1.5, "max_cov_scale": 2.5, "pert_type": "adaptive"}