{"run_id": 1764, "bias_std_dev_scale": 0.170998, "bias_height_fraction": 0.119897, "perturbation_size": 0.005, "optimizer": "FIRE", "found_minima": [[0.6234994049, 0.02803775853], [-0.05004807470334942, 0.4667039021506593], [-0.5582236448500628, 1.4417258293926023]], "found_saddles": [[0.9786115740249425, 0.004579207759096874], [-0.8496113854220315, 0.55185643498463]], "bias_count": 30, "energy_calls_at_each_min": [1, 1431, 3315], "force_calls_at_each_min": [1, 1431, 3315], "min_height_scale": 2.0, "max_height_scale": 3.0, "min_cov_scale": 1.5, "max_cov_scale": 2.5, "pert_type": "fixed"}