{"run_id": 2361, "bias_std_dev_scale": 0.170998, "bias_height_fraction": 0.119897, "perturbation_size": 0.005, "optimizer": "FIRE", "found_minima": [[0.6234994049, 0.02803775853], [-0.05001104263382779, 0.4666941466187804], [-0.5582236483060226, 1.4417258281521441]], "found_saddles": [[0.2013615753837959, 0.2783647401469571], [-0.7149841012461463, 0.6548306818855121]], "bias_count": 80, "energy_calls_at_each_min": [1, 1461, 9739], "force_calls_at_each_min": [1, 1461, 9739], "min_height_scale": 2.5, "max_height_scale": 2.0, "min_cov_scale": 3.0, "max_cov_scale": 1.5, "pert_type": "adaptive"}