{"run_id": 3081, "bias_std_dev_scale": 0.170998, "bias_height_fraction": 0.119897, "perturbation_size": 0.005, "optimizer": "FIRE", "found_minima": [[0.6234994049, 0.02803775853], [-0.050013040089551854, 0.4666946025012184], [-0.5582236475121957, 1.4417258290297332]], "found_saddles": [[0.2068043580493576, 0.3032181712376481], [-0.8334612758987592, 0.5946955333320327]], "bias_count": 56, "energy_calls_at_each_min": [1, 1298, 6385], "force_calls_at_each_min": [1, 1298, 6385], "min_height_scale": 1.5, "max_height_scale": 1.5, "min_cov_scale": 2.0, "max_cov_scale": 1.5, "pert_type": "adaptive"}