{"run_id": 1430, "bias_std_dev_scale": 0.170998, "bias_height_fraction": 0.119897, "perturbation_size": 0.005, "optimizer": "FIRE", "found_minima": [[0.6234994049, 0.02803775853], [-0.05176719958841163, 0.4671971913344513], [-0.5582236447281647, 1.4417258320746047]], "found_saddles": [[0.34667748342892096, 0.32674950891928634], [-0.460463207728111, 0.7131965970914591]], "bias_count": 95, "energy_calls_at_each_min": [1, 1662, 11917], "force_calls_at_each_min": [1, 1662, 11917], "min_height_scale": 3.0, "max_height_scale": 1.5, "min_cov_scale": 2.5, "max_cov_scale": 3.0, "pert_type": "fixed"}