{"run_id": 2560, "bias_std_dev_scale": 0.170998, "bias_height_fraction": 0.119897, "perturbation_size": 0.005, "optimizer": "FIRE", "found_minima": [[0.6234994049, 0.02803775853], [-0.05001088119518666, 0.46669411008451245], [-0.5582236510545971, 1.4417258248818796]], "found_saddles": [[0.19408683674433433, 0.27281207713614686], [-0.8184029456014716, 0.6057587533165233]], "bias_count": 86, "energy_calls_at_each_min": [1, 1103, 10362], "force_calls_at_each_min": [1, 1103, 10362], "min_height_scale": 1.5, "max_height_scale": 1.5, "min_cov_scale": 1.5, "max_cov_scale": 1.5, "pert_type": "fixed"}