{"run_id": 136, "bias_std_dev_scale": 0.170998, "bias_height_fraction": 0.119897, "perturbation_size": 0.005, "optimizer": "FIRE", "found_minima": [[0.6234994049, 0.02803775853], [-0.050011020372714245, 0.4666941567446963], [-0.5582236185064777, 1.4417258582684729]], "found_saddles": [[0.9429117371597143, 0.01685958737891039], [-0.7964755469169353, 0.635302491995529]], "bias_count": 73, "energy_calls_at_each_min": [1, 2727, 8748], "force_calls_at_each_min": [1, 2727, 8748], "min_height_scale": 2.0, "max_height_scale": 1.5, "min_cov_scale": 2.0, "max_cov_scale": 1.5, "pert_type": "fixed"}