{"run_id": 3915, "bias_std_dev_scale": 0.170998, "bias_height_fraction": 0.119897, "perturbation_size": 0.005, "optimizer": "FIRE", "found_minima": [[0.6234994049, 0.02803775853], [-0.050872103950807004, 0.4669379351611584], [-0.5582236209443546, 1.441725856404415]], "found_saddles": [[0.2802163865777554, 0.35644330949130565], [-0.84831439101195, 0.6118142972875991]], "bias_count": 21, "energy_calls_at_each_min": [1, 1472, 2389], "force_calls_at_each_min": [1, 1472, 2389], "min_height_scale": 2.5, "max_height_scale": 2.5, "min_cov_scale": 2.0, "max_cov_scale": 2.0, "pert_type": "adaptive"}