{"run_id": 1318, "bias_std_dev_scale": 0.170998, "bias_height_fraction": 0.119897, "perturbation_size": 0.005, "optimizer": "FIRE", "found_minima": [[0.6234994049, 0.02803775853], [-0.05122064034509958, 0.46713021359458873], [-0.5582236516631296, 1.441725825166356]], "found_saddles": [[0.3176608976961466, 0.34282492252072255], [-0.3272285795170756, 0.22374544566477553]], "bias_count": 52, "energy_calls_at_each_min": [1, 1247, 6383], "force_calls_at_each_min": [1, 1247, 6383], "min_height_scale": 2.5, "max_height_scale": 2.0, "min_cov_scale": 1.5, "max_cov_scale": 3.0, "pert_type": "fixed"}