{"run_id": 437, "bias_std_dev_scale": 0.170998, "bias_height_fraction": 0.119897, "perturbation_size": 0.005, "optimizer": "FIRE", "found_minima": [[0.6234994049, 0.02803775853], [-0.05001423105395527, 0.466694949626196], [-0.5582236220580814, 1.441725854848453]], "found_saddles": [[0.25110855436152435, 0.28304056564270785], [-0.8115766854872646, 0.6290106033351544]], "bias_count": 41, "energy_calls_at_each_min": [1, 1606, 4878], "force_calls_at_each_min": [1, 1606, 4878], "min_height_scale": 3.0, "max_height_scale": 2.0, "min_cov_scale": 2.5, "max_cov_scale": 2.5, "pert_type": "adaptive"}