{"run_id": 4981, "bias_std_dev_scale": 0.170998, "bias_height_fraction": 0.119897, "perturbation_size": 0.005, "optimizer": "FIRE", "found_minima": [[0.6234994049, 0.02803775853], [-0.0503199206711924, 0.46676500297400647], [-0.5582236159363376, 1.4417258602357692]], "found_saddles": [[0.08818648530713524, 0.27772492998742854], [0.14230925216297063, -0.14693072132014925]], "bias_count": 55, "energy_calls_at_each_min": [1, 986, 6511], "force_calls_at_each_min": [1, 986, 6511], "min_height_scale": 2.5, "max_height_scale": 3.0, "min_cov_scale": 2.5, "max_cov_scale": 2.5, "pert_type": "adaptive"}