{"run_id": 4349, "bias_std_dev_scale": 0.170998, "bias_height_fraction": 0.119897, "perturbation_size": 0.005, "optimizer": "FIRE", "found_minima": [[0.6234994049, 0.02803775853], [-0.050012633303578614, 0.46669441512446863], [-0.5582236375760331, 1.441725840546016]], "found_saddles": [[0.1050709730234829, 0.0812862959416912], [-0.015893868264194214, -0.14427915919306353]], "bias_count": 69, "energy_calls_at_each_min": [1, 1603, 9017], "force_calls_at_each_min": [1, 1603, 9017], "min_height_scale": 2.0, "max_height_scale": 3.0, "min_cov_scale": 3.0, "max_cov_scale": 2.5, "pert_type": "adaptive"}