{"run_id": 2421, "bias_std_dev_scale": 0.170998, "bias_height_fraction": 0.119897, "perturbation_size": 0.005, "optimizer": "FIRE", "found_minima": [[0.6234994049, 0.02803775853], [-0.050018166779603426, 0.46669603219348005], [-0.5582236209053291, 1.4417258551673562]], "found_saddles": [[0.13139590712491722, 0.07693355900218601], [-0.8005225416801736, 0.6370324869235805]], "bias_count": 19, "energy_calls_at_each_min": [1, 1372, 2054], "force_calls_at_each_min": [1, 1372, 2054], "min_height_scale": 2.5, "max_height_scale": 3.0, "min_cov_scale": 2.5, "max_cov_scale": 2.5, "pert_type": "adaptive"}