{"run_id": 4990, "bias_std_dev_scale": 0.170998, "bias_height_fraction": 0.119897, "perturbation_size": 0.005, "optimizer": "FIRE", "found_minima": [[0.6234994049, 0.02803775853], [-0.05001367752422285, 0.4666946741376578], [-0.558223470691843, 1.4417260296688954]], "found_saddles": [[0.23314825266360187, 0.30559931826661413], [-0.12657118535272915, -0.053776266342367866]], "bias_count": 61, "energy_calls_at_each_min": [1, 502, 7766], "force_calls_at_each_min": [1, 502, 7766], "min_height_scale": 2.5, "max_height_scale": 3.0, "min_cov_scale": 3.0, "max_cov_scale": 3.0, "pert_type": "fixed"}