{"run_id": 3146, "bias_std_dev_scale": 0.170998, "bias_height_fraction": 0.119897, "perturbation_size": 0.005, "optimizer": "FIRE", "found_minima": [[0.6234994049, 0.02803775853], [-0.050068190708376925, 0.46670409226307963], [-0.5582236318468661, 1.4417258436230398]], "found_saddles": [[0.173423346628976, 0.2565239174724235], [-0.8242901144546178, 0.503495290750837]], "bias_count": 46, "energy_calls_at_each_min": [1, 847, 5548], "force_calls_at_each_min": [1, 847, 5548], "min_height_scale": 1.5, "max_height_scale": 2.5, "min_cov_scale": 2.0, "max_cov_scale": 2.0, "pert_type": "fixed"}