{"run_id": 2910, "bias_std_dev_scale": 0.170998, "bias_height_fraction": 0.119897, "perturbation_size": 0.005, "optimizer": "FIRE", "found_minima": [[0.6234994049, 0.02803775853], [-0.05004051135542961, 0.4667008841262891], [-0.5582236414901601, 1.4417258352220317]], "found_saddles": [[0.19025236580570573, 0.29908015776188734], [-0.716187285797865, 0.7304974925857174]], "bias_count": 38, "energy_calls_at_each_min": [1, 592, 4713], "force_calls_at_each_min": [1, 592, 4713], "min_height_scale": 2.5, "max_height_scale": 2.5, "min_cov_scale": 3.0, "max_cov_scale": 3.0, "pert_type": "fixed"}