{"run_id": 2055, "bias_std_dev_scale": 0.170998, "bias_height_fraction": 0.119897, "perturbation_size": 0.005, "optimizer": "FIRE", "found_minima": [[0.6234994049, 0.02803775853], [-0.050032874287709785, 0.46670127810389694], [-0.5582236165612542, 1.4417258608308912]], "found_saddles": [[0.22178747461434606, 0.2937622699699988], [-0.814016594636833, 0.6342814584160859]], "bias_count": 61, "energy_calls_at_each_min": [1, 917, 7196], "force_calls_at_each_min": [1, 917, 7196], "min_height_scale": 1.5, "max_height_scale": 1.5, "min_cov_scale": 1.5, "max_cov_scale": 3.0, "pert_type": "adaptive"}