{"run_id": 4133, "bias_std_dev_scale": 0.170998, "bias_height_fraction": 0.119897, "perturbation_size": 0.005, "optimizer": "FIRE", "found_minima": [[0.6234994049, 0.02803775853], [-0.05098472929499263, 0.4669170052866858], [-0.558223616528506, 1.4417258604592544]], "found_saddles": [[0.2614128896639881, 0.28812305519688797], [-0.8381392482807156, 0.5924585604866737]], "bias_count": 38, "energy_calls_at_each_min": [1, 1151, 4119], "force_calls_at_each_min": [1, 1151, 4119], "min_height_scale": 1.5, "max_height_scale": 2.0, "min_cov_scale": 1.5, "max_cov_scale": 2.5, "pert_type": "adaptive"}