{"run_id": 1222, "bias_std_dev_scale": 0.170998, "bias_height_fraction": 0.119897, "perturbation_size": 0.005, "optimizer": "FIRE", "found_minima": [[0.6234994049, 0.02803775853], [-0.05002940221473558, 0.46670075931786037], [-0.5582236200155223, 1.4417258579197965]], "found_saddles": [[0.2970744939383728, 0.3238257903773938], [-0.17564404014643067, 0.052290672200367955]], "bias_count": 48, "energy_calls_at_each_min": [1, 785, 5749], "force_calls_at_each_min": [1, 785, 5749], "min_height_scale": 2.0, "max_height_scale": 2.5, "min_cov_scale": 1.5, "max_cov_scale": 3.0, "pert_type": "fixed"}