{"run_id": 3319, "bias_std_dev_scale": 0.170998, "bias_height_fraction": 0.119897, "perturbation_size": 0.005, "optimizer": "FIRE", "found_minima": [[0.6234994049, 0.02803775853], [-0.050291531555741835, 0.46678297599429963], [-0.5582236145352807, 1.4417258625080736]], "found_saddles": [[0.3204710342147151, 0.2896394648465492], [-0.8401049334860115, 0.5763212543317655]], "bias_count": 23, "energy_calls_at_each_min": [1, 1412, 2723], "force_calls_at_each_min": [1, 1412, 2723], "min_height_scale": 2.0, "max_height_scale": 3.0, "min_cov_scale": 2.5, "max_cov_scale": 3.0, "pert_type": "adaptive"}