{"run_id": 681, "bias_std_dev_scale": 0.170998, "bias_height_fraction": 0.119897, "perturbation_size": 0.005, "optimizer": "FIRE", "found_minima": [[0.6234994049, 0.02803775853], [-0.05001097888235786, 0.46669414661690817], [-0.5582236216918075, 1.4417258544264997]], "found_saddles": [[0.9429370078148988, -0.030804313921234026], [-0.45010443134738404, 0.16884060347620572]], "bias_count": 114, "energy_calls_at_each_min": [1, 2090, 14801], "force_calls_at_each_min": [1, 2090, 14801], "min_height_scale": 2.0, "max_height_scale": 2.0, "min_cov_scale": 2.0, "max_cov_scale": 1.5, "pert_type": "adaptive"}