{"run_id": 1579, "bias_std_dev_scale": 0.170998, "bias_height_fraction": 0.119897, "perturbation_size": 0.005, "optimizer": "FIRE", "found_minima": [[0.6234994049, 0.02803775853], [-0.05352944660909131, 0.46713099058457475], [-0.5582236531518399, 1.441725823955966]], "found_saddles": [[0.390673364007276, 0.3827211483816129], [-0.20424746463395219, 0.11975622982591765]], "bias_count": 65, "energy_calls_at_each_min": [1, 2320, 7849], "force_calls_at_each_min": [1, 2320, 7849], "min_height_scale": 1.5, "max_height_scale": 2.0, "min_cov_scale": 2.0, "max_cov_scale": 2.0, "pert_type": "adaptive"}