{"run_id": 4202, "bias_std_dev_scale": 0.170998, "bias_height_fraction": 0.119897, "perturbation_size": 0.005, "optimizer": "FIRE", "found_minima": [[0.6234994049, 0.02803775853], [-0.05037320159160281, 0.4667929601933252], [-0.5582236379086659, 1.4417258362326388]], "found_saddles": [[0.3551631841158403, 0.3292761426096102], [-0.6793674347911719, 0.2915769858715103]], "bias_count": 59, "energy_calls_at_each_min": [1, 1339, 7351], "force_calls_at_each_min": [1, 1339, 7351], "min_height_scale": 1.5, "max_height_scale": 3.0, "min_cov_scale": 2.0, "max_cov_scale": 2.0, "pert_type": "fixed"}