{"run_id": 327, "bias_std_dev_scale": 0.170998, "bias_height_fraction": 0.119897, "perturbation_size": 0.005, "optimizer": "FIRE", "found_minima": [[0.6234994049, 0.02803775853], [-0.05104288029368109, 0.4669021482030706], [-0.5582236394706869, 1.4417258343830122]], "found_saddles": [[0.08481088497417041, 0.17257985456823613], [-0.20323720462920497, 0.06804879374851042]], "bias_count": 54, "energy_calls_at_each_min": [1, 1402, 6664], "force_calls_at_each_min": [1, 1402, 6664], "min_height_scale": 2.5, "max_height_scale": 2.5, "min_cov_scale": 1.5, "max_cov_scale": 3.0, "pert_type": "adaptive"}