{"run_id": 3675, "bias_std_dev_scale": 0.170998, "bias_height_fraction": 0.119897, "perturbation_size": 0.005, "optimizer": "FIRE", "found_minima": [[0.6234994049, 0.02803775853], [-0.05001157625689355, 0.46669426720591267], [-0.558223650499519, 1.4417258262603643]], "found_saddles": [[0.1033316602405007, 0.21455776789514636], [-0.8579869014832214, 0.6103378012956024]], "bias_count": 63, "energy_calls_at_each_min": [1, 1645, 7344], "force_calls_at_each_min": [1, 1645, 7344], "min_height_scale": 1.5, "max_height_scale": 2.5, "min_cov_scale": 3.0, "max_cov_scale": 2.0, "pert_type": "adaptive"}