{"run_id": 935, "bias_std_dev_scale": 0.170998, "bias_height_fraction": 0.119897, "perturbation_size": 0.005, "optimizer": "FIRE", "found_minima": [[0.6234994049, 0.02803775853], [-0.0507111641846112, 0.4668105893162312], [-0.5582236471858775, 1.4417258297619586]], "found_saddles": [[0.09111316535746727, 0.11373779597079006], [-0.7910416768938646, 0.6323190985334828]], "bias_count": 53, "energy_calls_at_each_min": [1, 1731, 6483], "force_calls_at_each_min": [1, 1731, 6483], "min_height_scale": 3.0, "max_height_scale": 2.0, "min_cov_scale": 1.5, "max_cov_scale": 3.0, "pert_type": "adaptive"}