{"run_id": 2053, "bias_std_dev_scale": 0.170998, "bias_height_fraction": 0.119897, "perturbation_size": 0.005, "optimizer": "FIRE", "found_minima": [[0.6234994049, 0.02803775853], [-0.050780733917764366, 0.466857079883167], [-0.5582236199048083, 1.441725856453115]], "found_saddles": [[0.13624684284799982, 0.21130287333401637], [-0.8399452427811113, 0.5919563083907537]], "bias_count": 56, "energy_calls_at_each_min": [1, 2038, 6395], "force_calls_at_each_min": [1, 2038, 6395], "min_height_scale": 1.5, "max_height_scale": 1.5, "min_cov_scale": 1.5, "max_cov_scale": 2.5, "pert_type": "adaptive"}