{"run_id": 3659, "bias_std_dev_scale": 0.170998, "bias_height_fraction": 0.119897, "perturbation_size": 0.005, "optimizer": "FIRE", "found_minima": [[0.6234994049, 0.02803775853], [-0.05153173291706665, 0.4671427306755193], [-0.5582236435290864, 1.441725833008561]], "found_saddles": [[0.18447372225921607, 0.29322651927939103], [-0.8164873075260652, 0.5978421429157352]], "bias_count": 20, "energy_calls_at_each_min": [1, 1675, 2251], "force_calls_at_each_min": [1, 1675, 2251], "min_height_scale": 1.5, "max_height_scale": 2.5, "min_cov_scale": 2.0, "max_cov_scale": 2.0, "pert_type": "adaptive"}