{"run_id": 4897, "bias_std_dev_scale": 0.170998, "bias_height_fraction": 0.119897, "perturbation_size": 0.005, "optimizer": "FIRE", "found_minima": [[0.6234994049, 0.02803775853], [-0.05001878232073895, 0.46669608289779735], [-0.5582236158316922, 1.4417258614806518]], "found_saddles": [[0.17545397912688246, 0.23908683367993688], [-0.7817791611288688, 0.6829085248424945]], "bias_count": 73, "energy_calls_at_each_min": [1, 1361, 8542], "force_calls_at_each_min": [1, 1361, 8542], "min_height_scale": 2.5, "max_height_scale": 2.0, "min_cov_scale": 1.5, "max_cov_scale": 1.5, "pert_type": "adaptive"}