{"run_id": 3107, "bias_std_dev_scale": 0.170998, "bias_height_fraction": 0.119897, "perturbation_size": 0.005, "optimizer": "FIRE", "found_minima": [[0.6234994049, 0.02803775853], [-0.05077440887938312, 0.4669743708118904], [-0.5582236477455615, 1.4417258291607058]], "found_saddles": [[0.9070737784645292, -0.05259722986669424], [-0.847442980581014, 0.6301413371746218]], "bias_count": 29, "energy_calls_at_each_min": [1, 2080, 3316], "force_calls_at_each_min": [1, 2080, 3316], "min_height_scale": 1.5, "max_height_scale": 2.0, "min_cov_scale": 1.5, "max_cov_scale": 2.0, "pert_type": "adaptive"}