{"run_id": 3159, "bias_std_dev_scale": 0.170998, "bias_height_fraction": 0.119897, "perturbation_size": 0.005, "optimizer": "FIRE", "found_minima": [[0.6234994049, 0.02803775853], [-0.05032867529856435, 0.466773853990598], [-0.5582236541719073, 1.4417258216616282]], "found_saddles": [[0.1337335408651328, 0.14127469152684638], [-0.30498169270289455, 0.20888544669771789]], "bias_count": 46, "energy_calls_at_each_min": [1, 1390, 5615], "force_calls_at_each_min": [1, 1390, 5615], "min_height_scale": 1.5, "max_height_scale": 2.5, "min_cov_scale": 2.5, "max_cov_scale": 3.0, "pert_type": "adaptive"}