{"run_id": 4125, "bias_std_dev_scale": 0.170998, "bias_height_fraction": 0.119897, "perturbation_size": 0.005, "optimizer": "FIRE", "found_minima": [[0.6234994049, 0.02803775853], [-0.05256212265386538, 0.46719083633194425], [-0.5582236181220759, 1.4417258580117747]], "found_saddles": [[0.20085651250429212, 0.27942407855581974], [0.4490294106738795, 0.5434798375572703]], "bias_count": 104, "energy_calls_at_each_min": [1, 2393, 12831], "force_calls_at_each_min": [1, 2393, 12831], "min_height_scale": 1.5, "max_height_scale": 1.5, "min_cov_scale": 3.0, "max_cov_scale": 2.5, "pert_type": "adaptive"}