{"run_id": 3244, "bias_std_dev_scale": 0.170998, "bias_height_fraction": 0.119897, "perturbation_size": 0.005, "optimizer": "FIRE", "found_minima": [[0.6234994049, 0.02803775853], [-0.050011568208198354, 0.4666942533393026], [-0.5582236496465648, 1.441725827163477]], "found_saddles": [[0.28908181589035986, 0.2877280949349995], [1.0466878643717756, 0.05173841963943596]], "bias_count": 81, "energy_calls_at_each_min": [1, 1435, 10305], "force_calls_at_each_min": [1, 1435, 10305], "min_height_scale": 2.0, "max_height_scale": 2.0, "min_cov_scale": 2.0, "max_cov_scale": 2.5, "pert_type": "fixed"}