{"run_id": 1638, "bias_std_dev_scale": 0.170998, "bias_height_fraction": 0.119897, "perturbation_size": 0.005, "optimizer": "FIRE", "found_minima": [[0.6234994049, 0.02803775853], [-0.050085539048590526, 0.46672773118345856], [-0.5582236217567609, 1.441725855099886]], "found_saddles": [[0.3126169564958574, 0.34949150876477064], [-0.781602279158934, 0.6603881773811017]], "bias_count": 33, "energy_calls_at_each_min": [1, 1039, 4012], "force_calls_at_each_min": [1, 1039, 4012], "min_height_scale": 1.5, "max_height_scale": 3.0, "min_cov_scale": 1.5, "max_cov_scale": 3.0, "pert_type": "fixed"}