{"run_id": 1076, "bias_std_dev_scale": 0.170998, "bias_height_fraction": 0.119897, "perturbation_size": 0.005, "optimizer": "FIRE", "found_minima": [[0.6234994049, 0.02803775853], [-0.052020695556389975, 0.46717862424508066], [-0.5582236375289017, 1.441725836405769]], "found_saddles": [[0.45763163161722786, 0.30303043222482495], [-0.2462763537919247, 0.07588177612288655]], "bias_count": 89, "energy_calls_at_each_min": [1, 2070, 10732], "force_calls_at_each_min": [1, 2070, 10732], "min_height_scale": 1.5, "max_height_scale": 2.0, "min_cov_scale": 2.5, "max_cov_scale": 2.5, "pert_type": "fixed"}