{"run_id": 2373, "bias_std_dev_scale": 0.170998, "bias_height_fraction": 0.119897, "perturbation_size": 0.005, "optimizer": "FIRE", "found_minima": [[0.6234994049, 0.02803775853], [-0.05001165697609838, 0.4666943122704052], [-0.5582236175966936, 1.441725858559089]], "found_saddles": [[0.17127887336365, 0.24352369050118494], [-0.8270659969901709, 0.629473172030801]], "bias_count": 29, "energy_calls_at_each_min": [1, 781, 3426], "force_calls_at_each_min": [1, 781, 3426], "min_height_scale": 2.5, "max_height_scale": 2.5, "min_cov_scale": 1.5, "max_cov_scale": 2.5, "pert_type": "adaptive"}