{"run_id": 3979, "bias_std_dev_scale": 0.170998, "bias_height_fraction": 0.119897, "perturbation_size": 0.005, "optimizer": "FIRE", "found_minima": [[0.6234994049, 0.02803775853], [-0.050012827654038916, 0.4666947661723801], [-0.5582236213595508, 1.4417258548598941]], "found_saddles": [[0.25520014078153347, 0.3565850123125028], [-0.8898998448583599, 0.5148795111007846]], "bias_count": 109, "energy_calls_at_each_min": [1, 1803, 13120], "force_calls_at_each_min": [1, 1803, 13120], "min_height_scale": 3.0, "max_height_scale": 1.5, "min_cov_scale": 2.0, "max_cov_scale": 2.0, "pert_type": "adaptive"}