{"run_id": 2475, "bias_std_dev_scale": 0.170998, "bias_height_fraction": 0.119897, "perturbation_size": 0.005, "optimizer": "FIRE", "found_minima": [[0.6234994049, 0.02803775853], [-0.050010984533723844, 0.46669416129187236], [-0.5582236401735159, 1.4417258397553607]], "found_saddles": [[0.13837127657441511, 0.15625875709043133], [-0.8194536632650476, 0.6111520518369449]], "bias_count": 86, "energy_calls_at_each_min": [1, 1555, 10491], "force_calls_at_each_min": [1, 1555, 10491], "min_height_scale": 3.0, "max_height_scale": 2.0, "min_cov_scale": 2.0, "max_cov_scale": 2.0, "pert_type": "adaptive"}