{"run_id": 4704, "bias_std_dev_scale": 0.170998, "bias_height_fraction": 0.119897, "perturbation_size": 0.005, "optimizer": "FIRE", "found_minima": [[0.6234994049, 0.02803775853], [-0.05024745181210967, 0.46675567177316396], [-0.5582236378870881, 1.4417258364514016]], "found_saddles": [[0.13505449488876914, 0.20855989227214675], [-0.4182264822748876, 0.07959285438157936]], "bias_count": 70, "energy_calls_at_each_min": [1, 779, 8359], "force_calls_at_each_min": [1, 779, 8359], "min_height_scale": 1.5, "max_height_scale": 3.0, "min_cov_scale": 1.5, "max_cov_scale": 1.5, "pert_type": "fixed"}