{"run_id": 3073, "bias_std_dev_scale": 0.170998, "bias_height_fraction": 0.119897, "perturbation_size": 0.005, "optimizer": "FIRE", "found_minima": [[0.6234994049, 0.02803775853], [-0.050013806482073125, 0.4666947722921074], [-0.5582236540601416, 1.4417258228995184]], "found_saddles": [[0.15748303056197377, 0.28083189499461664], [1.077117198513145, 0.01494226557023625]], "bias_count": 150, "energy_calls_at_each_min": [1, 1239, 17534], "force_calls_at_each_min": [1, 1239, 17534], "min_height_scale": 1.5, "max_height_scale": 1.5, "min_cov_scale": 1.5, "max_cov_scale": 1.5, "pert_type": "adaptive"}