{"run_id": 2777, "bias_std_dev_scale": 0.170998, "bias_height_fraction": 0.119897, "perturbation_size": 0.005, "optimizer": "FIRE", "found_minima": [[0.6234994049, 0.02803775853], [-0.0500111360636785, 0.4666941769490683], [-0.5582236162104508, 1.4417258594465692]], "found_saddles": [[0.4734165939745868, 0.24909048910228052], [-0.8827126931764098, 0.5742638182473585]], "bias_count": 60, "energy_calls_at_each_min": [1, 2061, 7308], "force_calls_at_each_min": [1, 2061, 7308], "min_height_scale": 2.0, "max_height_scale": 2.5, "min_cov_scale": 3.0, "max_cov_scale": 1.5, "pert_type": "adaptive"}