{"run_id": 2879, "bias_std_dev_scale": 0.170998, "bias_height_fraction": 0.119897, "perturbation_size": 0.005, "optimizer": "FIRE", "found_minima": [[0.6234994049, 0.02803775853], [-0.05008050117009663, 0.4667088750877659], [-0.5582236223151698, 1.4417258537101296]], "found_saddles": [[0.16599863874654072, 0.26610409610489594], [-0.7674078513721311, 0.6361056196741217]], "bias_count": 38, "energy_calls_at_each_min": [1, 1643, 4820], "force_calls_at_each_min": [1, 1643, 4820], "min_height_scale": 2.5, "max_height_scale": 2.0, "min_cov_scale": 3.0, "max_cov_scale": 3.0, "pert_type": "adaptive"}