{"run_id": 2379, "bias_std_dev_scale": 0.170998, "bias_height_fraction": 0.119897, "perturbation_size": 0.005, "optimizer": "FIRE", "found_minima": [[0.6234994049, 0.02803775853], [-0.05007045200977653, 0.46670800867390244], [-0.5582236216556336, 1.4417258542810134]], "found_saddles": [[0.5708670072568623, 0.22742603509996845], [-0.7815256461734296, 0.4804069161839456]], "bias_count": 39, "energy_calls_at_each_min": [1, 1618, 4587], "force_calls_at_each_min": [1, 1618, 4587], "min_height_scale": 2.5, "max_height_scale": 2.5, "min_cov_scale": 2.0, "max_cov_scale": 2.0, "pert_type": "adaptive"}