{"run_id": 4251, "bias_std_dev_scale": 0.170998, "bias_height_fraction": 0.119897, "perturbation_size": 0.005, "optimizer": "FIRE", "found_minima": [[0.6234994049, 0.02803775853], [-0.0500111466165927, 0.46669417595819274], [-0.5582236192393961, 1.441725855812006]], "found_saddles": [[0.24133257385963058, 0.3098041087399762], [-0.748020404953222, 0.6683465788390892]], "bias_count": 100, "energy_calls_at_each_min": [1, 2433, 12137], "force_calls_at_each_min": [1, 2433, 12137], "min_height_scale": 2.0, "max_height_scale": 1.5, "min_cov_scale": 3.0, "max_cov_scale": 2.0, "pert_type": "adaptive"}