{"run_id": 3300, "bias_std_dev_scale": 0.170998, "bias_height_fraction": 0.119897, "perturbation_size": 0.005, "optimizer": "FIRE", "found_minima": [[0.6234994049, 0.02803775853], [-0.05075747778545449, 0.46687374544917154], [-0.5582236247043748, 1.4417258515370077]], "found_saddles": [[0.20999304290214943, 0.31840324476928183], [-0.8501732954129665, 0.5704413855098578]], "bias_count": 33, "energy_calls_at_each_min": [1, 723, 4032], "force_calls_at_each_min": [1, 723, 4032], "min_height_scale": 2.0, "max_height_scale": 3.0, "min_cov_scale": 1.5, "max_cov_scale": 2.5, "pert_type": "fixed"}