{"run_id": 4400, "bias_std_dev_scale": 0.170998, "bias_height_fraction": 0.119897, "perturbation_size": 0.005, "optimizer": "FIRE", "found_minima": [[0.6234994049, 0.02803775853], [-0.050010866380313275, 0.4666941079338353], [-0.5582236300884043, 1.44172584831501]], "found_saddles": [[0.20904018186219558, 0.29437625995048966], [-0.7961281037093259, 0.4720093455717828]], "bias_count": 86, "energy_calls_at_each_min": [1, 1089, 10217], "force_calls_at_each_min": [1, 1089, 10217], "min_height_scale": 2.5, "max_height_scale": 2.0, "min_cov_scale": 2.5, "max_cov_scale": 1.5, "pert_type": "fixed"}