{"run_id": 3212, "bias_std_dev_scale": 0.170998, "bias_height_fraction": 0.119897, "perturbation_size": 0.005, "optimizer": "FIRE", "found_minima": [[0.6234994049, 0.02803775853], [-0.5582236528698471, 1.441725823742402]], "found_saddles": [[-0.4043120117264422, 0.250310348674023]], "bias_count": 5000, "energy_calls_at_each_min": [1, 10404], "force_calls_at_each_min": [1, 10404], "min_height_scale": 2.0, "max_height_scale": 1.5, "min_cov_scale": 2.0, "max_cov_scale": 2.5, "pert_type": "fixed"}