{"run_id": 3266, "bias_std_dev_scale": 0.170998, "bias_height_fraction": 0.119897, "perturbation_size": 0.005, "optimizer": "FIRE", "found_minima": [[0.6234994049, 0.02803775853], [-0.05018308565581276, 0.4667295555060046], [-0.5582236399911279, 1.4417258383135736]], "found_saddles": [[0.12123835364337576, 0.2191816433865052], [-0.37725418822433116, 0.19632745702912446]], "bias_count": 49, "energy_calls_at_each_min": [1, 1188, 5933], "force_calls_at_each_min": [1, 1188, 5933], "min_height_scale": 2.0, "max_height_scale": 2.5, "min_cov_scale": 1.5, "max_cov_scale": 2.0, "pert_type": "fixed"}