{"run_id": 2111, "bias_std_dev_scale": 0.170998, "bias_height_fraction": 0.119897, "perturbation_size": 0.005, "optimizer": "FIRE", "found_minima": [[0.6234994049, 0.02803775853], [-0.052492015964580904, 0.46708232156094404], [-0.5582236426047348, 1.4417258339219072]], "found_saddles": [[0.28983667787047795, 0.3775932413205197], [-0.8401924070988114, 0.5936557327006428]], "bias_count": 78, "energy_calls_at_each_min": [1, 2158, 10019], "force_calls_at_each_min": [1, 2158, 10019], "min_height_scale": 1.5, "max_height_scale": 2.0, "min_cov_scale": 3.0, "max_cov_scale": 3.0, "pert_type": "adaptive"}