{"run_id": 2567, "bias_std_dev_scale": 0.170998, "bias_height_fraction": 0.119897, "perturbation_size": 0.005, "optimizer": "FIRE", "found_minima": [[0.6234994049, 0.02803775853], [-0.05036219293692235, 0.4667791574697455], [-0.5582236204386294, 1.4417258569641271]], "found_saddles": [[0.118124264450719, 0.2002359985889257], [-0.8335798685672362, 0.5921143751721406]], "bias_count": 64, "energy_calls_at_each_min": [1, 1569, 7479], "force_calls_at_each_min": [1, 1569, 7479], "min_height_scale": 1.5, "max_height_scale": 1.5, "min_cov_scale": 1.5, "max_cov_scale": 3.0, "pert_type": "adaptive"}