{"run_id": 3984, "bias_std_dev_scale": 0.170998, "bias_height_fraction": 0.119897, "perturbation_size": 0.005, "optimizer": "FIRE", "found_minima": [[0.6234994049, 0.02803775853], [-0.05001090233723514, 0.4666941186442417], [-0.5582236509870163, 1.4417258256083008]], "found_saddles": [[0.15388842469338754, 0.20064824610766485], [-0.8444514615508414, 0.5530099092213244]], "bias_count": 97, "energy_calls_at_each_min": [1, 1920, 11319], "force_calls_at_each_min": [1, 1920, 11319], "min_height_scale": 3.0, "max_height_scale": 1.5, "min_cov_scale": 2.5, "max_cov_scale": 1.5, "pert_type": "fixed"}