{"run_id": 700, "bias_std_dev_scale": 0.170998, "bias_height_fraction": 0.119897, "perturbation_size": 0.005, "optimizer": "FIRE", "found_minima": [[0.6234994049, 0.02803775853], [-0.05012399702720054, 0.46671833912166005], [-0.5582236255487251, 1.4417258520581229]], "found_saddles": [[0.12350693559527645, 0.23444773882940428], [-0.1919244718440235, 0.002054105367376397]], "bias_count": 100, "energy_calls_at_each_min": [1, 2263, 12444], "force_calls_at_each_min": [1, 2263, 12444], "min_height_scale": 2.0, "max_height_scale": 2.0, "min_cov_scale": 3.0, "max_cov_scale": 2.5, "pert_type": "fixed"}