{"run_id": 3052, "bias_std_dev_scale": 0.170998, "bias_height_fraction": 0.119897, "perturbation_size": 0.005, "optimizer": "FIRE", "found_minima": [[0.6234994049, 0.02803775853], [-0.05002495681495465, 0.46669744501352467], [-0.5582236454739743, 1.4417258314034271]], "found_saddles": [[0.18364584938363726, 0.280035970970284], [-0.7230131125878687, 0.4023581648992007]], "bias_count": 32, "energy_calls_at_each_min": [1, 1146, 3907], "force_calls_at_each_min": [1, 1146, 3907], "min_height_scale": 3.0, "max_height_scale": 3.0, "min_cov_scale": 2.0, "max_cov_scale": 2.5, "pert_type": "fixed"}