{"run_id": 165, "bias_std_dev_scale": 0.170998, "bias_height_fraction": 0.119897, "perturbation_size": 0.005, "optimizer": "FIRE", "found_minima": [[0.6234994049, 0.02803775853], [-0.05271838727540265, 0.46730532061792673], [-0.5582236151592358, 1.4417258605408856]], "found_saddles": [[0.2501376067911233, 0.35720651024837313], [-0.831196736441114, 0.6078958866110764]], "bias_count": 61, "energy_calls_at_each_min": [1, 627, 7254], "force_calls_at_each_min": [1, 627, 7254], "min_height_scale": 2.0, "max_height_scale": 2.0, "min_cov_scale": 1.5, "max_cov_scale": 2.5, "pert_type": "adaptive"}