{"run_id": 2864, "bias_std_dev_scale": 0.170998, "bias_height_fraction": 0.119897, "perturbation_size": 0.005, "optimizer": "FIRE", "found_minima": [[0.6234994049, 0.02803775853], [-0.050013040878282906, 0.4666945292583739], [-0.5582236204354293, 1.441725856391621]], "found_saddles": [[0.19786524947120696, 0.2820015116853336], [-0.1714209155964369, 0.7379045429161579]], "bias_count": 119, "energy_calls_at_each_min": [1, 2041, 14179], "force_calls_at_each_min": [1, 2041, 14179], "min_height_scale": 2.5, "max_height_scale": 2.0, "min_cov_scale": 2.5, "max_cov_scale": 1.5, "pert_type": "fixed"}