{"run_id": 2697, "bias_std_dev_scale": 0.170998, "bias_height_fraction": 0.119897, "perturbation_size": 0.005, "optimizer": "FIRE", "found_minima": [[0.6234994049, 0.02803775853], [-0.05001857457413298, 0.4666955198436607], [-0.5582236380548405, 1.4417258350508027]], "found_saddles": [[0.22863766941614766, 0.32614002000826176], [-0.8288771704643787, 0.5681372386297087]], "bias_count": 68, "energy_calls_at_each_min": [1, 2247, 8005], "force_calls_at_each_min": [1, 2247, 8005], "min_height_scale": 2.0, "max_height_scale": 1.5, "min_cov_scale": 2.0, "max_cov_scale": 1.5, "pert_type": "adaptive"}