{"run_id": 2259, "bias_std_dev_scale": 0.170998, "bias_height_fraction": 0.119897, "perturbation_size": 0.005, "optimizer": "FIRE", "found_minima": [[0.6234994049, 0.02803775853], [-0.05001152020601003, 0.46669432383090387], [-0.558223643845705, 1.4417258326995048]], "found_saddles": [[0.07385894712633582, 0.18286930766353074], [-0.7778802546027164, 0.652051508949461]], "bias_count": 58, "energy_calls_at_each_min": [1, 1889, 6684], "force_calls_at_each_min": [1, 1889, 6684], "min_height_scale": 2.0, "max_height_scale": 2.5, "min_cov_scale": 2.5, "max_cov_scale": 2.0, "pert_type": "adaptive"}