{"run_id": 4839, "bias_std_dev_scale": 0.170998, "bias_height_fraction": 0.119897, "perturbation_size": 0.005, "optimizer": "FIRE", "found_minima": [[0.6234994049, 0.02803775853], [-0.050074075914218856, 0.4667091096304956], [-0.5582236272317874, 1.4417258517370752]], "found_saddles": [[0.9387397016323739, -0.032303076428801765], [-0.6189976145803713, 0.6912133367513428]], "bias_count": 43, "energy_calls_at_each_min": [1, 1235, 5097], "force_calls_at_each_min": [1, 1235, 5097], "min_height_scale": 2.0, "max_height_scale": 3.0, "min_cov_scale": 1.5, "max_cov_scale": 3.0, "pert_type": "adaptive"}