{"run_id": 4194, "bias_std_dev_scale": 0.170998, "bias_height_fraction": 0.119897, "perturbation_size": 0.005, "optimizer": "FIRE", "found_minima": [[0.6234994049, 0.02803775853], [-0.050915404749217685, 0.4670334566987651], [-0.5582236360735425, 1.4417258414732292]], "found_saddles": [[0.15710095736732818, 0.012664756828524464], [-0.9093210298304287, 0.530393665407205]], "bias_count": 56, "energy_calls_at_each_min": [1, 1199, 6843], "force_calls_at_each_min": [1, 1199, 6843], "min_height_scale": 1.5, "max_height_scale": 3.0, "min_cov_scale": 1.5, "max_cov_scale": 2.0, "pert_type": "fixed"}