{"run_id": 924, "bias_std_dev_scale": 0.170998, "bias_height_fraction": 0.119897, "perturbation_size": 0.005, "optimizer": "FIRE", "found_minima": [[0.6234994049, 0.02803775853], [-0.050014756923846465, 0.4666952020992653], [-0.558223653730947, 1.4417258229413599]], "found_saddles": [[0.1914572506852043, 0.29113876153015517], [0.5325473289087631, 0.4662083682587089]], "bias_count": 130, "energy_calls_at_each_min": [1, 2006, 16176], "force_calls_at_each_min": [1, 2006, 16176], "min_height_scale": 3.0, "max_height_scale": 1.5, "min_cov_scale": 3.0, "max_cov_scale": 2.5, "pert_type": "fixed"}