{"run_id": 430, "bias_std_dev_scale": 0.170998, "bias_height_fraction": 0.119897, "perturbation_size": 0.005, "optimizer": "FIRE", "found_minima": [[0.6234994049, 0.02803775853], [-0.050017439692333396, 0.4666954704772177], [-0.5582236502736405, 1.4417258257149763]], "found_saddles": [[0.30389601031539387, 0.318088892325654], [-0.07082919366238974, -0.02992089955972524]], "bias_count": 75, "energy_calls_at_each_min": [1, 1888, 9448], "force_calls_at_each_min": [1, 1888, 9448], "min_height_scale": 3.0, "max_height_scale": 2.0, "min_cov_scale": 2.0, "max_cov_scale": 3.0, "pert_type": "fixed"}