{"run_id": 2165, "bias_std_dev_scale": 0.170998, "bias_height_fraction": 0.119897, "perturbation_size": 0.005, "optimizer": "FIRE", "found_minima": [[0.6234994049, 0.02803775853], [-0.050011474064662484, 0.466694255159506], [-0.5582236494143287, 1.4417258278648748]], "found_saddles": [[0.21304624184948112, 0.2915744816755107], [-0.39878677824039577, 0.24741725546235258]], "bias_count": 40, "energy_calls_at_each_min": [1, 684, 4626], "force_calls_at_each_min": [1, 684, 4626], "min_height_scale": 1.5, "max_height_scale": 3.0, "min_cov_scale": 2.5, "max_cov_scale": 2.5, "pert_type": "adaptive"}