{"run_id": 4069, "bias_std_dev_scale": 0.170998, "bias_height_fraction": 0.119897, "perturbation_size": 0.005, "optimizer": "FIRE", "found_minima": [[0.6234994049, 0.02803775853], [-0.05026511831640107, 0.46674040447766657], [-0.5582236182397622, 1.4417258582856989]], "found_saddles": [[0.12784785329584852, 0.16238978880550814], [1.0295318664707767, 0.06952423366808302]], "bias_count": 46, "energy_calls_at_each_min": [1, 967, 5484], "force_calls_at_each_min": [1, 967, 5484], "min_height_scale": 3.0, "max_height_scale": 3.0, "min_cov_scale": 1.5, "max_cov_scale": 2.5, "pert_type": "adaptive"}