{"run_id": 3484, "bias_std_dev_scale": 0.170998, "bias_height_fraction": 0.119897, "perturbation_size": 0.005, "optimizer": "FIRE", "found_minima": [[0.6234994049, 0.02803775853], [-0.05001119720598372, 0.46669418412790525], [-0.5582236521329912, 1.4417258253480796]], "found_saddles": [[0.16717423279538812, 0.2333367685686941], [0.7347548327461535, 0.2842949434627216]], "bias_count": 117, "energy_calls_at_each_min": [1, 2160, 14382], "force_calls_at_each_min": [1, 2160, 14382], "min_height_scale": 3.0, "max_height_scale": 1.5, "min_cov_scale": 3.0, "max_cov_scale": 2.5, "pert_type": "fixed"}