{"run_id": 2056, "bias_std_dev_scale": 0.170998, "bias_height_fraction": 0.119897, "perturbation_size": 0.005, "optimizer": "FIRE", "found_minima": [[0.6234994049, 0.02803775853], [-0.05001171995058731, 0.4666942973595602], [-0.5582236442692985, 1.4417258323608835]], "found_saddles": [[0.21051645419049447, 0.29448363302388314], [-0.14031349980989294, 0.0624836963714005]], "bias_count": 115, "energy_calls_at_each_min": [1, 1625, 14099], "force_calls_at_each_min": [1, 1625, 14099], "min_height_scale": 1.5, "max_height_scale": 1.5, "min_cov_scale": 2.0, "max_cov_scale": 1.5, "pert_type": "fixed"}