{"run_id": 4210, "bias_std_dev_scale": 0.170998, "bias_height_fraction": 0.119897, "perturbation_size": 0.005, "optimizer": "FIRE", "found_minima": [[0.6234994049, 0.02803775853], [-0.05001120145155389, 0.46669418823063213], [-0.5582236528948455, 1.4417258232684513]], "found_saddles": [[0.23326450770146454, 0.3159980560476464], [-0.861010798025121, 0.4486045084091691]], "bias_count": 31, "energy_calls_at_each_min": [1, 948, 3569], "force_calls_at_each_min": [1, 948, 3569], "min_height_scale": 1.5, "max_height_scale": 3.0, "min_cov_scale": 2.5, "max_cov_scale": 2.0, "pert_type": "fixed"}