{"run_id": 2118, "bias_std_dev_scale": 0.170998, "bias_height_fraction": 0.119897, "perturbation_size": 0.005, "optimizer": "FIRE", "found_minima": [[0.6234994049, 0.02803775853], [-0.05162404278091275, 0.4675040789484809], [-0.5582236166876369, 1.4417258587734503]], "found_saddles": [[0.2455192006046801, 0.311104090379624], [-0.8787128579822434, 0.5132163878783332]], "bias_count": 19, "energy_calls_at_each_min": [1, 1282, 2128], "force_calls_at_each_min": [1, 1282, 2128], "min_height_scale": 1.5, "max_height_scale": 2.5, "min_cov_scale": 1.5, "max_cov_scale": 3.0, "pert_type": "fixed"}