{"run_id": 2300, "bias_std_dev_scale": 0.170998, "bias_height_fraction": 0.119897, "perturbation_size": 0.005, "optimizer": "FIRE", "found_minima": [[0.6234994049, 0.02803775853], [-0.05485753728963552, 0.4674282659354122], [-0.5582236424222545, 1.4417258336789915]], "found_saddles": [[0.05278950598581293, 0.17208201034768653], [-0.918316274088225, 0.5674290664806824]], "bias_count": 40, "energy_calls_at_each_min": [1, 1142, 4843], "force_calls_at_each_min": [1, 1142, 4843], "min_height_scale": 2.0, "max_height_scale": 3.0, "min_cov_scale": 3.0, "max_cov_scale": 2.5, "pert_type": "fixed"}