{"run_id": 3743, "bias_std_dev_scale": 0.170998, "bias_height_fraction": 0.119897, "perturbation_size": 0.005, "optimizer": "FIRE", "found_minima": [[0.6234994049, 0.02803775853], [-0.05001995830865143, 0.4666959711916914], [-0.5582236465645799, 1.4417258300105995]], "found_saddles": [[0.2164725604109579, 0.2845649116485246], [-0.8237478079164251, 0.6146643777497602]], "bias_count": 88, "energy_calls_at_each_min": [1, 1545, 10978], "force_calls_at_each_min": [1, 1545, 10978], "min_height_scale": 2.0, "max_height_scale": 1.5, "min_cov_scale": 3.0, "max_cov_scale": 3.0, "pert_type": "adaptive"}