{"run_id": 1851, "bias_std_dev_scale": 0.170998, "bias_height_fraction": 0.119897, "perturbation_size": 0.005, "optimizer": "FIRE", "found_minima": [[0.6234994049, 0.02803775853], [-0.05030962624055078, 0.4667588151871149], [-0.558223657487061, 1.4417258190311024]], "found_saddles": [[0.2419994395176144, 0.29687865731126817], [-0.6186825274915769, 0.7132738624947584]], "bias_count": 73, "energy_calls_at_each_min": [1, 1630, 8844], "force_calls_at_each_min": [1, 1630, 8844], "min_height_scale": 2.5, "max_height_scale": 2.0, "min_cov_scale": 3.0, "max_cov_scale": 2.0, "pert_type": "adaptive"}