{"run_id": 3451, "bias_std_dev_scale": 0.170998, "bias_height_fraction": 0.119897, "perturbation_size": 0.005, "optimizer": "FIRE", "found_minima": [[0.6234994049, 0.02803775853], [-0.05034546065103545, 0.46676384477496413], [-0.5582236481464288, 1.4417258286650552]], "found_saddles": [[0.27128463155202837, 0.38688904220591774], [-0.7731534797571635, 0.729355595464529]], "bias_count": 57, "energy_calls_at_each_min": [1, 1314, 6863], "force_calls_at_each_min": [1, 1314, 6863], "min_height_scale": 2.5, "max_height_scale": 3.0, "min_cov_scale": 3.0, "max_cov_scale": 2.0, "pert_type": "adaptive"}