{"run_id": 2133, "bias_std_dev_scale": 0.170998, "bias_height_fraction": 0.119897, "perturbation_size": 0.005, "optimizer": "FIRE", "found_minima": [[0.6234994049, 0.02803775853], [-0.05143835659011086, 0.46696267494458765], [-0.558223616508197, 1.4417258606283876]], "found_saddles": [[0.35545058613799474, 0.3005699802654379], [-0.4539730912689347, 0.25307276720808286]], "bias_count": 67, "energy_calls_at_each_min": [1, 611, 8218], "force_calls_at_each_min": [1, 611, 8218], "min_height_scale": 1.5, "max_height_scale": 2.5, "min_cov_scale": 2.5, "max_cov_scale": 2.5, "pert_type": "adaptive"}