{"run_id": 3378, "bias_std_dev_scale": 0.170998, "bias_height_fraction": 0.119897, "perturbation_size": 0.005, "optimizer": "FIRE", "found_minima": [[0.6234994049, 0.02803775853], [-0.05001120237680733, 0.4666941938332211], [-0.558223615462626, 1.4417258618836986]], "found_saddles": [[0.11863995508602602, 0.1888496984422707], [-0.1517474420253065, 0.04861068963766518]], "bias_count": 80, "energy_calls_at_each_min": [1, 1625, 10168], "force_calls_at_each_min": [1, 1625, 10168], "min_height_scale": 2.5, "max_height_scale": 2.0, "min_cov_scale": 2.5, "max_cov_scale": 2.0, "pert_type": "fixed"}