{"run_id": 2393, "bias_std_dev_scale": 0.170998, "bias_height_fraction": 0.119897, "perturbation_size": 0.005, "optimizer": "FIRE", "found_minima": [[0.6234994049, 0.02803775853], [-0.05001678979214394, 0.4666951619826652], [-0.5582236106278555, 1.4417258658368162]], "found_saddles": [[0.2983904487316361, 0.3093425511547393], [-0.18982479740258737, 0.11263844192025607]], "bias_count": 63, "energy_calls_at_each_min": [1, 1409, 7462], "force_calls_at_each_min": [1, 1409, 7462], "min_height_scale": 2.5, "max_height_scale": 2.5, "min_cov_scale": 3.0, "max_cov_scale": 1.5, "pert_type": "adaptive"}