{"run_id": 3296, "bias_std_dev_scale": 0.170998, "bias_height_fraction": 0.119897, "perturbation_size": 0.005, "optimizer": "FIRE", "found_minima": [[0.6234994049, 0.02803775853], [-0.05011983405638213, 0.46671866034047244], [-0.5582236217616797, 1.4417258526899976]], "found_saddles": [[0.09442096777766075, 0.1499986025762471], [-0.6200787505376746, 0.7589936073340176]], "bias_count": 55, "energy_calls_at_each_min": [1, 1851, 6627], "force_calls_at_each_min": [1, 1851, 6627], "min_height_scale": 2.0, "max_height_scale": 3.0, "min_cov_scale": 1.5, "max_cov_scale": 1.5, "pert_type": "fixed"}