{"run_id": 901, "bias_std_dev_scale": 0.170998, "bias_height_fraction": 0.119897, "perturbation_size": 0.005, "optimizer": "FIRE", "found_minima": [[0.6234994049, 0.02803775853], [-0.05005988495029218, 0.4667051208229864], [-0.5582236248777753, 1.441725849723843]], "found_saddles": [[0.18332806148619873, 0.26303242736861193], [-0.8322669301905684, 0.6266307379468095]], "bias_count": 44, "energy_calls_at_each_min": [1, 1511, 5303], "force_calls_at_each_min": [1, 1511, 5303], "min_height_scale": 3.0, "max_height_scale": 1.5, "min_cov_scale": 1.5, "max_cov_scale": 2.5, "pert_type": "adaptive"}