{"run_id": 3151, "bias_std_dev_scale": 0.170998, "bias_height_fraction": 0.119897, "perturbation_size": 0.005, "optimizer": "FIRE", "found_minima": [[0.6234994049, 0.02803775853], [-0.053717532300540376, 0.46757307214674554], [-0.5582236465805769, 1.4417258301445215]], "found_saddles": [[0.3063944529980132, 0.35519455516699955], [0.09188108768720532, -0.16155461584572872]], "bias_count": 75, "energy_calls_at_each_min": [1, 661, 9231], "force_calls_at_each_min": [1, 661, 9231], "min_height_scale": 1.5, "max_height_scale": 2.5, "min_cov_scale": 2.0, "max_cov_scale": 3.0, "pert_type": "adaptive"}