{"run_id": 4266, "bias_std_dev_scale": 0.170998, "bias_height_fraction": 0.119897, "perturbation_size": 0.005, "optimizer": "FIRE", "found_minima": [[0.6234994049, 0.02803775853], [-0.05006515935638538, 0.4667092384309289], [-0.5582236502846191, 1.4417258271924192]], "found_saddles": [[0.13152603613303665, 0.2487912190340375], [-0.7571106996432779, 0.42176264368209326]], "bias_count": 38, "energy_calls_at_each_min": [1, 1468, 4678], "force_calls_at_each_min": [1, 1468, 4678], "min_height_scale": 2.0, "max_height_scale": 2.0, "min_cov_scale": 2.0, "max_cov_scale": 2.0, "pert_type": "fixed"}