{"run_id": 1490, "bias_std_dev_scale": 0.170998, "bias_height_fraction": 0.119897, "perturbation_size": 0.005, "optimizer": "FIRE", "found_minima": [[0.6234994049, 0.02803775853], [-0.050166769500981166, 0.46671658852971337], [-0.5582236547209628, 1.4417258214150162]], "found_saddles": [[0.9954434621652487, -0.04129847298064257], [-0.06048721802142758, -0.08865765326620209]], "bias_count": 67, "energy_calls_at_each_min": [1, 3098, 8257], "force_calls_at_each_min": [1, 3098, 8257], "min_height_scale": 3.0, "max_height_scale": 2.5, "min_cov_scale": 2.5, "max_cov_scale": 2.0, "pert_type": "fixed"}