{"run_id": 2624, "bias_std_dev_scale": 0.170998, "bias_height_fraction": 0.119897, "perturbation_size": 0.005, "optimizer": "FIRE", "found_minima": [[0.6234994049, 0.02803775853], [-0.05004189356717481, 0.46670077064435356], [-0.5582236482164262, 1.4417258283755]], "found_saddles": [[0.2998036051975825, 0.30096056324292325], [-0.8430206221088804, 0.5566807420137556]], "bias_count": 29, "energy_calls_at_each_min": [1, 1850, 3257], "force_calls_at_each_min": [1, 1850, 3257], "min_height_scale": 1.5, "max_height_scale": 2.5, "min_cov_scale": 1.5, "max_cov_scale": 1.5, "pert_type": "fixed"}