{"run_id": 4461, "bias_std_dev_scale": 0.170998, "bias_height_fraction": 0.119897, "perturbation_size": 0.005, "optimizer": "FIRE", "found_minima": [[0.6234994049, 0.02803775853], [-0.05045909549042761, 0.4667814749107409], [-0.5582236230983854, 1.4417258529534471]], "found_saddles": [[0.20889419909493445, 0.3155039494746715], [-0.8185723371867665, 0.6347187766642399]], "bias_count": 42, "energy_calls_at_each_min": [1, 1426, 4965], "force_calls_at_each_min": [1, 1426, 4965], "min_height_scale": 2.5, "max_height_scale": 3.0, "min_cov_scale": 2.0, "max_cov_scale": 2.5, "pert_type": "adaptive"}