{"run_id": 1708, "bias_std_dev_scale": 0.170998, "bias_height_fraction": 0.119897, "perturbation_size": 0.005, "optimizer": "FIRE", "found_minima": [[0.6234994049, 0.02803775853], [-0.050501321953571765, 0.46682643730146633], [-0.5582236455972194, 1.441725832795498]], "found_saddles": [[0.15202477553944174, 0.20012123953205685], [-0.8295636639502417, 0.5671584699806801]], "bias_count": 61, "energy_calls_at_each_min": [1, 1770, 7621], "force_calls_at_each_min": [1, 1770, 7621], "min_height_scale": 2.0, "max_height_scale": 2.0, "min_cov_scale": 2.0, "max_cov_scale": 2.5, "pert_type": "fixed"}