{"run_id": 3921, "bias_std_dev_scale": 0.170998, "bias_height_fraction": 0.119897, "perturbation_size": 0.005, "optimizer": "FIRE", "found_minima": [[0.6234994049, 0.02803775853], [-0.05001103482347295, 0.46669417688564185], [-0.5582236357525463, 1.4417258441598355]], "found_saddles": [[0.1017855196623411, 0.21685027235002527], [-0.2845148699552967, 0.14562994091381232]], "bias_count": 93, "energy_calls_at_each_min": [1, 1240, 11300], "force_calls_at_each_min": [1, 1240, 11300], "min_height_scale": 2.5, "max_height_scale": 2.5, "min_cov_scale": 2.5, "max_cov_scale": 1.5, "pert_type": "adaptive"}