{"run_id": 5089, "bias_std_dev_scale": 0.170998, "bias_height_fraction": 0.119897, "perturbation_size": 0.005, "optimizer": "FIRE", "found_minima": [[0.6234994049, 0.02803775853], [-0.050480951643891644, 0.46681108201927984], [-0.5582236437884004, 1.44172583256505]], "found_saddles": [[0.06976188210033954, 0.07549765882746481], [-0.15199908087391206, 0.028431382527932657]], "bias_count": 67, "energy_calls_at_each_min": [1, 1457, 7893], "force_calls_at_each_min": [1, 1457, 7893], "min_height_scale": 3.0, "max_height_scale": 3.0, "min_cov_scale": 1.5, "max_cov_scale": 1.5, "pert_type": "adaptive"}