{"run_id": 1145, "bias_std_dev_scale": 0.170998, "bias_height_fraction": 0.119897, "perturbation_size": 0.005, "optimizer": "FIRE", "found_minima": [[0.6234994049, 0.02803775853], [-0.05001218157467438, 0.46669435975013923], [-0.5582236203575167, 1.4417258562598847]], "found_saddles": [[0.9428721723148306, 0.04265693942006634], [-0.1508058802173805, 0.07577627217697398]], "bias_count": 65, "energy_calls_at_each_min": [1, 1485, 7903], "force_calls_at_each_min": [1, 1485, 7903], "min_height_scale": 1.5, "max_height_scale": 3.0, "min_cov_scale": 3.0, "max_cov_scale": 1.5, "pert_type": "adaptive"}