{"run_id": 654, "bias_std_dev_scale": 0.170998, "bias_height_fraction": 0.119897, "perturbation_size": 0.005, "optimizer": "FIRE", "found_minima": [[0.6234994049, 0.02803775853], [-0.05260334992688988, 0.4674066818593771], [-0.5582236522258265, 1.441725824434191]], "found_saddles": [[0.24707353042256902, 0.3147253704210199], [-0.8593918972424306, 0.5854391445803144]], "bias_count": 53, "energy_calls_at_each_min": [1, 1722, 6539], "force_calls_at_each_min": [1, 1722, 6539], "min_height_scale": 2.0, "max_height_scale": 1.5, "min_cov_scale": 2.0, "max_cov_scale": 3.0, "pert_type": "fixed"}