{"run_id": 1094, "bias_std_dev_scale": 0.170998, "bias_height_fraction": 0.119897, "perturbation_size": 0.005, "optimizer": "FIRE", "found_minima": [[0.6234994049, 0.02803775853], [-0.051098368517919816, 0.46690656782024215], [-0.5582236517012329, 1.4417258234091967]], "found_saddles": [[0.11769786768063378, 0.09823803066164409], [-0.8250967919613197, 0.6262118640854851]], "bias_count": 46, "energy_calls_at_each_min": [1, 1202, 5619], "force_calls_at_each_min": [1, 1202, 5619], "min_height_scale": 1.5, "max_height_scale": 2.5, "min_cov_scale": 1.5, "max_cov_scale": 3.0, "pert_type": "fixed"}