{"run_id": 1012, "bias_std_dev_scale": 0.170998, "bias_height_fraction": 0.119897, "perturbation_size": 0.005, "optimizer": "FIRE", "found_minima": [[0.6234994049, 0.02803775853], [-0.05026777247422098, 0.46673322928314664], [-0.5582236529442042, 1.4417258237343349]], "found_saddles": [[0.86582961733668, 0.1538241732402698], [-0.1986395734008663, 0.7882869005098053]], "bias_count": 78, "energy_calls_at_each_min": [1, 1746, 9822], "force_calls_at_each_min": [1, 1746, 9822], "min_height_scale": 3.0, "max_height_scale": 3.0, "min_cov_scale": 2.5, "max_cov_scale": 2.5, "pert_type": "fixed"}