{"run_id": 3700, "bias_std_dev_scale": 0.170998, "bias_height_fraction": 0.119897, "perturbation_size": 0.005, "optimizer": "FIRE", "found_minima": [[0.6234994049, 0.02803775853], [-0.05001141358013535, 0.4666942430194618], [-0.5582236479218124, 1.4417258284773753]], "found_saddles": [[0.26031230299192454, 0.3025520264206761], [-0.751548884418867, 0.42653460708625934]], "bias_count": 45, "energy_calls_at_each_min": [1, 487, 5592], "force_calls_at_each_min": [1, 487, 5592], "min_height_scale": 1.5, "max_height_scale": 3.0, "min_cov_scale": 2.5, "max_cov_scale": 2.5, "pert_type": "fixed"}