{"run_id": 1059, "bias_std_dev_scale": 0.170998, "bias_height_fraction": 0.119897, "perturbation_size": 0.005, "optimizer": "FIRE", "found_minima": [[0.6234994049, 0.02803775853], [-0.050018866135363035, 0.46669590563076685], [-0.5582236186358428, 1.4417258569830607]], "found_saddles": [[0.12835412355018763, 0.11888933677576694], [-0.8108617103926613, 0.6616546715018945]], "bias_count": 49, "energy_calls_at_each_min": [1, 1501, 5299], "force_calls_at_each_min": [1, 1501, 5299], "min_height_scale": 1.5, "max_height_scale": 2.0, "min_cov_scale": 1.5, "max_cov_scale": 2.0, "pert_type": "adaptive"}