{"run_id": 2796, "bias_std_dev_scale": 0.170998, "bias_height_fraction": 0.119897, "perturbation_size": 0.005, "optimizer": "FIRE", "found_minima": [[0.6234994049, 0.02803775853], [-0.05024706968883739, 0.4667620701144844], [-0.5582236141773927, 1.441725862259309]], "found_saddles": [[0.22151392467932304, 0.30584826729132186], [-0.27948597103080497, 0.07922511925313494]], "bias_count": 63, "energy_calls_at_each_min": [1, 464, 7817], "force_calls_at_each_min": [1, 464, 7817], "min_height_scale": 2.0, "max_height_scale": 3.0, "min_cov_scale": 2.0, "max_cov_scale": 2.5, "pert_type": "fixed"}