{"run_id": 1102, "bias_std_dev_scale": 0.170998, "bias_height_fraction": 0.119897, "perturbation_size": 0.005, "optimizer": "FIRE", "found_minima": [[0.6234994049, 0.02803775853], [-0.05422012570401943, 0.4675838959637483], [-0.5582236517383833, 1.4417258249380853]], "found_saddles": [[0.1142169524053788, 0.2005877265055056], [-0.2533616836098504, 0.09221196088539918]], "bias_count": 63, "energy_calls_at_each_min": [1, 1621, 7883], "force_calls_at_each_min": [1, 1621, 7883], "min_height_scale": 1.5, "max_height_scale": 2.5, "min_cov_scale": 2.0, "max_cov_scale": 3.0, "pert_type": "fixed"}