{"run_id": 3156, "bias_std_dev_scale": 0.170998, "bias_height_fraction": 0.119897, "perturbation_size": 0.005, "optimizer": "FIRE", "found_minima": [[0.6234994049, 0.02803775853], [-0.050015924048380685, 0.46669585952895126], [-0.5582236507580808, 1.4417258248479137]], "found_saddles": [[0.3198082791429637, 0.2819041057991236], [-0.33228954356074164, 0.7406444132421744]], "bias_count": 63, "energy_calls_at_each_min": [1, 1395, 7679], "force_calls_at_each_min": [1, 1395, 7679], "min_height_scale": 1.5, "max_height_scale": 2.5, "min_cov_scale": 2.5, "max_cov_scale": 2.5, "pert_type": "fixed"}