{"run_id": 57, "bias_std_dev_scale": 0.170998, "bias_height_fraction": 0.119897, "perturbation_size": 0.005, "optimizer": "FIRE", "found_minima": [[0.6234994049, 0.02803775853], [-0.05001091061738294, 0.46669412377195824], [-0.5582236300269577, 1.4417258497542276]], "found_saddles": [[0.9415746310321937, 0.06503051836805802], [-0.46831763260512904, 0.2364660898597338]], "bias_count": 133, "energy_calls_at_each_min": [1, 3229, 16332], "force_calls_at_each_min": [1, 3229, 16332], "min_height_scale": 1.5, "max_height_scale": 2.0, "min_cov_scale": 3.0, "max_cov_scale": 1.5, "pert_type": "adaptive"}