{"run_id": 2344, "bias_std_dev_scale": 0.170998, "bias_height_fraction": 0.119897, "perturbation_size": 0.005, "optimizer": "FIRE", "found_minima": [[0.6234994049, 0.02803775853], [-0.050264790025371396, 0.4667562206885374], [-0.5582236448643187, 1.4417258292817292]], "found_saddles": [[0.1985599292792632, 0.2675522617222477], [-0.7549699552420084, 0.44246807481376826]], "bias_count": 72, "energy_calls_at_each_min": [1, 2391, 8660], "force_calls_at_each_min": [1, 2391, 8660], "min_height_scale": 2.5, "max_height_scale": 2.0, "min_cov_scale": 2.0, "max_cov_scale": 1.5, "pert_type": "fixed"}