{"run_id": 555, "bias_std_dev_scale": 0.170998, "bias_height_fraction": 0.119897, "perturbation_size": 0.005, "optimizer": "FIRE", "found_minima": [[0.6234994049, 0.02803775853], [-0.05042644481720537, 0.4667797214190346], [-0.5582236475613835, 1.4417258291550086]], "found_saddles": [[0.08596619661372404, 0.1833052449016406], [-0.8175371595705363, 0.6298271116072631]], "bias_count": 66, "energy_calls_at_each_min": [1, 1839, 8180], "force_calls_at_each_min": [1, 1839, 8180], "min_height_scale": 1.5, "max_height_scale": 2.0, "min_cov_scale": 2.0, "max_cov_scale": 2.0, "pert_type": "adaptive"}