{"run_id": 3001, "bias_std_dev_scale": 0.170998, "bias_height_fraction": 0.119897, "perturbation_size": 0.005, "optimizer": "FIRE", "found_minima": [[0.6234994049, 0.02803775853], [-0.05001377265357554, 0.46669520832136085], [-0.5582236508337614, 1.4417258243445]], "found_saddles": [[0.2140707985729569, 0.28333518766188825], [-0.8380086001226282, 0.6073386969503803]], "bias_count": 72, "energy_calls_at_each_min": [1, 1569, 8837], "force_calls_at_each_min": [1, 1569, 8837], "min_height_scale": 3.0, "max_height_scale": 2.0, "min_cov_scale": 3.0, "max_cov_scale": 1.5, "pert_type": "adaptive"}