{"run_id": 3543, "bias_std_dev_scale": 0.170998, "bias_height_fraction": 0.119897, "perturbation_size": 0.005, "optimizer": "FIRE", "found_minima": [[0.6234994049, 0.02803775853], [-0.5582236527813716, 1.4417258226788234]], "found_saddles": [[-0.8472344651986734, 0.5805933338049637]], "bias_count": 5000, "energy_calls_at_each_min": [1, 6718], "force_calls_at_each_min": [1, 6718], "min_height_scale": 3.0, "max_height_scale": 2.5, "min_cov_scale": 2.5, "max_cov_scale": 3.0, "pert_type": "adaptive"}