{"run_id": 663, "bias_std_dev_scale": 0.170998, "bias_height_fraction": 0.119897, "perturbation_size": 0.005, "optimizer": "FIRE", "found_minima": [[0.6234994049, 0.02803775853], [-0.050018544177620666, 0.4666956332437175], [-0.5582236258906597, 1.4417258515278346]], "found_saddles": [[0.2664898551563556, 0.3019933258447512], [-0.8330904554100239, 0.6155708140558868]], "bias_count": 72, "energy_calls_at_each_min": [1, 1088, 8918], "force_calls_at_each_min": [1, 1088, 8918], "min_height_scale": 2.0, "max_height_scale": 1.5, "min_cov_scale": 2.5, "max_cov_scale": 3.0, "pert_type": "adaptive"}