{"run_id": 299, "bias_std_dev_scale": 0.170998, "bias_height_fraction": 0.119897, "perturbation_size": 0.005, "optimizer": "FIRE", "found_minima": [[0.6234994049, 0.02803775853], [-0.5582236537978971, 1.4417258219238585]], "found_saddles": [[-0.8120317117270768, 0.6771827751802105]], "bias_count": 5000, "energy_calls_at_each_min": [1, 5065], "force_calls_at_each_min": [1, 5065], "min_height_scale": 2.5, "max_height_scale": 2.0, "min_cov_scale": 2.0, "max_cov_scale": 2.0, "pert_type": "adaptive"}