{"run_id": 3223, "bias_std_dev_scale": 0.170998, "bias_height_fraction": 0.119897, "perturbation_size": 0.005, "optimizer": "FIRE", "found_minima": [[0.6234994049, 0.02803775853], [-0.05100257265599047, 0.46695388130975474], [-0.5582236364486853, 1.441725837078741]], "found_saddles": [[0.2560583609107423, 0.288482359132091], [-0.7803312490636075, 0.6326944294139831]], "bias_count": 65, "energy_calls_at_each_min": [1, 1797, 7688], "force_calls_at_each_min": [1, 1797, 7688], "min_height_scale": 2.0, "max_height_scale": 1.5, "min_cov_scale": 2.5, "max_cov_scale": 3.0, "pert_type": "adaptive"}