{"run_id": 235, "bias_std_dev_scale": 0.170998, "bias_height_fraction": 0.119897, "perturbation_size": 0.005, "optimizer": "FIRE", "found_minima": [[0.6234994049, 0.02803775853], [-0.050019170585515325, 0.4666956263485479], [-0.5582236423580266, 1.4417258341552783]], "found_saddles": [[0.3054993287470066, 0.2989240354869643], [-0.8096506625262015, 0.6126636830598037]], "bias_count": 32, "energy_calls_at_each_min": [1, 1608, 3703], "force_calls_at_each_min": [1, 1608, 3703], "min_height_scale": 2.0, "max_height_scale": 3.0, "min_cov_scale": 2.0, "max_cov_scale": 2.0, "pert_type": "adaptive"}