{"run_id": 402, "bias_std_dev_scale": 0.170998, "bias_height_fraction": 0.119897, "perturbation_size": 0.005, "optimizer": "FIRE", "found_minima": [[0.6234994049, 0.02803775853], [-0.05006943727656713, 0.4667135968144096], [-0.5582236510361257, 1.441725826375874]], "found_saddles": [[0.15810783088052544, 0.2592476707005631], [-0.8264171553884244, 0.5728277426198469]], "bias_count": 95, "energy_calls_at_each_min": [1, 2806, 11720], "force_calls_at_each_min": [1, 2806, 11720], "min_height_scale": 3.0, "max_height_scale": 1.5, "min_cov_scale": 2.5, "max_cov_scale": 2.0, "pert_type": "fixed"}