{"run_id": 2939, "bias_std_dev_scale": 0.170998, "bias_height_fraction": 0.119897, "perturbation_size": 0.005, "optimizer": "FIRE", "found_minima": [[0.6234994049, 0.02803775853], [-0.050010868934562205, 0.4666941092323394], [-0.5582236484949982, 1.4417258283746435]], "found_saddles": [[0.11627230061084715, 0.14738869801937898], [-0.9047015788377413, 0.4343281107439568]], "bias_count": 74, "energy_calls_at_each_min": [1, 1086, 9215], "force_calls_at_each_min": [1, 1086, 9215], "min_height_scale": 2.5, "max_height_scale": 3.0, "min_cov_scale": 3.0, "max_cov_scale": 2.0, "pert_type": "adaptive"}