{"run_id": 96, "bias_std_dev_scale": 0.170998, "bias_height_fraction": 0.119897, "perturbation_size": 0.005, "optimizer": "FIRE", "found_minima": [[0.6234994049, 0.02803775853], [-0.05010308777453457, 0.46671314150443005], [-0.5582236205449997, 1.4417258546137461]], "found_saddles": [[0.09378789424894605, 0.17011790555655046], [-0.8723473737039462, 0.517805166832838]], "bias_count": 13, "energy_calls_at_each_min": [1, 634, 1430], "force_calls_at_each_min": [1, 634, 1430], "min_height_scale": 1.5, "max_height_scale": 3.0, "min_cov_scale": 1.5, "max_cov_scale": 1.5, "pert_type": "fixed"}