{"run_id": 668, "bias_std_dev_scale": 0.170998, "bias_height_fraction": 0.119897, "perturbation_size": 0.005, "optimizer": "FIRE", "found_minima": [[0.6234994049, 0.02803775853], [-0.0500147810636459, 0.4666949949768358], [-0.5582236482754366, 1.4417258265933752]], "found_saddles": [[0.21005889291909194, 0.30197489692196144], [-0.6356402090043315, 0.7076825548043079]], "bias_count": 101, "energy_calls_at_each_min": [1, 2447, 12901], "force_calls_at_each_min": [1, 2447, 12901], "min_height_scale": 2.0, "max_height_scale": 1.5, "min_cov_scale": 3.0, "max_cov_scale": 2.5, "pert_type": "fixed"}