{"run_id": 3445, "bias_std_dev_scale": 0.170998, "bias_height_fraction": 0.119897, "perturbation_size": 0.005, "optimizer": "FIRE", "found_minima": [[0.6234994049, 0.02803775853], [-0.05001398864172483, 0.46669471327998857], [-0.5582236353427401, 1.4417258385060454]], "found_saddles": [[0.17654445394286522, 0.2938102248985155], [-0.8148706200191231, 0.5073519026829998]], "bias_count": 54, "energy_calls_at_each_min": [1, 942, 6518], "force_calls_at_each_min": [1, 942, 6518], "min_height_scale": 2.5, "max_height_scale": 3.0, "min_cov_scale": 2.5, "max_cov_scale": 2.5, "pert_type": "adaptive"}