{"run_id": 1971, "bias_std_dev_scale": 0.170998, "bias_height_fraction": 0.119897, "perturbation_size": 0.005, "optimizer": "FIRE", "found_minima": [[0.6234994049, 0.02803775853], [-0.051889832253284626, 0.4670329747224834], [-0.5582236183997684, 1.441725857614044]], "found_saddles": [[0.23748890605161757, 0.3265193422619468], [-0.799159888231994, 0.6401387874059987]], "bias_count": 57, "energy_calls_at_each_min": [1, 1394, 6728], "force_calls_at_each_min": [1, 1394, 6728], "min_height_scale": 3.0, "max_height_scale": 2.0, "min_cov_scale": 2.5, "max_cov_scale": 2.0, "pert_type": "adaptive"}