{"run_id": 2873, "bias_std_dev_scale": 0.170998, "bias_height_fraction": 0.119897, "perturbation_size": 0.005, "optimizer": "FIRE", "found_minima": [[0.6234994049, 0.02803775853], [-0.050021066596877675, 0.46669710631797295], [-0.5582236245580868, 1.441725852992025]], "found_saddles": [[0.27856030210955435, 0.30961055319454156], [-0.914981875575667, 0.5694818004294397]], "bias_count": 71, "energy_calls_at_each_min": [1, 1624, 8244], "force_calls_at_each_min": [1, 1624, 8244], "min_height_scale": 2.5, "max_height_scale": 2.0, "min_cov_scale": 3.0, "max_cov_scale": 1.5, "pert_type": "adaptive"}