{"run_id": 3183, "bias_std_dev_scale": 0.170998, "bias_height_fraction": 0.119897, "perturbation_size": 0.005, "optimizer": "FIRE", "found_minima": [[0.6234994049, 0.02803775853], [-0.05043140480073456, 0.4667801585634283], [-0.5582236493964294, 1.4417258278810938]], "found_saddles": [[0.2693568981713616, 0.3250401311534278], [-0.16311596530612782, -0.06921334054999422]], "bias_count": 49, "energy_calls_at_each_min": [1, 886, 5984], "force_calls_at_each_min": [1, 886, 5984], "min_height_scale": 1.5, "max_height_scale": 3.0, "min_cov_scale": 2.0, "max_cov_scale": 3.0, "pert_type": "adaptive"}