{"run_id": 1647, "bias_std_dev_scale": 0.170998, "bias_height_fraction": 0.119897, "perturbation_size": 0.005, "optimizer": "FIRE", "found_minima": [[0.6234994049, 0.02803775853], [-0.05041600912243963, 0.4668149179752436], [-0.5582236497090808, 1.4417258267937327]], "found_saddles": [[0.1975772069066136, 0.2859642176948005], [-0.8153914278906851, 0.6561095556861535]], "bias_count": 21, "energy_calls_at_each_min": [1, 845, 2371], "force_calls_at_each_min": [1, 845, 2371], "min_height_scale": 1.5, "max_height_scale": 3.0, "min_cov_scale": 2.0, "max_cov_scale": 3.0, "pert_type": "adaptive"}