{"run_id": 4588, "bias_std_dev_scale": 0.170998, "bias_height_fraction": 0.119897, "perturbation_size": 0.005, "optimizer": "FIRE", "found_minima": [[0.6234994049, 0.02803775853], [-0.0500838623794034, 0.46671325185490214], [-0.558223629729585, 1.4417258451387653]], "found_saddles": [[0.20256666390855907, 0.28169942750854104], [0.26350440988939516, 0.6880222131752853]], "bias_count": 60, "energy_calls_at_each_min": [1, 1029, 7378], "force_calls_at_each_min": [1, 1029, 7378], "min_height_scale": 3.0, "max_height_scale": 3.0, "min_cov_scale": 2.0, "max_cov_scale": 2.5, "pert_type": "fixed"}