{"run_id": 2688, "bias_std_dev_scale": 0.170998, "bias_height_fraction": 0.119897, "perturbation_size": 0.005, "optimizer": "FIRE", "found_minima": [[0.6234994049, 0.02803775853], [-0.05002958118680297, 0.46669853050050447], [-0.5582236490037301, 1.441725826770277]], "found_saddles": [[0.17106148094889168, 0.29396722280052523], [0.5707762085856526, 0.39368013527916457]], "bias_count": 124, "energy_calls_at_each_min": [1, 1787, 15116], "force_calls_at_each_min": [1, 1787, 15116], "min_height_scale": 2.0, "max_height_scale": 1.5, "min_cov_scale": 1.5, "max_cov_scale": 1.5, "pert_type": "fixed"}