{"run_id": 2441, "bias_std_dev_scale": 0.170998, "bias_height_fraction": 0.119897, "perturbation_size": 0.005, "optimizer": "FIRE", "found_minima": [[0.6234994049, 0.02803775853], [-0.05004939414768532, 0.46670672807312863], [-0.5582236178388759, 1.441725857859643]], "found_saddles": [[0.2131706545533517, 0.2693428434696935], [-0.8467100886864691, 0.5895135675935842]], "bias_count": 92, "energy_calls_at_each_min": [1, 1409, 10742], "force_calls_at_each_min": [1, 1409, 10742], "min_height_scale": 3.0, "max_height_scale": 1.5, "min_cov_scale": 2.0, "max_cov_scale": 1.5, "pert_type": "adaptive"}