{"run_id": 3559, "bias_std_dev_scale": 0.170998, "bias_height_fraction": 0.119897, "perturbation_size": 0.005, "optimizer": "FIRE", "found_minima": [[0.6234994049, 0.02803775853], [-0.050451101820586555, 0.4667988058774699], [-0.5582236549870775, 1.4417258220612286]], "found_saddles": [[0.2408938055932648, 0.3061859021917233], [-0.7681422573698575, 0.6749936789508441]], "bias_count": 32, "energy_calls_at_each_min": [1, 666, 3676], "force_calls_at_each_min": [1, 666, 3676], "min_height_scale": 3.0, "max_height_scale": 3.0, "min_cov_scale": 1.5, "max_cov_scale": 3.0, "pert_type": "adaptive"}