{"run_id": 2485, "bias_std_dev_scale": 0.170998, "bias_height_fraction": 0.119897, "perturbation_size": 0.005, "optimizer": "FIRE", "found_minima": [[0.6234994049, 0.02803775853], [-0.05001162175063187, 0.4666944499146175], [-0.5582236503635607, 1.441725826137035]], "found_saddles": [[0.1345097912693605, 0.25013922888771883], [-0.9128644246071754, 0.5604340600689912]], "bias_count": 78, "energy_calls_at_each_min": [1, 1208, 9445], "force_calls_at_each_min": [1, 1208, 9445], "min_height_scale": 3.0, "max_height_scale": 2.0, "min_cov_scale": 2.5, "max_cov_scale": 2.5, "pert_type": "adaptive"}