{"run_id": 1279, "bias_std_dev_scale": 0.170998, "bias_height_fraction": 0.119897, "perturbation_size": 0.005, "optimizer": "FIRE", "found_minima": [[0.6234994049, 0.02803775853], [-0.051676180743438035, 0.4674822650881122], [-0.5582236518264498, 1.4417258248549785]], "found_saddles": [[0.40219193757159755, 0.3755131178938652], [-0.8568597594865122, 0.597754717201313]], "bias_count": 30, "energy_calls_at_each_min": [1, 1935, 3649], "force_calls_at_each_min": [1, 1935, 3649], "min_height_scale": 2.0, "max_height_scale": 3.0, "min_cov_scale": 3.0, "max_cov_scale": 3.0, "pert_type": "adaptive"}