{"run_id": 1919, "bias_std_dev_scale": 0.170998, "bias_height_fraction": 0.119897, "perturbation_size": 0.005, "optimizer": "FIRE", "found_minima": [[0.6234994049, 0.02803775853], [-0.0500146553977205, 0.46669531821336846], [-0.5582236131803777, 1.4417258628776357]], "found_saddles": [[0.8724325400103692, -0.08058731154979368], [-0.2690045028311472, 0.7495616471989829]], "bias_count": 63, "energy_calls_at_each_min": [1, 1404, 7867], "force_calls_at_each_min": [1, 1404, 7867], "min_height_scale": 2.5, "max_height_scale": 3.0, "min_cov_scale": 3.0, "max_cov_scale": 3.0, "pert_type": "adaptive"}