{"run_id": 3857, "bias_std_dev_scale": 0.170998, "bias_height_fraction": 0.119897, "perturbation_size": 0.005, "optimizer": "FIRE", "found_minima": [[0.6234994049, 0.02803775853], [-0.0500939197958884, 0.4667111450215258], [-0.5582236170851106, 1.4417258597101428]], "found_saddles": [[0.92989009729322, 0.05550027628716746], [-0.7655729970130091, 0.6652835674982067]], "bias_count": 107, "energy_calls_at_each_min": [1, 3265, 12852], "force_calls_at_each_min": [1, 3265, 12852], "min_height_scale": 2.5, "max_height_scale": 1.5, "min_cov_scale": 2.5, "max_cov_scale": 1.5, "pert_type": "adaptive"}