{"run_id": 2979, "bias_std_dev_scale": 0.170998, "bias_height_fraction": 0.119897, "perturbation_size": 0.005, "optimizer": "FIRE", "found_minima": [[0.6234994049, 0.02803775853], [-0.558223622505675, 1.4417258534207131]], "found_saddles": [[-0.8232834610735346, 0.6092814395240547]], "bias_count": 5000, "energy_calls_at_each_min": [1, 6980], "force_calls_at_each_min": [1, 6980], "min_height_scale": 3.0, "max_height_scale": 2.0, "min_cov_scale": 1.5, "max_cov_scale": 2.0, "pert_type": "adaptive"}