{"run_id": 2592, "bias_std_dev_scale": 0.170998, "bias_height_fraction": 0.119897, "perturbation_size": 0.005, "optimizer": "FIRE", "found_minima": [[0.6234994049, 0.02803775853], [-0.05002585986298711, 0.4666980663485411], [-0.558223637257507, 1.441725836920217]], "found_saddles": [[0.22275172428108603, 0.2812052036641941], [-0.8336663665826014, 0.615013584072684]], "bias_count": 35, "energy_calls_at_each_min": [1, 1210, 4030], "force_calls_at_each_min": [1, 1210, 4030], "min_height_scale": 1.5, "max_height_scale": 2.0, "min_cov_scale": 1.5, "max_cov_scale": 1.5, "pert_type": "fixed"}