{"run_id": 1775, "bias_std_dev_scale": 0.170998, "bias_height_fraction": 0.119897, "perturbation_size": 0.005, "optimizer": "FIRE", "found_minima": [[0.6234994049, 0.02803775853], [-0.05001742292711646, 0.4666953994500525], [-0.558223628796121, 1.4417258447065737]], "found_saddles": [[0.2701040341306141, 0.311106614246783], [-0.2720011998591298, 0.08038633864566304]], "bias_count": 61, "energy_calls_at_each_min": [1, 706, 7745], "force_calls_at_each_min": [1, 706, 7745], "min_height_scale": 2.0, "max_height_scale": 3.0, "min_cov_scale": 2.0, "max_cov_scale": 3.0, "pert_type": "adaptive"}