{"run_id": 4762, "bias_std_dev_scale": 0.170998, "bias_height_fraction": 0.119897, "perturbation_size": 0.005, "optimizer": "FIRE", "found_minima": [[0.6234994049, 0.02803775853], [-0.05002860823475092, 0.46669795810231984], [-0.5582236484971811, 1.4417258284748857]], "found_saddles": [[0.16992543211509029, 0.182559252890642], [0.5931886614381241, 0.40734691304433496]], "bias_count": 140, "energy_calls_at_each_min": [1, 2116, 17747], "force_calls_at_each_min": [1, 2116, 17747], "min_height_scale": 2.0, "max_height_scale": 1.5, "min_cov_scale": 3.0, "max_cov_scale": 2.0, "pert_type": "fixed"}