{"run_id": 3878, "bias_std_dev_scale": 0.170998, "bias_height_fraction": 0.119897, "perturbation_size": 0.005, "optimizer": "FIRE", "found_minima": [[0.6234994049, 0.02803775853], [-0.05157725175233167, 0.4670849572506494], [-0.5582236284559273, 1.4417258453110846]], "found_saddles": [[0.3026635654933579, 0.34103985808960796], [-0.8103964010887217, 0.599382751569409]], "bias_count": 47, "energy_calls_at_each_min": [1, 1738, 5516], "force_calls_at_each_min": [1, 1738, 5516], "min_height_scale": 2.5, "max_height_scale": 2.0, "min_cov_scale": 1.5, "max_cov_scale": 3.0, "pert_type": "fixed"}