{"run_id": 821, "bias_std_dev_scale": 0.170998, "bias_height_fraction": 0.119897, "perturbation_size": 0.005, "optimizer": "FIRE", "found_minima": [[0.6234994049, 0.02803775853], [-0.05015491741887737, 0.46672744899592483], [-0.5582236379001733, 1.4417258363454346]], "found_saddles": [[0.15410601280455255, 0.28175708210584516], [0.5619826845100014, 0.5496283259342196]], "bias_count": 122, "energy_calls_at_each_min": [1, 2341, 15118], "force_calls_at_each_min": [1, 2341, 15118], "min_height_scale": 2.5, "max_height_scale": 2.0, "min_cov_scale": 2.5, "max_cov_scale": 2.5, "pert_type": "adaptive"}