{"run_id": 4245, "bias_std_dev_scale": 0.170998, "bias_height_fraction": 0.119897, "perturbation_size": 0.005, "optimizer": "FIRE", "found_minima": [[0.6234994049, 0.02803775853], [-0.05020538613971506, 0.46673729476459996], [-0.5582236290752234, 1.441725845027095]], "found_saddles": [[0.24904518758594782, 0.3281615938628961], [0.5405341383414901, 0.4780257921715008]], "bias_count": 109, "energy_calls_at_each_min": [1, 2490, 13891], "force_calls_at_each_min": [1, 2490, 13891], "min_height_scale": 2.0, "max_height_scale": 1.5, "min_cov_scale": 2.5, "max_cov_scale": 2.5, "pert_type": "adaptive"}