{"run_id": 2005, "bias_std_dev_scale": 0.170998, "bias_height_fraction": 0.119897, "perturbation_size": 0.005, "optimizer": "FIRE", "found_minima": [[0.6234994049, 0.02803775853], [-0.05001726198847541, 0.46669567697809916], [-0.5582236532903783, 1.4417258232994583]], "found_saddles": [[0.13234655444004778, 0.2862331086708922], [0.1040576278927123, 0.7428633896630121]], "bias_count": 90, "energy_calls_at_each_min": [1, 860, 11240], "force_calls_at_each_min": [1, 860, 11240], "min_height_scale": 3.0, "max_height_scale": 2.5, "min_cov_scale": 2.5, "max_cov_scale": 2.5, "pert_type": "adaptive"}