{"run_id": 1316, "bias_std_dev_scale": 0.170998, "bias_height_fraction": 0.119897, "perturbation_size": 0.005, "optimizer": "FIRE", "found_minima": [[0.6234994049, 0.02803775853], [-0.050190238226214136, 0.4667356711432633], [-0.558223651723132, 1.4417258240424338]], "found_saddles": [[0.19408891238157544, 0.286735304055424], [-0.13626753166397218, 0.05352662273908545]], "bias_count": 63, "energy_calls_at_each_min": [1, 1817, 7382], "force_calls_at_each_min": [1, 1817, 7382], "min_height_scale": 2.5, "max_height_scale": 2.0, "min_cov_scale": 1.5, "max_cov_scale": 2.5, "pert_type": "fixed"}