{"run_id": 4538, "bias_std_dev_scale": 0.170998, "bias_height_fraction": 0.119897, "perturbation_size": 0.005, "optimizer": "FIRE", "found_minima": [[0.6234994049, 0.02803775853], [-0.05030181863171881, 0.46679387802138855], [-0.5582236456848212, 1.4417258332543386]], "found_saddles": [[0.09105387402429253, -0.002649608849201844], [-0.6764009900510237, 0.6882460460455249]], "bias_count": 64, "energy_calls_at_each_min": [1, 1629, 7789], "force_calls_at_each_min": [1, 1629, 7789], "min_height_scale": 3.0, "max_height_scale": 2.0, "min_cov_scale": 3.0, "max_cov_scale": 2.0, "pert_type": "fixed"}