{"run_id": 5002, "bias_std_dev_scale": 0.170998, "bias_height_fraction": 0.119897, "perturbation_size": 0.005, "optimizer": "FIRE", "found_minima": [[0.6234994049, 0.02803775853], [-0.05108040220827141, 0.4669291983754872], [-0.5582236502528947, 1.4417258262836024]], "found_saddles": [[0.11056909401339132, 0.16835439447222023], [-0.18669091184462122, 0.03435127359402148]], "bias_count": 107, "energy_calls_at_each_min": [1, 2141, 13337], "force_calls_at_each_min": [1, 2141, 13337], "min_height_scale": 3.0, "max_height_scale": 1.5, "min_cov_scale": 2.0, "max_cov_scale": 2.0, "pert_type": "fixed"}