{"run_id": 110, "bias_std_dev_scale": 0.170998, "bias_height_fraction": 0.119897, "perturbation_size": 0.005, "optimizer": "FIRE", "found_minima": [[0.6234994049, 0.02803775853], [-0.050955759256114286, 0.4668490083040049], [-0.5582236154275649, 1.4417258613790733]], "found_saddles": [[0.11794813257511211, 0.11633234095214508], [0.6520699921041744, 0.34708694851280186]], "bias_count": 50, "energy_calls_at_each_min": [1, 798, 6149], "force_calls_at_each_min": [1, 798, 6149], "min_height_scale": 1.5, "max_height_scale": 3.0, "min_cov_scale": 2.0, "max_cov_scale": 3.0, "pert_type": "fixed"}