{"run_id": 2436, "bias_std_dev_scale": 0.170998, "bias_height_fraction": 0.119897, "perturbation_size": 0.005, "optimizer": "FIRE", "found_minima": [[0.6234994049, 0.02803775853], [-0.0500556013350997, 0.46670398185630874], [-0.5582236174805848, 1.4417258591918343]], "found_saddles": [[0.2603186894943066, 0.31117986968473504], [-0.4791714741530976, 0.21697473558694905]], "bias_count": 102, "energy_calls_at_each_min": [1, 1444, 12227], "force_calls_at_each_min": [1, 1444, 12227], "min_height_scale": 3.0, "max_height_scale": 1.5, "min_cov_scale": 1.5, "max_cov_scale": 2.5, "pert_type": "fixed"}