{"run_id": 1227, "bias_std_dev_scale": 0.170998, "bias_height_fraction": 0.119897, "perturbation_size": 0.005, "optimizer": "FIRE", "found_minima": [[0.6234994049, 0.02803775853], [-0.050826638646830596, 0.4668582462648532], [-0.5582236200541087, 1.4417258559364174]], "found_saddles": [[0.9854845682283334, -0.042279417939775576], [-0.8314721067848341, 0.4972158315080663]], "bias_count": 43, "energy_calls_at_each_min": [1, 2231, 4782], "force_calls_at_each_min": [1, 2231, 4782], "min_height_scale": 2.0, "max_height_scale": 2.5, "min_cov_scale": 2.0, "max_cov_scale": 2.0, "pert_type": "adaptive"}