{"run_id": 2489, "bias_std_dev_scale": 0.170998, "bias_height_fraction": 0.119897, "perturbation_size": 0.005, "optimizer": "FIRE", "found_minima": [[0.6234994049, 0.02803775853], [-0.05001105774036664, 0.4666941565756255], [-0.5582236422359921, 1.441725834300953]], "found_saddles": [[0.2478177379378846, 0.30598491589106397], [-0.7424440804342302, 0.6533627144574686]], "bias_count": 30, "energy_calls_at_each_min": [1, 1741, 3179], "force_calls_at_each_min": [1, 1741, 3179], "min_height_scale": 3.0, "max_height_scale": 2.0, "min_cov_scale": 3.0, "max_cov_scale": 1.5, "pert_type": "adaptive"}