{"run_id": 2582, "bias_std_dev_scale": 0.170998, "bias_height_fraction": 0.119897, "perturbation_size": 0.005, "optimizer": "FIRE", "found_minima": [[0.6234994049, 0.02803775853], [-0.05500146453509185, 0.46760521407459477], [-0.5582236190373365, 1.4417258568191682]], "found_saddles": [[0.28884119092928634, 0.30953359851602363], [-0.27012638862965294, 0.147138461664429]], "bias_count": 98, "energy_calls_at_each_min": [1, 2277, 12776], "force_calls_at_each_min": [1, 2277, 12776], "min_height_scale": 1.5, "max_height_scale": 1.5, "min_cov_scale": 2.5, "max_cov_scale": 3.0, "pert_type": "fixed"}