{"run_id": 2136, "bias_std_dev_scale": 0.170998, "bias_height_fraction": 0.119897, "perturbation_size": 0.005, "optimizer": "FIRE", "found_minima": [[0.6234994049, 0.02803775853], [-0.050018956994768674, 0.46669674119678783], [-0.5582236315797048, 1.4417258412824703]], "found_saddles": [[0.37193007642920495, 0.34173197302361136], [-0.6690729414569834, 0.7190966328617396]], "bias_count": 67, "energy_calls_at_each_min": [1, 1748, 8287], "force_calls_at_each_min": [1, 1748, 8287], "min_height_scale": 1.5, "max_height_scale": 2.5, "min_cov_scale": 3.0, "max_cov_scale": 1.5, "pert_type": "fixed"}