{"run_id": 1843, "bias_std_dev_scale": 0.170998, "bias_height_fraction": 0.119897, "perturbation_size": 0.005, "optimizer": "FIRE", "found_minima": [[0.6234994049, 0.02803775853], [-0.050011597225854826, 0.46669425604193954], [-0.5582236469799632, 1.4417258295043087]], "found_saddles": [[0.21474512858003353, 0.3042245923624886], [-0.8120719216026474, 0.6055834484203981]], "bias_count": 59, "energy_calls_at_each_min": [1, 1659, 7061], "force_calls_at_each_min": [1, 1659, 7061], "min_height_scale": 2.5, "max_height_scale": 2.0, "min_cov_scale": 2.5, "max_cov_scale": 2.0, "pert_type": "adaptive"}