{"run_id": 150, "bias_std_dev_scale": 0.170998, "bias_height_fraction": 0.119897, "perturbation_size": 0.005, "optimizer": "FIRE", "found_minima": [[0.6234994049, 0.02803775853], [-0.0502693084213534, 0.4667519849532177], [-0.5582236145500303, 1.441725861469356]], "found_saddles": [[0.2453061363150157, 0.2871813776227761], [-0.7965065519701715, 0.6197082547951664]], "bias_count": 51, "energy_calls_at_each_min": [1, 2030, 6096], "force_calls_at_each_min": [1, 2030, 6096], "min_height_scale": 2.0, "max_height_scale": 1.5, "min_cov_scale": 2.5, "max_cov_scale": 3.0, "pert_type": "fixed"}