{"run_id": 1038, "bias_std_dev_scale": 0.170998, "bias_height_fraction": 0.119897, "perturbation_size": 0.005, "optimizer": "FIRE", "found_minima": [[0.6234994049, 0.02803775853], [-0.05109323700634757, 0.4671270151228374], [-0.5582236289676414, 1.4417258450680834]], "found_saddles": [[0.23670579810451803, 0.2850201975470348], [-0.804485573388028, 0.6354690966050761]], "bias_count": 55, "energy_calls_at_each_min": [1, 1971, 6742], "force_calls_at_each_min": [1, 1971, 6742], "min_height_scale": 1.5, "max_height_scale": 1.5, "min_cov_scale": 2.0, "max_cov_scale": 3.0, "pert_type": "fixed"}