{"run_id": 5072, "bias_std_dev_scale": 0.170998, "bias_height_fraction": 0.119897, "perturbation_size": 0.005, "optimizer": "FIRE", "found_minima": [[0.6234994049, 0.02803775853], [-0.050010863661729674, 0.46669411401470795], [-0.5582236157010773, 1.4417258596718958]], "found_saddles": [[0.18897504945418622, 0.2669626255351538], [0.06829933250738593, -0.15830602833173577]], "bias_count": 88, "energy_calls_at_each_min": [1, 1479, 10585], "force_calls_at_each_min": [1, 1479, 10585], "min_height_scale": 3.0, "max_height_scale": 2.5, "min_cov_scale": 2.5, "max_cov_scale": 1.5, "pert_type": "fixed"}