{"run_id": 130, "bias_std_dev_scale": 0.170998, "bias_height_fraction": 0.119897, "perturbation_size": 0.005, "optimizer": "FIRE", "found_minima": [[0.6234994049, 0.02803775853], [-0.051353337537238974, 0.46701407897604613], [-0.5582236424805715, 1.4417258320597799]], "found_saddles": [[0.1408485314975567, 0.1955400973940693], [-0.795043300659839, 0.6194729213265012]], "bias_count": 85, "energy_calls_at_each_min": [1, 1660, 10232], "force_calls_at_each_min": [1, 1660, 10232], "min_height_scale": 2.0, "max_height_scale": 1.5, "min_cov_scale": 1.5, "max_cov_scale": 2.0, "pert_type": "fixed"}