{"run_id": 4080, "bias_std_dev_scale": 0.170998, "bias_height_fraction": 0.119897, "perturbation_size": 0.005, "optimizer": "FIRE", "found_minima": [[0.6234994049, 0.02803775853], [-0.05061101162388236, 0.4667960208226575], [-0.5582236192656269, 1.441725856770487]], "found_saddles": [[0.24923229476462203, -0.09200151768240096], [-0.83240697889366, 0.4890507986333573]], "bias_count": 50, "energy_calls_at_each_min": [1, 2631, 6318], "force_calls_at_each_min": [1, 2631, 6318], "min_height_scale": 3.0, "max_height_scale": 3.0, "min_cov_scale": 2.5, "max_cov_scale": 1.5, "pert_type": "fixed"}