{"run_id": 1041, "bias_std_dev_scale": 0.170998, "bias_height_fraction": 0.119897, "perturbation_size": 0.005, "optimizer": "FIRE", "found_minima": [[0.6234994049, 0.02803775853], [-0.05001566444082701, 0.46669534339903024], [-0.5582236544632603, 1.4417258222091722]], "found_saddles": [[0.23049680888253252, 0.3149494159308676], [-0.15133261351925908, 0.041638248464511946]], "bias_count": 129, "energy_calls_at_each_min": [1, 2109, 15371], "force_calls_at_each_min": [1, 2109, 15371], "min_height_scale": 1.5, "max_height_scale": 1.5, "min_cov_scale": 2.5, "max_cov_scale": 1.5, "pert_type": "adaptive"}