{"run_id": 2218, "bias_std_dev_scale": 0.170998, "bias_height_fraction": 0.119897, "perturbation_size": 0.005, "optimizer": "FIRE", "found_minima": [[0.6234994049, 0.02803775853], [-0.05017012274946686, 0.46681689084776234], [-0.5582236531655483, 1.4417258225111638]], "found_saddles": [[0.3234657542546162, 0.2788251623828216], [7.739060972895666e-06, 0.7135720971185665]], "bias_count": 96, "energy_calls_at_each_min": [1, 1911, 11960], "force_calls_at_each_min": [1, 1911, 11960], "min_height_scale": 2.0, "max_height_scale": 2.0, "min_cov_scale": 2.0, "max_cov_scale": 2.0, "pert_type": "fixed"}