{"run_id": 3160, "bias_std_dev_scale": 0.170998, "bias_height_fraction": 0.119897, "perturbation_size": 0.005, "optimizer": "FIRE", "found_minima": [[0.6234994049, 0.02803775853], [-0.050010823402380666, 0.46669410884595675], [-0.5582236299729676, 1.4417258492967058]], "found_saddles": [[0.14421216140976334, 0.1617606098105178], [-0.3089164286189955, 0.1993872182294149]], "bias_count": 86, "energy_calls_at_each_min": [1, 761, 10670], "force_calls_at_each_min": [1, 761, 10670], "min_height_scale": 1.5, "max_height_scale": 2.5, "min_cov_scale": 3.0, "max_cov_scale": 1.5, "pert_type": "fixed"}