{"run_id": 4032, "bias_std_dev_scale": 0.170998, "bias_height_fraction": 0.119897, "perturbation_size": 0.005, "optimizer": "FIRE", "found_minima": [[0.6234994049, 0.02803775853], [-0.05010274715751678, 0.46671598961598887], [-0.558223651241827, 1.441725825598692]], "found_saddles": [[0.5528354343578267, 0.23916110562436746], [-0.27625613491128187, 0.0835199677232832]], "bias_count": 90, "energy_calls_at_each_min": [1, 1738, 10734], "force_calls_at_each_min": [1, 1738, 10734], "min_height_scale": 3.0, "max_height_scale": 2.5, "min_cov_scale": 1.5, "max_cov_scale": 1.5, "pert_type": "fixed"}