{"run_id": 2739, "bias_std_dev_scale": 0.170998, "bias_height_fraction": 0.119897, "perturbation_size": 0.005, "optimizer": "FIRE", "found_minima": [[0.6234994049, 0.02803775853], [-0.050011086412945174, 0.4666942303359402], [-0.5582236204208733, 1.4417258556510557]], "found_saddles": [[0.11018129171005774, 0.1353351893545857], [-0.8316614351498084, 0.6280488944146865]], "bias_count": 54, "energy_calls_at_each_min": [1, 1143, 6636], "force_calls_at_each_min": [1, 1143, 6636], "min_height_scale": 2.0, "max_height_scale": 2.0, "min_cov_scale": 2.5, "max_cov_scale": 2.0, "pert_type": "adaptive"}