{"run_id": 4801, "bias_std_dev_scale": 0.170998, "bias_height_fraction": 0.119897, "perturbation_size": 0.005, "optimizer": "FIRE", "found_minima": [[0.6234994049, 0.02803775853], [-0.05001232372000615, 0.4666944132568689], [-0.558223621664694, 1.4417258544386398]], "found_saddles": [[0.3844436301559509, 0.30806124902308746], [-0.7761291186866279, 0.6551552427045565]], "bias_count": 48, "energy_calls_at_each_min": [1, 1339, 5565], "force_calls_at_each_min": [1, 1339, 5565], "min_height_scale": 2.0, "max_height_scale": 2.5, "min_cov_scale": 1.5, "max_cov_scale": 1.5, "pert_type": "adaptive"}