{"run_id": 2349, "bias_std_dev_scale": 0.170998, "bias_height_fraction": 0.119897, "perturbation_size": 0.005, "optimizer": "FIRE", "found_minima": [[0.6234994049, 0.02803775853], [-0.050075628356832436, 0.4667100472711129], [-0.5582236521616892, 1.441725824156912]], "found_saddles": [[0.28018665986708713, 0.3362613827642081], [-0.779486844993034, 0.665688697351926]], "bias_count": 59, "energy_calls_at_each_min": [1, 1458, 6887], "force_calls_at_each_min": [1, 1458, 6887], "min_height_scale": 2.5, "max_height_scale": 2.0, "min_cov_scale": 2.0, "max_cov_scale": 2.5, "pert_type": "adaptive"}