{"run_id": 1945, "bias_std_dev_scale": 0.170998, "bias_height_fraction": 0.119897, "perturbation_size": 0.005, "optimizer": "FIRE", "found_minima": [[0.6234994049, 0.02803775853], [-0.05002028288846529, 0.4666969462021771], [-0.558223646959796, 1.4417258295477837]], "found_saddles": [[0.1506420299416569, 0.009905633084108977], [-0.7793574904521331, 0.6466366282844012]], "bias_count": 105, "energy_calls_at_each_min": [1, 3326, 12444], "force_calls_at_each_min": [1, 3326, 12444], "min_height_scale": 3.0, "max_height_scale": 1.5, "min_cov_scale": 3.0, "max_cov_scale": 1.5, "pert_type": "adaptive"}