{"run_id": 3384, "bias_std_dev_scale": 0.170998, "bias_height_fraction": 0.119897, "perturbation_size": 0.005, "optimizer": "FIRE", "found_minima": [[0.6234994049, 0.02803775853], [-0.05001120857791649, 0.4666942308326898], [-0.5582236507334826, 1.441725826318839]], "found_saddles": [[0.18348345054002552, 0.2631809141800809], [0.5939092236540803, 0.39368816231969256]], "bias_count": 106, "energy_calls_at_each_min": [1, 2553, 12869], "force_calls_at_each_min": [1, 2553, 12869], "min_height_scale": 2.5, "max_height_scale": 2.0, "min_cov_scale": 3.0, "max_cov_scale": 1.5, "pert_type": "fixed"}