{"run_id": 1640, "bias_std_dev_scale": 0.170998, "bias_height_fraction": 0.119897, "perturbation_size": 0.005, "optimizer": "FIRE", "found_minima": [[0.6234994049, 0.02803775853], [-0.05004778092737246, 0.46670125103147214], [-0.5582236459979184, 1.4417258323762399]], "found_saddles": [[0.09086282061881513, 0.11087602250875261], [0.25769905536635807, 0.6484602333759553]], "bias_count": 47, "energy_calls_at_each_min": [1, 925, 5544], "force_calls_at_each_min": [1, 925, 5544], "min_height_scale": 1.5, "max_height_scale": 3.0, "min_cov_scale": 2.0, "max_cov_scale": 1.5, "pert_type": "fixed"}