{"run_id": 3801, "bias_std_dev_scale": 0.170998, "bias_height_fraction": 0.119897, "perturbation_size": 0.005, "optimizer": "FIRE", "found_minima": [[0.6234994049, 0.02803775853], [-0.05001178355886928, 0.4666943196234597], [-0.5582236202044513, 1.4417258565429814]], "found_saddles": [[0.24047221236155022, 0.28812318735582965], [-0.8052512614441761, 0.6241294845149432]], "bias_count": 23, "energy_calls_at_each_min": [1, 927, 2445], "force_calls_at_each_min": [1, 927, 2445], "min_height_scale": 2.0, "max_height_scale": 2.5, "min_cov_scale": 3.0, "max_cov_scale": 1.5, "pert_type": "adaptive"}