{"run_id": 4008, "bias_std_dev_scale": 0.170998, "bias_height_fraction": 0.119897, "perturbation_size": 0.005, "optimizer": "FIRE", "found_minima": [[0.6234994049, 0.02803775853], [-0.050010790046229534, 0.46669409996490896], [-0.5582236496271813, 1.4417258269088544]], "found_saddles": [[0.20502813202683126, 0.2723398343774303], [-0.8813102958921528, 0.5496889229889977]], "bias_count": 62, "energy_calls_at_each_min": [1, 821, 7271], "force_calls_at_each_min": [1, 821, 7271], "min_height_scale": 3.0, "max_height_scale": 2.0, "min_cov_scale": 2.0, "max_cov_scale": 1.5, "pert_type": "fixed"}