{"run_id": 3395, "bias_std_dev_scale": 0.170998, "bias_height_fraction": 0.119897, "perturbation_size": 0.005, "optimizer": "FIRE", "found_minima": [[0.6234994049, 0.02803775853], [-0.051381157832964944, 0.4669643308130453], [-0.5582236411829621, 1.4417258354239926]], "found_saddles": [[0.22574867166486487, 0.32916059975011697], [-0.8821525946725995, 0.51589179199021]], "bias_count": 29, "energy_calls_at_each_min": [1, 1341, 3453], "force_calls_at_each_min": [1, 1341, 3453], "min_height_scale": 2.5, "max_height_scale": 2.5, "min_cov_scale": 1.5, "max_cov_scale": 2.0, "pert_type": "adaptive"}