{"run_id": 1436, "bias_std_dev_scale": 0.170998, "bias_height_fraction": 0.119897, "perturbation_size": 0.005, "optimizer": "FIRE", "found_minima": [[0.6234994049, 0.02803775853], [-0.05001510409492788, 0.46669529714822416], [-0.5582236254513805, 1.441725850804359]], "found_saddles": [[0.20917467178872529, 0.30724843498613846], [-0.8428905610172431, 0.6232507668319018]], "bias_count": 69, "energy_calls_at_each_min": [1, 2071, 8451], "force_calls_at_each_min": [1, 2071, 8451], "min_height_scale": 3.0, "max_height_scale": 1.5, "min_cov_scale": 3.0, "max_cov_scale": 2.5, "pert_type": "fixed"}