{"run_id": 2397, "bias_std_dev_scale": 0.170998, "bias_height_fraction": 0.119897, "perturbation_size": 0.005, "optimizer": "FIRE", "found_minima": [[0.6234994049, 0.02803775853], [-0.05073916266182902, 0.46687702004585985], [-0.558223652662905, 1.4417258239611201]], "found_saddles": [[0.2271949604747312, 0.28291210444681786], [-0.6406480435445124, 0.3163095717851157]], "bias_count": 56, "energy_calls_at_each_min": [1, 1519, 7041], "force_calls_at_each_min": [1, 1519, 7041], "min_height_scale": 2.5, "max_height_scale": 2.5, "min_cov_scale": 3.0, "max_cov_scale": 2.5, "pert_type": "adaptive"}