{"run_id": 502, "bias_std_dev_scale": 0.170998, "bias_height_fraction": 0.119897, "perturbation_size": 0.005, "optimizer": "FIRE", "found_minima": [[0.6234994049, 0.02803775853], [-0.05009004988123637, 0.4667113915291847], [-0.5582236526432477, 1.441725823085314]], "found_saddles": [[0.20004048325560062, -0.019970888069192314], [0.44015125489356793, 0.5615188608147953]], "bias_count": 52, "energy_calls_at_each_min": [1, 1344, 6712], "force_calls_at_each_min": [1, 1344, 6712], "min_height_scale": 3.0, "max_height_scale": 3.0, "min_cov_scale": 2.5, "max_cov_scale": 3.0, "pert_type": "fixed"}