{"run_id": 633, "bias_std_dev_scale": 0.170998, "bias_height_fraction": 0.119897, "perturbation_size": 0.005, "optimizer": "FIRE", "found_minima": [[0.6234994049, 0.02803775853], [-0.05001086667739126, 0.46669410778290926], [-0.558223645204756, 1.441725831363698]], "found_saddles": [[0.23963893579351853, 0.29691986356166306], [1.047518665844329, 0.05696268517597666]], "bias_count": 83, "energy_calls_at_each_min": [1, 887, 10089], "force_calls_at_each_min": [1, 887, 10089], "min_height_scale": 1.5, "max_height_scale": 3.0, "min_cov_scale": 3.0, "max_cov_scale": 1.5, "pert_type": "adaptive"}