{"run_id": 1253, "bias_std_dev_scale": 0.170998, "bias_height_fraction": 0.119897, "perturbation_size": 0.005, "optimizer": "FIRE", "found_minima": [[0.6234994049, 0.02803775853], [-0.5582236144089342, 1.4417258613581576]], "found_saddles": [[-0.6338703435935351, 0.7268200245812929]], "bias_count": 5000, "energy_calls_at_each_min": [1, 4687], "force_calls_at_each_min": [1, 4687], "min_height_scale": 2.0, "max_height_scale": 3.0, "min_cov_scale": 1.5, "max_cov_scale": 2.5, "pert_type": "adaptive"}