{"run_id": 1211, "bias_std_dev_scale": 0.170998, "bias_height_fraction": 0.119897, "perturbation_size": 0.005, "optimizer": "FIRE", "found_minima": [[0.6234994049, 0.02803775853], [-0.05197487858892581, 0.46720039162429555], [-0.5582236502439344, 1.4417258275782474]], "found_saddles": [[0.941809299674839, -0.007135214772973169], [-0.34840007768476366, 0.7427881183053235]], "bias_count": 97, "energy_calls_at_each_min": [1, 2341, 11930], "force_calls_at_each_min": [1, 2341, 11930], "min_height_scale": 2.0, "max_height_scale": 2.0, "min_cov_scale": 3.0, "max_cov_scale": 2.0, "pert_type": "adaptive"}