{"run_id": 1652, "bias_std_dev_scale": 0.170998, "bias_height_fraction": 0.119897, "perturbation_size": 0.005, "optimizer": "FIRE", "found_minima": [[0.6234994049, 0.02803775853], [-0.05001871852478281, 0.4666954033712355], [-0.5582236554010931, 1.4417258204598882]], "found_saddles": [[0.39922265558341513, 0.2627678859264212], [-0.8046888789240696, 0.4061938915906825]], "bias_count": 45, "energy_calls_at_each_min": [1, 1355, 5607], "force_calls_at_each_min": [1, 1355, 5607], "min_height_scale": 1.5, "max_height_scale": 3.0, "min_cov_scale": 2.5, "max_cov_scale": 2.5, "pert_type": "fixed"}