{"run_id": 3809, "bias_std_dev_scale": 0.170998, "bias_height_fraction": 0.119897, "perturbation_size": 0.005, "optimizer": "FIRE", "found_minima": [[0.6234994049, 0.02803775853], [-0.050404114966182995, 0.46677515424048344], [-0.5582236490813932, 1.4417258274229068]], "found_saddles": [[0.9238070036671875, -0.03822920674955282], [-0.7528218754622206, 0.678321294801412]], "bias_count": 30, "energy_calls_at_each_min": [1, 1491, 3365], "force_calls_at_each_min": [1, 1491, 3365], "min_height_scale": 2.0, "max_height_scale": 3.0, "min_cov_scale": 1.5, "max_cov_scale": 1.5, "pert_type": "adaptive"}