{"run_id": 2565, "bias_std_dev_scale": 0.170998, "bias_height_fraction": 0.119897, "perturbation_size": 0.005, "optimizer": "FIRE", "found_minima": [[0.6234994049, 0.02803775853], [-0.05056782115383146, 0.46687369260341577], [-0.5582236285336293, 1.4417258452775854]], "found_saddles": [[0.21011823983332023, 0.2907546542037284], [-0.8255119825761815, 0.5282738105622599]], "bias_count": 70, "energy_calls_at_each_min": [1, 1817, 8262], "force_calls_at_each_min": [1, 1817, 8262], "min_height_scale": 1.5, "max_height_scale": 1.5, "min_cov_scale": 1.5, "max_cov_scale": 2.5, "pert_type": "adaptive"}