{"run_id": 2030, "bias_std_dev_scale": 0.170998, "bias_height_fraction": 0.119897, "perturbation_size": 0.005, "optimizer": "FIRE", "found_minima": [[0.6234994049, 0.02803775853], [-0.0500334058173604, 0.4667000292260805], [-0.5582236221713546, 1.4417258539284965]], "found_saddles": [[0.14875647068268677, 0.19222100358339939], [-0.49564905170593543, 0.24166511551287556]], "bias_count": 44, "energy_calls_at_each_min": [1, 884, 5643], "force_calls_at_each_min": [1, 884, 5643], "min_height_scale": 3.0, "max_height_scale": 3.0, "min_cov_scale": 2.0, "max_cov_scale": 3.0, "pert_type": "fixed"}