{"run_id": 4576, "bias_std_dev_scale": 0.170998, "bias_height_fraction": 0.119897, "perturbation_size": 0.005, "optimizer": "FIRE", "found_minima": [[0.6234994049, 0.02803775853], [-0.050427827680436015, 0.4667818113268096], [-0.5582236545368711, 1.4417258222517708]], "found_saddles": [[0.07535730627600046, 0.22104762480538137], [-0.7673435836120835, 0.3843675439027492]], "bias_count": 50, "energy_calls_at_each_min": [1, 1131, 5732], "force_calls_at_each_min": [1, 1131, 5732], "min_height_scale": 3.0, "max_height_scale": 3.0, "min_cov_scale": 1.5, "max_cov_scale": 1.5, "pert_type": "fixed"}