{"run_id": 3707, "bias_std_dev_scale": 0.170998, "bias_height_fraction": 0.119897, "perturbation_size": 0.005, "optimizer": "FIRE", "found_minima": [[0.6234994049, 0.02803775853], [-0.05012069091747658, 0.46672223506572835], [-0.5582236476171274, 1.441725828986244]], "found_saddles": [[0.8870792396342974, 0.17257723466024483], [-0.8951522806408485, 0.5270006813902514]], "bias_count": 45, "energy_calls_at_each_min": [1, 3216, 5176], "force_calls_at_each_min": [1, 3216, 5176], "min_height_scale": 1.5, "max_height_scale": 3.0, "min_cov_scale": 3.0, "max_cov_scale": 2.0, "pert_type": "adaptive"}