{"run_id": 3007, "bias_std_dev_scale": 0.170998, "bias_height_fraction": 0.119897, "perturbation_size": 0.005, "optimizer": "FIRE", "found_minima": [[0.6234994049, 0.02803775853], [-0.051913129481691064, 0.46714782521208104], [-0.5582236490516741, 1.4417258286969539]], "found_saddles": [[0.12306926364211146, 0.21217265918634146], [0.5812882949771909, 0.46330407967281517]], "bias_count": 96, "energy_calls_at_each_min": [1, 1276, 12339], "force_calls_at_each_min": [1, 1276, 12339], "min_height_scale": 3.0, "max_height_scale": 2.0, "min_cov_scale": 3.0, "max_cov_scale": 3.0, "pert_type": "adaptive"}