{"run_id": 306, "bias_std_dev_scale": 0.170998, "bias_height_fraction": 0.119897, "perturbation_size": 0.005, "optimizer": "FIRE", "found_minima": [[0.6234994049, 0.02803775853], [-0.05001084184120925, 0.4666941035038583], [-0.5582236168093975, 1.441725860755903]], "found_saddles": [[0.1742789514807985, 0.21681870597508768], [-0.26013371431588056, 0.7303844493999536]], "bias_count": 91, "energy_calls_at_each_min": [1, 1060, 10976], "force_calls_at_each_min": [1, 1060, 10976], "min_height_scale": 2.5, "max_height_scale": 2.0, "min_cov_scale": 2.5, "max_cov_scale": 2.0, "pert_type": "fixed"}