{"run_id": 4180, "bias_std_dev_scale": 0.170998, "bias_height_fraction": 0.119897, "perturbation_size": 0.005, "optimizer": "FIRE", "found_minima": [[0.6234994049, 0.02803775853], [-0.052001776162706466, 0.4671716571341534], [-0.5582236454389897, 1.441725831039264]], "found_saddles": [[0.20422267665327545, 0.27184990997417235], [-0.7831060960283194, 0.39671837517009945]], "bias_count": 68, "energy_calls_at_each_min": [1, 831, 7957], "force_calls_at_each_min": [1, 831, 7957], "min_height_scale": 1.5, "max_height_scale": 2.5, "min_cov_scale": 2.5, "max_cov_scale": 2.5, "pert_type": "fixed"}