{"run_id": 2923, "bias_std_dev_scale": 0.170998, "bias_height_fraction": 0.119897, "perturbation_size": 0.005, "optimizer": "FIRE", "found_minima": [[0.6234994049, 0.02803775853], [-0.05002534228352678, 0.4666970745367259], [-0.5582236429065555, 1.4417258336215388]], "found_saddles": [[0.44198667981033546, 0.3064200934417378], [-0.8131669394254118, 0.6063780063337504]], "bias_count": 33, "energy_calls_at_each_min": [1, 1558, 4002], "force_calls_at_each_min": [1, 1558, 4002], "min_height_scale": 2.5, "max_height_scale": 3.0, "min_cov_scale": 2.0, "max_cov_scale": 2.0, "pert_type": "adaptive"}