{"run_id": 5112, "bias_std_dev_scale": 0.170998, "bias_height_fraction": 0.119897, "perturbation_size": 0.005, "optimizer": "FIRE", "found_minima": [[0.6234994049, 0.02803775853], [-0.05001098415838862, 0.46669414128120523], [-0.5582236402317792, 1.4417258362223173]], "found_saddles": [[0.09910268277190387, 0.10128900175202281], [0.31800962114983883, 0.6197668317953454]], "bias_count": 69, "energy_calls_at_each_min": [1, 1550, 8547], "force_calls_at_each_min": [1, 1550, 8547], "min_height_scale": 3.0, "max_height_scale": 3.0, "min_cov_scale": 3.0, "max_cov_scale": 1.5, "pert_type": "fixed"}