{"run_id": 3402, "bias_std_dev_scale": 0.170998, "bias_height_fraction": 0.119897, "perturbation_size": 0.005, "optimizer": "FIRE", "found_minima": [[0.6234994049, 0.02803775853], [-0.052244562083463036, 0.4671776072431865], [-0.5582236128353898, 1.4417258631180891]], "found_saddles": [[0.06886078722953543, 0.18890554739049703], [-0.851113388836785, 0.6203607307314852]], "bias_count": 54, "energy_calls_at_each_min": [1, 1602, 6666], "force_calls_at_each_min": [1, 1602, 6666], "min_height_scale": 2.5, "max_height_scale": 2.5, "min_cov_scale": 2.0, "max_cov_scale": 2.0, "pert_type": "fixed"}