{"run_id": 45, "bias_std_dev_scale": 0.170998, "bias_height_fraction": 0.119897, "perturbation_size": 0.005, "optimizer": "FIRE", "found_minima": [[0.6234994049, 0.02803775853], [-0.0504498711236531, 0.4667986627364275], [-0.5582236218116545, 1.441725854220015]], "found_saddles": [[0.1753767394779546, 0.24430781220104747], [-0.850179378811684, 0.6083239925194962]], "bias_count": 44, "energy_calls_at_each_min": [1, 2049, 5122], "force_calls_at_each_min": [1, 2049, 5122], "min_height_scale": 1.5, "max_height_scale": 2.0, "min_cov_scale": 2.0, "max_cov_scale": 2.5, "pert_type": "adaptive"}