{"run_id": 698, "bias_std_dev_scale": 0.170998, "bias_height_fraction": 0.119897, "perturbation_size": 0.005, "optimizer": "FIRE", "found_minima": [[0.6234994049, 0.02803775853], [-0.050053573961968086, 0.4667025603495581], [-0.5582236341680694, 1.4417258436025642]], "found_saddles": [[0.4654238836541696, 0.27955863440108253], [-0.5933784848461122, 0.3059193757088496]], "bias_count": 109, "energy_calls_at_each_min": [1, 1810, 13717], "force_calls_at_each_min": [1, 1810, 13717], "min_height_scale": 2.0, "max_height_scale": 2.0, "min_cov_scale": 3.0, "max_cov_scale": 2.0, "pert_type": "fixed"}