{"run_id": 846, "bias_std_dev_scale": 0.170998, "bias_height_fraction": 0.119897, "perturbation_size": 0.005, "optimizer": "FIRE", "found_minima": [[0.6234994049, 0.02803775853], [-0.05309436610745223, 0.4673470861404633], [-0.558223628338514, 1.4417258496730374]], "found_saddles": [[0.07396899114396513, 0.15618523101284598], [-0.6458828213286739, 0.7283027760832365]], "bias_count": 45, "energy_calls_at_each_min": [1, 1476, 5149], "force_calls_at_each_min": [1, 1476, 5149], "min_height_scale": 2.5, "max_height_scale": 2.5, "min_cov_scale": 2.0, "max_cov_scale": 3.0, "pert_type": "fixed"}