{"run_id": 4597, "bias_std_dev_scale": 0.170998, "bias_height_fraction": 0.119897, "perturbation_size": 0.005, "optimizer": "FIRE", "found_minima": [[0.6234994049, 0.02803775853], [-0.050012494666382516, 0.4666944913575044], [-0.5582236299360216, 1.441725849233635]], "found_saddles": [[0.2599981238531601, 0.3109533975520106], [1.0251364042595867, 0.08619438856201639]], "bias_count": 63, "energy_calls_at_each_min": [1, 1040, 8136], "force_calls_at_each_min": [1, 1040, 8136], "min_height_scale": 3.0, "max_height_scale": 3.0, "min_cov_scale": 2.5, "max_cov_scale": 2.5, "pert_type": "adaptive"}