{"run_id": 833, "bias_std_dev_scale": 0.170998, "bias_height_fraction": 0.119897, "perturbation_size": 0.005, "optimizer": "FIRE", "found_minima": [[0.6234994049, 0.02803775853], [-0.050017245352853325, 0.4666955860369147], [-0.5582236498365685, 1.441725826774733]], "found_saddles": [[0.29099826290145153, 0.3126282234863352], [-0.8530118588415726, 0.5678598466332684]], "bias_count": 39, "energy_calls_at_each_min": [1, 1201, 4395], "force_calls_at_each_min": [1, 1201, 4395], "min_height_scale": 2.5, "max_height_scale": 2.5, "min_cov_scale": 1.5, "max_cov_scale": 1.5, "pert_type": "adaptive"}