{"run_id": 1587, "bias_std_dev_scale": 0.170998, "bias_height_fraction": 0.119897, "perturbation_size": 0.005, "optimizer": "FIRE", "found_minima": [[0.6234994049, 0.02803775853], [-0.05002473314967742, 0.4667100719723861], [-0.558223622352854, 1.4417258535173438]], "found_saddles": [[0.21560328380853708, 0.2942269857596576], [-0.7973060814884887, 0.6242816500837762]], "bias_count": 19, "energy_calls_at_each_min": [1, 1133, 2026], "force_calls_at_each_min": [1, 1133, 2026], "min_height_scale": 1.5, "max_height_scale": 2.0, "min_cov_scale": 2.5, "max_cov_scale": 2.0, "pert_type": "adaptive"}