{"run_id": 3320, "bias_std_dev_scale": 0.170998, "bias_height_fraction": 0.119897, "perturbation_size": 0.005, "optimizer": "FIRE", "found_minima": [[0.6234994049, 0.02803775853], [-0.050010808801152745, 0.46669411238119834], [-0.5582236540837108, 1.4417258225208822]], "found_saddles": [[0.20585387897511861, 0.2846602702558827], [-0.0845038053107565, -0.09807568913290958]], "bias_count": 91, "energy_calls_at_each_min": [1, 1323, 11112], "force_calls_at_each_min": [1, 1323, 11112], "min_height_scale": 2.0, "max_height_scale": 3.0, "min_cov_scale": 3.0, "max_cov_scale": 1.5, "pert_type": "fixed"}