{"run_id": 366, "bias_std_dev_scale": 0.170998, "bias_height_fraction": 0.119897, "perturbation_size": 0.005, "optimizer": "FIRE", "found_minima": [[0.6234994049, 0.02803775853], [-0.05165973342237892, 0.46696711885471354], [-0.5582236219299445, 1.4417258542296332]], "found_saddles": [[0.08474101904283941, 0.12307125990988216], [-0.7145125463865163, 0.6976955092208292]], "bias_count": 27, "energy_calls_at_each_min": [1, 1108, 3158], "force_calls_at_each_min": [1, 1108, 3158], "min_height_scale": 2.5, "max_height_scale": 3.0, "min_cov_scale": 2.0, "max_cov_scale": 3.0, "pert_type": "fixed"}