{"run_id": 3298, "bias_std_dev_scale": 0.170998, "bias_height_fraction": 0.119897, "perturbation_size": 0.005, "optimizer": "FIRE", "found_minima": [[0.6234994049, 0.02803775853], [-0.050206243336856575, 0.46674203937474007], [-0.5582236209115375, 1.4417258558200852]], "found_saddles": [[0.18023632054485272, 0.2667752726875468], [0.09296770590817202, 0.7267556053797735]], "bias_count": 60, "energy_calls_at_each_min": [1, 1096, 7284], "force_calls_at_each_min": [1, 1096, 7284], "min_height_scale": 2.0, "max_height_scale": 3.0, "min_cov_scale": 1.5, "max_cov_scale": 2.0, "pert_type": "fixed"}