{"run_id": 2853, "bias_std_dev_scale": 0.170998, "bias_height_fraction": 0.119897, "perturbation_size": 0.005, "optimizer": "FIRE", "found_minima": [[0.6234994049, 0.02803775853], [-0.05139275633297407, 0.46703928185859195], [-0.5582236396158622, 1.4417258341629613]], "found_saddles": [[0.26683434030387576, 0.3423452827138843], [-0.868136393940353, 0.566148718061699]], "bias_count": 40, "energy_calls_at_each_min": [1, 1316, 4735], "force_calls_at_each_min": [1, 1316, 4735], "min_height_scale": 2.5, "max_height_scale": 2.0, "min_cov_scale": 1.5, "max_cov_scale": 2.5, "pert_type": "adaptive"}