{"run_id": 4817, "bias_std_dev_scale": 0.170998, "bias_height_fraction": 0.119897, "perturbation_size": 0.005, "optimizer": "FIRE", "found_minima": [[0.6234994049, 0.02803775853], [-0.05014736336308034, 0.4667132021686325], [-0.5582236478212396, 1.4417258287035142]], "found_saddles": [[0.10643671815116276, 0.10116635304509014], [-0.8543446048068943, 0.6193658830082652]], "bias_count": 50, "energy_calls_at_each_min": [1, 2059, 5974], "force_calls_at_each_min": [1, 2059, 5974], "min_height_scale": 2.0, "max_height_scale": 2.5, "min_cov_scale": 2.5, "max_cov_scale": 1.5, "pert_type": "adaptive"}