{"run_id": 2149, "bias_std_dev_scale": 0.170998, "bias_height_fraction": 0.119897, "perturbation_size": 0.005, "optimizer": "FIRE", "found_minima": [[0.6234994049, 0.02803775853], [-0.05056615689527694, 0.4668266232771699], [-0.5582236531527245, 1.4417258233389263]], "found_saddles": [[0.1554244535464392, 0.2484250358902763], [-0.8014147408760556, 0.6129927643195161]], "bias_count": 17, "energy_calls_at_each_min": [1, 842, 1855], "force_calls_at_each_min": [1, 842, 1855], "min_height_scale": 1.5, "max_height_scale": 3.0, "min_cov_scale": 1.5, "max_cov_scale": 2.5, "pert_type": "adaptive"}