{"run_id": 3140, "bias_std_dev_scale": 0.170998, "bias_height_fraction": 0.119897, "perturbation_size": 0.005, "optimizer": "FIRE", "found_minima": [[0.6234994049, 0.02803775853], [-0.051218508541960535, 0.4671847649963053], [-0.558223646459639, 1.4417258290554351]], "found_saddles": [[0.2031781541253106, 0.2703994739019498], [-0.8488945556103005, 0.49226091063706123]], "bias_count": 40, "energy_calls_at_each_min": [1, 993, 4576], "force_calls_at_each_min": [1, 993, 4576], "min_height_scale": 1.5, "max_height_scale": 2.5, "min_cov_scale": 1.5, "max_cov_scale": 2.5, "pert_type": "fixed"}