{"run_id": 660, "bias_std_dev_scale": 0.170998, "bias_height_fraction": 0.119897, "perturbation_size": 0.005, "optimizer": "FIRE", "found_minima": [[0.6234994049, 0.02803775853], [-0.050352955903327105, 0.4668187708359552], [-0.5582236156997161, 1.441725860162248]], "found_saddles": [[0.17003356192607028, 0.27728563015483193], [-0.4099756575535487, 0.19403430115457948]], "bias_count": 118, "energy_calls_at_each_min": [1, 2331, 14852], "force_calls_at_each_min": [1, 2331, 14852], "min_height_scale": 2.0, "max_height_scale": 1.5, "min_cov_scale": 2.5, "max_cov_scale": 2.5, "pert_type": "fixed"}