{"run_id": 481, "bias_std_dev_scale": 0.170998, "bias_height_fraction": 0.119897, "perturbation_size": 0.005, "optimizer": "FIRE", "found_minima": [[0.6234994049, 0.02803775853], [-0.05001083139511126, 0.46669411271573424], [-0.5582236315174929, 1.441725840321418]], "found_saddles": [[0.16827131057191783, 0.2836327426430301], [-0.8158272724117756, 0.6077357540735853]], "bias_count": 51, "energy_calls_at_each_min": [1, 1274, 6067], "force_calls_at_each_min": [1, 1274, 6067], "min_height_scale": 3.0, "max_height_scale": 3.0, "min_cov_scale": 1.5, "max_cov_scale": 1.5, "pert_type": "adaptive"}