{"run_id": 360, "bias_std_dev_scale": 0.170998, "bias_height_fraction": 0.119897, "perturbation_size": 0.005, "optimizer": "FIRE", "found_minima": [[0.6234994049, 0.02803775853], [-0.05002364120450813, 0.46669664168736175], [-0.558223646774348, 1.4417258298106221]], "found_saddles": [[0.4910607355061472, 0.272259253071644], [0.643218067449833, 0.3689469105528561]], "bias_count": 74, "energy_calls_at_each_min": [1, 1505, 8665], "force_calls_at_each_min": [1, 1505, 8665], "min_height_scale": 2.5, "max_height_scale": 3.0, "min_cov_scale": 2.0, "max_cov_scale": 1.5, "pert_type": "fixed"}