{"run_id": 70, "bias_std_dev_scale": 0.170998, "bias_height_fraction": 0.119897, "perturbation_size": 0.005, "optimizer": "FIRE", "found_minima": [[0.6234994049, 0.02803775853], [-0.05007681183802187, 0.4667193543341724], [-0.5582236282309636, 1.4417258505716326]], "found_saddles": [[0.25397894641186036, 0.30700013641045665], [-0.27589807004671835, 0.13634607563827433]], "bias_count": 57, "energy_calls_at_each_min": [1, 669, 6950], "force_calls_at_each_min": [1, 669, 6950], "min_height_scale": 1.5, "max_height_scale": 2.5, "min_cov_scale": 1.5, "max_cov_scale": 3.0, "pert_type": "fixed"}