{"run_id": 876, "bias_std_dev_scale": 0.170998, "bias_height_fraction": 0.119897, "perturbation_size": 0.005, "optimizer": "FIRE", "found_minima": [[0.6234994049, 0.02803775853], [-0.05003448779991107, 0.4666983887054696], [-0.5582236191587023, 1.4417258554069154]], "found_saddles": [[0.3644165058213577, 0.31104297648887297], [-0.8432177660407051, 0.5824892344399797]], "bias_count": 37, "energy_calls_at_each_min": [1, 990, 4555], "force_calls_at_each_min": [1, 990, 4555], "min_height_scale": 2.5, "max_height_scale": 3.0, "min_cov_scale": 2.0, "max_cov_scale": 2.5, "pert_type": "fixed"}