{"run_id": 672, "bias_std_dev_scale": 0.170998, "bias_height_fraction": 0.119897, "perturbation_size": 0.005, "optimizer": "FIRE", "found_minima": [[0.6234994049, 0.02803775853], [-0.050312609920966735, 0.4667611709990173], [-0.5582236145535863, 1.44172586101221]], "found_saddles": [[0.23439974221750207, 0.34440050153716], [-0.8324415075923969, 0.6443368303915135]], "bias_count": 70, "energy_calls_at_each_min": [1, 1710, 8225], "force_calls_at_each_min": [1, 1710, 8225], "min_height_scale": 2.0, "max_height_scale": 2.0, "min_cov_scale": 1.5, "max_cov_scale": 1.5, "pert_type": "fixed"}