{"run_id": 657, "bias_std_dev_scale": 0.170998, "bias_height_fraction": 0.119897, "perturbation_size": 0.005, "optimizer": "FIRE", "found_minima": [[0.6234994049, 0.02803775853], [-0.05001492666292577, 0.46669566872710816], [-0.5582236165566501, 1.4417258609183725]], "found_saddles": [[0.20796054563502703, 0.287568940832809], [-0.8141532951234898, 0.6145838614048056]], "bias_count": 81, "energy_calls_at_each_min": [1, 1632, 10334], "force_calls_at_each_min": [1, 1632, 10334], "min_height_scale": 2.0, "max_height_scale": 1.5, "min_cov_scale": 2.5, "max_cov_scale": 1.5, "pert_type": "adaptive"}