{"run_id": 3170, "bias_std_dev_scale": 0.170998, "bias_height_fraction": 0.119897, "perturbation_size": 0.005, "optimizer": "FIRE", "found_minima": [[0.6234994049, 0.02803775853], [-0.050030710025621476, 0.4666984648249185], [-0.5582236223525511, 1.441725853671926]], "found_saddles": [[0.11100952089422755, 0.1872545596318319], [-0.8256958629134281, 0.599906786351961]], "bias_count": 55, "energy_calls_at_each_min": [1, 1036, 7009], "force_calls_at_each_min": [1, 1036, 7009], "min_height_scale": 1.5, "max_height_scale": 3.0, "min_cov_scale": 1.5, "max_cov_scale": 2.0, "pert_type": "fixed"}