{"run_id": 1678, "bias_std_dev_scale": 0.170998, "bias_height_fraction": 0.119897, "perturbation_size": 0.005, "optimizer": "FIRE", "found_minima": [[0.6234994049, 0.02803775853], [-0.05003225166049846, 0.46670557458467204], [-0.5582235861454836, 1.4417259091963988]], "found_saddles": [[0.24824148304719024, 0.3209639583840586], [-0.8314800728708702, 0.5676894084530284]], "bias_count": 75, "energy_calls_at_each_min": [1, 1370, 9470], "force_calls_at_each_min": [1, 1370, 9470], "min_height_scale": 2.0, "max_height_scale": 1.5, "min_cov_scale": 2.0, "max_cov_scale": 3.0, "pert_type": "fixed"}