{"run_id": 22, "bias_std_dev_scale": 0.170998, "bias_height_fraction": 0.119897, "perturbation_size": 0.005, "optimizer": "FIRE", "found_minima": [[0.6234994049, 0.02803775853], [-0.050020191830989574, 0.4666967094403479], [-0.5582235918230434, 1.4417259004276681]], "found_saddles": [[0.19438148928757415, 0.2931724735399693], [-0.721780908066714, 0.6784012985950783]], "bias_count": 79, "energy_calls_at_each_min": [1, 1609, 9624], "force_calls_at_each_min": [1, 1609, 9624], "min_height_scale": 1.5, "max_height_scale": 1.5, "min_cov_scale": 2.5, "max_cov_scale": 3.0, "pert_type": "fixed"}