{"run_id": 2207, "bias_std_dev_scale": 0.170998, "bias_height_fraction": 0.119897, "perturbation_size": 0.005, "optimizer": "FIRE", "found_minima": [[0.6234994049, 0.02803775853], [-0.05161895641704314, 0.4673877689749408], [-0.5582236308859037, 1.4417258486296274]], "found_saddles": [[0.3013268088237784, 0.31606475121425337], [-0.4478743706129614, 0.708498279189624]], "bias_count": 84, "energy_calls_at_each_min": [1, 1797, 10072], "force_calls_at_each_min": [1, 1797, 10072], "min_height_scale": 2.0, "max_height_scale": 1.5, "min_cov_scale": 3.0, "max_cov_scale": 3.0, "pert_type": "adaptive"}