{"run_id": 414, "bias_std_dev_scale": 0.170998, "bias_height_fraction": 0.119897, "perturbation_size": 0.005, "optimizer": "FIRE", "found_minima": [[0.6234994049, 0.02803775853], [-0.050015172426566806, 0.46669508236226004], [-0.5582236200353354, 1.4417258565805027]], "found_saddles": [[0.21160389022341483, 0.2796087078559945], [-0.8034925607967146, 0.677973998943214]], "bias_count": 65, "energy_calls_at_each_min": [1, 1641, 7906], "force_calls_at_each_min": [1, 1641, 7906], "min_height_scale": 3.0, "max_height_scale": 1.5, "min_cov_scale": 3.0, "max_cov_scale": 3.0, "pert_type": "fixed"}