{"run_id": 1096, "bias_std_dev_scale": 0.170998, "bias_height_fraction": 0.119897, "perturbation_size": 0.005, "optimizer": "FIRE", "found_minima": [[0.6234994049, 0.02803775853], [-0.05001250622597973, 0.46669444885979894], [-0.5582236308855173, 1.4417258476401886]], "found_saddles": [[0.17931617978121855, 0.24283998711889737], [0.04092222283297366, 0.6960837786084595]], "bias_count": 76, "energy_calls_at_each_min": [1, 1726, 8989], "force_calls_at_each_min": [1, 1726, 8989], "min_height_scale": 1.5, "max_height_scale": 2.5, "min_cov_scale": 2.0, "max_cov_scale": 1.5, "pert_type": "fixed"}