{"run_id": 4435, "bias_std_dev_scale": 0.170998, "bias_height_fraction": 0.119897, "perturbation_size": 0.005, "optimizer": "FIRE", "found_minima": [[0.6234994049, 0.02803775853], [-0.050138560984549906, 0.4667175409485621], [-0.5582236193971565, 1.4417258566352766]], "found_saddles": [[0.3485254083147378, 0.2979347105115647], [-0.1347681157675357, 0.024169687896069283]], "bias_count": 78, "energy_calls_at_each_min": [1, 1690, 9310], "force_calls_at_each_min": [1, 1690, 9310], "min_height_scale": 2.5, "max_height_scale": 2.5, "min_cov_scale": 2.5, "max_cov_scale": 2.0, "pert_type": "adaptive"}