{"run_id": 4751, "bias_std_dev_scale": 0.170998, "bias_height_fraction": 0.119897, "perturbation_size": 0.005, "optimizer": "FIRE", "found_minima": [[0.6234994049, 0.02803775853], [-0.05010869875085097, 0.46672372630491066], [-0.558223618809725, 1.4417258586768127]], "found_saddles": [[0.325497334958275, 0.2967733723752621], [-0.82064386276816, 0.632715849851885]], "bias_count": 30, "energy_calls_at_each_min": [1, 1687, 3396], "force_calls_at_each_min": [1, 1687, 3396], "min_height_scale": 2.0, "max_height_scale": 1.5, "min_cov_scale": 2.0, "max_cov_scale": 3.0, "pert_type": "adaptive"}