{"run_id": 4224, "bias_std_dev_scale": 0.170998, "bias_height_fraction": 0.119897, "perturbation_size": 0.005, "optimizer": "FIRE", "found_minima": [[0.6234994049, 0.02803775853], [-0.05036243729538304, 0.466789571066518], [-0.5582236478117724, 1.4417258289901618]], "found_saddles": [[0.2974101340932486, 0.29640240480532193], [-0.8162816973787461, 0.5898865283310919]], "bias_count": 41, "energy_calls_at_each_min": [1, 2466, 4755], "force_calls_at_each_min": [1, 2466, 4755], "min_height_scale": 2.0, "max_height_scale": 1.5, "min_cov_scale": 1.5, "max_cov_scale": 1.5, "pert_type": "fixed"}