{"run_id": 3904, "bias_std_dev_scale": 0.170998, "bias_height_fraction": 0.119897, "perturbation_size": 0.005, "optimizer": "FIRE", "found_minima": [[0.6234994049, 0.02803775853], [-0.050120957941720154, 0.4667195641259595], [-0.55822365186108, 1.4417258248277807]], "found_saddles": [[0.11525602645930552, 0.16487204522400828], [-0.34712586965735015, 0.8197191181980573]], "bias_count": 91, "energy_calls_at_each_min": [1, 1529, 10965], "force_calls_at_each_min": [1, 1529, 10965], "min_height_scale": 2.5, "max_height_scale": 2.5, "min_cov_scale": 1.5, "max_cov_scale": 1.5, "pert_type": "fixed"}