{"run_id": 2414, "bias_std_dev_scale": 0.170998, "bias_height_fraction": 0.119897, "perturbation_size": 0.005, "optimizer": "FIRE", "found_minima": [[0.6234994049, 0.02803775853], [-0.05016510393473189, 0.46673058406880336], [-0.5582236207685942, 1.4417258565391198]], "found_saddles": [[0.16402927812038434, 0.2580505712205331], [-0.7129373983080223, 0.6781016488177128]], "bias_count": 36, "energy_calls_at_each_min": [1, 1041, 4193], "force_calls_at_each_min": [1, 1041, 4193], "min_height_scale": 2.5, "max_height_scale": 3.0, "min_cov_scale": 2.0, "max_cov_scale": 3.0, "pert_type": "fixed"}