{"run_id": 238, "bias_std_dev_scale": 0.170998, "bias_height_fraction": 0.119897, "perturbation_size": 0.005, "optimizer": "FIRE", "found_minima": [[0.6234994049, 0.02803775853], [-0.5582236210255169, 1.441725856322738]], "found_saddles": [[0.2729466615849639, 0.6572796361106867]], "bias_count": 5000, "energy_calls_at_each_min": [1, 4124], "force_calls_at_each_min": [1, 4124], "min_height_scale": 2.0, "max_height_scale": 3.0, "min_cov_scale": 2.0, "max_cov_scale": 3.0, "pert_type": "fixed"}