{"run_id": 483, "bias_std_dev_scale": 0.170998, "bias_height_fraction": 0.119897, "perturbation_size": 0.005, "optimizer": "FIRE", "found_minima": [[0.6234994049, 0.02803775853], [-0.5582236212762557, 1.441725854813744]], "found_saddles": [[-0.8309094563767379, 0.42837090995788735]], "bias_count": 5000, "energy_calls_at_each_min": [1, 7755], "force_calls_at_each_min": [1, 7755], "min_height_scale": 3.0, "max_height_scale": 3.0, "min_cov_scale": 1.5, "max_cov_scale": 2.0, "pert_type": "adaptive"}