{"run_id": 1940, "bias_std_dev_scale": 0.170998, "bias_height_fraction": 0.119897, "perturbation_size": 0.005, "optimizer": "FIRE", "found_minima": [[0.6234994049, 0.02803775853], [-0.05070704137413566, 0.4668757992023858], [-0.5582236532467573, 1.4417258232008707]], "found_saddles": [[0.12237531773537617, 0.17335867718574846], [-0.8273111170121955, 0.5997749798524057]], "bias_count": 79, "energy_calls_at_each_min": [1, 2926, 9806], "force_calls_at_each_min": [1, 2926, 9806], "min_height_scale": 3.0, "max_height_scale": 1.5, "min_cov_scale": 2.5, "max_cov_scale": 2.5, "pert_type": "fixed"}