{"run_id": 2157, "bias_std_dev_scale": 0.170998, "bias_height_fraction": 0.119897, "perturbation_size": 0.005, "optimizer": "FIRE", "found_minima": [[0.6234994049, 0.02803775853], [-0.050059412342118755, 0.46670468530640713], [-0.5582236474878852, 1.4417258290307595]], "found_saddles": [[0.2769827635687177, 0.2898537248581766], [-0.8150283734376124, 0.6069082030899543]], "bias_count": 22, "energy_calls_at_each_min": [1, 1429, 2353], "force_calls_at_each_min": [1, 1429, 2353], "min_height_scale": 1.5, "max_height_scale": 3.0, "min_cov_scale": 2.0, "max_cov_scale": 2.5, "pert_type": "adaptive"}