{"run_id": 3239, "bias_std_dev_scale": 0.170998, "bias_height_fraction": 0.119897, "perturbation_size": 0.005, "optimizer": "FIRE", "found_minima": [[0.6234994049, 0.02803775853], [-0.051269618730892634, 0.4668595590546764], [-0.5582236420197737, 1.4417258343219002]], "found_saddles": [[0.3503734320614813, 0.284023790861188], [-0.8161649888966274, 0.6307799649448522]], "bias_count": 53, "energy_calls_at_each_min": [1, 1424, 6465], "force_calls_at_each_min": [1, 1424, 6465], "min_height_scale": 2.0, "max_height_scale": 2.0, "min_cov_scale": 1.5, "max_cov_scale": 3.0, "pert_type": "adaptive"}