{"run_id": 1610, "bias_std_dev_scale": 0.170998, "bias_height_fraction": 0.119897, "perturbation_size": 0.005, "optimizer": "FIRE", "found_minima": [[0.6234994049, 0.02803775853], [-0.050421560581201307, 0.466784628540176], [-0.558223617646584, 1.4417258599024056]], "found_saddles": [[0.4481911056828449, 0.2904857574566883], [1.0832617363976038, 0.04176803888822779]], "bias_count": 44, "energy_calls_at_each_min": [1, 1377, 5033], "force_calls_at_each_min": [1, 1377, 5033], "min_height_scale": 1.5, "max_height_scale": 2.5, "min_cov_scale": 2.0, "max_cov_scale": 2.0, "pert_type": "fixed"}