{"run_id": 4239, "bias_std_dev_scale": 0.170998, "bias_height_fraction": 0.119897, "perturbation_size": 0.005, "optimizer": "FIRE", "found_minima": [[0.6234994049, 0.02803775853], [-0.050757208821701844, 0.4668652665090961], [-0.5582236551083722, 1.4417258207600414]], "found_saddles": [[0.9385170051302362, -0.000793981208976613], [-0.8168849522574875, 0.600392346747217]], "bias_count": 49, "energy_calls_at_each_min": [1, 1812, 5583], "force_calls_at_each_min": [1, 1812, 5583], "min_height_scale": 2.0, "max_height_scale": 1.5, "min_cov_scale": 2.0, "max_cov_scale": 3.0, "pert_type": "adaptive"}