{"run_id": 597, "bias_std_dev_scale": 0.170998, "bias_height_fraction": 0.119897, "perturbation_size": 0.005, "optimizer": "FIRE", "found_minima": [[0.6234994049, 0.02803775853], [-0.05127678483534314, 0.4669262569426552], [-0.5582236464506846, 1.4417258301422116]], "found_saddles": [[1.0014858164055578, -0.026509867317146524], [-0.5400017535288282, 0.2555003115916913]], "bias_count": 51, "energy_calls_at_each_min": [1, 2216, 6153], "force_calls_at_each_min": [1, 2216, 6153], "min_height_scale": 1.5, "max_height_scale": 2.5, "min_cov_scale": 2.5, "max_cov_scale": 2.5, "pert_type": "adaptive"}