{"run_id": 562, "bias_std_dev_scale": 0.170998, "bias_height_fraction": 0.119897, "perturbation_size": 0.005, "optimizer": "FIRE", "found_minima": [[0.6234994049, 0.02803775853], [-0.050017754308117404, 0.46669556310070914], [-0.5582236367443847, 1.441725842148962]], "found_saddles": [[0.14182401592755045, 0.06742684554514575], [-0.7529186181754117, 0.684142491379071]], "bias_count": 54, "energy_calls_at_each_min": [1, 1596, 6429], "force_calls_at_each_min": [1, 1596, 6429], "min_height_scale": 1.5, "max_height_scale": 2.0, "min_cov_scale": 2.5, "max_cov_scale": 2.0, "pert_type": "fixed"}