{"run_id": 191, "bias_std_dev_scale": 0.170998, "bias_height_fraction": 0.119897, "perturbation_size": 0.005, "optimizer": "FIRE", "found_minima": [[0.6234994049, 0.02803775853], [-0.050022212755315036, 0.46669671087868486], [-0.5582236148849646, 1.4417258621521003]], "found_saddles": [[0.23367032391963843, 0.29992092666060255], [-0.2517433166044072, 0.7316946695810675]], "bias_count": 72, "energy_calls_at_each_min": [1, 1308, 9004], "force_calls_at_each_min": [1, 1308, 9004], "min_height_scale": 2.0, "max_height_scale": 2.0, "min_cov_scale": 3.0, "max_cov_scale": 3.0, "pert_type": "adaptive"}