{"run_id": 2476, "bias_std_dev_scale": 0.170998, "bias_height_fraction": 0.119897, "perturbation_size": 0.005, "optimizer": "FIRE", "found_minima": [[0.6234994049, 0.02803775853], [-0.05003089381281813, 0.4666994679799326], [-0.558223618128075, 1.4417258593973319]], "found_saddles": [[0.23626597946570568, 0.2855918760036168], [-0.0900693413953149, -0.04232621276759458]], "bias_count": 79, "energy_calls_at_each_min": [1, 2041, 9773], "force_calls_at_each_min": [1, 2041, 9773], "min_height_scale": 3.0, "max_height_scale": 2.0, "min_cov_scale": 2.0, "max_cov_scale": 2.5, "pert_type": "fixed"}