{"run_id": 4771, "bias_std_dev_scale": 0.170998, "bias_height_fraction": 0.119897, "perturbation_size": 0.005, "optimizer": "FIRE", "found_minima": [[0.6234994049, 0.02803775853], [-0.05026030951968687, 0.46675861581521993], [-0.5582236126618539, 1.4417258642046604]], "found_saddles": [[0.2617968425321172, 0.3436446830802177], [-0.8526907562001489, 0.5385700749623354]], "bias_count": 68, "energy_calls_at_each_min": [1, 1942, 8289], "force_calls_at_each_min": [1, 1942, 8289], "min_height_scale": 2.0, "max_height_scale": 2.0, "min_cov_scale": 1.5, "max_cov_scale": 2.0, "pert_type": "adaptive"}