{"run_id": 2502, "bias_std_dev_scale": 0.170998, "bias_height_fraction": 0.119897, "perturbation_size": 0.005, "optimizer": "FIRE", "found_minima": [[0.6234994049, 0.02803775853], [-0.5582236503367906, 1.4417258270762554]], "found_saddles": [[-0.8460403488037359, 0.5139971654140568]], "bias_count": 5000, "energy_calls_at_each_min": [1, 5128], "force_calls_at_each_min": [1, 5128], "min_height_scale": 3.0, "max_height_scale": 2.5, "min_cov_scale": 1.5, "max_cov_scale": 3.0, "pert_type": "fixed"}