{"run_id": 1524, "bias_std_dev_scale": 0.170998, "bias_height_fraction": 0.119897, "perturbation_size": 0.005, "optimizer": "FIRE", "found_minima": [[0.6234994049, 0.02803775853], [-0.050012470248282447, 0.4666944829051146], [-0.5582236294503663, 1.4417258489879978]], "found_saddles": [[0.19808787817721635, 0.28640356300163916], [-0.6293363059604967, 0.27716174571175245]], "bias_count": 57, "energy_calls_at_each_min": [1, 1192, 6993], "force_calls_at_each_min": [1, 1192, 6993], "min_height_scale": 3.0, "max_height_scale": 3.0, "min_cov_scale": 2.5, "max_cov_scale": 2.5, "pert_type": "fixed"}