{"run_id": 3354, "bias_std_dev_scale": 0.170998, "bias_height_fraction": 0.119897, "perturbation_size": 0.005, "optimizer": "FIRE", "found_minima": [[0.6234994049, 0.02803775853], [-0.05210630823734674, 0.4671476957385945], [-0.5582236493522126, 1.4417258272565823]], "found_saddles": [[0.11689887951716824, 0.19528162823448914], [-0.7408841590833936, 0.6874430522732144]], "bias_count": 110, "energy_calls_at_each_min": [1, 1972, 13618], "force_calls_at_each_min": [1, 1972, 13618], "min_height_scale": 2.5, "max_height_scale": 1.5, "min_cov_scale": 3.0, "max_cov_scale": 2.0, "pert_type": "fixed"}