{"run_id": 42, "bias_std_dev_scale": 0.170998, "bias_height_fraction": 0.119897, "perturbation_size": 0.005, "optimizer": "FIRE", "found_minima": [[0.6234994049, 0.02803775853], [-0.05002407738612438, 0.4666971152649206], [-0.5582236534458311, 1.4417258241014135]], "found_saddles": [[0.2161812716672562, 0.2726382031581059], [-0.8690411277439268, 0.5868743268816987]], "bias_count": 73, "energy_calls_at_each_min": [1, 735, 9200], "force_calls_at_each_min": [1, 735, 9200], "min_height_scale": 1.5, "max_height_scale": 2.0, "min_cov_scale": 2.0, "max_cov_scale": 2.0, "pert_type": "fixed"}