{"run_id": 2671, "bias_std_dev_scale": 0.170998, "bias_height_fraction": 0.119897, "perturbation_size": 0.005, "optimizer": "FIRE", "found_minima": [[0.6234994049, 0.02803775853], [-0.05036187863255418, 0.46675024505809465], [-0.5582235986776344, 1.441725878764893]], "found_saddles": [[0.2823375853544566, 0.31075061520986363], [-0.5005459254507915, 0.20646931001052227]], "bias_count": 44, "energy_calls_at_each_min": [1, 994, 5320], "force_calls_at_each_min": [1, 994, 5320], "min_height_scale": 1.5, "max_height_scale": 3.0, "min_cov_scale": 2.0, "max_cov_scale": 3.0, "pert_type": "adaptive"}