{"run_id": 5007, "bias_std_dev_scale": 0.170998, "bias_height_fraction": 0.119897, "perturbation_size": 0.005, "optimizer": "FIRE", "found_minima": [[0.6234994049, 0.02803775853], [-0.05020699356566742, 0.46674404035442796], [-0.5582236374457012, 1.44172583836796]], "found_saddles": [[0.24154995813870472, 0.29644862169032515], [-0.7603029895904307, 0.6593663835280367]], "bias_count": 76, "energy_calls_at_each_min": [1, 2425, 8982], "force_calls_at_each_min": [1, 2425, 8982], "min_height_scale": 3.0, "max_height_scale": 1.5, "min_cov_scale": 2.0, "max_cov_scale": 3.0, "pert_type": "adaptive"}