{"run_id": 1185, "bias_std_dev_scale": 0.170998, "bias_height_fraction": 0.119897, "perturbation_size": 0.005, "optimizer": "FIRE", "found_minima": [[0.6234994049, 0.02803775853], [-0.05184279795179183, 0.4671112215782503], [-0.5582236466935129, 1.4417258298946258]], "found_saddles": [[0.2592839705535503, 0.36670321532514727], [-0.1989294393659386, 0.11035473435470483]], "bias_count": 72, "energy_calls_at_each_min": [1, 1429, 8420], "force_calls_at_each_min": [1, 1429, 8420], "min_height_scale": 2.0, "max_height_scale": 2.0, "min_cov_scale": 1.5, "max_cov_scale": 1.5, "pert_type": "adaptive"}