{"run_id": 1733, "bias_std_dev_scale": 0.170998, "bias_height_fraction": 0.119897, "perturbation_size": 0.005, "optimizer": "FIRE", "found_minima": [[0.6234994049, 0.02803775853], [-0.05387033381351047, 0.4676070664284767], [-0.5582236461354763, 1.4417258304258798]], "found_saddles": [[0.2880259855069289, 0.3823025939566464], [-0.8444731343390288, 0.6052187811674666]], "bias_count": 16, "energy_calls_at_each_min": [1, 849, 1701], "force_calls_at_each_min": [1, 849, 1701], "min_height_scale": 2.0, "max_height_scale": 2.5, "min_cov_scale": 1.5, "max_cov_scale": 2.5, "pert_type": "adaptive"}