{"run_id": 1440, "bias_std_dev_scale": 0.170998, "bias_height_fraction": 0.119897, "perturbation_size": 0.005, "optimizer": "FIRE", "found_minima": [[0.6234994049, 0.02803775853], [-0.05032104731187648, 0.46676898875769374], [-0.558223642573933, 1.441725832441156]], "found_saddles": [[0.33392362913321977, 0.3403653728136182], [-0.750941005926184, 0.7414236869262814]], "bias_count": 55, "energy_calls_at_each_min": [1, 1720, 6509], "force_calls_at_each_min": [1, 1720, 6509], "min_height_scale": 3.0, "max_height_scale": 2.0, "min_cov_scale": 1.5, "max_cov_scale": 1.5, "pert_type": "fixed"}