{"run_id": 1634, "bias_std_dev_scale": 0.170998, "bias_height_fraction": 0.119897, "perturbation_size": 0.005, "optimizer": "FIRE", "found_minima": [[0.6234994049, 0.02803775853], [-0.0500122433592966, 0.46669441311551324], [-0.5582236208602203, 1.4417258549681096]], "found_saddles": [[0.12072078621231437, 0.2194210541675533], [-0.796179257126089, 0.6552445394313372]], "bias_count": 36, "energy_calls_at_each_min": [1, 1244, 4318], "force_calls_at_each_min": [1, 1244, 4318], "min_height_scale": 1.5, "max_height_scale": 3.0, "min_cov_scale": 1.5, "max_cov_scale": 2.0, "pert_type": "fixed"}