{"run_id": 1694, "bias_std_dev_scale": 0.170998, "bias_height_fraction": 0.119897, "perturbation_size": 0.005, "optimizer": "FIRE", "found_minima": [[0.6234994049, 0.02803775853], [-0.05021880809152661, 0.466836500499845], [-0.5582236177025737, 1.441725857309816]], "found_saddles": [[0.2617853256440183, 0.2959413754419792], [-0.7022811623485549, 0.6876742328987091]], "bias_count": 81, "energy_calls_at_each_min": [1, 1786, 9797], "force_calls_at_each_min": [1, 1786, 9797], "min_height_scale": 2.0, "max_height_scale": 1.5, "min_cov_scale": 3.0, "max_cov_scale": 3.0, "pert_type": "fixed"}