{"run_id": 289, "bias_std_dev_scale": 0.170998, "bias_height_fraction": 0.119897, "perturbation_size": 0.005, "optimizer": "FIRE", "found_minima": [[0.6234994049, 0.02803775853], [-0.05005530314263875, 0.4667075650816009], [-0.5582236465395785, 1.441725830155189]], "found_saddles": [[0.29254612002823427, 0.29734773947873777], [-0.8529582060840396, 0.6156580092330419]], "bias_count": 19, "energy_calls_at_each_min": [1, 1356, 1999], "force_calls_at_each_min": [1, 1356, 1999], "min_height_scale": 2.5, "max_height_scale": 2.0, "min_cov_scale": 1.5, "max_cov_scale": 1.5, "pert_type": "adaptive"}