{"run_id": 3419, "bias_std_dev_scale": 0.170998, "bias_height_fraction": 0.119897, "perturbation_size": 0.005, "optimizer": "FIRE", "found_minima": [[0.6234994049, 0.02803775853], [-0.05001864023208743, 0.46669590625251073], [-0.5582236328311522, 1.4417258406331472]], "found_saddles": [[0.3412027195788682, 0.30989364035364086], [-0.20975068631413518, -0.015683919109730406]], "bias_count": 102, "energy_calls_at_each_min": [1, 2458, 12546], "force_calls_at_each_min": [1, 2458, 12546], "min_height_scale": 2.5, "max_height_scale": 2.5, "min_cov_scale": 3.0, "max_cov_scale": 2.0, "pert_type": "adaptive"}