{"run_id": 1658, "bias_std_dev_scale": 0.170998, "bias_height_fraction": 0.119897, "perturbation_size": 0.005, "optimizer": "FIRE", "found_minima": [[0.6234994049, 0.02803775853], [-0.05003571076960964, 0.4666997527914899], [-0.5582236431450517, 1.4417258334020755]], "found_saddles": [[0.4779341264338313, 0.2565607338947165], [-0.32743339411371153, 0.055459731469935256]], "bias_count": 85, "energy_calls_at_each_min": [1, 2068, 10360], "force_calls_at_each_min": [1, 2068, 10360], "min_height_scale": 1.5, "max_height_scale": 3.0, "min_cov_scale": 3.0, "max_cov_scale": 2.0, "pert_type": "fixed"}