{"run_id": 3929, "bias_std_dev_scale": 0.170998, "bias_height_fraction": 0.119897, "perturbation_size": 0.005, "optimizer": "FIRE", "found_minima": [[0.6234994049, 0.02803775853], [-0.05001133688258152, 0.4666942220546389], [-0.5582236427130204, 1.4417258337589087]], "found_saddles": [[0.10147510720618583, 0.11562561265833361], [-0.8679898870459735, 0.5806779282858653]], "bias_count": 66, "energy_calls_at_each_min": [1, 2139, 7771], "force_calls_at_each_min": [1, 2139, 7771], "min_height_scale": 2.5, "max_height_scale": 2.5, "min_cov_scale": 3.0, "max_cov_scale": 1.5, "pert_type": "adaptive"}