{"run_id": 1173, "bias_std_dev_scale": 0.170998, "bias_height_fraction": 0.119897, "perturbation_size": 0.005, "optimizer": "FIRE", "found_minima": [[0.6234994049, 0.02803775853], [-0.05002980248563111, 0.4666987540329296], [-0.5582236330539672, 1.4417258481853499]], "found_saddles": [[0.23753980687911178, 0.30403475930858237], [-0.24989676767057561, 0.1575831189472744]], "bias_count": 92, "energy_calls_at_each_min": [1, 1718, 11338], "force_calls_at_each_min": [1, 1718, 11338], "min_height_scale": 2.0, "max_height_scale": 1.5, "min_cov_scale": 2.5, "max_cov_scale": 2.5, "pert_type": "adaptive"}