{"run_id": 751, "bias_std_dev_scale": 0.170998, "bias_height_fraction": 0.119897, "perturbation_size": 0.005, "optimizer": "FIRE", "found_minima": [[0.6234994049, 0.02803775853], [-0.050325309571964655, 0.4667522515797213], [-0.5582236200997924, 1.4417258558944492]], "found_saddles": [[0.09930926666237923, 0.15490493021976645], [-0.45439701902293206, 0.1747241170239985]], "bias_count": 79, "energy_calls_at_each_min": [1, 1047, 9902], "force_calls_at_each_min": [1, 1047, 9902], "min_height_scale": 2.0, "max_height_scale": 3.0, "min_cov_scale": 2.0, "max_cov_scale": 3.0, "pert_type": "adaptive"}