{"run_id": 3117, "bias_std_dev_scale": 0.170998, "bias_height_fraction": 0.119897, "perturbation_size": 0.005, "optimizer": "FIRE", "found_minima": [[0.6234994049, 0.02803775853], [-0.05002720542353882, 0.4666975688162342], [-0.5582236403240936, 1.441725838065164]], "found_saddles": [[0.22838349507949068, 0.3238349044135319], [-0.7033355713839331, 0.6894853764670814]], "bias_count": 39, "energy_calls_at_each_min": [1, 1090, 4537], "force_calls_at_each_min": [1, 1090, 4537], "min_height_scale": 1.5, "max_height_scale": 2.0, "min_cov_scale": 2.0, "max_cov_scale": 2.5, "pert_type": "adaptive"}