{"run_id": 192, "bias_std_dev_scale": 0.170998, "bias_height_fraction": 0.119897, "perturbation_size": 0.005, "optimizer": "FIRE", "found_minima": [[0.6234994049, 0.02803775853], [-0.05036053915666979, 0.4667973682185177], [-0.55822364984137, 1.4417258270135531]], "found_saddles": [[0.329339610804225, 0.35909812285586473], [-0.8427928114790655, 0.5842990730973145]], "bias_count": 53, "energy_calls_at_each_min": [1, 1750, 6303], "force_calls_at_each_min": [1, 1750, 6303], "min_height_scale": 2.0, "max_height_scale": 2.5, "min_cov_scale": 1.5, "max_cov_scale": 1.5, "pert_type": "fixed"}