{"run_id": 590, "bias_std_dev_scale": 0.170998, "bias_height_fraction": 0.119897, "perturbation_size": 0.005, "optimizer": "FIRE", "found_minima": [[0.6234994049, 0.02803775853], [-0.05403197287641015, 0.46728028236815905], [-0.5582236203660434, 1.4417258571916463]], "found_saddles": [[0.09665476247241614, 0.19773688692924257], [-0.7915834821318675, 0.6765889832991449]], "bias_count": 39, "energy_calls_at_each_min": [1, 1490, 4636], "force_calls_at_each_min": [1, 1490, 4636], "min_height_scale": 1.5, "max_height_scale": 2.5, "min_cov_scale": 2.0, "max_cov_scale": 3.0, "pert_type": "fixed"}