{"run_id": 1589, "bias_std_dev_scale": 0.170998, "bias_height_fraction": 0.119897, "perturbation_size": 0.005, "optimizer": "FIRE", "found_minima": [[0.6234994049, 0.02803775853], [-0.050034347965362665, 0.4666992638540832], [-0.5582236476425435, 1.441725829271444]], "found_saddles": [[0.2669180318840749, 0.2874017792822651], [-0.22939379671958451, 0.1603392582827272]], "bias_count": 74, "energy_calls_at_each_min": [1, 1757, 8952], "force_calls_at_each_min": [1, 1757, 8952], "min_height_scale": 1.5, "max_height_scale": 2.0, "min_cov_scale": 2.5, "max_cov_scale": 2.5, "pert_type": "adaptive"}