{"run_id": 1228, "bias_std_dev_scale": 0.170998, "bias_height_fraction": 0.119897, "perturbation_size": 0.005, "optimizer": "FIRE", "found_minima": [[0.6234994049, 0.02803775853], [-0.05143201448285749, 0.467026044779141], [-0.5582236196627388, 1.4417258551571885]], "found_saddles": [[0.4295545960629283, 0.28819926392222206], [-0.8434968550914846, 0.5498857638326682]], "bias_count": 30, "energy_calls_at_each_min": [1, 985, 3544], "force_calls_at_each_min": [1, 985, 3544], "min_height_scale": 2.0, "max_height_scale": 2.5, "min_cov_scale": 2.0, "max_cov_scale": 2.5, "pert_type": "fixed"}