{"run_id": 1067, "bias_std_dev_scale": 0.170998, "bias_height_fraction": 0.119897, "perturbation_size": 0.005, "optimizer": "FIRE", "found_minima": [[0.6234994049, 0.02803775853], [-0.05006479691528219, 0.4667058941933303], [-0.5582236206853747, 1.4417258553088768]], "found_saddles": [[0.12909285849764637, 0.2770788696027004], [-0.09661267876890846, 0.010616527577555997]], "bias_count": 86, "energy_calls_at_each_min": [1, 1829, 10351], "force_calls_at_each_min": [1, 1829, 10351], "min_height_scale": 1.5, "max_height_scale": 2.0, "min_cov_scale": 2.0, "max_cov_scale": 2.0, "pert_type": "adaptive"}