{"run_id": 2754, "bias_std_dev_scale": 0.170998, "bias_height_fraction": 0.119897, "perturbation_size": 0.005, "optimizer": "FIRE", "found_minima": [[0.6234994049, 0.02803775853], [-0.050692634955709096, 0.4669151879025482], [-0.5582236404033234, 1.4417258378734785]], "found_saddles": [[0.26612125711957807, 0.3510809577359951], [-0.23364600599722546, 0.09988423071535418]], "bias_count": 52, "energy_calls_at_each_min": [1, 1531, 5972], "force_calls_at_each_min": [1, 1531, 5972], "min_height_scale": 2.0, "max_height_scale": 2.5, "min_cov_scale": 1.5, "max_cov_scale": 2.0, "pert_type": "fixed"}