{"run_id": 4006, "bias_std_dev_scale": 0.170998, "bias_height_fraction": 0.119897, "perturbation_size": 0.005, "optimizer": "FIRE", "found_minima": [[0.6234994049, 0.02803775853], [-0.05227317861594561, 0.4670713078855741], [-0.5582236511121487, 1.441725826791348]], "found_saddles": [[0.12180344982129435, 0.1170488243735382], [-0.16313805944855103, 0.0038765353429864643]], "bias_count": 66, "energy_calls_at_each_min": [1, 1027, 8202], "force_calls_at_each_min": [1, 1027, 8202], "min_height_scale": 3.0, "max_height_scale": 2.0, "min_cov_scale": 1.5, "max_cov_scale": 3.0, "pert_type": "fixed"}