{"run_id": 3620, "bias_std_dev_scale": 0.170998, "bias_height_fraction": 0.119897, "perturbation_size": 0.005, "optimizer": "FIRE", "found_minima": [[0.6234994049, 0.02803775853], [-0.05101845139014643, 0.46696967718624083], [-0.5582236473741843, 1.44172583068702]], "found_saddles": [[0.2594445110465734, 0.3048044435597009], [-0.42500035083669135, 0.23635555738945194]], "bias_count": 69, "energy_calls_at_each_min": [1, 1008, 8402], "force_calls_at_each_min": [1, 1008, 8402], "min_height_scale": 1.5, "max_height_scale": 2.0, "min_cov_scale": 1.5, "max_cov_scale": 2.5, "pert_type": "fixed"}