{"run_id": 1182, "bias_std_dev_scale": 0.170998, "bias_height_fraction": 0.119897, "perturbation_size": 0.005, "optimizer": "FIRE", "found_minima": [[0.6234994049, 0.02803775853], [-0.052794023803287515, 0.4674156098864049], [-0.5582236269903915, 1.441725850401003]], "found_saddles": [[0.312474503468048, 0.3356926463618204], [-0.1408517466810654, -0.007614008912102139]], "bias_count": 111, "energy_calls_at_each_min": [1, 1769, 13744], "force_calls_at_each_min": [1, 1769, 13744], "min_height_scale": 2.0, "max_height_scale": 1.5, "min_cov_scale": 3.0, "max_cov_scale": 3.0, "pert_type": "fixed"}