{"run_id": 4640, "bias_std_dev_scale": 0.170998, "bias_height_fraction": 0.119897, "perturbation_size": 0.005, "optimizer": "FIRE", "found_minima": [[0.6234994049, 0.02803775853], [-0.05001293943661038, 0.4666946072335557], [-0.5582236166164298, 1.4417258609804813]], "found_saddles": [[0.23344444722067242, 0.2913860852746081], [-0.7199159205081526, 0.38153582408712355]], "bias_count": 75, "energy_calls_at_each_min": [1, 1636, 8932], "force_calls_at_each_min": [1, 1636, 8932], "min_height_scale": 1.5, "max_height_scale": 2.0, "min_cov_scale": 1.5, "max_cov_scale": 1.5, "pert_type": "fixed"}