{"run_id": 4330, "bias_std_dev_scale": 0.170998, "bias_height_fraction": 0.119897, "perturbation_size": 0.005, "optimizer": "FIRE", "found_minima": [[0.6234994049, 0.02803775853], [-0.052218596052094064, 0.46715329007257966], [-0.5582236543754316, 1.4417258222982365]], "found_saddles": [[0.21301805392133702, -0.09456917855293816], [-0.41459995956928236, 0.7853150377679085]], "bias_count": 78, "energy_calls_at_each_min": [1, 2256, 9578], "force_calls_at_each_min": [1, 2256, 9578], "min_height_scale": 2.0, "max_height_scale": 3.0, "min_cov_scale": 2.0, "max_cov_scale": 2.0, "pert_type": "fixed"}