{"run_id": 1300, "bias_std_dev_scale": 0.170998, "bias_height_fraction": 0.119897, "perturbation_size": 0.005, "optimizer": "FIRE", "found_minima": [[0.6234994049, 0.02803775853], [-0.050198927444140985, 0.4667458433474234], [-0.5582236437604544, 1.4417258316874406]], "found_saddles": [[0.2580718374238373, 0.2922001882662185], [1.0459351307763487, 0.010600405158384289]], "bias_count": 96, "energy_calls_at_each_min": [1, 1518, 11595], "force_calls_at_each_min": [1, 1518, 11595], "min_height_scale": 2.5, "max_height_scale": 1.5, "min_cov_scale": 2.5, "max_cov_scale": 2.5, "pert_type": "fixed"}