{"run_id": 1815, "bias_std_dev_scale": 0.170998, "bias_height_fraction": 0.119897, "perturbation_size": 0.005, "optimizer": "FIRE", "found_minima": [[0.6234994049, 0.02803775853], [-0.05026871641171538, 0.4667516155153011], [-0.5582236438430314, 1.441725832364213]], "found_saddles": [[0.21460778646908243, 0.27766785652501685], [-0.787277889885128, 0.6475259090647328]], "bias_count": 41, "energy_calls_at_each_min": [1, 1942, 4958], "force_calls_at_each_min": [1, 1942, 4958], "min_height_scale": 2.5, "max_height_scale": 1.5, "min_cov_scale": 2.5, "max_cov_scale": 3.0, "pert_type": "adaptive"}