{"run_id": 4997, "bias_std_dev_scale": 0.170998, "bias_height_fraction": 0.119897, "perturbation_size": 0.005, "optimizer": "FIRE", "found_minima": [[0.6234994049, 0.02803775853], [-0.0512219109811925, 0.46708935149757097], [-0.5582236445743997, 1.4417258323110236]], "found_saddles": [[0.24944546087244443, 0.2918867007529734], [-0.8165146245892543, 0.6094466715721535]], "bias_count": 61, "energy_calls_at_each_min": [1, 1361, 7085], "force_calls_at_each_min": [1, 1361, 7085], "min_height_scale": 3.0, "max_height_scale": 1.5, "min_cov_scale": 1.5, "max_cov_scale": 2.5, "pert_type": "adaptive"}