{"run_id": 4912, "bias_std_dev_scale": 0.170998, "bias_height_fraction": 0.119897, "perturbation_size": 0.005, "optimizer": "FIRE", "found_minima": [[0.6234994049, 0.02803775853], [-0.050014930529020896, 0.4666951782012658], [-0.5582236415159358, 1.4417258335534096]], "found_saddles": [[0.252040211350374, 0.3054545021808596], [-0.0675253468838515, 0.7626672978149344]], "bias_count": 137, "energy_calls_at_each_min": [1, 947, 16821], "force_calls_at_each_min": [1, 947, 16821], "min_height_scale": 2.5, "max_height_scale": 2.0, "min_cov_scale": 2.5, "max_cov_scale": 1.5, "pert_type": "fixed"}