{"run_id": 2359, "bias_std_dev_scale": 0.170998, "bias_height_fraction": 0.119897, "perturbation_size": 0.005, "optimizer": "FIRE", "found_minima": [[0.6234994049, 0.02803775853], [-0.5582236490402128, 1.4417258275724514]], "found_saddles": [[-0.7370461762558291, 0.6771694114362119]], "bias_count": 5000, "energy_calls_at_each_min": [1, 7768], "force_calls_at_each_min": [1, 7768], "min_height_scale": 2.5, "max_height_scale": 2.0, "min_cov_scale": 2.5, "max_cov_scale": 3.0, "pert_type": "adaptive"}