{"run_id": 2268, "bias_std_dev_scale": 0.170998, "bias_height_fraction": 0.119897, "perturbation_size": 0.005, "optimizer": "FIRE", "found_minima": [[0.6234994049, 0.02803775853], [-0.050301434312504924, 0.46677750653262096], [-0.5582236419172343, 1.4417258348578428]], "found_saddles": [[0.9596892809964215, -0.061746115220027264], [-0.47348264699447246, 0.7034365223032154]], "bias_count": 51, "energy_calls_at_each_min": [1, 2901, 6335], "force_calls_at_each_min": [1, 2901, 6335], "min_height_scale": 2.0, "max_height_scale": 2.5, "min_cov_scale": 3.0, "max_cov_scale": 2.5, "pert_type": "fixed"}