{"run_id": 3986, "bias_std_dev_scale": 0.170998, "bias_height_fraction": 0.119897, "perturbation_size": 0.005, "optimizer": "FIRE", "found_minima": [[0.6234994049, 0.02803775853], [-0.05001261241603826, 0.46669441790622507], [-0.558223624539545, 1.4417258508744937]], "found_saddles": [[0.15755259801831387, 0.24602166348848253], [-0.22671777294665124, 0.025398711876019914]], "bias_count": 128, "energy_calls_at_each_min": [1, 2090, 15840], "force_calls_at_each_min": [1, 2090, 15840], "min_height_scale": 3.0, "max_height_scale": 1.5, "min_cov_scale": 2.5, "max_cov_scale": 2.0, "pert_type": "fixed"}