{"run_id": 1887, "bias_std_dev_scale": 0.170998, "bias_height_fraction": 0.119897, "perturbation_size": 0.005, "optimizer": "FIRE", "found_minima": [[0.6234994049, 0.02803775853], [-0.05006657937453882, 0.4667104520463645], [-0.5582236517077699, 1.4417258238054353]], "found_saddles": [[0.0761592901071125, 0.23835679745625157], [0.2473020397343229, 0.6864520043407061]], "bias_count": 77, "energy_calls_at_each_min": [1, 1433, 9677], "force_calls_at_each_min": [1, 1433, 9677], "min_height_scale": 2.5, "max_height_scale": 2.5, "min_cov_scale": 3.0, "max_cov_scale": 3.0, "pert_type": "adaptive"}