{"run_id": 4507, "bias_std_dev_scale": 0.170998, "bias_height_fraction": 0.119897, "perturbation_size": 0.005, "optimizer": "FIRE", "found_minima": [[0.6234994049, 0.02803775853], [-0.05002005234122692, 0.46669567996926736], [-0.5582236446217748, 1.4417258331406497]], "found_saddles": [[0.2779334119071282, 0.3219807233580307], [-0.8557202410102777, 0.5461521733958487]], "bias_count": 126, "energy_calls_at_each_min": [1, 1995, 15402], "force_calls_at_each_min": [1, 1995, 15402], "min_height_scale": 3.0, "max_height_scale": 1.5, "min_cov_scale": 3.0, "max_cov_scale": 2.0, "pert_type": "adaptive"}