{"run_id": 3487, "bias_std_dev_scale": 0.170998, "bias_height_fraction": 0.119897, "perturbation_size": 0.005, "optimizer": "FIRE", "found_minima": [[0.6234994049, 0.02803775853], [-0.05037171901278561, 0.4667720971606769], [-0.5582236388327592, 1.4417258339949885]], "found_saddles": [[0.23443237126715383, 0.3121480268587638], [-0.7581414485937676, 0.41724558026550845]], "bias_count": 80, "energy_calls_at_each_min": [1, 1788, 9883], "force_calls_at_each_min": [1, 1788, 9883], "min_height_scale": 3.0, "max_height_scale": 1.5, "min_cov_scale": 3.0, "max_cov_scale": 3.0, "pert_type": "adaptive"}