{"run_id": 4773, "bias_std_dev_scale": 0.170998, "bias_height_fraction": 0.119897, "perturbation_size": 0.005, "optimizer": "FIRE", "found_minima": [[0.6234994049, 0.02803775853], [-0.050426264378124634, 0.4668590007714963], [-0.5582236225109133, 1.441725851809653]], "found_saddles": [[0.12881035174069666, 0.2015795575413496], [-0.833300890576634, 0.6032031754430547]], "bias_count": 41, "energy_calls_at_each_min": [1, 1569, 4848], "force_calls_at_each_min": [1, 1569, 4848], "min_height_scale": 2.0, "max_height_scale": 2.0, "min_cov_scale": 1.5, "max_cov_scale": 2.5, "pert_type": "adaptive"}