{"run_id": 340, "bias_std_dev_scale": 0.170998, "bias_height_fraction": 0.119897, "perturbation_size": 0.005, "optimizer": "FIRE", "found_minima": [[0.6234994049, 0.02803775853], [-0.050012594551485816, 0.4666945390403122], [-0.5582236479575007, 1.4417258288659676]], "found_saddles": [[0.20900678603446005, 0.2831440287708824], [-0.12805297062043414, -0.01193580000824164]], "bias_count": 68, "energy_calls_at_each_min": [1, 963, 8395], "force_calls_at_each_min": [1, 963, 8395], "min_height_scale": 2.5, "max_height_scale": 2.5, "min_cov_scale": 2.5, "max_cov_scale": 2.5, "pert_type": "fixed"}