{"run_id": 2117, "bias_std_dev_scale": 0.170998, "bias_height_fraction": 0.119897, "perturbation_size": 0.005, "optimizer": "FIRE", "found_minima": [[0.6234994049, 0.02803775853], [-0.05001183657532883, 0.46669438051956635], [-0.5582236198970036, 1.4417258569728295]], "found_saddles": [[0.3239676571249115, 0.3075997957899679], [-0.8295812279301162, 0.6279400729282876]], "bias_count": 34, "energy_calls_at_each_min": [1, 1189, 3933], "force_calls_at_each_min": [1, 1189, 3933], "min_height_scale": 1.5, "max_height_scale": 2.5, "min_cov_scale": 1.5, "max_cov_scale": 2.5, "pert_type": "adaptive"}