{"run_id": 5119, "bias_std_dev_scale": 0.170998, "bias_height_fraction": 0.119897, "perturbation_size": 0.005, "optimizer": "FIRE", "found_minima": [[0.6234994049, 0.02803775853], [-0.05001455116047456, 0.46669495677827183], [-0.5582236547425727, 1.4417258214323134]], "found_saddles": [[0.22901070108282814, 0.3144295110796397], [-0.1967827955176597, 0.09956641842241479]], "bias_count": 38, "energy_calls_at_each_min": [1, 1093, 4765], "force_calls_at_each_min": [1, 1093, 4765], "min_height_scale": 3.0, "max_height_scale": 3.0, "min_cov_scale": 3.0, "max_cov_scale": 3.0, "pert_type": "adaptive"}