{"run_id": 4807, "bias_std_dev_scale": 0.170998, "bias_height_fraction": 0.119897, "perturbation_size": 0.005, "optimizer": "FIRE", "found_minima": [[0.6234994049, 0.02803775853], [-0.05091545126384789, 0.46688637120426874], [-0.5582236452360694, 1.441725831676597]], "found_saddles": [[0.08974718300102616, 0.22837188590012447], [-0.79731176798509, 0.6697583328007164]], "bias_count": 49, "energy_calls_at_each_min": [1, 1059, 5914], "force_calls_at_each_min": [1, 1059, 5914], "min_height_scale": 2.0, "max_height_scale": 2.5, "min_cov_scale": 1.5, "max_cov_scale": 3.0, "pert_type": "adaptive"}