{"run_id": 4955, "bias_std_dev_scale": 0.170998, "bias_height_fraction": 0.119897, "perturbation_size": 0.005, "optimizer": "FIRE", "found_minima": [[0.6234994049, 0.02803775853], [-0.05004361869185734, 0.4667051641084327], [-0.5582236354758664, 1.4417258398411543]], "found_saddles": [[0.4133613046055281, 0.33147098083864757], [0.6063115399303135, 0.41639121105404914]], "bias_count": 92, "energy_calls_at_each_min": [1, 2042, 11455], "force_calls_at_each_min": [1, 2042, 11455], "min_height_scale": 2.5, "max_height_scale": 2.5, "min_cov_scale": 3.0, "max_cov_scale": 2.0, "pert_type": "adaptive"}