{"run_id": 1434, "bias_std_dev_scale": 0.170998, "bias_height_fraction": 0.119897, "perturbation_size": 0.005, "optimizer": "FIRE", "found_minima": [[0.6234994049, 0.02803775853], [-0.050459913164368736, 0.46680153314083167], [-0.5582236544519948, 1.4417258221141895]], "found_saddles": [[0.20850826149442875, 0.2771407237612408], [0.5207223283830432, -0.2125720930002583]], "bias_count": 128, "energy_calls_at_each_min": [1, 2719, 17201], "force_calls_at_each_min": [1, 2719, 17201], "min_height_scale": 3.0, "max_height_scale": 1.5, "min_cov_scale": 3.0, "max_cov_scale": 2.0, "pert_type": "fixed"}