{"run_id": 1242, "bias_std_dev_scale": 0.170998, "bias_height_fraction": 0.119897, "perturbation_size": 0.005, "optimizer": "FIRE", "found_minima": [[0.6234994049, 0.02803775853], [-0.05001087486519043, 0.4666941087341811], [-0.558223618736018, 1.4417258587062445]], "found_saddles": [[0.2510640633509755, 0.31311088595167996], [0.6035206517433649, 0.46450849929620913]], "bias_count": 97, "energy_calls_at_each_min": [1, 1253, 12275], "force_calls_at_each_min": [1, 1253, 12275], "min_height_scale": 2.0, "max_height_scale": 2.5, "min_cov_scale": 3.0, "max_cov_scale": 2.0, "pert_type": "fixed"}