{"run_id": 1217, "bias_std_dev_scale": 0.170998, "bias_height_fraction": 0.119897, "perturbation_size": 0.005, "optimizer": "FIRE", "found_minima": [[0.6234994049, 0.02803775853], [-0.050049540902436365, 0.4667029300374132], [-0.5582236316584955, 1.4417258475566044]], "found_saddles": [[0.3302953595149772, 0.30677910689475973], [-0.8088780980364444, 0.6183406164208807]], "bias_count": 29, "energy_calls_at_each_min": [1, 1103, 3290], "force_calls_at_each_min": [1, 1103, 3290], "min_height_scale": 2.0, "max_height_scale": 2.5, "min_cov_scale": 1.5, "max_cov_scale": 1.5, "pert_type": "adaptive"}