{"run_id": 1595, "bias_std_dev_scale": 0.170998, "bias_height_fraction": 0.119897, "perturbation_size": 0.005, "optimizer": "FIRE", "found_minima": [[0.6234994049, 0.02803775853], [-0.05002638994974872, 0.4666969630627182], [-0.5582236453983713, 1.4417258298347935]], "found_saddles": [[0.24345023279035954, 0.2865550567768069], [-0.5927515919050779, 0.6995118822861328]], "bias_count": 102, "energy_calls_at_each_min": [1, 1381, 12167], "force_calls_at_each_min": [1, 1381, 12167], "min_height_scale": 1.5, "max_height_scale": 2.0, "min_cov_scale": 3.0, "max_cov_scale": 2.0, "pert_type": "adaptive"}