{"run_id": 920, "bias_std_dev_scale": 0.170998, "bias_height_fraction": 0.119897, "perturbation_size": 0.005, "optimizer": "FIRE", "found_minima": [[0.6234994049, 0.02803775853], [-0.05001079108599898, 0.46669410355151625], [-0.5582236182813519, 1.4417258591245399]], "found_saddles": [[0.6053032346559634, 0.21959644211389145], [-0.846873500450153, 0.6114075001343563]], "bias_count": 119, "energy_calls_at_each_min": [1, 2994, 14641], "force_calls_at_each_min": [1, 2994, 14641], "min_height_scale": 3.0, "max_height_scale": 1.5, "min_cov_scale": 3.0, "max_cov_scale": 1.5, "pert_type": "fixed"}