{"run_id": 203, "bias_std_dev_scale": 0.170998, "bias_height_fraction": 0.119897, "perturbation_size": 0.005, "optimizer": "FIRE", "found_minima": [[0.6234994049, 0.02803775853], [-0.050310151928646726, 0.46676095847975557], [-0.5582236190158143, 1.4417258588195694]], "found_saddles": [[0.9561154867445666, 0.009878567394402519], [-0.763084851694099, 0.6687805059311482]], "bias_count": 32, "energy_calls_at_each_min": [1, 1965, 3808], "force_calls_at_each_min": [1, 1965, 3808], "min_height_scale": 2.0, "max_height_scale": 2.5, "min_cov_scale": 2.0, "max_cov_scale": 2.0, "pert_type": "adaptive"}