{"run_id": 1457, "bias_std_dev_scale": 0.170998, "bias_height_fraction": 0.119897, "perturbation_size": 0.005, "optimizer": "FIRE", "found_minima": [[0.6234994049, 0.02803775853], [-0.05006168601385342, 0.4667060552714], [-0.558223617231454, 1.4417258587584165]], "found_saddles": [[0.14119466870940683, 0.2911539249194859], [0.44111565968072974, 0.5379746379958653]], "bias_count": 96, "energy_calls_at_each_min": [1, 1748, 11509], "force_calls_at_each_min": [1, 1748, 11509], "min_height_scale": 3.0, "max_height_scale": 2.0, "min_cov_scale": 2.5, "max_cov_scale": 1.5, "pert_type": "adaptive"}