{"run_id": 2698, "bias_std_dev_scale": 0.170998, "bias_height_fraction": 0.119897, "perturbation_size": 0.005, "optimizer": "FIRE", "found_minima": [[0.6234994049, 0.02803775853], [-0.05061290271568157, 0.46684228913315323], [-0.5582236536580923, 1.4417258218631899]], "found_saddles": [[0.2356047573119299, 0.31148856608698383], [-0.8493080100978704, 0.5949667844745532]], "bias_count": 62, "energy_calls_at_each_min": [1, 2223, 7266], "force_calls_at_each_min": [1, 2223, 7266], "min_height_scale": 2.0, "max_height_scale": 1.5, "min_cov_scale": 2.0, "max_cov_scale": 2.0, "pert_type": "fixed"}