{"run_id": 2839, "bias_std_dev_scale": 0.170998, "bias_height_fraction": 0.119897, "perturbation_size": 0.005, "optimizer": "FIRE", "found_minima": [[0.6234994049, 0.02803775853], [-0.050081180165180955, 0.4667109869049706], [-0.5582236545844201, 1.4417258224452905]], "found_saddles": [[0.15763761867854514, 0.2957008732342518], [-0.7583641565929851, 0.6585191156622386]], "bias_count": 57, "energy_calls_at_each_min": [1, 1385, 6931], "force_calls_at_each_min": [1, 1385, 6931], "min_height_scale": 2.5, "max_height_scale": 1.5, "min_cov_scale": 2.5, "max_cov_scale": 3.0, "pert_type": "adaptive"}