{"run_id": 2683, "bias_std_dev_scale": 0.170998, "bias_height_fraction": 0.119897, "perturbation_size": 0.005, "optimizer": "FIRE", "found_minima": [[0.6234994049, 0.02803775853], [-0.05001442359499431, 0.4666955977830414], [-0.5582236179958332, 1.4417258581045174]], "found_saddles": [[0.32685774100321385, 0.31756488775408576], [-0.03252073094184923, 0.7205233154854858]], "bias_count": 71, "energy_calls_at_each_min": [1, 1449, 8582], "force_calls_at_each_min": [1, 1449, 8582], "min_height_scale": 1.5, "max_height_scale": 3.0, "min_cov_scale": 3.0, "max_cov_scale": 2.0, "pert_type": "adaptive"}