{"run_id": 370, "bias_std_dev_scale": 0.170998, "bias_height_fraction": 0.119897, "perturbation_size": 0.005, "optimizer": "FIRE", "found_minima": [[0.6234994049, 0.02803775853], [-0.050010913401544774, 0.46669412193507287], [-0.5582236444448316, 1.441725833183458]], "found_saddles": [[0.48267292206041507, -0.12842163497786171], [-0.6919554164215461, 0.22627193932709636]], "bias_count": 65, "energy_calls_at_each_min": [1, 1831, 8024], "force_calls_at_each_min": [1, 1831, 8024], "min_height_scale": 2.5, "max_height_scale": 3.0, "min_cov_scale": 2.5, "max_cov_scale": 2.0, "pert_type": "fixed"}