{"run_id": 2654, "bias_std_dev_scale": 0.170998, "bias_height_fraction": 0.119897, "perturbation_size": 0.005, "optimizer": "FIRE", "found_minima": [[0.6234994049, 0.02803775853], [-0.05015650126025504, 0.4667231997456241], [-0.5582236207139732, 1.4417258570923481]], "found_saddles": [[0.0927436882711712, 0.2335503029108272], [-0.3095555666247384, 0.7819037473157617]], "bias_count": 84, "energy_calls_at_each_min": [1, 1152, 10420], "force_calls_at_each_min": [1, 1152, 10420], "min_height_scale": 1.5, "max_height_scale": 2.5, "min_cov_scale": 3.0, "max_cov_scale": 3.0, "pert_type": "fixed"}