{"run_id": 2539, "bias_std_dev_scale": 0.170998, "bias_height_fraction": 0.119897, "perturbation_size": 0.005, "optimizer": "FIRE", "found_minima": [[0.6234994049, 0.02803775853], [-0.050020271311571794, 0.4666961840849185], [-0.55822365250076, 1.4417258240053588]], "found_saddles": [[0.2746566717531957, 0.29938616879419944], [-0.8463157553014724, 0.5859593920915374]], "bias_count": 31, "energy_calls_at_each_min": [1, 1469, 3515], "force_calls_at_each_min": [1, 1469, 3515], "min_height_scale": 3.0, "max_height_scale": 3.0, "min_cov_scale": 2.0, "max_cov_scale": 2.0, "pert_type": "adaptive"}