{"run_id": 1201, "bias_std_dev_scale": 0.170998, "bias_height_fraction": 0.119897, "perturbation_size": 0.005, "optimizer": "FIRE", "found_minima": [[0.6234994049, 0.02803775853], [-0.050056120834081466, 0.4667032095562719], [-0.558223652025778, 1.4417258244759088]], "found_saddles": [[0.9591676468514925, 0.01426958461938841], [-0.7878116722508033, 0.6741056034605227]], "bias_count": 78, "energy_calls_at_each_min": [1, 2347, 9174], "force_calls_at_each_min": [1, 2347, 9174], "min_height_scale": 2.0, "max_height_scale": 2.0, "min_cov_scale": 2.5, "max_cov_scale": 1.5, "pert_type": "adaptive"}