{"run_id": 4918, "bias_std_dev_scale": 0.170998, "bias_height_fraction": 0.119897, "perturbation_size": 0.005, "optimizer": "FIRE", "found_minima": [[0.6234994049, 0.02803775853], [-0.050300475481787635, 0.466747929484994], [-0.5582236188711425, 1.4417258584791646]], "found_saddles": [[0.05839818874248263, 0.17550648431323138], [-0.7717374828650538, 0.6775597453553149]], "bias_count": 63, "energy_calls_at_each_min": [1, 1908, 7745], "force_calls_at_each_min": [1, 1908, 7745], "min_height_scale": 2.5, "max_height_scale": 2.0, "min_cov_scale": 2.5, "max_cov_scale": 3.0, "pert_type": "fixed"}