{"run_id": 1297, "bias_std_dev_scale": 0.170998, "bias_height_fraction": 0.119897, "perturbation_size": 0.005, "optimizer": "FIRE", "found_minima": [[0.6234994049, 0.02803775853], [-0.0500113999380103, 0.46669428961104437], [-0.5582236176376681, 1.4417258599062819]], "found_saddles": [[0.3503379358422079, 0.280393919212363], [-0.8125982118656826, 0.6224844308360197]], "bias_count": 105, "energy_calls_at_each_min": [1, 3172, 12700], "force_calls_at_each_min": [1, 3172, 12700], "min_height_scale": 2.5, "max_height_scale": 1.5, "min_cov_scale": 2.5, "max_cov_scale": 1.5, "pert_type": "adaptive"}