{"run_id": 3853, "bias_std_dev_scale": 0.170998, "bias_height_fraction": 0.119897, "perturbation_size": 0.005, "optimizer": "FIRE", "found_minima": [[0.6234994049, 0.02803775853], [-0.0511895569868889, 0.46701067780194044], [-0.5582236399925444, 1.4417258381501132]], "found_saddles": [[0.18074689496127777, -0.00635383957045413], [-0.7992545754729036, 0.6506973952679613]], "bias_count": 64, "energy_calls_at_each_min": [1, 2506, 7645], "force_calls_at_each_min": [1, 2506, 7645], "min_height_scale": 2.5, "max_height_scale": 1.5, "min_cov_scale": 2.0, "max_cov_scale": 2.5, "pert_type": "adaptive"}