{"run_id": 975, "bias_std_dev_scale": 0.170998, "bias_height_fraction": 0.119897, "perturbation_size": 0.005, "optimizer": "FIRE", "found_minima": [[0.6234994049, 0.02803775853], [-0.05005164477123647, 0.4667065438045366], [-0.5582236362422872, 1.4417258363619576]], "found_saddles": [[0.9767911126319755, 0.040703982965073604], [-0.4986344453978875, 0.21966292603296758]], "bias_count": 39, "energy_calls_at_each_min": [1, 1578, 4651], "force_calls_at_each_min": [1, 1578, 4651], "min_height_scale": 3.0, "max_height_scale": 2.5, "min_cov_scale": 2.0, "max_cov_scale": 3.0, "pert_type": "adaptive"}