{"run_id": 3997, "bias_std_dev_scale": 0.170998, "bias_height_fraction": 0.119897, "perturbation_size": 0.005, "optimizer": "FIRE", "found_minima": [[0.6234994049, 0.02803775853], [-0.0500354203531207, 0.46670936934499324], [-0.5582236300542636, 1.4417258488561666]], "found_saddles": [[0.2963250292468886, 0.3092200227170141], [-0.26361401566826415, 0.13214126500287016]], "bias_count": 103, "energy_calls_at_each_min": [1, 1505, 12898], "force_calls_at_each_min": [1, 1505, 12898], "min_height_scale": 3.0, "max_height_scale": 1.5, "min_cov_scale": 3.0, "max_cov_scale": 2.5, "pert_type": "adaptive"}