{"run_id": 5100, "bias_std_dev_scale": 0.170998, "bias_height_fraction": 0.119897, "perturbation_size": 0.005, "optimizer": "FIRE", "found_minima": [[0.6234994049, 0.02803775853], [-0.5582236206151862, 1.4417258554508359]], "found_saddles": [[-0.4991495139804791, 0.1795055222468821]], "bias_count": 5000, "energy_calls_at_each_min": [1, 9328], "force_calls_at_each_min": [1, 9328], "min_height_scale": 3.0, "max_height_scale": 3.0, "min_cov_scale": 2.0, "max_cov_scale": 2.5, "pert_type": "fixed"}