{"run_id": 2125, "bias_std_dev_scale": 0.170998, "bias_height_fraction": 0.119897, "perturbation_size": 0.005, "optimizer": "FIRE", "found_minima": [[0.6234994049, 0.02803775853], [-0.050037214814823386, 0.46669887855943837], [-0.558223649526221, 1.4417258272899995]], "found_saddles": [[0.10924388352954784, 0.12443922732865598], [-0.8427502760224992, 0.5314117777096461]], "bias_count": 46, "energy_calls_at_each_min": [1, 1786, 5255], "force_calls_at_each_min": [1, 1786, 5255], "min_height_scale": 1.5, "max_height_scale": 2.5, "min_cov_scale": 2.0, "max_cov_scale": 2.5, "pert_type": "adaptive"}