{"run_id": 4557, "bias_std_dev_scale": 0.170998, "bias_height_fraction": 0.119897, "perturbation_size": 0.005, "optimizer": "FIRE", "found_minima": [[0.6234994049, 0.02803775853], [-0.050035151938935846, 0.4666981462017291], [-0.5582236189994718, 1.4417258559444985]], "found_saddles": [[0.24447352493325744, 0.300321117343171], [-0.18654072854433823, 0.05270536587883669]], "bias_count": 56, "energy_calls_at_each_min": [1, 1181, 6503], "force_calls_at_each_min": [1, 1181, 6503], "min_height_scale": 3.0, "max_height_scale": 2.5, "min_cov_scale": 2.0, "max_cov_scale": 2.5, "pert_type": "adaptive"}