{"run_id": 140, "bias_std_dev_scale": 0.170998, "bias_height_fraction": 0.119897, "perturbation_size": 0.005, "optimizer": "FIRE", "found_minima": [[0.6234994049, 0.02803775853], [-0.05089010852473084, 0.46695210709746154], [-0.5582236380000675, 1.4417258358260707]], "found_saddles": [[0.16723839445227554, 0.24463148581267058], [-0.7784540737380389, 0.47961439321745897]], "bias_count": 92, "energy_calls_at_each_min": [1, 1886, 11206], "force_calls_at_each_min": [1, 1886, 11206], "min_height_scale": 2.0, "max_height_scale": 1.5, "min_cov_scale": 2.0, "max_cov_scale": 2.5, "pert_type": "fixed"}