{"run_id": 5086, "bias_std_dev_scale": 0.170998, "bias_height_fraction": 0.119897, "perturbation_size": 0.005, "optimizer": "FIRE", "found_minima": [[0.6234994049, 0.02803775853], [-0.05001376280494635, 0.4666946986028387], [-0.5582236034139026, 1.4417258774444437]], "found_saddles": [[0.22158517167943861, 0.2922601869602769], [-0.5450536665371148, 0.2643123939729414]], "bias_count": 71, "energy_calls_at_each_min": [1, 898, 9194], "force_calls_at_each_min": [1, 898, 9194], "min_height_scale": 3.0, "max_height_scale": 2.5, "min_cov_scale": 3.0, "max_cov_scale": 3.0, "pert_type": "fixed"}