{"run_id": 1557, "bias_std_dev_scale": 0.170998, "bias_height_fraction": 0.119897, "perturbation_size": 0.005, "optimizer": "FIRE", "found_minima": [[0.6234994049, 0.02803775853], [-0.05059647500260163, 0.46679480457540634], [-0.558223617402509, 1.4417258591282955]], "found_saddles": [[0.1712811315695124, 0.23230157705058505], [-0.9071117861257206, 0.5928497530204424]], "bias_count": 98, "energy_calls_at_each_min": [1, 2259, 12057], "force_calls_at_each_min": [1, 2259, 12057], "min_height_scale": 1.5, "max_height_scale": 1.5, "min_cov_scale": 2.5, "max_cov_scale": 2.5, "pert_type": "adaptive"}