{"run_id": 2803, "bias_std_dev_scale": 0.170998, "bias_height_fraction": 0.119897, "perturbation_size": 0.005, "optimizer": "FIRE", "found_minima": [[0.6234994049, 0.02803775853], [-0.05001088833427117, 0.46669410915869225], [-0.558223652693061, 1.441725823377995]], "found_saddles": [[0.1927172811111928, 0.2992808370384036], [-0.856240470058941, 0.6077829693695997]], "bias_count": 44, "energy_calls_at_each_min": [1, 1100, 5146], "force_calls_at_each_min": [1, 1100, 5146], "min_height_scale": 2.0, "max_height_scale": 3.0, "min_cov_scale": 2.5, "max_cov_scale": 2.0, "pert_type": "adaptive"}