{"run_id": 4627, "bias_std_dev_scale": 0.170998, "bias_height_fraction": 0.119897, "perturbation_size": 0.005, "optimizer": "FIRE", "found_minima": [[0.6234994049, 0.02803775853], [-0.05001266653481378, 0.46669463202993455], [-0.558223618273377, 1.441725857217972]], "found_saddles": [[0.27522462634557715, 0.288034279071173], [-0.8030025775737131, 0.631310972840291]], "bias_count": 96, "energy_calls_at_each_min": [1, 2423, 11207], "force_calls_at_each_min": [1, 2423, 11207], "min_height_scale": 1.5, "max_height_scale": 1.5, "min_cov_scale": 2.5, "max_cov_scale": 2.0, "pert_type": "adaptive"}