{"run_id": 3664, "bias_std_dev_scale": 0.170998, "bias_height_fraction": 0.119897, "perturbation_size": 0.005, "optimizer": "FIRE", "found_minima": [[0.6234994049, 0.02803775853], [-0.05006898180682337, 0.46670685323075406], [-0.5582236541225569, 1.4417258215848274]], "found_saddles": [[0.14295396917631903, 0.20263197375300032], [-0.47460606059498994, 0.20046969518179786]], "bias_count": 105, "energy_calls_at_each_min": [1, 1678, 12996], "force_calls_at_each_min": [1, 1678, 12996], "min_height_scale": 1.5, "max_height_scale": 2.5, "min_cov_scale": 2.5, "max_cov_scale": 1.5, "pert_type": "fixed"}