{"run_id": 1542, "bias_std_dev_scale": 0.170998, "bias_height_fraction": 0.119897, "perturbation_size": 0.005, "optimizer": "FIRE", "found_minima": [[0.6234994049, 0.02803775853], [-0.05052719789754515, 0.4668029796117726], [-0.5582236493705515, 1.4417258284011234]], "found_saddles": [[0.07323281329855885, 0.14137944116238665], [-0.2682300347861678, 0.18055230227469193]], "bias_count": 89, "energy_calls_at_each_min": [1, 2539, 10817], "force_calls_at_each_min": [1, 2539, 10817], "min_height_scale": 1.5, "max_height_scale": 1.5, "min_cov_scale": 1.5, "max_cov_scale": 3.0, "pert_type": "fixed"}