{"run_id": 2944, "bias_std_dev_scale": 0.170998, "bias_height_fraction": 0.119897, "perturbation_size": 0.005, "optimizer": "FIRE", "found_minima": [[0.6234994049, 0.02803775853], [-0.05001242699681975, 0.4666945679933149], [-0.5582236189174652, 1.4417258570803122]], "found_saddles": [[0.18815956302953635, 0.25626892604993534], [-0.17610801003132268, 0.08369393719666643]], "bias_count": 98, "energy_calls_at_each_min": [1, 2036, 12039], "force_calls_at_each_min": [1, 2036, 12039], "min_height_scale": 3.0, "max_height_scale": 1.5, "min_cov_scale": 1.5, "max_cov_scale": 1.5, "pert_type": "fixed"}