{"run_id": 2609, "bias_std_dev_scale": 0.170998, "bias_height_fraction": 0.119897, "perturbation_size": 0.005, "optimizer": "FIRE", "found_minima": [[0.6234994049, 0.02803775853], [-0.05026133030003649, 0.4667500150901435], [-0.5582236314415095, 1.4417258474051469]], "found_saddles": [[0.9553100154665155, 0.09937588970818961], [-0.7807548420537322, 0.6432726308144637]], "bias_count": 69, "energy_calls_at_each_min": [1, 3115, 8124], "force_calls_at_each_min": [1, 3115, 8124], "min_height_scale": 1.5, "max_height_scale": 2.0, "min_cov_scale": 2.5, "max_cov_scale": 1.5, "pert_type": "adaptive"}