{"run_id": 1364, "bias_std_dev_scale": 0.170998, "bias_height_fraction": 0.119897, "perturbation_size": 0.005, "optimizer": "FIRE", "found_minima": [[0.6234994049, 0.02803775853], [-0.050027398349377895, 0.46670398007754], [-0.5582236458709253, 1.4417258306202034]], "found_saddles": [[0.4079948950897456, 0.27878400773256573], [-0.021421888041116454, -0.07174962258152866]], "bias_count": 64, "energy_calls_at_each_min": [1, 1356, 8246], "force_calls_at_each_min": [1, 1356, 8246], "min_height_scale": 2.5, "max_height_scale": 2.5, "min_cov_scale": 2.5, "max_cov_scale": 2.5, "pert_type": "fixed"}