{"run_id": 908, "bias_std_dev_scale": 0.170998, "bias_height_fraction": 0.119897, "perturbation_size": 0.005, "optimizer": "FIRE", "found_minima": [[0.6234994049, 0.02803775853], [-0.558223615129925, 1.441725860436916]], "found_saddles": [[-0.2322587766025343, 0.09571900358728874]], "bias_count": 5000, "energy_calls_at_each_min": [1, 13128], "force_calls_at_each_min": [1, 13128], "min_height_scale": 3.0, "max_height_scale": 1.5, "min_cov_scale": 2.0, "max_cov_scale": 2.5, "pert_type": "fixed"}