{"run_id": 3839, "bias_std_dev_scale": 0.170998, "bias_height_fraction": 0.119897, "perturbation_size": 0.005, "optimizer": "FIRE", "found_minima": [[0.6234994049, 0.02803775853], [-0.05136071214505126, 0.467518583443123], [-0.5582236151412127, 1.4417258607970345]], "found_saddles": [[0.3202950928769793, 0.3212020563416351], [-0.5760479318731043, 0.3289843354352009]], "bias_count": 46, "energy_calls_at_each_min": [1, 1020, 5924], "force_calls_at_each_min": [1, 1020, 5924], "min_height_scale": 2.0, "max_height_scale": 3.0, "min_cov_scale": 3.0, "max_cov_scale": 3.0, "pert_type": "adaptive"}