{"run_id": 3041, "bias_std_dev_scale": 0.170998, "bias_height_fraction": 0.119897, "perturbation_size": 0.005, "optimizer": "FIRE", "found_minima": [[0.6234994049, 0.02803775853], [-0.050110654464813234, 0.46671482864105285], [-0.558223640605275, 1.4417258337634047]], "found_saddles": [[0.9529556855571152, 0.039873218860029515], [-0.5985431439490267, 0.7516697255646816]], "bias_count": 73, "energy_calls_at_each_min": [1, 2017, 8822], "force_calls_at_each_min": [1, 2017, 8822], "min_height_scale": 3.0, "max_height_scale": 3.0, "min_cov_scale": 1.5, "max_cov_scale": 1.5, "pert_type": "adaptive"}