{"run_id": 2422, "bias_std_dev_scale": 0.170998, "bias_height_fraction": 0.119897, "perturbation_size": 0.005, "optimizer": "FIRE", "found_minima": [[0.6234994049, 0.02803775853], [-0.05001647121857286, 0.4666954560721778], [-0.5582236202017529, 1.4417258577986858]], "found_saddles": [[0.20438178928028125, 0.2998232107370831], [-0.46994971113061834, 0.2530481953887086]], "bias_count": 46, "energy_calls_at_each_min": [1, 457, 5668], "force_calls_at_each_min": [1, 457, 5668], "min_height_scale": 2.5, "max_height_scale": 3.0, "min_cov_scale": 2.5, "max_cov_scale": 3.0, "pert_type": "fixed"}