{"run_id": 3324, "bias_std_dev_scale": 0.170998, "bias_height_fraction": 0.119897, "perturbation_size": 0.005, "optimizer": "FIRE", "found_minima": [[0.6234994049, 0.02803775853], [-0.050011088499200725, 0.46669416496033705], [-0.5582236141501027, 1.4417258620583389]], "found_saddles": [[0.3061270934386236, 0.2797864666968176], [-0.6311597442257326, 0.6999248427362385]], "bias_count": 39, "energy_calls_at_each_min": [1, 1164, 4903], "force_calls_at_each_min": [1, 1164, 4903], "min_height_scale": 2.0, "max_height_scale": 3.0, "min_cov_scale": 3.0, "max_cov_scale": 2.5, "pert_type": "fixed"}