{"run_id": 176, "bias_std_dev_scale": 0.170998, "bias_height_fraction": 0.119897, "perturbation_size": 0.005, "optimizer": "FIRE", "found_minima": [[0.6234994049, 0.02803775853], [-0.05001752645306832, 0.4666960016244281], [-0.5582236200933816, 1.4417258570702076]], "found_saddles": [[0.21256980581781892, 0.28061065015620257], [-0.7666973823285231, 0.6585175147544969]], "bias_count": 54, "energy_calls_at_each_min": [1, 1890, 6551], "force_calls_at_each_min": [1, 1890, 6551], "min_height_scale": 2.0, "max_height_scale": 2.0, "min_cov_scale": 2.5, "max_cov_scale": 1.5, "pert_type": "fixed"}