{"run_id": 2543, "bias_std_dev_scale": 0.170998, "bias_height_fraction": 0.119897, "perturbation_size": 0.005, "optimizer": "FIRE", "found_minima": [[0.6234994049, 0.02803775853], [-0.050168914752900806, 0.4667267799801912], [-0.55822365288625, 1.441725824253977]], "found_saddles": [[0.25517426197458276, 0.3687679348531267], [-0.8304348316004557, 0.5746571400736601]], "bias_count": 17, "energy_calls_at_each_min": [1, 954, 1749], "force_calls_at_each_min": [1, 954, 1749], "min_height_scale": 3.0, "max_height_scale": 3.0, "min_cov_scale": 2.0, "max_cov_scale": 3.0, "pert_type": "adaptive"}