{"run_id": 3161, "bias_std_dev_scale": 0.170998, "bias_height_fraction": 0.119897, "perturbation_size": 0.005, "optimizer": "FIRE", "found_minima": [[0.6234994049, 0.02803775853], [-0.050010787279642914, 0.4666941000241846], [-0.558223625067537, 1.4417258497142618]], "found_saddles": [[0.09916163895706091, 0.162221911547605], [-0.7625921520807775, 0.34365840504439554]], "bias_count": 65, "energy_calls_at_each_min": [1, 1564, 7737], "force_calls_at_each_min": [1, 1564, 7737], "min_height_scale": 1.5, "max_height_scale": 2.5, "min_cov_scale": 3.0, "max_cov_scale": 1.5, "pert_type": "adaptive"}