{"run_id": 1545, "bias_std_dev_scale": 0.170998, "bias_height_fraction": 0.119897, "perturbation_size": 0.005, "optimizer": "FIRE", "found_minima": [[0.6234994049, 0.02803775853], [-0.050068016390693255, 0.46670673417193004], [-0.55822365103177, 1.441725824129779]], "found_saddles": [[0.2578363357610237, 0.36103308772657744], [-0.7595975892081965, 0.667438601273015]], "bias_count": 93, "energy_calls_at_each_min": [1, 1880, 10838], "force_calls_at_each_min": [1, 1880, 10838], "min_height_scale": 1.5, "max_height_scale": 1.5, "min_cov_scale": 2.0, "max_cov_scale": 1.5, "pert_type": "adaptive"}