{"run_id": 676, "bias_std_dev_scale": 0.170998, "bias_height_fraction": 0.119897, "perturbation_size": 0.005, "optimizer": "FIRE", "found_minima": [[0.6234994049, 0.02803775853], [-0.05004562247521041, 0.466698775199898], [-0.5582236174880769, 1.4417258585027404]], "found_saddles": [[0.10462669834273604, 0.21034797973040936], [0.5018728672663522, 0.5334487475846366]], "bias_count": 75, "energy_calls_at_each_min": [1, 1519, 9096], "force_calls_at_each_min": [1, 1519, 9096], "min_height_scale": 2.0, "max_height_scale": 2.0, "min_cov_scale": 1.5, "max_cov_scale": 2.5, "pert_type": "fixed"}