{"run_id": 4243, "bias_std_dev_scale": 0.170998, "bias_height_fraction": 0.119897, "perturbation_size": 0.005, "optimizer": "FIRE", "found_minima": [[0.6234994049, 0.02803775853], [-0.05006774330416283, 0.4667099632400276], [-0.5582236449544917, 1.4417258328219729]], "found_saddles": [[0.24093827498516893, 0.2897248727003725], [-0.7933223414190661, 0.6220642059341269]], "bias_count": 73, "energy_calls_at_each_min": [1, 2505, 9265], "force_calls_at_each_min": [1, 2505, 9265], "min_height_scale": 2.0, "max_height_scale": 1.5, "min_cov_scale": 2.5, "max_cov_scale": 2.0, "pert_type": "adaptive"}