{"run_id": 3248, "bias_std_dev_scale": 0.170998, "bias_height_fraction": 0.119897, "perturbation_size": 0.005, "optimizer": "FIRE", "found_minima": [[0.6234994049, 0.02803775853], [-0.05001649028892927, 0.46669570934849947], [-0.5582236222313811, 1.441725853775486]], "found_saddles": [[0.108081777626146, 0.11799891117193714], [-0.8349818641220396, 0.5964470328857101]], "bias_count": 84, "energy_calls_at_each_min": [1, 2460, 10311], "force_calls_at_each_min": [1, 2460, 10311], "min_height_scale": 2.0, "max_height_scale": 2.0, "min_cov_scale": 2.5, "max_cov_scale": 1.5, "pert_type": "fixed"}