{"run_id": 2523, "bias_std_dev_scale": 0.170998, "bias_height_fraction": 0.119897, "perturbation_size": 0.005, "optimizer": "FIRE", "found_minima": [[0.6234994049, 0.02803775853], [-0.05009096671184052, 0.46670239590440166], [-0.5582236197176864, 1.4417258576771175]], "found_saddles": [[0.32642081480963414, 0.35669426611088917], [-0.7813329372601024, 0.6579399079505427]], "bias_count": 27, "energy_calls_at_each_min": [1, 2169, 2973], "force_calls_at_each_min": [1, 2169, 2973], "min_height_scale": 3.0, "max_height_scale": 2.5, "min_cov_scale": 3.0, "max_cov_scale": 2.0, "pert_type": "adaptive"}