{"run_id": 4127, "bias_std_dev_scale": 0.170998, "bias_height_fraction": 0.119897, "perturbation_size": 0.005, "optimizer": "FIRE", "found_minima": [[0.6234994049, 0.02803775853], [-0.050055053003684256, 0.46670522007501947], [-0.5582236518867126, 1.441725825525424]], "found_saddles": [[0.14641782607983353, 0.26837195144003817], [0.32768417486961554, 0.6433874543032317]], "bias_count": 107, "energy_calls_at_each_min": [1, 1312, 13353], "force_calls_at_each_min": [1, 1312, 13353], "min_height_scale": 1.5, "max_height_scale": 1.5, "min_cov_scale": 3.0, "max_cov_scale": 3.0, "pert_type": "adaptive"}