{"run_id": 615, "bias_std_dev_scale": 0.170998, "bias_height_fraction": 0.119897, "perturbation_size": 0.005, "optimizer": "FIRE", "found_minima": [[0.6234994049, 0.02803775853], [-0.05187558434378097, 0.46714169902825664], [-0.558223616541079, 1.44172586104364]], "found_saddles": [[0.19112451769703978, 0.2535957185764737], [-0.7404175749112476, 0.6553269821837026]], "bias_count": 37, "energy_calls_at_each_min": [1, 426, 4316], "force_calls_at_each_min": [1, 426, 4316], "min_height_scale": 1.5, "max_height_scale": 3.0, "min_cov_scale": 1.5, "max_cov_scale": 3.0, "pert_type": "adaptive"}