{"run_id": 4387, "bias_std_dev_scale": 0.170998, "bias_height_fraction": 0.119897, "perturbation_size": 0.005, "optimizer": "FIRE", "found_minima": [[0.6234994049, 0.02803775853], [-0.050786941406788806, 0.4668436117905394], [-0.5582236443655545, 1.4417258323586137]], "found_saddles": [[0.10431688346096643, 0.11839901817329554], [-0.8318645320248312, 0.5729318715655339]], "bias_count": 54, "energy_calls_at_each_min": [1, 1979, 6358], "force_calls_at_each_min": [1, 1979, 6358], "min_height_scale": 2.5, "max_height_scale": 2.0, "min_cov_scale": 1.5, "max_cov_scale": 2.0, "pert_type": "adaptive"}