{"run_id": 3771, "bias_std_dev_scale": 0.170998, "bias_height_fraction": 0.119897, "perturbation_size": 0.005, "optimizer": "FIRE", "found_minima": [[0.6234994049, 0.02803775853], [-0.050877994035061186, 0.46693450974547374], [-0.5582236379139671, 1.4417258403355602]], "found_saddles": [[0.21790024544780207, 0.3008444787183877], [-0.7485376140381473, 0.697055203138792]], "bias_count": 74, "energy_calls_at_each_min": [1, 2000, 8970], "force_calls_at_each_min": [1, 2000, 8970], "min_height_scale": 2.0, "max_height_scale": 2.0, "min_cov_scale": 3.0, "max_cov_scale": 2.0, "pert_type": "adaptive"}