{"run_id": 963, "bias_std_dev_scale": 0.170998, "bias_height_fraction": 0.119897, "perturbation_size": 0.005, "optimizer": "FIRE", "found_minima": [[0.6234994049, 0.02803775853], [-0.05058690178321411, 0.4668092389531605], [-0.5582236468645065, 1.4417258292684914]], "found_saddles": [[0.3214844128621039, 0.2949998368062558], [-0.8255304277724519, 0.4449748242515389]], "bias_count": 66, "energy_calls_at_each_min": [1, 1013, 8033], "force_calls_at_each_min": [1, 1013, 8033], "min_height_scale": 3.0, "max_height_scale": 2.5, "min_cov_scale": 1.5, "max_cov_scale": 2.0, "pert_type": "adaptive"}