{"run_id": 46, "bias_std_dev_scale": 0.170998, "bias_height_fraction": 0.119897, "perturbation_size": 0.005, "optimizer": "FIRE", "found_minima": [[0.6234994049, 0.02803775853], [-0.05011134303469633, 0.46671976811122146], [-0.5582236157168187, 1.441725859578327]], "found_saddles": [[0.2077964128342168, 0.30440569337588497], [-0.8427711665094928, 0.6123967078481504]], "bias_count": 38, "energy_calls_at_each_min": [1, 971, 4733], "force_calls_at_each_min": [1, 971, 4733], "min_height_scale": 1.5, "max_height_scale": 2.0, "min_cov_scale": 2.0, "max_cov_scale": 3.0, "pert_type": "fixed"}