{"run_id": 2959, "bias_std_dev_scale": 0.170998, "bias_height_fraction": 0.119897, "perturbation_size": 0.005, "optimizer": "FIRE", "found_minima": [[0.6234994049, 0.02803775853], [-0.0500467878502739, 0.46670348999200056], [-0.5582236186970126, 1.4417258572332787]], "found_saddles": [[0.2291643328674409, 0.27537582746743544], [-0.17455140640328037, 0.1056244412294291]], "bias_count": 79, "energy_calls_at_each_min": [1, 1268, 9674], "force_calls_at_each_min": [1, 1268, 9674], "min_height_scale": 3.0, "max_height_scale": 1.5, "min_cov_scale": 2.0, "max_cov_scale": 3.0, "pert_type": "adaptive"}