{"run_id": 3439, "bias_std_dev_scale": 0.170998, "bias_height_fraction": 0.119897, "perturbation_size": 0.005, "optimizer": "FIRE", "found_minima": [[0.6234994049, 0.02803775853], [-0.05010677481691586, 0.46671073913082944], [-0.5582236468300704, 1.441725830013046]], "found_saddles": [[0.2995696332217489, 0.3284572046907309], [-0.7188798965587093, 0.4033883162120543]], "bias_count": 38, "energy_calls_at_each_min": [1, 1076, 4622], "force_calls_at_each_min": [1, 1076, 4622], "min_height_scale": 2.5, "max_height_scale": 3.0, "min_cov_scale": 2.0, "max_cov_scale": 3.0, "pert_type": "adaptive"}