{"run_id": 958, "bias_std_dev_scale": 0.170998, "bias_height_fraction": 0.119897, "perturbation_size": 0.005, "optimizer": "FIRE", "found_minima": [[0.6234994049, 0.02803775853], [-0.05006858923789586, 0.4667053344313573], [-0.5582236291933566, 1.4417258451926582]], "found_saddles": [[0.1876264249842432, 0.2803709700166545], [-0.37810630379092725, 0.22249935349396432]], "bias_count": 65, "energy_calls_at_each_min": [1, 1115, 8034], "force_calls_at_each_min": [1, 1115, 8034], "min_height_scale": 3.0, "max_height_scale": 2.0, "min_cov_scale": 3.0, "max_cov_scale": 3.0, "pert_type": "fixed"}