{"run_id": 4477, "bias_std_dev_scale": 0.170998, "bias_height_fraction": 0.119897, "perturbation_size": 0.005, "optimizer": "FIRE", "found_minima": [[0.6234994049, 0.02803775853], [-0.05002070143540366, 0.4667003754549028], [-0.5582236429451595, 1.4417258335544598]], "found_saddles": [[0.9503846378761079, -0.04775786171443758], [-0.7862879002901579, 0.3759104099112818]], "bias_count": 58, "energy_calls_at_each_min": [1, 1788, 7096], "force_calls_at_each_min": [1, 1788, 7096], "min_height_scale": 2.5, "max_height_scale": 3.0, "min_cov_scale": 3.0, "max_cov_scale": 2.5, "pert_type": "adaptive"}