{"run_id": 249, "bias_std_dev_scale": 0.170998, "bias_height_fraction": 0.119897, "perturbation_size": 0.005, "optimizer": "FIRE", "found_minima": [[0.6234994049, 0.02803775853], [-0.05014844399678405, 0.4667082457883868], [-0.5582236448812669, 1.4417258316036836]], "found_saddles": [[0.5540300098743718, 0.32114509075477876], [-0.869201903710607, 0.583484088606185]], "bias_count": 57, "energy_calls_at_each_min": [1, 2647, 6877], "force_calls_at_each_min": [1, 2647, 6877], "min_height_scale": 2.0, "max_height_scale": 3.0, "min_cov_scale": 3.0, "max_cov_scale": 1.5, "pert_type": "adaptive"}