{"run_id": 2758, "bias_std_dev_scale": 0.170998, "bias_height_fraction": 0.119897, "perturbation_size": 0.005, "optimizer": "FIRE", "found_minima": [[0.6234994049, 0.02803775853], [-0.05016137896451131, 0.4667734156119023], [-0.5582236230853258, 1.441725853863196]], "found_saddles": [[0.13976321953045326, 0.06773669299778051], [-0.39005278856930947, 0.17634696708431727]], "bias_count": 62, "energy_calls_at_each_min": [1, 943, 7617], "force_calls_at_each_min": [1, 943, 7617], "min_height_scale": 2.0, "max_height_scale": 2.5, "min_cov_scale": 1.5, "max_cov_scale": 3.0, "pert_type": "fixed"}