{"run_id": 894, "bias_std_dev_scale": 0.170998, "bias_height_fraction": 0.119897, "perturbation_size": 0.005, "optimizer": "FIRE", "found_minima": [[0.6234994049, 0.02803775853], [-0.05266482942038844, 0.46760071382812635], [-0.5582236246906842, 1.441725852040608]], "found_saddles": [[0.24737059333404893, 0.3157978590750335], [-0.9090892637369208, 0.5081049594147526]], "bias_count": 21, "energy_calls_at_each_min": [1, 1279, 2662], "force_calls_at_each_min": [1, 1279, 2662], "min_height_scale": 2.5, "max_height_scale": 3.0, "min_cov_scale": 3.0, "max_cov_scale": 3.0, "pert_type": "fixed"}