{"run_id": 4906, "bias_std_dev_scale": 0.170998, "bias_height_fraction": 0.119897, "perturbation_size": 0.005, "optimizer": "FIRE", "found_minima": [[0.6234994049, 0.02803775853], [-0.05005975327354132, 0.46670275838762393], [-0.5582236441828969, 1.4417258297367745]], "found_saddles": [[0.44558442694143663, 0.2683168554829155], [-0.7797712159313089, 0.6771834440116079]], "bias_count": 69, "energy_calls_at_each_min": [1, 2284, 8310], "force_calls_at_each_min": [1, 2284, 8310], "min_height_scale": 2.5, "max_height_scale": 2.0, "min_cov_scale": 2.0, "max_cov_scale": 2.0, "pert_type": "fixed"}