{"run_id": 718, "bias_std_dev_scale": 0.170998, "bias_height_fraction": 0.119897, "perturbation_size": 0.005, "optimizer": "FIRE", "found_minima": [[0.6234994049, 0.02803775853], [-0.05002888049578459, 0.4666980847090261], [-0.5582236521341061, 1.4417258257184187]], "found_saddles": [[0.9463848539060659, 0.03594668982625977], [-0.9112312026749781, 0.5208457391537338]], "bias_count": 37, "energy_calls_at_each_min": [1, 1412, 4496], "force_calls_at_each_min": [1, 1412, 4496], "min_height_scale": 2.0, "max_height_scale": 2.5, "min_cov_scale": 2.0, "max_cov_scale": 3.0, "pert_type": "fixed"}