{"run_id": 3407, "bias_std_dev_scale": 0.170998, "bias_height_fraction": 0.119897, "perturbation_size": 0.005, "optimizer": "FIRE", "found_minima": [[0.6234994049, 0.02803775853], [-0.050127000542021155, 0.4667197256823925], [-0.5582236518684925, 1.441725825184373]], "found_saddles": [[0.48187676246491046, 0.30338181398695935], [1.0212055915859914, 0.11563086124453346]], "bias_count": 66, "energy_calls_at_each_min": [1, 1848, 7849], "force_calls_at_each_min": [1, 1848, 7849], "min_height_scale": 2.5, "max_height_scale": 2.5, "min_cov_scale": 2.0, "max_cov_scale": 3.0, "pert_type": "adaptive"}