{"run_id": 1408, "bias_std_dev_scale": 0.170998, "bias_height_fraction": 0.119897, "perturbation_size": 0.005, "optimizer": "FIRE", "found_minima": [[0.6234994049, 0.02803775853], [-0.05005203158940724, 0.46670618902128286], [-0.5582236292658443, 1.4417258498062973]], "found_saddles": [[0.2576727590452338, 0.3303909125375655], [-0.8476387469310783, 0.5973772659071702]], "bias_count": 79, "energy_calls_at_each_min": [1, 1505, 9575], "force_calls_at_each_min": [1, 1505, 9575], "min_height_scale": 3.0, "max_height_scale": 1.5, "min_cov_scale": 1.5, "max_cov_scale": 1.5, "pert_type": "fixed"}