{"run_id": 3025, "bias_std_dev_scale": 0.170998, "bias_height_fraction": 0.119897, "perturbation_size": 0.005, "optimizer": "FIRE", "found_minima": [[0.6234994049, 0.02803775853], [-0.05196840088374742, 0.46698150818144774], [-0.5582236176759304, 1.4417258599461387]], "found_saddles": [[0.5098388938393918, 0.2838454189111796], [1.0230654874974485, -0.08206958478209042]], "bias_count": 107, "energy_calls_at_each_min": [1, 2587, 12853], "force_calls_at_each_min": [1, 2587, 12853], "min_height_scale": 3.0, "max_height_scale": 2.5, "min_cov_scale": 2.5, "max_cov_scale": 1.5, "pert_type": "adaptive"}