{"run_id": 137, "bias_std_dev_scale": 0.170998, "bias_height_fraction": 0.119897, "perturbation_size": 0.005, "optimizer": "FIRE", "found_minima": [[0.6234994049, 0.02803775853], [-0.05049210479363364, 0.466777578952214], [-0.5582236170758947, 1.4417258581080303]], "found_saddles": [[0.21972059301158828, 0.29066333777624054], [-0.8517404883971249, 0.5951912839435064]], "bias_count": 87, "energy_calls_at_each_min": [1, 2758, 10315], "force_calls_at_each_min": [1, 2758, 10315], "min_height_scale": 2.0, "max_height_scale": 1.5, "min_cov_scale": 2.0, "max_cov_scale": 1.5, "pert_type": "adaptive"}