{"run_id": 3958, "bias_std_dev_scale": 0.170998, "bias_height_fraction": 0.119897, "perturbation_size": 0.005, "optimizer": "FIRE", "found_minima": [[0.6234994049, 0.02803775853], [-0.05001853722978572, 0.46669599695754455], [-0.5582236192177485, 1.4417258580532548]], "found_saddles": [[0.8476421798356042, 0.14535042055368536], [-0.6199676559475705, 0.6756287748402103]], "bias_count": 37, "energy_calls_at_each_min": [1, 1530, 4524], "force_calls_at_each_min": [1, 1530, 4524], "min_height_scale": 2.5, "max_height_scale": 3.0, "min_cov_scale": 2.5, "max_cov_scale": 3.0, "pert_type": "fixed"}