{"run_id": 196, "bias_std_dev_scale": 0.170998, "bias_height_fraction": 0.119897, "perturbation_size": 0.005, "optimizer": "FIRE", "found_minima": [[0.6234994049, 0.02803775853], [-0.05196200478662528, 0.4670821608170635], [-0.5582236145586347, 1.4417258626800802]], "found_saddles": [[0.37316136042572245, 0.36858649498815477], [-0.4572721236837699, 0.233493284900952]], "bias_count": 61, "energy_calls_at_each_min": [1, 1124, 7107], "force_calls_at_each_min": [1, 1124, 7107], "min_height_scale": 2.0, "max_height_scale": 2.5, "min_cov_scale": 1.5, "max_cov_scale": 2.5, "pert_type": "fixed"}