{"run_id": 1249, "bias_std_dev_scale": 0.170998, "bias_height_fraction": 0.119897, "perturbation_size": 0.005, "optimizer": "FIRE", "found_minima": [[0.6234994049, 0.02803775853], [-0.050026334081380186, 0.4666977499635078], [-0.5582236466468711, 1.441725827857824]], "found_saddles": [[0.4580652887017086, 0.30330155404734604], [-0.8131557842301362, 0.6605252317998931]], "bias_count": 38, "energy_calls_at_each_min": [1, 1565, 4572], "force_calls_at_each_min": [1, 1565, 4572], "min_height_scale": 2.0, "max_height_scale": 3.0, "min_cov_scale": 1.5, "max_cov_scale": 1.5, "pert_type": "adaptive"}