{"run_id": 4480, "bias_std_dev_scale": 0.170998, "bias_height_fraction": 0.119897, "perturbation_size": 0.005, "optimizer": "FIRE", "found_minima": [[0.6234994049, 0.02803775853], [-0.05002171791893374, 0.4666961965437835], [-0.5582236552977315, 1.4417258205659953]], "found_saddles": [[0.15690814193952768, 0.22751961731673884], [-0.8310954156263185, 0.6126779717111536]], "bias_count": 66, "energy_calls_at_each_min": [1, 2050, 7564], "force_calls_at_each_min": [1, 2050, 7564], "min_height_scale": 3.0, "max_height_scale": 1.5, "min_cov_scale": 1.5, "max_cov_scale": 1.5, "pert_type": "fixed"}