{"run_id": 4447, "bias_std_dev_scale": 0.170998, "bias_height_fraction": 0.119897, "perturbation_size": 0.005, "optimizer": "FIRE", "found_minima": [[0.6234994049, 0.02803775853], [-0.050013730921710325, 0.4666946774695134], [-0.5758088011853868, 1.4585215001431475]], "found_saddles": [[0.40092487211255695, 0.2843029714990305], [0.424512783581677, 0.577955004805711]], "bias_count": 65, "energy_calls_at_each_min": [1, 1181, 8656], "force_calls_at_each_min": [1, 1181, 8656], "min_height_scale": 2.5, "max_height_scale": 2.5, "min_cov_scale": 3.0, "max_cov_scale": 3.0, "pert_type": "adaptive"}