{"run_id": 2960, "bias_std_dev_scale": 0.170998, "bias_height_fraction": 0.119897, "perturbation_size": 0.005, "optimizer": "FIRE", "found_minima": [[0.6234994049, 0.02803775853], [-0.050026270595204536, 0.4666973509516033], [-0.5582236216420989, 1.4417258543663367]], "found_saddles": [[0.9282823050811791, -0.05317467049659176], [-0.8424885826056713, 0.6178037672431603]], "bias_count": 67, "energy_calls_at_each_min": [1, 3148, 8029], "force_calls_at_each_min": [1, 3148, 8029], "min_height_scale": 3.0, "max_height_scale": 1.5, "min_cov_scale": 2.5, "max_cov_scale": 1.5, "pert_type": "fixed"}