{"run_id": 3350, "bias_std_dev_scale": 0.170998, "bias_height_fraction": 0.119897, "perturbation_size": 0.005, "optimizer": "FIRE", "found_minima": [[0.6234994049, 0.02803775853], [-0.05015627936671546, 0.4667403899470368], [-0.5582236210888283, 1.441725856823736]], "found_saddles": [[0.2606022778233115, 0.3082490226083353], [-0.8323891053826415, 0.5645900037343149]], "bias_count": 79, "energy_calls_at_each_min": [1, 2557, 10007], "force_calls_at_each_min": [1, 2557, 10007], "min_height_scale": 2.5, "max_height_scale": 1.5, "min_cov_scale": 2.5, "max_cov_scale": 3.0, "pert_type": "fixed"}