{"run_id": 4750, "bias_std_dev_scale": 0.170998, "bias_height_fraction": 0.119897, "perturbation_size": 0.005, "optimizer": "FIRE", "found_minima": [[0.6234994049, 0.02803775853], [-0.05002295520265361, 0.4666973267936971], [-0.5582236153521214, 1.441725860237958]], "found_saddles": [[0.2330477807394388, 0.3065716284152794], [-0.8202834428661395, 0.4861459939427046]], "bias_count": 61, "energy_calls_at_each_min": [1, 1447, 7632], "force_calls_at_each_min": [1, 1447, 7632], "min_height_scale": 2.0, "max_height_scale": 1.5, "min_cov_scale": 2.0, "max_cov_scale": 3.0, "pert_type": "fixed"}