{"run_id": 2432, "bias_std_dev_scale": 0.170998, "bias_height_fraction": 0.119897, "perturbation_size": 0.005, "optimizer": "FIRE", "found_minima": [[0.6234994049, 0.02803775853], [-0.05003242516234208, 0.4666991439395057], [-0.5582236485979551, 1.4417258279269378]], "found_saddles": [[0.13492311300935197, 0.15187172704982416], [-0.8394391330399542, 0.5876380381641602]], "bias_count": 36, "energy_calls_at_each_min": [1, 1917, 4011], "force_calls_at_each_min": [1, 1917, 4011], "min_height_scale": 3.0, "max_height_scale": 1.5, "min_cov_scale": 1.5, "max_cov_scale": 1.5, "pert_type": "fixed"}