{"run_id": 1448, "bias_std_dev_scale": 0.170998, "bias_height_fraction": 0.119897, "perturbation_size": 0.005, "optimizer": "FIRE", "found_minima": [[0.6234994049, 0.02803775853], [-0.050019446520478406, 0.46669606633693916], [-0.5582236473865363, 1.4417258290989519]], "found_saddles": [[0.21810173711865807, 0.29892667339079493], [-0.1372547067437581, 0.00690646883620212]], "bias_count": 110, "energy_calls_at_each_min": [1, 1159, 13276], "force_calls_at_each_min": [1, 1159, 13276], "min_height_scale": 3.0, "max_height_scale": 2.0, "min_cov_scale": 2.0, "max_cov_scale": 1.5, "pert_type": "fixed"}