{"run_id": 1339, "bias_std_dev_scale": 0.170998, "bias_height_fraction": 0.119897, "perturbation_size": 0.005, "optimizer": "FIRE", "found_minima": [[0.6234994049, 0.02803775853], [-0.050012146152190316, 0.4666944790429597], [-0.5582236508978594, 1.4417258261655854]], "found_saddles": [[0.22440272671093545, 0.3035199058364094], [-0.8603337696405042, 0.5575614392959473]], "bias_count": 63, "energy_calls_at_each_min": [1, 1559, 7717], "force_calls_at_each_min": [1, 1559, 7717], "min_height_scale": 2.5, "max_height_scale": 2.0, "min_cov_scale": 3.0, "max_cov_scale": 2.0, "pert_type": "adaptive"}