{"run_id": 1473, "bias_std_dev_scale": 0.170998, "bias_height_fraction": 0.119897, "perturbation_size": 0.005, "optimizer": "FIRE", "found_minima": [[0.6234994049, 0.02803775853], [-0.050089751842087644, 0.46672439867038107], [-0.5582236438310326, 1.4417258326421027]], "found_saddles": [[0.36938764415872816, 0.33433627829702134], [-0.8497569762649338, 0.6285199438358509]], "bias_count": 36, "energy_calls_at_each_min": [1, 1874, 4135], "force_calls_at_each_min": [1, 1874, 4135], "min_height_scale": 3.0, "max_height_scale": 2.5, "min_cov_scale": 1.5, "max_cov_scale": 1.5, "pert_type": "adaptive"}