{"run_id": 3998, "bias_std_dev_scale": 0.170998, "bias_height_fraction": 0.119897, "perturbation_size": 0.005, "optimizer": "FIRE", "found_minima": [[0.6234994049, 0.02803775853], [-0.0510260248114643, 0.46683624299136234], [-0.558223619869872, 1.4417258581843257]], "found_saddles": [[0.12615510875785022, 0.19034419911754283], [-0.7483672871250725, 0.6709504149142376]], "bias_count": 87, "energy_calls_at_each_min": [1, 2464, 11196], "force_calls_at_each_min": [1, 2464, 11196], "min_height_scale": 3.0, "max_height_scale": 1.5, "min_cov_scale": 3.0, "max_cov_scale": 3.0, "pert_type": "fixed"}