{"run_id": 2214, "bias_std_dev_scale": 0.170998, "bias_height_fraction": 0.119897, "perturbation_size": 0.005, "optimizer": "FIRE", "found_minima": [[0.6234994049, 0.02803775853], [-0.05027233243913177, 0.46675200666773164], [-0.5582236203732319, 1.4417258556221604]], "found_saddles": [[0.14395624029623327, 0.1401987735671843], [-0.863912133088701, 0.5570793755644603]], "bias_count": 50, "energy_calls_at_each_min": [1, 1330, 6142], "force_calls_at_each_min": [1, 1330, 6142], "min_height_scale": 2.0, "max_height_scale": 2.0, "min_cov_scale": 1.5, "max_cov_scale": 3.0, "pert_type": "fixed"}