{"run_id": 805, "bias_std_dev_scale": 0.170998, "bias_height_fraction": 0.119897, "perturbation_size": 0.005, "optimizer": "FIRE", "found_minima": [[0.6234994049, 0.02803775853], [-0.0500173366837415, 0.4666954652396353], [-0.5582236302411955, 1.441725849080539]], "found_saddles": [[0.12468533371738628, 0.21685427456208778], [1.0228288312245306, 0.07764714250431923]], "bias_count": 66, "energy_calls_at_each_min": [1, 1263, 7682], "force_calls_at_each_min": [1, 1263, 7682], "min_height_scale": 2.5, "max_height_scale": 2.0, "min_cov_scale": 1.5, "max_cov_scale": 2.5, "pert_type": "adaptive"}