{"run_id": 2004, "bias_std_dev_scale": 0.170998, "bias_height_fraction": 0.119897, "perturbation_size": 0.005, "optimizer": "FIRE", "found_minima": [[0.6234994049, 0.02803775853], [-0.050016602486958675, 0.4666956455247866], [-0.5582236530518506, 1.4417258236005157]], "found_saddles": [[0.21659232551080243, 0.2908614511105978], [0.5864529202802922, 0.48265973401856865]], "bias_count": 82, "energy_calls_at_each_min": [1, 910, 10264], "force_calls_at_each_min": [1, 910, 10264], "min_height_scale": 3.0, "max_height_scale": 2.5, "min_cov_scale": 2.5, "max_cov_scale": 2.5, "pert_type": "fixed"}