{"run_id": 964, "bias_std_dev_scale": 0.170998, "bias_height_fraction": 0.119897, "perturbation_size": 0.005, "optimizer": "FIRE", "found_minima": [[0.6234994049, 0.02803775853], [-0.05003297676033131, 0.46669983606416265], [-0.5582236504340143, 1.4417258277390208]], "found_saddles": [[0.16837152878842915, 0.225200395896766], [-0.49781255946896213, 0.7955848847355759]], "bias_count": 69, "energy_calls_at_each_min": [1, 1282, 8506], "force_calls_at_each_min": [1, 1282, 8506], "min_height_scale": 3.0, "max_height_scale": 2.5, "min_cov_scale": 1.5, "max_cov_scale": 2.5, "pert_type": "fixed"}