{"run_id": 3507, "bias_std_dev_scale": 0.170998, "bias_height_fraction": 0.119897, "perturbation_size": 0.005, "optimizer": "FIRE", "found_minima": [[0.6234994049, 0.02803775853], [-0.05017545005291704, 0.4667361703982886], [-0.558223651547925, 1.4417258253781817]], "found_saddles": [[0.1693274623670553, 0.26833144213117105], [-0.79791928108298, 0.6347913068178959]], "bias_count": 72, "energy_calls_at_each_min": [1, 1638, 8370], "force_calls_at_each_min": [1, 1638, 8370], "min_height_scale": 3.0, "max_height_scale": 2.0, "min_cov_scale": 2.5, "max_cov_scale": 2.0, "pert_type": "adaptive"}