{"run_id": 2764, "bias_std_dev_scale": 0.170998, "bias_height_fraction": 0.119897, "perturbation_size": 0.005, "optimizer": "FIRE", "found_minima": [[0.6234994049, 0.02803775853], [-0.050012068695161345, 0.46669437139726183], [-0.5582236493887682, 1.4417258254758494]], "found_saddles": [[0.4107334053583505, 0.3246276122977507], [-0.84505437632501, 0.5283303952459184]], "bias_count": 42, "energy_calls_at_each_min": [1, 1546, 4735], "force_calls_at_each_min": [1, 1546, 4735], "min_height_scale": 2.0, "max_height_scale": 2.5, "min_cov_scale": 2.0, "max_cov_scale": 2.5, "pert_type": "fixed"}