{"run_id": 2045, "bias_std_dev_scale": 0.170998, "bias_height_fraction": 0.119897, "perturbation_size": 0.005, "optimizer": "FIRE", "found_minima": [[0.6234994049, 0.02803775853], [-0.05005830143970844, 0.4667225944199588], [-0.5582236315720027, 1.4417258414518326]], "found_saddles": [[0.5161935054827764, 0.2558444363206628], [-0.7324938167533722, 0.6855114926775064]], "bias_count": 39, "energy_calls_at_each_min": [1, 1435, 5066], "force_calls_at_each_min": [1, 1435, 5066], "min_height_scale": 3.0, "max_height_scale": 3.0, "min_cov_scale": 3.0, "max_cov_scale": 2.5, "pert_type": "adaptive"}