{"run_id": 809, "bias_std_dev_scale": 0.170998, "bias_height_fraction": 0.119897, "perturbation_size": 0.005, "optimizer": "FIRE", "found_minima": [[0.6234994049, 0.02803775853], [-0.0500332810512036, 0.4667022706421219], [-0.5582236210130957, 1.4417258563467774]], "found_saddles": [[0.21206470555151774, 0.2712324291768615], [-0.861037334797796, 0.5803355133887333]], "bias_count": 28, "energy_calls_at_each_min": [1, 1978, 3175], "force_calls_at_each_min": [1, 1978, 3175], "min_height_scale": 2.5, "max_height_scale": 2.0, "min_cov_scale": 2.0, "max_cov_scale": 1.5, "pert_type": "adaptive"}