{"run_id": 1232, "bias_std_dev_scale": 0.170998, "bias_height_fraction": 0.119897, "perturbation_size": 0.005, "optimizer": "FIRE", "found_minima": [[0.6234994049, 0.02803775853], [-0.05001318481402533, 0.46669460728131557], [-0.5582236191182922, 1.441725858824967]], "found_saddles": [[0.30145870342393194, 0.3052970660915693], [-0.8432937076006868, 0.614410812933087]], "bias_count": 33, "energy_calls_at_each_min": [1, 2092, 3764], "force_calls_at_each_min": [1, 2092, 3764], "min_height_scale": 2.0, "max_height_scale": 2.5, "min_cov_scale": 2.5, "max_cov_scale": 1.5, "pert_type": "fixed"}