{"run_id": 3666, "bias_std_dev_scale": 0.170998, "bias_height_fraction": 0.119897, "perturbation_size": 0.005, "optimizer": "FIRE", "found_minima": [[0.6234994049, 0.02803775853], [-0.05001100019355859, 0.4666941420891143], [-0.5582236189790553, 1.441725856811085]], "found_saddles": [[0.40891370800477267, 0.26358763660374823], [-0.7151082903998832, 0.39649725386865564]], "bias_count": 63, "energy_calls_at_each_min": [1, 1225, 7638], "force_calls_at_each_min": [1, 1225, 7638], "min_height_scale": 1.5, "max_height_scale": 2.5, "min_cov_scale": 2.5, "max_cov_scale": 2.0, "pert_type": "fixed"}