{"run_id": 1719, "bias_std_dev_scale": 0.170998, "bias_height_fraction": 0.119897, "perturbation_size": 0.005, "optimizer": "FIRE", "found_minima": [[0.6234994049, 0.02803775853], [-0.05067710090755583, 0.4668407291520845], [-0.5582236371898652, 1.4417258431447135]], "found_saddles": [[0.9316274267106495, -0.03933969978882035], [-0.826729270502972, 0.5855162406218337]], "bias_count": 36, "energy_calls_at_each_min": [1, 2811, 3924], "force_calls_at_each_min": [1, 2811, 3924], "min_height_scale": 2.0, "max_height_scale": 2.0, "min_cov_scale": 2.5, "max_cov_scale": 3.0, "pert_type": "adaptive"}