{"run_id": 123, "bias_std_dev_scale": 0.170998, "bias_height_fraction": 0.119897, "perturbation_size": 0.005, "optimizer": "FIRE", "found_minima": [[0.6234994049, 0.02803775853], [-0.05001657190585114, 0.46669598033871723], [-0.5582236230699159, 1.4417258533471233]], "found_saddles": [[0.32209102974290094, 0.2959859398135397], [0.6919416880219009, 0.30604918832116973]], "bias_count": 66, "energy_calls_at_each_min": [1, 1734, 8014], "force_calls_at_each_min": [1, 1734, 8014], "min_height_scale": 1.5, "max_height_scale": 3.0, "min_cov_scale": 3.0, "max_cov_scale": 2.0, "pert_type": "adaptive"}