{"run_id": 2710, "bias_std_dev_scale": 0.170998, "bias_height_fraction": 0.119897, "perturbation_size": 0.005, "optimizer": "FIRE", "found_minima": [[0.6234994049, 0.02803775853], [-0.05003965652137214, 0.46669935794401396], [-0.5582236452634302, 1.4417258320658108]], "found_saddles": [[0.1293508519568727, 0.22329106440565782], [-0.807659276371862, 0.6258988022943375]], "bias_count": 63, "energy_calls_at_each_min": [1, 1024, 7576], "force_calls_at_each_min": [1, 1024, 7576], "min_height_scale": 2.0, "max_height_scale": 1.5, "min_cov_scale": 2.5, "max_cov_scale": 3.0, "pert_type": "fixed"}