{"run_id": 2185, "bias_std_dev_scale": 0.170998, "bias_height_fraction": 0.119897, "perturbation_size": 0.005, "optimizer": "FIRE", "found_minima": [[0.6234994049, 0.02803775853], [-0.050180350257391815, 0.46674184922901657], [-0.5582236492115327, 1.4417258275940517]], "found_saddles": [[0.16725334234799485, 0.2869810470056896], [-0.8240851513150154, 0.5216421271373098]], "bias_count": 109, "energy_calls_at_each_min": [1, 1813, 12876], "force_calls_at_each_min": [1, 1813, 12876], "min_height_scale": 2.0, "max_height_scale": 1.5, "min_cov_scale": 2.0, "max_cov_scale": 1.5, "pert_type": "adaptive"}