{"run_id": 4548, "bias_std_dev_scale": 0.170998, "bias_height_fraction": 0.119897, "perturbation_size": 0.005, "optimizer": "FIRE", "found_minima": [[0.6234994049, 0.02803775853], [-0.05194141463885836, 0.4671158260688871], [-0.5582236449411672, 1.4417258318498034]], "found_saddles": [[0.11274193339538915, 0.18175935432314516], [-0.8848427591661887, 0.5886862967064036]], "bias_count": 26, "energy_calls_at_each_min": [1, 1172, 3055], "force_calls_at_each_min": [1, 1172, 3055], "min_height_scale": 3.0, "max_height_scale": 2.5, "min_cov_scale": 1.5, "max_cov_scale": 2.5, "pert_type": "fixed"}