{"run_id": 1963, "bias_std_dev_scale": 0.170998, "bias_height_fraction": 0.119897, "perturbation_size": 0.005, "optimizer": "FIRE", "found_minima": [[0.6234994049, 0.02803775853], [-0.05148941501791119, 0.4671663766471812], [-0.5582236210376561, 1.4417258550218335]], "found_saddles": [[0.9270044406803979, 0.09476850936984557], [-0.8359689146861361, 0.6186868124197354]], "bias_count": 54, "energy_calls_at_each_min": [1, 2344, 6296], "force_calls_at_each_min": [1, 2344, 6296], "min_height_scale": 3.0, "max_height_scale": 2.0, "min_cov_scale": 2.0, "max_cov_scale": 2.0, "pert_type": "adaptive"}