{"run_id": 3669, "bias_std_dev_scale": 0.170998, "bias_height_fraction": 0.119897, "perturbation_size": 0.005, "optimizer": "FIRE", "found_minima": [[0.6234994049, 0.02803775853], [-0.5582236490938607, 1.4417258278828873]], "found_saddles": [[-0.860257850792886, 0.5495007308628428]], "bias_count": 5000, "energy_calls_at_each_min": [1, 4988], "force_calls_at_each_min": [1, 4988], "min_height_scale": 1.5, "max_height_scale": 2.5, "min_cov_scale": 2.5, "max_cov_scale": 2.5, "pert_type": "adaptive"}