{"run_id": 4870, "bias_std_dev_scale": 0.170998, "bias_height_fraction": 0.119897, "perturbation_size": 0.005, "optimizer": "FIRE", "found_minima": [[0.6234994049, 0.02803775853], [-0.050375178726490534, 0.4667767732833068], [-0.558223617621134, 1.4417258605804142]], "found_saddles": [[0.22493778312907667, 0.2765089347266363], [-0.16413766599021198, 0.09598083003102204]], "bias_count": 71, "energy_calls_at_each_min": [1, 1001, 9487], "force_calls_at_each_min": [1, 1001, 9487], "min_height_scale": 2.5, "max_height_scale": 1.5, "min_cov_scale": 1.5, "max_cov_scale": 3.0, "pert_type": "fixed"}