{"run_id": 3606, "bias_std_dev_scale": 0.170998, "bias_height_fraction": 0.119897, "perturbation_size": 0.005, "optimizer": "FIRE", "found_minima": [[0.6234994049, 0.02803775853], [-0.05009541639524518, 0.46671972790199684], [-0.5582236375419601, 1.4417258355531626]], "found_saddles": [[0.2480018119811741, 0.299099631901385], [0.43964909929769336, 0.5879167162094476]], "bias_count": 130, "energy_calls_at_each_min": [1, 1215, 16445], "force_calls_at_each_min": [1, 1215, 16445], "min_height_scale": 1.5, "max_height_scale": 1.5, "min_cov_scale": 2.5, "max_cov_scale": 3.0, "pert_type": "fixed"}