{"run_id": 460, "bias_std_dev_scale": 0.170998, "bias_height_fraction": 0.119897, "perturbation_size": 0.005, "optimizer": "FIRE", "found_minima": [[0.6234994049, 0.02803775853], [-0.050993106476617776, 0.46688456239474113], [-0.5582236528148026, 1.4417258246650817]], "found_saddles": [[0.08581933316932215, 0.14232156150533504], [0.3496285905858166, 0.6503012324646665]], "bias_count": 57, "energy_calls_at_each_min": [1, 1140, 7038], "force_calls_at_each_min": [1, 1140, 7038], "min_height_scale": 3.0, "max_height_scale": 2.5, "min_cov_scale": 2.0, "max_cov_scale": 2.5, "pert_type": "fixed"}