{"run_id": 5113, "bias_std_dev_scale": 0.170998, "bias_height_fraction": 0.119897, "perturbation_size": 0.005, "optimizer": "FIRE", "found_minima": [[0.6234994049, 0.02803775853], [-0.05001103189101628, 0.4666941595325138], [-0.5582236509493365, 1.4417258259793495]], "found_saddles": [[0.2864145506399172, 0.3034454675027016], [-0.4050581203950187, 0.10218952340649669]], "bias_count": 83, "energy_calls_at_each_min": [1, 1792, 9707], "force_calls_at_each_min": [1, 1792, 9707], "min_height_scale": 3.0, "max_height_scale": 3.0, "min_cov_scale": 3.0, "max_cov_scale": 1.5, "pert_type": "adaptive"}