{"run_id": 4681, "bias_std_dev_scale": 0.170998, "bias_height_fraction": 0.119897, "perturbation_size": 0.005, "optimizer": "FIRE", "found_minima": [[0.6234994049, 0.02803775853], [-0.050013135200650816, 0.4666946409964757], [-0.55822364890179, 1.4417258276106129]], "found_saddles": [[0.1484769109949953, 0.24800126310375636], [-0.7061244836387359, 0.6656062695403216]], "bias_count": 54, "energy_calls_at_each_min": [1, 1313, 6316], "force_calls_at_each_min": [1, 1313, 6316], "min_height_scale": 1.5, "max_height_scale": 2.5, "min_cov_scale": 2.0, "max_cov_scale": 1.5, "pert_type": "adaptive"}