{"run_id": 1515, "bias_std_dev_scale": 0.170998, "bias_height_fraction": 0.119897, "perturbation_size": 0.005, "optimizer": "FIRE", "found_minima": [[0.6234994049, 0.02803775853], [-0.05117776684626332, 0.46694708803581825], [-0.5582236547732863, 1.4417258210828119]], "found_saddles": [[0.22108517983018916, 0.2924005911776831], [0.11336254794366171, 0.7155587871843895]], "bias_count": 56, "energy_calls_at_each_min": [1, 1340, 6795], "force_calls_at_each_min": [1, 1340, 6795], "min_height_scale": 3.0, "max_height_scale": 3.0, "min_cov_scale": 2.0, "max_cov_scale": 2.0, "pert_type": "adaptive"}