{"run_id": 1808, "bias_std_dev_scale": 0.170998, "bias_height_fraction": 0.119897, "perturbation_size": 0.005, "optimizer": "FIRE", "found_minima": [[0.6234994049, 0.02803775853], [-0.05018964387722403, 0.46673054367464206], [-0.5582236514950616, 1.4417258264549144]], "found_saddles": [[0.27840531500573806, 0.30216340171756045], [-0.16586095067936102, 0.010666927235437565]], "bias_count": 162, "energy_calls_at_each_min": [1, 2953, 20246], "force_calls_at_each_min": [1, 2953, 20246], "min_height_scale": 2.5, "max_height_scale": 1.5, "min_cov_scale": 2.5, "max_cov_scale": 1.5, "pert_type": "fixed"}