{"run_id": 4715, "bias_std_dev_scale": 0.170998, "bias_height_fraction": 0.119897, "perturbation_size": 0.005, "optimizer": "FIRE", "found_minima": [[0.6234994049, 0.02803775853], [-0.05001121479459743, 0.466694189420177], [-0.5582236233679126, 1.4417258526845087]], "found_saddles": [[0.14466816861987467, 0.19596613539531746], [-0.6015048293963796, 0.28795007174237536]], "bias_count": 64, "energy_calls_at_each_min": [1, 1823, 7717], "force_calls_at_each_min": [1, 1823, 7717], "min_height_scale": 1.5, "max_height_scale": 3.0, "min_cov_scale": 2.0, "max_cov_scale": 2.0, "pert_type": "adaptive"}