{"run_id": 2708, "bias_std_dev_scale": 0.170998, "bias_height_fraction": 0.119897, "perturbation_size": 0.005, "optimizer": "FIRE", "found_minima": [[0.6234994049, 0.02803775853], [-0.05003024423405837, 0.46670128993022014], [-0.558223623268408, 1.4417258527792567]], "found_saddles": [[0.13983768345018405, 0.26088566987507156], [-0.856862195964117, 0.6143828307554274]], "bias_count": 92, "energy_calls_at_each_min": [1, 1935, 11521], "force_calls_at_each_min": [1, 1935, 11521], "min_height_scale": 2.0, "max_height_scale": 1.5, "min_cov_scale": 2.5, "max_cov_scale": 2.5, "pert_type": "fixed"}