{"run_id": 2899, "bias_std_dev_scale": 0.170998, "bias_height_fraction": 0.119897, "perturbation_size": 0.005, "optimizer": "FIRE", "found_minima": [[0.6234994049, 0.02803775853], [-0.05003222961007102, 0.46669896828510143], [-0.5582236303091628, 1.4417258483405715]], "found_saddles": [[0.2983069459069515, 0.2971919867181786], [0.5204838272561663, 0.4920193139876764]], "bias_count": 78, "energy_calls_at_each_min": [1, 1594, 9510], "force_calls_at_each_min": [1, 1594, 9510], "min_height_scale": 2.5, "max_height_scale": 2.5, "min_cov_scale": 2.5, "max_cov_scale": 2.0, "pert_type": "adaptive"}