{"run_id": 338, "bias_std_dev_scale": 0.170998, "bias_height_fraction": 0.119897, "perturbation_size": 0.005, "optimizer": "FIRE", "found_minima": [[0.6234994049, 0.02803775853], [-0.05001179015634766, 0.466694450502331], [-0.5582236287684206, 1.4417258475245092]], "found_saddles": [[0.37854325609852085, 0.31916425251839464], [-0.27985206535568713, 0.08561949710076239]], "bias_count": 41, "energy_calls_at_each_min": [1, 1989, 4955], "force_calls_at_each_min": [1, 1989, 4955], "min_height_scale": 2.5, "max_height_scale": 2.5, "min_cov_scale": 2.5, "max_cov_scale": 2.0, "pert_type": "fixed"}