{"run_id": 307, "bias_std_dev_scale": 0.170998, "bias_height_fraction": 0.119897, "perturbation_size": 0.005, "optimizer": "FIRE", "found_minima": [[0.6234994049, 0.02803775853], [-0.050165767431418526, 0.4667283152288951], [-0.558223648667151, 1.4417258281052667]], "found_saddles": [[0.22484397882470955, 0.28283045750280045], [-0.1681666569220706, 0.08105590070225689]], "bias_count": 99, "energy_calls_at_each_min": [1, 1538, 12087], "force_calls_at_each_min": [1, 1538, 12087], "min_height_scale": 2.5, "max_height_scale": 2.0, "min_cov_scale": 2.5, "max_cov_scale": 2.0, "pert_type": "adaptive"}