{"run_id": 2963, "bias_std_dev_scale": 0.170998, "bias_height_fraction": 0.119897, "perturbation_size": 0.005, "optimizer": "FIRE", "found_minima": [[0.6234994049, 0.02803775853], [-0.050049306043956625, 0.46670993474342715], [-0.5582236276863207, 1.441725850955527]], "found_saddles": [[0.19884648123676943, 0.2941006298823571], [-0.8218068137742053, 0.6132129802433275]], "bias_count": 105, "energy_calls_at_each_min": [1, 2153, 12932], "force_calls_at_each_min": [1, 2153, 12932], "min_height_scale": 3.0, "max_height_scale": 1.5, "min_cov_scale": 2.5, "max_cov_scale": 2.0, "pert_type": "adaptive"}