{"run_id": 351, "bias_std_dev_scale": 0.170998, "bias_height_fraction": 0.119897, "perturbation_size": 0.005, "optimizer": "FIRE", "found_minima": [[0.6234994049, 0.02803775853], [-0.050032643928511866, 0.466704307498694], [-0.5582236476937479, 1.4417258290006745]], "found_saddles": [[0.36505688334437525, 0.30040297234339997], [-0.7461176204404327, 0.666313964039061]], "bias_count": 39, "energy_calls_at_each_min": [1, 1697, 4955], "force_calls_at_each_min": [1, 1697, 4955], "min_height_scale": 2.5, "max_height_scale": 2.5, "min_cov_scale": 3.0, "max_cov_scale": 3.0, "pert_type": "adaptive"}