{"run_id": 4745, "bias_std_dev_scale": 0.170998, "bias_height_fraction": 0.119897, "perturbation_size": 0.005, "optimizer": "FIRE", "found_minima": [[0.6234994049, 0.02803775853], [-0.05001837111617917, 0.46669602557004414], [-0.5582236528784473, 1.4417258240798683]], "found_saddles": [[0.11879463371596685, 0.18489312222153056], [-0.8307925183036071, 0.6443291985515862]], "bias_count": 52, "energy_calls_at_each_min": [1, 2057, 5850], "force_calls_at_each_min": [1, 2057, 5850], "min_height_scale": 2.0, "max_height_scale": 1.5, "min_cov_scale": 2.0, "max_cov_scale": 1.5, "pert_type": "adaptive"}