{"run_id": 5053, "bias_std_dev_scale": 0.170998, "bias_height_fraction": 0.119897, "perturbation_size": 0.005, "optimizer": "FIRE", "found_minima": [[0.6234994049, 0.02803775853], [-0.05001629107347837, 0.4666954057889248], [-0.5582236497355196, 1.4417258289782928]], "found_saddles": [[0.24414744862180673, 0.3196086615859397], [-0.4328637611127734, 0.24118406154916336]], "bias_count": 73, "energy_calls_at_each_min": [1, 1331, 8882], "force_calls_at_each_min": [1, 1331, 8882], "min_height_scale": 3.0, "max_height_scale": 2.0, "min_cov_scale": 3.0, "max_cov_scale": 2.5, "pert_type": "adaptive"}