{"run_id": 3062, "bias_std_dev_scale": 0.170998, "bias_height_fraction": 0.119897, "perturbation_size": 0.005, "optimizer": "FIRE", "found_minima": [[0.6234994049, 0.02803775853], [-0.050016049364239736, 0.4666953413334133], [-0.5582236511077766, 1.4417258254693064]], "found_saddles": [[0.15009571789708748, 0.2965519418501643], [0.36124706345336, 0.6386497048114463]], "bias_count": 59, "energy_calls_at_each_min": [1, 857, 7420], "force_calls_at_each_min": [1, 857, 7420], "min_height_scale": 3.0, "max_height_scale": 3.0, "min_cov_scale": 2.5, "max_cov_scale": 3.0, "pert_type": "fixed"}