{"run_id": 5054, "bias_std_dev_scale": 0.170998, "bias_height_fraction": 0.119897, "perturbation_size": 0.005, "optimizer": "FIRE", "found_minima": [[0.6234994049, 0.02803775853], [-0.050090656828275494, 0.4667106713295721], [-0.5582236397644961, 1.4417258401293882]], "found_saddles": [[0.14420323848205824, 0.2679723706786016], [-0.3783805110016503, 0.12683465363535903]], "bias_count": 90, "energy_calls_at_each_min": [1, 1379, 11092], "force_calls_at_each_min": [1, 1379, 11092], "min_height_scale": 3.0, "max_height_scale": 2.0, "min_cov_scale": 3.0, "max_cov_scale": 3.0, "pert_type": "fixed"}