{"run_id": 879, "bias_std_dev_scale": 0.170998, "bias_height_fraction": 0.119897, "perturbation_size": 0.005, "optimizer": "FIRE", "found_minima": [[0.6234994049, 0.02803775853], [-0.05055742503698538, 0.466806839619595], [-0.5582236508143562, 1.4417258263712986]], "found_saddles": [[0.27465600416079217, 0.3369981914284773], [-0.48638507163475353, 0.7043390338800702]], "bias_count": 33, "energy_calls_at_each_min": [1, 1111, 3791], "force_calls_at_each_min": [1, 1111, 3791], "min_height_scale": 2.5, "max_height_scale": 3.0, "min_cov_scale": 2.0, "max_cov_scale": 3.0, "pert_type": "adaptive"}