{"run_id": 3980, "bias_std_dev_scale": 0.170998, "bias_height_fraction": 0.119897, "perturbation_size": 0.005, "optimizer": "FIRE", "found_minima": [[0.6234994049, 0.02803775853], [-0.05034682797878262, 0.4667838510691455], [-0.558223622624709, 1.4417258509796298]], "found_saddles": [[0.27949406043067737, 0.29447430484736925], [-0.2963295476749855, 0.18429374047818847]], "bias_count": 93, "energy_calls_at_each_min": [1, 2290, 11215], "force_calls_at_each_min": [1, 2290, 11215], "min_height_scale": 3.0, "max_height_scale": 1.5, "min_cov_scale": 2.0, "max_cov_scale": 2.5, "pert_type": "fixed"}