{"run_id": 2042, "bias_std_dev_scale": 0.170998, "bias_height_fraction": 0.119897, "perturbation_size": 0.005, "optimizer": "FIRE", "found_minima": [[0.6234994049, 0.02803775853], [-0.050060570132116476, 0.46670592256941995], [-0.5582236308051863, 1.4417258423101065]], "found_saddles": [[0.1484867305886043, 0.11118131441127821], [-0.7951151582318764, 0.4212246823300241]], "bias_count": 30, "energy_calls_at_each_min": [1, 1152, 3722], "force_calls_at_each_min": [1, 1152, 3722], "min_height_scale": 3.0, "max_height_scale": 3.0, "min_cov_scale": 3.0, "max_cov_scale": 2.0, "pert_type": "fixed"}