{"run_id": 1508, "bias_std_dev_scale": 0.170998, "bias_height_fraction": 0.119897, "perturbation_size": 0.005, "optimizer": "FIRE", "found_minima": [[0.6234994049, 0.02803775853], [-0.05097289822465389, 0.4668823611921352], [-0.5582236280767063, 1.4417258456456308]], "found_saddles": [[0.13105231727462124, 0.21146911004059288], [-0.16288284742061726, 0.06751088400521196]], "bias_count": 44, "energy_calls_at_each_min": [1, 856, 5370], "force_calls_at_each_min": [1, 856, 5370], "min_height_scale": 3.0, "max_height_scale": 3.0, "min_cov_scale": 1.5, "max_cov_scale": 2.5, "pert_type": "fixed"}