{"run_id": 2099, "bias_std_dev_scale": 0.170998, "bias_height_fraction": 0.119897, "perturbation_size": 0.005, "optimizer": "FIRE", "found_minima": [[0.6234994049, 0.02803775853], [-0.050032078214335224, 0.4666991040103927], [-0.5582236552439855, 1.4417258214443127]], "found_saddles": [[0.23247507296302242, 0.2867348535336539], [-0.6846713520330963, 0.6905405354215125]], "bias_count": 43, "energy_calls_at_each_min": [1, 1672, 4999], "force_calls_at_each_min": [1, 1672, 4999], "min_height_scale": 1.5, "max_height_scale": 2.0, "min_cov_scale": 2.5, "max_cov_scale": 2.0, "pert_type": "adaptive"}