{"run_id": 1741, "bias_std_dev_scale": 0.170998, "bias_height_fraction": 0.119897, "perturbation_size": 0.005, "optimizer": "FIRE", "found_minima": [[0.6234994049, 0.02803775853], [-0.05502981862949359, 0.46725828828777616], [-0.5582236201404105, 1.4417258560058945]], "found_saddles": [[0.27706432910356577, 0.32879148126565516], [-0.8312579034989536, 0.6090433008475898]], "bias_count": 23, "energy_calls_at_each_min": [1, 1452, 2460], "force_calls_at_each_min": [1, 1452, 2460], "min_height_scale": 2.0, "max_height_scale": 2.5, "min_cov_scale": 2.0, "max_cov_scale": 2.5, "pert_type": "adaptive"}