{"run_id": 3957, "bias_std_dev_scale": 0.170998, "bias_height_fraction": 0.119897, "perturbation_size": 0.005, "optimizer": "FIRE", "found_minima": [[0.6234994049, 0.02803775853], [-0.0500116105431325, 0.4666942932610663], [-0.558223615761566, 1.4417258614198183]], "found_saddles": [[0.22060617973879926, 0.2896394195953103], [-0.7483615535342564, 0.3757726695956051]], "bias_count": 33, "energy_calls_at_each_min": [1, 711, 3792], "force_calls_at_each_min": [1, 711, 3792], "min_height_scale": 2.5, "max_height_scale": 3.0, "min_cov_scale": 2.5, "max_cov_scale": 2.5, "pert_type": "adaptive"}