{"run_id": 225, "bias_std_dev_scale": 0.170998, "bias_height_fraction": 0.119897, "perturbation_size": 0.005, "optimizer": "FIRE", "found_minima": [[0.6234994049, 0.02803775853], [-0.050661756777717684, 0.46683011353995235], [-0.5582236454755295, 1.441725832990262]], "found_saddles": [[0.05014094236132549, 0.10509510506984926], [-0.7175810810513297, 0.6983996575886773]], "bias_count": 52, "energy_calls_at_each_min": [1, 2015, 6069], "force_calls_at_each_min": [1, 2015, 6069], "min_height_scale": 2.0, "max_height_scale": 3.0, "min_cov_scale": 1.5, "max_cov_scale": 1.5, "pert_type": "adaptive"}