{"run_id": 4493, "bias_std_dev_scale": 0.170998, "bias_height_fraction": 0.119897, "perturbation_size": 0.005, "optimizer": "FIRE", "found_minima": [[0.6234994049, 0.02803775853], [-0.050017238615757464, 0.4666961787043377], [-0.5582236448970377, 1.44172583370177]], "found_saddles": [[0.15126028135534544, 0.18460726579220293], [-0.2017480854539872, 0.146627636199118]], "bias_count": 95, "energy_calls_at_each_min": [1, 1540, 11415], "force_calls_at_each_min": [1, 1540, 11415], "min_height_scale": 3.0, "max_height_scale": 1.5, "min_cov_scale": 2.0, "max_cov_scale": 2.5, "pert_type": "adaptive"}