{"run_id": 2377, "bias_std_dev_scale": 0.170998, "bias_height_fraction": 0.119897, "perturbation_size": 0.005, "optimizer": "FIRE", "found_minima": [[0.6234994049, 0.02803775853], [-0.050022223755302644, 0.46669625941994874], [-0.5582236551996277, 1.4417258211519217]], "found_saddles": [[0.9428735532740805, -0.02823124850332051], [-0.8238068354035709, 0.6259881656394048]], "bias_count": 59, "energy_calls_at_each_min": [1, 2309, 6839], "force_calls_at_each_min": [1, 2309, 6839], "min_height_scale": 2.5, "max_height_scale": 2.5, "min_cov_scale": 2.0, "max_cov_scale": 1.5, "pert_type": "adaptive"}