{"run_id": 1916, "bias_std_dev_scale": 0.170998, "bias_height_fraction": 0.119897, "perturbation_size": 0.005, "optimizer": "FIRE", "found_minima": [[0.6234994049, 0.02803775853], [-0.05001108660602519, 0.4666941643502165], [-0.5582236401748762, 1.441725838185902]], "found_saddles": [[0.2604961572973538, 0.2906095890020217], [-0.8254043765160441, 0.6108180100549534]], "bias_count": 45, "energy_calls_at_each_min": [1, 1103, 5561], "force_calls_at_each_min": [1, 1103, 5561], "min_height_scale": 2.5, "max_height_scale": 3.0, "min_cov_scale": 3.0, "max_cov_scale": 2.5, "pert_type": "fixed"}