{"run_id": 1532, "bias_std_dev_scale": 0.170998, "bias_height_fraction": 0.119897, "perturbation_size": 0.005, "optimizer": "FIRE", "found_minima": [[0.6234994049, 0.02803775853], [-0.05002475019550307, 0.46670535887947], [-0.5582236536908614, 1.441725821809478]], "found_saddles": [[0.12997304064128293, 0.1339945524089211], [-0.7154179009227309, 0.6945066018636985]], "bias_count": 52, "energy_calls_at_each_min": [1, 1273, 6555], "force_calls_at_each_min": [1, 1273, 6555], "min_height_scale": 3.0, "max_height_scale": 3.0, "min_cov_scale": 3.0, "max_cov_scale": 2.5, "pert_type": "fixed"}