{"run_id": 4412, "bias_std_dev_scale": 0.170998, "bias_height_fraction": 0.119897, "perturbation_size": 0.005, "optimizer": "FIRE", "found_minima": [[0.6234994049, 0.02803775853], [-0.05002471341246668, 0.46669637138478587], [-0.5582236500709945, 1.4417258272139604]], "found_saddles": [[0.11297601632438158, 0.10797872771670994], [-0.5550090099678718, 0.7463582072734729]], "bias_count": 112, "energy_calls_at_each_min": [1, 2039, 14009], "force_calls_at_each_min": [1, 2039, 14009], "min_height_scale": 2.5, "max_height_scale": 2.0, "min_cov_scale": 3.0, "max_cov_scale": 2.5, "pert_type": "fixed"}