{"run_id": 3162, "bias_std_dev_scale": 0.170998, "bias_height_fraction": 0.119897, "perturbation_size": 0.005, "optimizer": "FIRE", "found_minima": [[0.6234994049, 0.02803775853], [-0.050256459777831004, 0.46674729484446664], [-0.5582236565393189, 1.4417258198815708]], "found_saddles": [[0.0630399153016035, 0.13724737566154063], [-0.3472025713447045, 0.15884890413678762]], "bias_count": 104, "energy_calls_at_each_min": [1, 2613, 12718], "force_calls_at_each_min": [1, 2613, 12718], "min_height_scale": 1.5, "max_height_scale": 2.5, "min_cov_scale": 3.0, "max_cov_scale": 2.0, "pert_type": "fixed"}