{"run_id": 3736, "bias_std_dev_scale": 0.170998, "bias_height_fraction": 0.119897, "perturbation_size": 0.005, "optimizer": "FIRE", "found_minima": [[0.6234994049, 0.02803775853], [-0.05001079100793979, 0.4666941020163895], [-0.5582236232536085, 1.4417258527936478]], "found_saddles": [[0.18477640761921188, 0.29909872031970935], [-0.1592804606175307, 0.05125453801773652]], "bias_count": 146, "energy_calls_at_each_min": [1, 2239, 17802], "force_calls_at_each_min": [1, 2239, 17802], "min_height_scale": 2.0, "max_height_scale": 1.5, "min_cov_scale": 3.0, "max_cov_scale": 1.5, "pert_type": "fixed"}