{"run_id": 1163, "bias_std_dev_scale": 0.170998, "bias_height_fraction": 0.119897, "perturbation_size": 0.005, "optimizer": "FIRE", "found_minima": [[0.6234994049, 0.02803775853], [-0.05007703482719913, 0.4667130957188229], [-0.558223649689579, 1.441725827214332]], "found_saddles": [[0.19189355005619713, 0.27857289795800133], [-0.8152628230323468, 0.6018275470036897]], "bias_count": 41, "energy_calls_at_each_min": [1, 1671, 4573], "force_calls_at_each_min": [1, 1671, 4573], "min_height_scale": 2.0, "max_height_scale": 1.5, "min_cov_scale": 2.0, "max_cov_scale": 2.0, "pert_type": "adaptive"}