{"run_id": 1466, "bias_std_dev_scale": 0.170998, "bias_height_fraction": 0.119897, "perturbation_size": 0.005, "optimizer": "FIRE", "found_minima": [[0.6234994049, 0.02803775853], [-0.05001105871481318, 0.4666941816384322], [-0.5582236491010699, 1.441725827444489]], "found_saddles": [[0.10860633046460068, 0.23817421818424997], [-0.6730200289045188, 0.35272984349115627]], "bias_count": 92, "energy_calls_at_each_min": [1, 1570, 11495], "force_calls_at_each_min": [1, 1570, 11495], "min_height_scale": 3.0, "max_height_scale": 2.0, "min_cov_scale": 3.0, "max_cov_scale": 2.0, "pert_type": "fixed"}