{"run_id": 4175, "bias_std_dev_scale": 0.170998, "bias_height_fraction": 0.119897, "perturbation_size": 0.005, "optimizer": "FIRE", "found_minima": [[0.6234994049, 0.02803775853], [-0.05403264037542992, 0.46765387279032267], [-0.5582236516217931, 1.4417258250284932]], "found_saddles": [[0.9812851900148823, 0.044753793478147785], [-0.8078552116705885, 0.6247761487782018]], "bias_count": 47, "energy_calls_at_each_min": [1, 2475, 6543], "force_calls_at_each_min": [1, 2475, 6543], "min_height_scale": 1.5, "max_height_scale": 2.5, "min_cov_scale": 2.0, "max_cov_scale": 3.0, "pert_type": "adaptive"}