{"run_id": 4423, "bias_std_dev_scale": 0.170998, "bias_height_fraction": 0.119897, "perturbation_size": 0.005, "optimizer": "FIRE", "found_minima": [[0.6234994049, 0.02803775853], [-0.050029722855424195, 0.4666978423176344], [-0.5582236399637975, 1.4417258384135807]], "found_saddles": [[0.15515451154798993, 0.2156308251908759], [-0.6580191342246478, 0.7230690074476548]], "bias_count": 54, "energy_calls_at_each_min": [1, 1083, 6511], "force_calls_at_each_min": [1, 1083, 6511], "min_height_scale": 2.5, "max_height_scale": 2.5, "min_cov_scale": 1.5, "max_cov_scale": 3.0, "pert_type": "adaptive"}