{"run_id": 3076, "bias_std_dev_scale": 0.170998, "bias_height_fraction": 0.119897, "perturbation_size": 0.005, "optimizer": "FIRE", "found_minima": [[0.6234994049, 0.02803775853], [-0.05022950421028171, 0.46674731229932553], [-0.5582236445463253, 1.441725829905845]], "found_saddles": [[0.3586103054874265, 0.28151025504329225], [1.0467025265951682, -0.02420650546091603]], "bias_count": 100, "energy_calls_at_each_min": [1, 1541, 12448], "force_calls_at_each_min": [1, 1541, 12448], "min_height_scale": 1.5, "max_height_scale": 1.5, "min_cov_scale": 1.5, "max_cov_scale": 2.5, "pert_type": "fixed"}