{"run_id": 2054, "bias_std_dev_scale": 0.170998, "bias_height_fraction": 0.119897, "perturbation_size": 0.005, "optimizer": "FIRE", "found_minima": [[0.6234994049, 0.02803775853], [-0.05013232776529461, 0.4667366725542688], [-0.558223104173787, 1.4417264961748493]], "found_saddles": [[0.15072583649167945, 0.09146390381169989], [-0.19795871175041385, 0.02102514419626041]], "bias_count": 97, "energy_calls_at_each_min": [1, 1458, 11993], "force_calls_at_each_min": [1, 1458, 11993], "min_height_scale": 1.5, "max_height_scale": 1.5, "min_cov_scale": 1.5, "max_cov_scale": 3.0, "pert_type": "fixed"}