{"run_id": 2880, "bias_std_dev_scale": 0.170998, "bias_height_fraction": 0.119897, "perturbation_size": 0.005, "optimizer": "FIRE", "found_minima": [[0.6234994049, 0.02803775853], [-0.05009280378463256, 0.46671501757932643], [-0.5582236472989247, 1.44172582926283]], "found_saddles": [[0.17361559085130432, 0.25731087821317217], [-0.8316030127650804, 0.5960340433895286]], "bias_count": 15, "energy_calls_at_each_min": [1, 544, 1575], "force_calls_at_each_min": [1, 544, 1575], "min_height_scale": 2.5, "max_height_scale": 2.5, "min_cov_scale": 1.5, "max_cov_scale": 1.5, "pert_type": "fixed"}