{"run_id": 646, "bias_std_dev_scale": 0.170998, "bias_height_fraction": 0.119897, "perturbation_size": 0.005, "optimizer": "FIRE", "found_minima": [[0.6234994049, 0.02803775853], [-0.05061311515261887, 0.4668486834755846], [-0.558223629188353, 1.4417258453914827]], "found_saddles": [[0.17154235549160823, 0.2676684478710289], [-0.21539742161537065, 0.14919699175105736]], "bias_count": 80, "energy_calls_at_each_min": [1, 1377, 9619], "force_calls_at_each_min": [1, 1377, 9619], "min_height_scale": 2.0, "max_height_scale": 1.5, "min_cov_scale": 1.5, "max_cov_scale": 3.0, "pert_type": "fixed"}