{"run_id": 2191, "bias_std_dev_scale": 0.170998, "bias_height_fraction": 0.119897, "perturbation_size": 0.005, "optimizer": "FIRE", "found_minima": [[0.6234994049, 0.02803775853], [-0.55822363708973, 1.4417258425968495]], "found_saddles": [[-0.8354723133537381, 0.6096601872786641]], "bias_count": 5000, "energy_calls_at_each_min": [1, 8666], "force_calls_at_each_min": [1, 8666], "min_height_scale": 2.0, "max_height_scale": 1.5, "min_cov_scale": 2.0, "max_cov_scale": 3.0, "pert_type": "adaptive"}