{"run_id": 1514, "bias_std_dev_scale": 0.170998, "bias_height_fraction": 0.119897, "perturbation_size": 0.005, "optimizer": "FIRE", "found_minima": [[0.6234994049, 0.02803775853], [-0.050494664139282164, 0.4667832369773516], [-0.5582236442536511, 1.4417258343817545]], "found_saddles": [[0.3856720871090132, 0.355440774350053], [-0.8317280073536332, 0.40731813936922734]], "bias_count": 46, "energy_calls_at_each_min": [1, 1844, 5573], "force_calls_at_each_min": [1, 1844, 5573], "min_height_scale": 3.0, "max_height_scale": 3.0, "min_cov_scale": 2.0, "max_cov_scale": 2.0, "pert_type": "fixed"}