{"run_id": 2177, "bias_std_dev_scale": 0.170998, "bias_height_fraction": 0.119897, "perturbation_size": 0.005, "optimizer": "FIRE", "found_minima": [[0.6234994049, 0.02803775853], [-0.050015488453233066, 0.4666951852692835], [-0.5582236403783047, 1.441725837970972]], "found_saddles": [[0.9303576685099895, -0.038339911139913224], [-0.8004909843096559, 0.6221965208878996]], "bias_count": 95, "energy_calls_at_each_min": [1, 2302, 10615], "force_calls_at_each_min": [1, 2302, 10615], "min_height_scale": 2.0, "max_height_scale": 1.5, "min_cov_scale": 1.5, "max_cov_scale": 1.5, "pert_type": "adaptive"}