{"run_id": 1186, "bias_std_dev_scale": 0.170998, "bias_height_fraction": 0.119897, "perturbation_size": 0.005, "optimizer": "FIRE", "found_minima": [[0.6234994049, 0.02803775853], [-0.050303509393736984, 0.46678095815932713], [-0.5582236501040567, 1.4417258267166557]], "found_saddles": [[0.26891153303179055, 0.35257683339493223], [-0.6191876363175686, 0.7373678297554979]], "bias_count": 69, "energy_calls_at_each_min": [1, 959, 8132], "force_calls_at_each_min": [1, 959, 8132], "min_height_scale": 2.0, "max_height_scale": 2.0, "min_cov_scale": 1.5, "max_cov_scale": 2.0, "pert_type": "fixed"}