{"run_id": 262, "bias_std_dev_scale": 0.170998, "bias_height_fraction": 0.119897, "perturbation_size": 0.005, "optimizer": "FIRE", "found_minima": [[0.6234994049, 0.02803775853], [-0.5582236200059958, 1.4417258560115551]], "found_saddles": [[-0.8148448695480123, 0.6163993216767637]], "bias_count": 5000, "energy_calls_at_each_min": [1, 8955], "force_calls_at_each_min": [1, 8955], "min_height_scale": 2.5, "max_height_scale": 1.5, "min_cov_scale": 1.5, "max_cov_scale": 3.0, "pert_type": "fixed"}