{"run_id": 1124, "bias_std_dev_scale": 0.170998, "bias_height_fraction": 0.119897, "perturbation_size": 0.005, "optimizer": "FIRE", "found_minima": [[0.6234994049, 0.02803775853], [-0.05176305204599174, 0.4671110413960894], [-0.5582236438858327, 1.4417258300092057]], "found_saddles": [[0.44675903067016115, 0.2609567215613188], [-0.6337125276404386, 0.2650119053424416]], "bias_count": 49, "energy_calls_at_each_min": [1, 1081, 5836], "force_calls_at_each_min": [1, 1081, 5836], "min_height_scale": 1.5, "max_height_scale": 3.0, "min_cov_scale": 1.5, "max_cov_scale": 2.5, "pert_type": "fixed"}