{"run_id": 648, "bias_std_dev_scale": 0.170998, "bias_height_fraction": 0.119897, "perturbation_size": 0.005, "optimizer": "FIRE", "found_minima": [[0.6234994049, 0.02803775853], [-0.050013270737057684, 0.46669473132397954], [-0.5582236419220239, 1.4417258327183051]], "found_saddles": [[0.10692465320860614, 0.09563355981186844], [-0.8510579792042786, 0.5463309650635878]], "bias_count": 82, "energy_calls_at_each_min": [1, 2942, 9569], "force_calls_at_each_min": [1, 2942, 9569], "min_height_scale": 2.0, "max_height_scale": 1.5, "min_cov_scale": 2.0, "max_cov_scale": 1.5, "pert_type": "fixed"}