{"run_id": 2920, "bias_std_dev_scale": 0.170998, "bias_height_fraction": 0.119897, "perturbation_size": 0.005, "optimizer": "FIRE", "found_minima": [[0.6234994049, 0.02803775853], [-0.05001093614982231, 0.4666941402690945], [-0.5582236433024661, 1.4417258335661984]], "found_saddles": [[0.270416418988931, 0.32388695818360685], [-0.44916618099100647, 0.7117008873989834]], "bias_count": 58, "energy_calls_at_each_min": [1, 854, 6992], "force_calls_at_each_min": [1, 854, 6992], "min_height_scale": 2.5, "max_height_scale": 3.0, "min_cov_scale": 2.0, "max_cov_scale": 1.5, "pert_type": "fixed"}