{"run_id": 1051, "bias_std_dev_scale": 0.170998, "bias_height_fraction": 0.119897, "perturbation_size": 0.005, "optimizer": "FIRE", "found_minima": [[0.6234994049, 0.02803775853], [-0.050015366070192926, 0.4666950936707454], [-0.5582236149680618, 1.4417258610976589]], "found_saddles": [[0.19669293921880915, 0.2991393971751495], [-0.039251925238090644, -0.03266784162029773]], "bias_count": 125, "energy_calls_at_each_min": [1, 1618, 16070], "force_calls_at_each_min": [1, 1618, 16070], "min_height_scale": 1.5, "max_height_scale": 1.5, "min_cov_scale": 3.0, "max_cov_scale": 2.0, "pert_type": "adaptive"}