{"run_id": 5006, "bias_std_dev_scale": 0.170998, "bias_height_fraction": 0.119897, "perturbation_size": 0.005, "optimizer": "FIRE", "found_minima": [[0.6234994049, 0.02803775853], [-0.05026550506126827, 0.4667520549420676], [-0.5582236575186821, 1.4417258191944724]], "found_saddles": [[0.16247183846570595, 0.2815427011911378], [-0.8246183476506491, 0.6108583311715087]], "bias_count": 60, "energy_calls_at_each_min": [1, 1472, 6974], "force_calls_at_each_min": [1, 1472, 6974], "min_height_scale": 3.0, "max_height_scale": 1.5, "min_cov_scale": 2.0, "max_cov_scale": 3.0, "pert_type": "fixed"}