{"run_id": 3901, "bias_std_dev_scale": 0.170998, "bias_height_fraction": 0.119897, "perturbation_size": 0.005, "optimizer": "FIRE", "found_minima": [[0.6234994049, 0.02803775853], [-0.05001510773033398, 0.46669492561373555], [-0.5582236531767311, 1.4417258239730038]], "found_saddles": [[0.1539859928248402, 0.2518872864714146], [-0.7883648022105145, 0.6495712352033493]], "bias_count": 38, "energy_calls_at_each_min": [1, 1594, 4545], "force_calls_at_each_min": [1, 1594, 4545], "min_height_scale": 2.5, "max_height_scale": 2.0, "min_cov_scale": 3.0, "max_cov_scale": 2.5, "pert_type": "adaptive"}