{"run_id": 1226, "bias_std_dev_scale": 0.170998, "bias_height_fraction": 0.119897, "perturbation_size": 0.005, "optimizer": "FIRE", "found_minima": [[0.6234994049, 0.02803775853], [-0.05004875735770167, 0.46670490662809816], [-0.5582236491137663, 1.4417258286376204]], "found_saddles": [[0.07125403605171679, 0.22123458256213768], [-0.7224584869412501, 0.6998858551156292]], "bias_count": 60, "energy_calls_at_each_min": [1, 1140, 7277], "force_calls_at_each_min": [1, 1140, 7277], "min_height_scale": 2.0, "max_height_scale": 2.5, "min_cov_scale": 2.0, "max_cov_scale": 2.0, "pert_type": "fixed"}