{"run_id": 2989, "bias_std_dev_scale": 0.170998, "bias_height_fraction": 0.119897, "perturbation_size": 0.005, "optimizer": "FIRE", "found_minima": [[0.6234994049, 0.02803775853], [-0.05014522047020457, 0.46672241342629606], [-0.5582236382121618, 1.4417258425575528]], "found_saddles": [[0.2008238676838042, 0.28159655299348285], [-0.8339752912770633, 0.6057544826344214]], "bias_count": 66, "energy_calls_at_each_min": [1, 1389, 7810], "force_calls_at_each_min": [1, 1389, 7810], "min_height_scale": 3.0, "max_height_scale": 2.0, "min_cov_scale": 2.0, "max_cov_scale": 2.5, "pert_type": "adaptive"}