{"run_id": 2742, "bias_std_dev_scale": 0.170998, "bias_height_fraction": 0.119897, "perturbation_size": 0.005, "optimizer": "FIRE", "found_minima": [[0.6234994049, 0.02803775853], [-0.051149422553053006, 0.4677589049952872], [-0.5582236352839098, 1.4417258372534523]], "found_saddles": [[-0.006063267552042029, 0.09397026229409808], [-0.8030829387742399, 0.6408447319007073]], "bias_count": 48, "energy_calls_at_each_min": [1, 1375, 5944], "force_calls_at_each_min": [1, 1375, 5944], "min_height_scale": 2.0, "max_height_scale": 2.0, "min_cov_scale": 2.5, "max_cov_scale": 3.0, "pert_type": "fixed"}