{"run_id": 3831, "bias_std_dev_scale": 0.170998, "bias_height_fraction": 0.119897, "perturbation_size": 0.005, "optimizer": "FIRE", "found_minima": [[0.6234994049, 0.02803775853], [-0.05019498564325816, 0.46674413497496625], [-0.5582236514397672, 1.441725825427713]], "found_saddles": [[0.20294888911477077, 0.29978037038302785], [1.04163169708192, -0.007588939134820914]], "bias_count": 57, "energy_calls_at_each_min": [1, 1199, 7047], "force_calls_at_each_min": [1, 1199, 7047], "min_height_scale": 2.0, "max_height_scale": 3.0, "min_cov_scale": 2.5, "max_cov_scale": 3.0, "pert_type": "adaptive"}