{"run_id": 2887, "bias_std_dev_scale": 0.170998, "bias_height_fraction": 0.119897, "perturbation_size": 0.005, "optimizer": "FIRE", "found_minima": [[0.6234994049, 0.02803775853], [-0.5582236515826908, 1.4417258263235733]], "found_saddles": [[-0.7006043812831885, 0.7372659095106839]], "bias_count": 5000, "energy_calls_at_each_min": [1, 4509], "force_calls_at_each_min": [1, 4509], "min_height_scale": 2.5, "max_height_scale": 2.5, "min_cov_scale": 1.5, "max_cov_scale": 3.0, "pert_type": "adaptive"}