{"run_id": 4922, "bias_std_dev_scale": 0.170998, "bias_height_fraction": 0.119897, "perturbation_size": 0.005, "optimizer": "FIRE", "found_minima": [[0.6234994049, 0.02803775853], [-0.05005183201823356, 0.46670355105695677], [-0.5582236140753315, 1.4417258616587032]], "found_saddles": [[0.19844907219589403, 0.2855511008945356], [-0.4539545662720574, 0.7372156375098597]], "bias_count": 62, "energy_calls_at_each_min": [1, 1909, 7517], "force_calls_at_each_min": [1, 1909, 7517], "min_height_scale": 2.5, "max_height_scale": 2.0, "min_cov_scale": 3.0, "max_cov_scale": 2.0, "pert_type": "fixed"}