{"run_id": 3785, "bias_std_dev_scale": 0.170998, "bias_height_fraction": 0.119897, "perturbation_size": 0.005, "optimizer": "FIRE", "found_minima": [[0.6234994049, 0.02803775853], [-0.05007227205649686, 0.46671517840689825], [-0.5582236368080273, 1.4417258407250264]], "found_saddles": [[0.9534092037282539, -0.008763257644278516], [-0.8094705770784993, 0.624001028824812]], "bias_count": 52, "energy_calls_at_each_min": [1, 2308, 6063], "force_calls_at_each_min": [1, 2308, 6063], "min_height_scale": 2.0, "max_height_scale": 2.5, "min_cov_scale": 2.0, "max_cov_scale": 1.5, "pert_type": "adaptive"}