{"run_id": 1561, "bias_std_dev_scale": 0.170998, "bias_height_fraction": 0.119897, "perturbation_size": 0.005, "optimizer": "FIRE", "found_minima": [[0.6234994049, 0.02803775853], [-0.05001105534708238, 0.46669415169905454], [-0.5582236385764164, 1.4417258413064746]], "found_saddles": [[0.20835073896303388, 0.2792647421252723], [-0.7621067783796351, 0.6437845268635428]], "bias_count": 102, "energy_calls_at_each_min": [1, 3121, 12013], "force_calls_at_each_min": [1, 3121, 12013], "min_height_scale": 1.5, "max_height_scale": 1.5, "min_cov_scale": 3.0, "max_cov_scale": 1.5, "pert_type": "adaptive"}