{"run_id": 754, "bias_std_dev_scale": 0.170998, "bias_height_fraction": 0.119897, "perturbation_size": 0.005, "optimizer": "FIRE", "found_minima": [[0.6234994049, 0.02803775853], [-0.5582236210863245, 1.4417258563583175]], "found_saddles": [[-0.06098127124539993, 0.7275747076418613]], "bias_count": 5000, "energy_calls_at_each_min": [1, 6316], "force_calls_at_each_min": [1, 6316], "min_height_scale": 2.0, "max_height_scale": 3.0, "min_cov_scale": 2.5, "max_cov_scale": 2.0, "pert_type": "fixed"}