{"run_id": 1877, "bias_std_dev_scale": 0.170998, "bias_height_fraction": 0.119897, "perturbation_size": 0.005, "optimizer": "FIRE", "found_minima": [[0.6234994049, 0.02803775853], [-0.050011250680109726, 0.46669418487043524], [-0.558223620813029, 1.4417258551874048]], "found_saddles": [[0.21711611320942834, 0.3031804042656199], [-0.07401460840701109, -0.017292175979367254]], "bias_count": 52, "energy_calls_at_each_min": [1, 1092, 6156], "force_calls_at_each_min": [1, 1092, 6156], "min_height_scale": 2.5, "max_height_scale": 2.5, "min_cov_scale": 2.5, "max_cov_scale": 2.5, "pert_type": "adaptive"}