{"run_id": 30, "bias_std_dev_scale": 0.170998, "bias_height_fraction": 0.119897, "perturbation_size": 0.005, "optimizer": "FIRE", "found_minima": [[0.6234994049, 0.02803775853], [-0.05159782912459396, 0.46718044143325826], [-0.5582235228002336, 1.4417259966272162]], "found_saddles": [[0.13402998816138395, 0.1664565285321905], [-0.23632602682693077, 0.11794988280811902]], "bias_count": 112, "energy_calls_at_each_min": [1, 1860, 14166], "force_calls_at_each_min": [1, 1860, 14166], "min_height_scale": 1.5, "max_height_scale": 1.5, "min_cov_scale": 3.0, "max_cov_scale": 3.0, "pert_type": "fixed"}