{"run_id": 1261, "bias_std_dev_scale": 0.170998, "bias_height_fraction": 0.119897, "perturbation_size": 0.005, "optimizer": "FIRE", "found_minima": [[0.6234994049, 0.02803775853], [-0.05001165342550043, 0.46669431538239237], [-0.5582236450901453, 1.4417258318045711]], "found_saddles": [[0.10299147694023933, 0.056990185185234736], [-0.4829830021066225, 0.23148720674863388]], "bias_count": 48, "energy_calls_at_each_min": [1, 1194, 6126], "force_calls_at_each_min": [1, 1194, 6126], "min_height_scale": 2.0, "max_height_scale": 3.0, "min_cov_scale": 2.0, "max_cov_scale": 2.5, "pert_type": "adaptive"}