{"run_id": 5117, "bias_std_dev_scale": 0.170998, "bias_height_fraction": 0.119897, "perturbation_size": 0.005, "optimizer": "FIRE", "found_minima": [[0.6234994049, 0.02803775853], [-0.05001121343124946, 0.4666942399410258], [-0.5582236373113393, 1.441725842074303]], "found_saddles": [[0.8136746498100109, 0.15310557695551602], [-0.8084524816459873, 0.6171059900135357]], "bias_count": 34, "energy_calls_at_each_min": [1, 1563, 4148], "force_calls_at_each_min": [1, 1563, 4148], "min_height_scale": 3.0, "max_height_scale": 3.0, "min_cov_scale": 3.0, "max_cov_scale": 2.5, "pert_type": "adaptive"}