{"run_id": 2399, "bias_std_dev_scale": 0.170998, "bias_height_fraction": 0.119897, "perturbation_size": 0.005, "optimizer": "FIRE", "found_minima": [[0.6234994049, 0.02803775853], [-0.05023007967212085, 0.46679538413568045], [-0.5582236540511891, 1.4417258234515011]], "found_saddles": [[0.2204258546027638, 0.3021180710514897], [-0.1914667792648454, 0.06499741327880582]], "bias_count": 57, "energy_calls_at_each_min": [1, 1490, 7221], "force_calls_at_each_min": [1, 1490, 7221], "min_height_scale": 2.5, "max_height_scale": 2.5, "min_cov_scale": 3.0, "max_cov_scale": 3.0, "pert_type": "adaptive"}