{"run_id": 3489, "bias_std_dev_scale": 0.170998, "bias_height_fraction": 0.119897, "perturbation_size": 0.005, "optimizer": "FIRE", "found_minima": [[0.6234994049, 0.02803775853], [-0.051768776682115755, 0.4671011724263107], [-0.5582236182904485, 1.4417258571405596]], "found_saddles": [[0.22780447645251792, 0.29346312398994306], [-0.7583631513015897, 0.6658254142251258]], "bias_count": 73, "energy_calls_at_each_min": [1, 1984, 8613], "force_calls_at_each_min": [1, 1984, 8613], "min_height_scale": 3.0, "max_height_scale": 2.0, "min_cov_scale": 1.5, "max_cov_scale": 1.5, "pert_type": "adaptive"}