{"run_id": 906, "bias_std_dev_scale": 0.170998, "bias_height_fraction": 0.119897, "perturbation_size": 0.005, "optimizer": "FIRE", "found_minima": [[0.6234994049, 0.02803775853], [-0.05001404832451934, 0.4666948309639618], [-0.5582236554595565, 1.4417258216337758]], "found_saddles": [[0.20841620047844017, 0.2942958022919385], [-0.8090638096888461, 0.6181245244821436]], "bias_count": 63, "energy_calls_at_each_min": [1, 1442, 7557], "force_calls_at_each_min": [1, 1442, 7557], "min_height_scale": 3.0, "max_height_scale": 1.5, "min_cov_scale": 2.0, "max_cov_scale": 2.0, "pert_type": "fixed"}