{"run_id": 3493, "bias_std_dev_scale": 0.170998, "bias_height_fraction": 0.119897, "perturbation_size": 0.005, "optimizer": "FIRE", "found_minima": [[0.6234994049, 0.02803775853], [-0.05077940232989648, 0.46686592456050174], [-0.5582236545249939, 1.4417258220295504]], "found_saddles": [[0.32982435942989924, 0.3168921103007196], [-0.025071931024305046, 0.7258578655054957]], "bias_count": 70, "energy_calls_at_each_min": [1, 1514, 8484], "force_calls_at_each_min": [1, 1514, 8484], "min_height_scale": 3.0, "max_height_scale": 2.0, "min_cov_scale": 1.5, "max_cov_scale": 2.5, "pert_type": "adaptive"}