{"run_id": 3243, "bias_std_dev_scale": 0.170998, "bias_height_fraction": 0.119897, "perturbation_size": 0.005, "optimizer": "FIRE", "found_minima": [[0.6234994049, 0.02803775853], [-0.050016254711379805, 0.4666968959365482], [-0.5582236212096111, 1.4417258561256694]], "found_saddles": [[0.17727675144813082, 0.2868559449438071], [-0.8373044094787943, 0.6219203817790514]], "bias_count": 53, "energy_calls_at_each_min": [1, 1684, 6251], "force_calls_at_each_min": [1, 1684, 6251], "min_height_scale": 2.0, "max_height_scale": 2.0, "min_cov_scale": 2.0, "max_cov_scale": 2.0, "pert_type": "adaptive"}