{"run_id": 3909, "bias_std_dev_scale": 0.170998, "bias_height_fraction": 0.119897, "perturbation_size": 0.005, "optimizer": "FIRE", "found_minima": [[0.6234994049, 0.02803775853], [-0.050057467343211454, 0.4667043567284118], [-0.5582236198153565, 1.4417258575881833]], "found_saddles": [[0.08960861827636711, 0.21150703826318498], [-0.8562132586065936, 0.61454664110407]], "bias_count": 21, "energy_calls_at_each_min": [1, 1652, 2315], "force_calls_at_each_min": [1, 1652, 2315], "min_height_scale": 2.5, "max_height_scale": 2.5, "min_cov_scale": 1.5, "max_cov_scale": 2.5, "pert_type": "adaptive"}