{"run_id": 2973, "bias_std_dev_scale": 0.170998, "bias_height_fraction": 0.119897, "perturbation_size": 0.005, "optimizer": "FIRE", "found_minima": [[0.6234994049, 0.02803775853], [-0.05036621091244069, 0.4667456855747104], [-0.5582236297867671, 1.4417258445423224]], "found_saddles": [[0.15739988196786797, 0.29328758909381286], [-0.520877336224224, 0.26930473132432936]], "bias_count": 112, "energy_calls_at_each_min": [1, 2018, 14042], "force_calls_at_each_min": [1, 2018, 14042], "min_height_scale": 3.0, "max_height_scale": 1.5, "min_cov_scale": 3.0, "max_cov_scale": 2.5, "pert_type": "adaptive"}