{"run_id": 1783, "bias_std_dev_scale": 0.170998, "bias_height_fraction": 0.119897, "perturbation_size": 0.005, "optimizer": "FIRE", "found_minima": [[0.6234994049, 0.02803775853], [-0.05157587082559955, 0.4669929966538978], [-0.5582236429503998, 1.441725833278036]], "found_saddles": [[0.7679242594384718, 0.2123736164090502], [-0.8081732602067446, 0.6386001828480474]], "bias_count": 23, "energy_calls_at_each_min": [1, 1700, 2885], "force_calls_at_each_min": [1, 1700, 2885], "min_height_scale": 2.0, "max_height_scale": 3.0, "min_cov_scale": 2.5, "max_cov_scale": 3.0, "pert_type": "adaptive"}