{"run_id": 3213, "bias_std_dev_scale": 0.170998, "bias_height_fraction": 0.119897, "perturbation_size": 0.005, "optimizer": "FIRE", "found_minima": [[0.6234994049, 0.02803775853], [-0.051774009013915545, 0.4671332681064628], [-0.5582236398851397, 1.4417258385191407]], "found_saddles": [[0.2523904279601695, 0.30920409699619994], [-0.7320561483313389, 0.7124499301126809]], "bias_count": 79, "energy_calls_at_each_min": [1, 1215, 9347], "force_calls_at_each_min": [1, 1215, 9347], "min_height_scale": 2.0, "max_height_scale": 1.5, "min_cov_scale": 2.0, "max_cov_scale": 2.5, "pert_type": "adaptive"}