{"run_id": 1588, "bias_std_dev_scale": 0.170998, "bias_height_fraction": 0.119897, "perturbation_size": 0.005, "optimizer": "FIRE", "found_minima": [[0.6234994049, 0.02803775853], [-0.051138092493076874, 0.46697810379031746], [-0.5582236180838975, 1.4417258579159802]], "found_saddles": [[0.09343124119810484, 0.13194054441898417], [-0.5503748462388962, 0.29314791023739784]], "bias_count": 88, "energy_calls_at_each_min": [1, 1933, 10984], "force_calls_at_each_min": [1, 1933, 10984], "min_height_scale": 1.5, "max_height_scale": 2.0, "min_cov_scale": 2.5, "max_cov_scale": 2.5, "pert_type": "fixed"}