{"run_id": 2863, "bias_std_dev_scale": 0.170998, "bias_height_fraction": 0.119897, "perturbation_size": 0.005, "optimizer": "FIRE", "found_minima": [[0.6234994049, 0.02803775853], [-0.558223639809119, 1.441725841143719]], "found_saddles": [[-0.818156543497902, 0.6067174606851559]], "bias_count": 5000, "energy_calls_at_each_min": [1, 5482], "force_calls_at_each_min": [1, 5482], "min_height_scale": 2.5, "max_height_scale": 2.0, "min_cov_scale": 2.0, "max_cov_scale": 3.0, "pert_type": "adaptive"}