{"run_id": 1270, "bias_std_dev_scale": 0.170998, "bias_height_fraction": 0.119897, "perturbation_size": 0.005, "optimizer": "FIRE", "found_minima": [[0.6234994049, 0.02803775853], [-0.05001459267657365, 0.46669491095673443], [-0.5582236517832498, 1.4417258255997085]], "found_saddles": [[0.9268359073215856, -0.03829283097708521], [-0.821965219467096, 0.4397708647603226]], "bias_count": 41, "energy_calls_at_each_min": [1, 1423, 5081], "force_calls_at_each_min": [1, 1423, 5081], "min_height_scale": 2.0, "max_height_scale": 3.0, "min_cov_scale": 2.5, "max_cov_scale": 3.0, "pert_type": "fixed"}