{"run_id": 1581, "bias_std_dev_scale": 0.170998, "bias_height_fraction": 0.119897, "perturbation_size": 0.005, "optimizer": "FIRE", "found_minima": [[0.6234994049, 0.02803775853], [-0.05009158693388556, 0.46670696742941586], [-0.5582236427162844, 1.4417258338229746]], "found_saddles": [[0.2700095435931297, 0.28695543116808353], [-0.8247396138359412, 0.5646062350133652]], "bias_count": 48, "energy_calls_at_each_min": [1, 1665, 5668], "force_calls_at_each_min": [1, 1665, 5668], "min_height_scale": 1.5, "max_height_scale": 2.0, "min_cov_scale": 2.0, "max_cov_scale": 2.5, "pert_type": "adaptive"}