{"run_id": 2557, "bias_std_dev_scale": 0.170998, "bias_height_fraction": 0.119897, "perturbation_size": 0.005, "optimizer": "FIRE", "found_minima": [[0.6234994049, 0.02803775853], [-0.05001670081329251, 0.4666989544131629], [-0.5582236476350823, 1.4417258292405268]], "found_saddles": [[0.24491926861998434, 0.32124172839683124], [-0.23543871904354252, 0.05750380681346691]], "bias_count": 64, "energy_calls_at_each_min": [1, 1113, 7523], "force_calls_at_each_min": [1, 1113, 7523], "min_height_scale": 3.0, "max_height_scale": 3.0, "min_cov_scale": 3.0, "max_cov_scale": 2.5, "pert_type": "adaptive"}