{"run_id": 2828, "bias_std_dev_scale": 0.170998, "bias_height_fraction": 0.119897, "perturbation_size": 0.005, "optimizer": "FIRE", "found_minima": [[0.6234994049, 0.02803775853], [-0.05001126095717067, 0.46669420633001535], [-0.5582236177354359, 1.4417258595515197]], "found_saddles": [[0.22782344142579405, 0.3083407279070914], [-0.7511321420869245, 0.6579450478970548]], "bias_count": 80, "energy_calls_at_each_min": [1, 1816, 10009], "force_calls_at_each_min": [1, 1816, 10009], "min_height_scale": 2.5, "max_height_scale": 1.5, "min_cov_scale": 2.0, "max_cov_scale": 2.5, "pert_type": "fixed"}