{"run_id": 4960, "bias_std_dev_scale": 0.170998, "bias_height_fraction": 0.119897, "perturbation_size": 0.005, "optimizer": "FIRE", "found_minima": [[0.6234994049, 0.02803775853], [-0.0512368600553887, 0.46704953910773145], [-0.5760208584023612, 1.458735026769074]], "found_saddles": [[0.11806204218931618, 0.06994057378808494], [-0.3696537226691235, 0.19072369913727918]], "bias_count": 47, "energy_calls_at_each_min": [1, 2147, 6316], "force_calls_at_each_min": [1, 2147, 6316], "min_height_scale": 2.5, "max_height_scale": 3.0, "min_cov_scale": 1.5, "max_cov_scale": 1.5, "pert_type": "fixed"}