{"run_id": 1385, "bias_std_dev_scale": 0.170998, "bias_height_fraction": 0.119897, "perturbation_size": 0.005, "optimizer": "FIRE", "found_minima": [[0.6234994049, 0.02803775853], [-0.050029596258870726, 0.46669797787243816], [-0.5582236520677786, 1.4417258244315236]], "found_saddles": [[0.2937669384494087, 0.3756767083149814], [0.4449594364849484, 0.63803701242377]], "bias_count": 84, "energy_calls_at_each_min": [1, 1447, 10224], "force_calls_at_each_min": [1, 1447, 10224], "min_height_scale": 2.5, "max_height_scale": 3.0, "min_cov_scale": 2.0, "max_cov_scale": 1.5, "pert_type": "adaptive"}