{"run_id": 3255, "bias_std_dev_scale": 0.170998, "bias_height_fraction": 0.119897, "perturbation_size": 0.005, "optimizer": "FIRE", "found_minima": [[0.6234994049, 0.02803775853], [-0.054327342626807384, 0.46753577925527584], [-0.55822363758969, 1.441725837217746]], "found_saddles": [[0.11212609652637516, 0.2069117593290434], [-0.8457228080548962, 0.6075805939413004]], "bias_count": 69, "energy_calls_at_each_min": [1, 1609, 8667], "force_calls_at_each_min": [1, 1609, 8667], "min_height_scale": 2.0, "max_height_scale": 2.0, "min_cov_scale": 2.5, "max_cov_scale": 3.0, "pert_type": "adaptive"}