{"run_id": 3626, "bias_std_dev_scale": 0.170998, "bias_height_fraction": 0.119897, "perturbation_size": 0.005, "optimizer": "FIRE", "found_minima": [[0.6234994049, 0.02803775853], [-0.05061461295716307, 0.4668389264155931], [-0.5582236347241528, 1.441725845064654]], "found_saddles": [[0.25026736355961043, 0.2962262794168012], [-0.09018358583261585, -0.07879655077764489]], "bias_count": 102, "energy_calls_at_each_min": [1, 2085, 12715], "force_calls_at_each_min": [1, 2085, 12715], "min_height_scale": 1.5, "max_height_scale": 2.0, "min_cov_scale": 2.0, "max_cov_scale": 2.0, "pert_type": "fixed"}