{"run_id": 4048, "bias_std_dev_scale": 0.170998, "bias_height_fraction": 0.119897, "perturbation_size": 0.005, "optimizer": "FIRE", "found_minima": [[0.6234994049, 0.02803775853], [-0.0500120611605708, 0.46669434752184974], [-0.5582236186788571, 1.4417258573393563]], "found_saddles": [[0.16318434418925165, 0.2387713224917361], [-0.03433644591285828, 0.7929442441476268]], "bias_count": 117, "energy_calls_at_each_min": [1, 1530, 14277], "force_calls_at_each_min": [1, 1530, 14277], "min_height_scale": 3.0, "max_height_scale": 2.5, "min_cov_scale": 2.5, "max_cov_scale": 1.5, "pert_type": "fixed"}