{"run_id": 2719, "bias_std_dev_scale": 0.170998, "bias_height_fraction": 0.119897, "perturbation_size": 0.005, "optimizer": "FIRE", "found_minima": [[0.6234994049, 0.02803775853], [-0.050019435491108065, 0.46669626792524477], [-0.5582236152289961, 1.4417258602078098]], "found_saddles": [[0.21445268379497145, 0.3064394013269207], [-0.6086430674403314, 0.3204784678363556]], "bias_count": 99, "energy_calls_at_each_min": [1, 1470, 12430], "force_calls_at_each_min": [1, 1470, 12430], "min_height_scale": 2.0, "max_height_scale": 1.5, "min_cov_scale": 3.0, "max_cov_scale": 3.0, "pert_type": "adaptive"}