{"run_id": 4821, "bias_std_dev_scale": 0.170998, "bias_height_fraction": 0.119897, "perturbation_size": 0.005, "optimizer": "FIRE", "found_minima": [[0.6234994049, 0.02803775853], [-0.050116326006235154, 0.4667325591270057], [-0.5582236158947188, 1.4417258597919678]], "found_saddles": [[0.23592038222958084, 0.2868256353044556], [-0.15588239003733767, 0.734627518450842]], "bias_count": 62, "energy_calls_at_each_min": [1, 819, 7738], "force_calls_at_each_min": [1, 819, 7738], "min_height_scale": 2.0, "max_height_scale": 2.5, "min_cov_scale": 2.5, "max_cov_scale": 2.5, "pert_type": "adaptive"}