{"run_id": 2897, "bias_std_dev_scale": 0.170998, "bias_height_fraction": 0.119897, "perturbation_size": 0.005, "optimizer": "FIRE", "found_minima": [[0.6234994049, 0.02803775853], [-0.050563846977734014, 0.4667989396019344], [-0.5582236180015927, 1.4417258580021204]], "found_saddles": [[0.25095384184426367, 0.2981673940057493], [0.4758876653414032, 0.5128988552190188]], "bias_count": 83, "energy_calls_at_each_min": [1, 1068, 10142], "force_calls_at_each_min": [1, 1068, 10142], "min_height_scale": 2.5, "max_height_scale": 2.5, "min_cov_scale": 2.5, "max_cov_scale": 1.5, "pert_type": "adaptive"}