{"run_id": 1665, "bias_std_dev_scale": 0.170998, "bias_height_fraction": 0.119897, "perturbation_size": 0.005, "optimizer": "FIRE", "found_minima": [[0.6234994049, 0.02803775853], [-0.05001109004650183, 0.4666941953924214], [-0.5582236516577347, 1.4417258240040134]], "found_saddles": [[0.16617287352578775, 0.2472104673864897], [-0.7305114292808134, 0.6665078726543676]], "bias_count": 64, "energy_calls_at_each_min": [1, 2072, 7311], "force_calls_at_each_min": [1, 2072, 7311], "min_height_scale": 2.0, "max_height_scale": 1.5, "min_cov_scale": 1.5, "max_cov_scale": 1.5, "pert_type": "adaptive"}