{"run_id": 1539, "bias_std_dev_scale": 0.170998, "bias_height_fraction": 0.119897, "perturbation_size": 0.005, "optimizer": "FIRE", "found_minima": [[0.6234994049, 0.02803775853], [-0.05034084695377155, 0.46677930904034765], [-0.558223645560285, 1.4417258322904867]], "found_saddles": [[0.17763964148470765, 0.23511743061510976], [-0.16439748936515727, 0.056092294405410435]], "bias_count": 93, "energy_calls_at_each_min": [1, 1747, 11128], "force_calls_at_each_min": [1, 1747, 11128], "min_height_scale": 1.5, "max_height_scale": 1.5, "min_cov_scale": 1.5, "max_cov_scale": 2.0, "pert_type": "adaptive"}