{"run_id": 2735, "bias_std_dev_scale": 0.170998, "bias_height_fraction": 0.119897, "perturbation_size": 0.005, "optimizer": "FIRE", "found_minima": [[0.6234994049, 0.02803775853], [-0.051648103351909606, 0.4670869965114508], [-0.5582236394364506, 1.4417258335498193]], "found_saddles": [[0.12195973008779365, 0.17060225074036123], [-0.8234183219468444, 0.6036475017968169]], "bias_count": 46, "energy_calls_at_each_min": [1, 917, 5393], "force_calls_at_each_min": [1, 917, 5393], "min_height_scale": 2.0, "max_height_scale": 2.0, "min_cov_scale": 2.0, "max_cov_scale": 3.0, "pert_type": "adaptive"}