{"run_id": 1065, "bias_std_dev_scale": 0.170998, "bias_height_fraction": 0.119897, "perturbation_size": 0.005, "optimizer": "FIRE", "found_minima": [[0.6234994049, 0.02803775853], [-0.05001086012826099, 0.4666941023241078], [-0.5582236216041495, 1.4417258544972877]], "found_saddles": [[0.1822557557300568, 0.26232707345322476], [-0.8147824985952814, 0.6305910032566384]], "bias_count": 64, "energy_calls_at_each_min": [1, 1887, 7335], "force_calls_at_each_min": [1, 1887, 7335], "min_height_scale": 1.5, "max_height_scale": 2.0, "min_cov_scale": 2.0, "max_cov_scale": 1.5, "pert_type": "adaptive"}