{"run_id": 4358, "bias_std_dev_scale": 0.170998, "bias_height_fraction": 0.119897, "perturbation_size": 0.005, "optimizer": "FIRE", "found_minima": [[0.6234994049, 0.02803775853], [-0.05109681355564533, 0.4671535362865909], [-0.5582235662450862, 1.4417259440837558]], "found_saddles": [[0.2479744647177551, 0.32424098289670844], [-0.7624435324528398, 0.6392506552145463]], "bias_count": 63, "energy_calls_at_each_min": [1, 1575, 7481], "force_calls_at_each_min": [1, 1575, 7481], "min_height_scale": 2.5, "max_height_scale": 1.5, "min_cov_scale": 1.5, "max_cov_scale": 3.0, "pert_type": "fixed"}