{"run_id": 1824, "bias_std_dev_scale": 0.170998, "bias_height_fraction": 0.119897, "perturbation_size": 0.005, "optimizer": "FIRE", "found_minima": [[0.6234994049, 0.02803775853], [-0.051230746010181294, 0.4669721775291108], [-0.5582236465473529, 1.4417258281168415]], "found_saddles": [[0.33067035000875256, 0.3554408834257661], [-0.18537043173233536, 0.05085755529873315]], "bias_count": 91, "energy_calls_at_each_min": [1, 1822, 10869], "force_calls_at_each_min": [1, 1822, 10869], "min_height_scale": 2.5, "max_height_scale": 2.0, "min_cov_scale": 1.5, "max_cov_scale": 1.5, "pert_type": "fixed"}