{"run_id": 1022, "bias_std_dev_scale": 0.170998, "bias_height_fraction": 0.119897, "perturbation_size": 0.005, "optimizer": "FIRE", "found_minima": [[0.6234994049, 0.02803775853], [-0.05001409359882636, 0.4666948846243186], [-0.5582236534494418, 1.4417258237395734]], "found_saddles": [[0.31540670639822427, 0.30156559607658423], [-0.42247060007491327, 0.24436829531997678]], "bias_count": 50, "energy_calls_at_each_min": [1, 954, 6427], "force_calls_at_each_min": [1, 954, 6427], "min_height_scale": 3.0, "max_height_scale": 3.0, "min_cov_scale": 3.0, "max_cov_scale": 3.0, "pert_type": "fixed"}