{"run_id": 1742, "bias_std_dev_scale": 0.170998, "bias_height_fraction": 0.119897, "perturbation_size": 0.005, "optimizer": "FIRE", "found_minima": [[0.6234994049, 0.02803775853], [-0.05006037613121515, 0.46670651341968644], [-0.5582236560344642, 1.4417258198926446]], "found_saddles": [[0.20611254461890754, 0.29054254267522234], [-0.8771705409020897, 0.600615418620175]], "bias_count": 43, "energy_calls_at_each_min": [1, 915, 5095], "force_calls_at_each_min": [1, 915, 5095], "min_height_scale": 2.0, "max_height_scale": 2.5, "min_cov_scale": 2.0, "max_cov_scale": 3.0, "pert_type": "fixed"}