{"run_id": 878, "bias_std_dev_scale": 0.170998, "bias_height_fraction": 0.119897, "perturbation_size": 0.005, "optimizer": "FIRE", "found_minima": [[0.6234994049, 0.02803775853], [-0.05026328833567306, 0.46677609558833905], [-0.5582236167493052, 1.4417258592282554]], "found_saddles": [[0.1411833118655586, 0.23680528587523073], [-0.8347372652587004, 0.6096844229042422]], "bias_count": 35, "energy_calls_at_each_min": [1, 979, 4274], "force_calls_at_each_min": [1, 979, 4274], "min_height_scale": 2.5, "max_height_scale": 3.0, "min_cov_scale": 2.0, "max_cov_scale": 3.0, "pert_type": "fixed"}