{"run_id": 1648, "bias_std_dev_scale": 0.170998, "bias_height_fraction": 0.119897, "perturbation_size": 0.005, "optimizer": "FIRE", "found_minima": [[0.6234994049, 0.02803775853], [-0.05001619536138981, 0.4666949901427613], [-0.5582236256107177, 1.4417258528526946]], "found_saddles": [[0.12505795691551597, 0.061973766386086815], [-0.714739447411123, 0.6965541014367691]], "bias_count": 61, "energy_calls_at_each_min": [1, 784, 7362], "force_calls_at_each_min": [1, 784, 7362], "min_height_scale": 1.5, "max_height_scale": 3.0, "min_cov_scale": 2.5, "max_cov_scale": 1.5, "pert_type": "fixed"}