{"run_id": 3680, "bias_std_dev_scale": 0.170998, "bias_height_fraction": 0.119897, "perturbation_size": 0.005, "optimizer": "FIRE", "found_minima": [[0.6234994049, 0.02803775853], [-0.05019361935190736, 0.4667294466521051], [-0.5582236244693052, 1.4417258522985366]], "found_saddles": [[0.13273134623020902, 0.23544585348110386], [0.5807827875611743, 0.495271170170022]], "bias_count": 73, "energy_calls_at_each_min": [1, 1468, 8928], "force_calls_at_each_min": [1, 1468, 8928], "min_height_scale": 1.5, "max_height_scale": 3.0, "min_cov_scale": 1.5, "max_cov_scale": 1.5, "pert_type": "fixed"}