{"run_id": 51, "bias_std_dev_scale": 0.170998, "bias_height_fraction": 0.119897, "perturbation_size": 0.005, "optimizer": "FIRE", "found_minima": [[0.6234994049, 0.02803775853], [-0.05085063476701624, 0.4669237449404256], [-0.5582236364210534, 1.4417258409691889]], "found_saddles": [[0.1792784513281334, 0.25655352639564544], [-0.8412914040334231, 0.6277998301229402]], "bias_count": 58, "energy_calls_at_each_min": [1, 1211, 6766], "force_calls_at_each_min": [1, 1211, 6766], "min_height_scale": 1.5, "max_height_scale": 2.0, "min_cov_scale": 2.5, "max_cov_scale": 2.0, "pert_type": "adaptive"}