{"run_id": 2043, "bias_std_dev_scale": 0.170998, "bias_height_fraction": 0.119897, "perturbation_size": 0.005, "optimizer": "FIRE", "found_minima": [[0.6234994049, 0.02803775853], [-0.05050941092766602, 0.4667992887271898], [-0.558223643315604, 1.4417258331867966]], "found_saddles": [[0.09493011238283836, 0.28847795804256054], [-0.7905686044303994, 0.6510180034336912]], "bias_count": 42, "energy_calls_at_each_min": [1, 1339, 5072], "force_calls_at_each_min": [1, 1339, 5072], "min_height_scale": 3.0, "max_height_scale": 3.0, "min_cov_scale": 3.0, "max_cov_scale": 2.0, "pert_type": "adaptive"}