{"run_id": 36, "bias_std_dev_scale": 0.170998, "bias_height_fraction": 0.119897, "perturbation_size": 0.005, "optimizer": "FIRE", "found_minima": [[0.6234994049, 0.02803775853], [-0.0501284025661596, 0.4667222547224914], [-0.5582236266726713, 1.4417258465480007]], "found_saddles": [[0.2500127542634002, 0.29623988684650887], [-0.8665910734684583, 0.49962325524162376]], "bias_count": 59, "energy_calls_at_each_min": [1, 1343, 7297], "force_calls_at_each_min": [1, 1343, 7297], "min_height_scale": 1.5, "max_height_scale": 2.0, "min_cov_scale": 1.5, "max_cov_scale": 2.5, "pert_type": "fixed"}