{"run_id": 2291, "bias_std_dev_scale": 0.170998, "bias_height_fraction": 0.119897, "perturbation_size": 0.005, "optimizer": "FIRE", "found_minima": [[0.6234994049, 0.02803775853], [-0.05001087140389674, 0.46669411449865666], [-0.5582236369720759, 1.4417258356048266]], "found_saddles": [[0.18917831047559114, 0.27782809468860936], [0.5875853237611179, 0.4146500954467771]], "bias_count": 81, "energy_calls_at_each_min": [1, 1052, 9754], "force_calls_at_each_min": [1, 1052, 9754], "min_height_scale": 2.0, "max_height_scale": 3.0, "min_cov_scale": 2.5, "max_cov_scale": 2.0, "pert_type": "adaptive"}