{"run_id": 1171, "bias_std_dev_scale": 0.170998, "bias_height_fraction": 0.119897, "perturbation_size": 0.005, "optimizer": "FIRE", "found_minima": [[0.6234994049, 0.02803775853], [-0.050786087313380614, 0.46697593686592603], [-0.558223612637038, 1.4417258637720924]], "found_saddles": [[0.306344987461808, 0.33005331863904086], [-0.7815927459604122, 0.6688952577921481]], "bias_count": 91, "energy_calls_at_each_min": [1, 2732, 10872], "force_calls_at_each_min": [1, 2732, 10872], "min_height_scale": 2.0, "max_height_scale": 1.5, "min_cov_scale": 2.5, "max_cov_scale": 2.0, "pert_type": "adaptive"}