{"run_id": 3699, "bias_std_dev_scale": 0.170998, "bias_height_fraction": 0.119897, "perturbation_size": 0.005, "optimizer": "FIRE", "found_minima": [[0.6234994049, 0.02803775853], [-0.05001120784451032, 0.46669418926051], [-0.5582236539836074, 1.4417258233394317]], "found_saddles": [[0.19181610360325604, 0.28982486983434574], [-0.7179905788443404, 0.7180574759827467]], "bias_count": 56, "energy_calls_at_each_min": [1, 1031, 6440], "force_calls_at_each_min": [1, 1031, 6440], "min_height_scale": 1.5, "max_height_scale": 3.0, "min_cov_scale": 2.5, "max_cov_scale": 2.0, "pert_type": "adaptive"}