{"run_id": 1141, "bias_std_dev_scale": 0.170998, "bias_height_fraction": 0.119897, "perturbation_size": 0.005, "optimizer": "FIRE", "found_minima": [[0.6234994049, 0.02803775853], [-0.050041527029033764, 0.4666999039030005], [-0.55822361593007, 1.4417258600089706]], "found_saddles": [[0.20464344937672801, 0.3038549988232896], [-0.45576515079450247, 0.20804153529648617]], "bias_count": 63, "energy_calls_at_each_min": [1, 1045, 7391], "force_calls_at_each_min": [1, 1045, 7391], "min_height_scale": 1.5, "max_height_scale": 3.0, "min_cov_scale": 2.5, "max_cov_scale": 2.5, "pert_type": "adaptive"}