{"run_id": 3392, "bias_std_dev_scale": 0.170998, "bias_height_fraction": 0.119897, "perturbation_size": 0.005, "optimizer": "FIRE", "found_minima": [[0.6234994049, 0.02803775853], [-0.05003872539188529, 0.46670453231046843], [-0.5582236509429624, 1.441725825754021]], "found_saddles": [[0.2740808966439545, 0.28927578921052666], [-0.2297114140144024, 0.14877722035970545]], "bias_count": 72, "energy_calls_at_each_min": [1, 1629, 8389], "force_calls_at_each_min": [1, 1629, 8389], "min_height_scale": 2.5, "max_height_scale": 2.5, "min_cov_scale": 1.5, "max_cov_scale": 1.5, "pert_type": "fixed"}