{"run_id": 4408, "bias_std_dev_scale": 0.170998, "bias_height_fraction": 0.119897, "perturbation_size": 0.005, "optimizer": "FIRE", "found_minima": [[0.6234994049, 0.02803775853], [-0.05001095751526217, 0.4666941714130838], [-0.5582236386878696, 1.4417258348970787]], "found_saddles": [[0.1597028267708951, 0.2934203690142349], [-0.8601875931980447, 0.6120793261054697]], "bias_count": 87, "energy_calls_at_each_min": [1, 2563, 10831], "force_calls_at_each_min": [1, 2563, 10831], "min_height_scale": 2.5, "max_height_scale": 2.0, "min_cov_scale": 3.0, "max_cov_scale": 1.5, "pert_type": "fixed"}