{"run_id": 1676, "bias_std_dev_scale": 0.170998, "bias_height_fraction": 0.119897, "perturbation_size": 0.005, "optimizer": "FIRE", "found_minima": [[0.6234994049, 0.02803775853], [-0.050692200888256676, 0.46688050017458155], [-0.5582236445520722, 1.4417258323458766]], "found_saddles": [[0.17396527713040752, 0.25676630066739414], [-0.373633063180024, 0.22674356029956827]], "bias_count": 103, "energy_calls_at_each_min": [1, 2377, 13095], "force_calls_at_each_min": [1, 2377, 13095], "min_height_scale": 2.0, "max_height_scale": 1.5, "min_cov_scale": 2.0, "max_cov_scale": 2.5, "pert_type": "fixed"}