{"run_id": 2277, "bias_std_dev_scale": 0.170998, "bias_height_fraction": 0.119897, "perturbation_size": 0.005, "optimizer": "FIRE", "found_minima": [[0.6234994049, 0.02803775853], [-0.05001161854576054, 0.46669435937711673], [-0.558223650493511, 1.4417258265379629]], "found_saddles": [[0.166815796391083, 0.26631934209360375], [-0.7973831424176077, 0.6231247392034969]], "bias_count": 43, "energy_calls_at_each_min": [1, 1115, 5298], "force_calls_at_each_min": [1, 1115, 5298], "min_height_scale": 2.0, "max_height_scale": 3.0, "min_cov_scale": 1.5, "max_cov_scale": 2.5, "pert_type": "adaptive"}