{"run_id": 424, "bias_std_dev_scale": 0.170998, "bias_height_fraction": 0.119897, "perturbation_size": 0.005, "optimizer": "FIRE", "found_minima": [[0.6234994049, 0.02803775853], [-0.05003565629746933, 0.46670123324120766], [-0.5582236186267925, 1.4417258586022776]], "found_saddles": [[0.19697754051433458, 0.26499407887513726], [-0.09471511626807132, 0.007313748884434309]], "bias_count": 82, "energy_calls_at_each_min": [1, 1487, 9986], "force_calls_at_each_min": [1, 1487, 9986], "min_height_scale": 3.0, "max_height_scale": 2.0, "min_cov_scale": 2.0, "max_cov_scale": 1.5, "pert_type": "fixed"}