{"run_id": 1083, "bias_std_dev_scale": 0.170998, "bias_height_fraction": 0.119897, "perturbation_size": 0.005, "optimizer": "FIRE", "found_minima": [[0.6234994049, 0.02803775853], [-0.05060979456606375, 0.4668617290187861], [-0.558223614149986, 1.4417258618431341]], "found_saddles": [[0.9129677596153175, -0.0546317039752707], [0.9019996423350329, 0.20878393861386457]], "bias_count": 91, "energy_calls_at_each_min": [1, 1954, 10487], "force_calls_at_each_min": [1, 1954, 10487], "min_height_scale": 1.5, "max_height_scale": 2.0, "min_cov_scale": 3.0, "max_cov_scale": 2.0, "pert_type": "adaptive"}