{"run_id": 3893, "bias_std_dev_scale": 0.170998, "bias_height_fraction": 0.119897, "perturbation_size": 0.005, "optimizer": "FIRE", "found_minima": [[0.6234994049, 0.02803775853], [-0.050027839410454536, 0.46669824596388515], [-0.5582236515040246, 1.4417258250419618]], "found_saddles": [[0.2606764775051873, 0.29522675482813815], [-0.4491364027285673, 0.7323248889656391]], "bias_count": 66, "energy_calls_at_each_min": [1, 1489, 7898], "force_calls_at_each_min": [1, 1489, 7898], "min_height_scale": 2.5, "max_height_scale": 2.0, "min_cov_scale": 2.5, "max_cov_scale": 2.5, "pert_type": "adaptive"}