{"run_id": 2954, "bias_std_dev_scale": 0.170998, "bias_height_fraction": 0.119897, "perturbation_size": 0.005, "optimizer": "FIRE", "found_minima": [[0.6234994049, 0.02803775853], [-0.05065000775272716, 0.4668424695163765], [-0.5582236171090383, 1.441725858875615]], "found_saddles": [[0.21131641680825144, 0.30849534404233003], [-0.8467927977122551, 0.6157185526875961]], "bias_count": 54, "energy_calls_at_each_min": [1, 1771, 6496], "force_calls_at_each_min": [1, 1771, 6496], "min_height_scale": 3.0, "max_height_scale": 1.5, "min_cov_scale": 2.0, "max_cov_scale": 2.0, "pert_type": "fixed"}