{"run_id": 3615, "bias_std_dev_scale": 0.170998, "bias_height_fraction": 0.119897, "perturbation_size": 0.005, "optimizer": "FIRE", "found_minima": [[0.6234994049, 0.02803775853], [-0.05004965565862005, 0.466701313501116], [-0.5582236500524245, 1.4417258267667277]], "found_saddles": [[0.20101840082399275, 0.30718414106091635], [-0.8398315474970497, 0.6288721764571205]], "bias_count": 80, "energy_calls_at_each_min": [1, 2196, 9593], "force_calls_at_each_min": [1, 2196, 9593], "min_height_scale": 1.5, "max_height_scale": 1.5, "min_cov_scale": 3.0, "max_cov_scale": 3.0, "pert_type": "adaptive"}