{"run_id": 2243, "bias_std_dev_scale": 0.170998, "bias_height_fraction": 0.119897, "perturbation_size": 0.005, "optimizer": "FIRE", "found_minima": [[0.6234994049, 0.02803775853], [-0.05002916724436399, 0.46670119518453884], [-0.5582236167424939, 1.441725860890451]], "found_saddles": [[0.9840292324480544, 0.021852786724544], [-0.8322832983021607, 0.47865359510515026]], "bias_count": 40, "energy_calls_at_each_min": [1, 1967, 4501], "force_calls_at_each_min": [1, 1967, 4501], "min_height_scale": 2.0, "max_height_scale": 2.5, "min_cov_scale": 1.5, "max_cov_scale": 2.0, "pert_type": "adaptive"}