{"run_id": 789, "bias_std_dev_scale": 0.170998, "bias_height_fraction": 0.119897, "perturbation_size": 0.005, "optimizer": "FIRE", "found_minima": [[0.6234994049, 0.02803775853], [-0.050095994271249146, 0.4667128482113443], [-0.5582236296154632, 1.441725842659874]], "found_saddles": [[0.3052399500814829, 0.30882831533514987], [-0.43179904122016627, 0.24747317297321447]], "bias_count": 91, "energy_calls_at_each_min": [1, 1870, 11244], "force_calls_at_each_min": [1, 1870, 11244], "min_height_scale": 2.5, "max_height_scale": 1.5, "min_cov_scale": 2.5, "max_cov_scale": 2.5, "pert_type": "adaptive"}