{"run_id": 3821, "bias_std_dev_scale": 0.170998, "bias_height_fraction": 0.119897, "perturbation_size": 0.005, "optimizer": "FIRE", "found_minima": [[0.6234994049, 0.02803775853], [-0.05001177280102741, 0.46669433508214514], [-0.5582236290426247, 1.4417258450416561]], "found_saddles": [[0.14290700093130504, 0.23132187803419174], [-0.2858569294129211, 0.1597106072815484]], "bias_count": 60, "energy_calls_at_each_min": [1, 963, 7132], "force_calls_at_each_min": [1, 963, 7132], "min_height_scale": 2.0, "max_height_scale": 3.0, "min_cov_scale": 2.0, "max_cov_scale": 2.5, "pert_type": "adaptive"}