{"run_id": 2799, "bias_std_dev_scale": 0.170998, "bias_height_fraction": 0.119897, "perturbation_size": 0.005, "optimizer": "FIRE", "found_minima": [[0.6234994049, 0.02803775853], [-0.050271879430892605, 0.46678798167622726], [-0.5582236345196433, 1.4417258396697938]], "found_saddles": [[0.21798833861298664, 0.283792716718435], [-0.4001966288604675, 0.0037302399029752395]], "bias_count": 63, "energy_calls_at_each_min": [1, 440, 7683], "force_calls_at_each_min": [1, 440, 7683], "min_height_scale": 2.0, "max_height_scale": 3.0, "min_cov_scale": 2.0, "max_cov_scale": 3.0, "pert_type": "adaptive"}