{"run_id": 984, "bias_std_dev_scale": 0.170998, "bias_height_fraction": 0.119897, "perturbation_size": 0.005, "optimizer": "FIRE", "found_minima": [[0.6234994049, 0.02803775853], [-0.05188546691753408, 0.46714324254941736], [-0.5582236250464454, 1.4417258517267744]], "found_saddles": [[0.9377859258152068, 0.07528192947754789], [-0.8130416229818226, 0.6317704927211112]], "bias_count": 41, "energy_calls_at_each_min": [1, 2541, 5077], "force_calls_at_each_min": [1, 2541, 5077], "min_height_scale": 3.0, "max_height_scale": 2.5, "min_cov_scale": 3.0, "max_cov_scale": 1.5, "pert_type": "fixed"}