{"run_id": 3840, "bias_std_dev_scale": 0.170998, "bias_height_fraction": 0.119897, "perturbation_size": 0.005, "optimizer": "FIRE", "found_minima": [[0.6234994049, 0.02803775853], [-0.050011058037546706, 0.46669416082116233], [-0.5582236278461169, 1.441725844865091]], "found_saddles": [[0.20971542675939528, 0.30036917843841726], [-0.8783478251105935, 0.5883386400372901]], "bias_count": 87, "energy_calls_at_each_min": [1, 2101, 10260], "force_calls_at_each_min": [1, 2101, 10260], "min_height_scale": 2.5, "max_height_scale": 1.5, "min_cov_scale": 1.5, "max_cov_scale": 1.5, "pert_type": "fixed"}