{"run_id": 3781, "bias_std_dev_scale": 0.170998, "bias_height_fraction": 0.119897, "perturbation_size": 0.005, "optimizer": "FIRE", "found_minima": [[0.6234994049, 0.02803775853], [-0.05352592932871218, 0.4675070411079271], [-0.5582236398749587, 1.4417258387665317]], "found_saddles": [[0.08906387404364899, 0.18618905279241774], [1.0279837670595746, -0.057228963538458556]], "bias_count": 63, "energy_calls_at_each_min": [1, 1053, 7369], "force_calls_at_each_min": [1, 1053, 7369], "min_height_scale": 2.0, "max_height_scale": 2.5, "min_cov_scale": 1.5, "max_cov_scale": 2.5, "pert_type": "adaptive"}