{"run_id": 3964, "bias_std_dev_scale": 0.170998, "bias_height_fraction": 0.119897, "perturbation_size": 0.005, "optimizer": "FIRE", "found_minima": [[0.6234994049, 0.02803775853], [-0.05001109233031346, 0.4666941660416354], [-0.558223646122593, 1.4417258304280531]], "found_saddles": [[0.20866115785079456, 0.2946151154875465], [-0.19134536684977174, 0.7646030928002334]], "bias_count": 60, "energy_calls_at_each_min": [1, 444, 7714], "force_calls_at_each_min": [1, 444, 7714], "min_height_scale": 2.5, "max_height_scale": 3.0, "min_cov_scale": 3.0, "max_cov_scale": 2.5, "pert_type": "fixed"}