{"run_id": 3833, "bias_std_dev_scale": 0.170998, "bias_height_fraction": 0.119897, "perturbation_size": 0.005, "optimizer": "FIRE", "found_minima": [[0.6234994049, 0.02803775853], [-0.05001128879271823, 0.4666941976983089], [-0.5582236193286639, 1.4417258586343724]], "found_saddles": [[0.31501607135562587, 0.36832928009540056], [-0.7882620231653877, 0.6389319057611653]], "bias_count": 36, "energy_calls_at_each_min": [1, 1954, 4137], "force_calls_at_each_min": [1, 1954, 4137], "min_height_scale": 2.0, "max_height_scale": 3.0, "min_cov_scale": 3.0, "max_cov_scale": 1.5, "pert_type": "adaptive"}