{"run_id": 1688, "bias_std_dev_scale": 0.170998, "bias_height_fraction": 0.119897, "perturbation_size": 0.005, "optimizer": "FIRE", "found_minima": [[0.6234994049, 0.02803775853], [-0.05001091578290677, 0.4666941275361323], [-0.5582236130422815, 1.4417258628862393]], "found_saddles": [[0.29588365512394255, 0.30243330929651346], [0.10343608597550231, 0.694252129320041]], "bias_count": 121, "energy_calls_at_each_min": [1, 2712, 14581], "force_calls_at_each_min": [1, 2712, 14581], "min_height_scale": 2.0, "max_height_scale": 1.5, "min_cov_scale": 3.0, "max_cov_scale": 1.5, "pert_type": "fixed"}