{"run_id": 3283, "bias_std_dev_scale": 0.170998, "bias_height_fraction": 0.119897, "perturbation_size": 0.005, "optimizer": "FIRE", "found_minima": [[0.6234994049, 0.02803775853], [-0.05013730686755851, 0.46671860824559075], [-0.558223630901521, 1.4417258486401647]], "found_saddles": [[0.08952012944520246, 0.23415911404271694], [-0.7974264071759987, 0.6322630191426453]], "bias_count": 29, "energy_calls_at_each_min": [1, 1488, 3154], "force_calls_at_each_min": [1, 1488, 3154], "min_height_scale": 2.0, "max_height_scale": 2.5, "min_cov_scale": 2.5, "max_cov_scale": 2.0, "pert_type": "adaptive"}