{"run_id": 3408, "bias_std_dev_scale": 0.170998, "bias_height_fraction": 0.119897, "perturbation_size": 0.005, "optimizer": "FIRE", "found_minima": [[0.6234994049, 0.02803775853], [-0.05028942258320053, 0.466741872347716], [-0.5582236286820634, 1.4417258452052664]], "found_saddles": [[0.05341150761516158, 0.10729687648487288], [0.4636359003169168, 0.542883353485384]], "bias_count": 82, "energy_calls_at_each_min": [1, 1322, 9958], "force_calls_at_each_min": [1, 1322, 9958], "min_height_scale": 2.5, "max_height_scale": 2.5, "min_cov_scale": 2.5, "max_cov_scale": 1.5, "pert_type": "fixed"}