{"run_id": 2645, "bias_std_dev_scale": 0.170998, "bias_height_fraction": 0.119897, "perturbation_size": 0.005, "optimizer": "FIRE", "found_minima": [[0.6234994049, 0.02803775853], [-0.05059154407194138, 0.46683607764929097], [-0.5582236326073058, 1.4417258390301104]], "found_saddles": [[0.29198100343151207, 0.34259274688709945], [-0.6707683683814367, 0.7297091934671915]], "bias_count": 38, "energy_calls_at_each_min": [1, 1733, 4576], "force_calls_at_each_min": [1, 1733, 4576], "min_height_scale": 1.5, "max_height_scale": 2.5, "min_cov_scale": 2.5, "max_cov_scale": 2.5, "pert_type": "adaptive"}