{"run_id": 3011, "bias_std_dev_scale": 0.170998, "bias_height_fraction": 0.119897, "perturbation_size": 0.005, "optimizer": "FIRE", "found_minima": [[0.6234994049, 0.02803775853], [-0.05066096753978403, 0.4667960841721531], [-0.5582236426464551, 1.4417258335983008]], "found_saddles": [[0.10874723225929397, 0.09237961245490728], [-0.823588763331462, 0.6300516498997801]], "bias_count": 43, "energy_calls_at_each_min": [1, 1382, 5178], "force_calls_at_each_min": [1, 1382, 5178], "min_height_scale": 3.0, "max_height_scale": 2.5, "min_cov_scale": 1.5, "max_cov_scale": 2.0, "pert_type": "adaptive"}