{"run_id": 2804, "bias_std_dev_scale": 0.170998, "bias_height_fraction": 0.119897, "perturbation_size": 0.005, "optimizer": "FIRE", "found_minima": [[0.6234994049, 0.02803775853], [-0.05001141969799859, 0.4666942566224007], [-0.5582236480568076, 1.441725829137133]], "found_saddles": [[0.22181713157200747, 0.3174137694116703], [-0.3998172509403276, 0.7760383558028501]], "bias_count": 68, "energy_calls_at_each_min": [1, 461, 8421], "force_calls_at_each_min": [1, 461, 8421], "min_height_scale": 2.0, "max_height_scale": 3.0, "min_cov_scale": 2.5, "max_cov_scale": 2.5, "pert_type": "fixed"}