{"run_id": 692, "bias_std_dev_scale": 0.170998, "bias_height_fraction": 0.119897, "perturbation_size": 0.005, "optimizer": "FIRE", "found_minima": [[0.6234994049, 0.02803775853], [-0.05003380076705354, 0.4666999227488395], [-0.5582236479112306, 1.4417258286160075]], "found_saddles": [[0.17011298586877524, 0.18313684876476666], [-0.5902354331912161, 0.7208464938928043]], "bias_count": 72, "energy_calls_at_each_min": [1, 912, 8975], "force_calls_at_each_min": [1, 912, 8975], "min_height_scale": 2.0, "max_height_scale": 2.0, "min_cov_scale": 2.5, "max_cov_scale": 2.5, "pert_type": "fixed"}