{"run_id": 3711, "bias_std_dev_scale": 0.170998, "bias_height_fraction": 0.119897, "perturbation_size": 0.005, "optimizer": "FIRE", "found_minima": [[0.6234994049, 0.02803775853], [-0.05067888958148383, 0.4668826177864624], [-0.558223645966183, 1.4417258308203926]], "found_saddles": [[0.08076418799529894, 0.20655721893123086], [0.1771517616299, -0.21628416012750717]], "bias_count": 78, "energy_calls_at_each_min": [1, 1112, 10354], "force_calls_at_each_min": [1, 1112, 10354], "min_height_scale": 1.5, "max_height_scale": 3.0, "min_cov_scale": 3.0, "max_cov_scale": 3.0, "pert_type": "adaptive"}