{"run_id": 2383, "bias_std_dev_scale": 0.170998, "bias_height_fraction": 0.119897, "perturbation_size": 0.005, "optimizer": "FIRE", "found_minima": [[0.6234994049, 0.02803775853], [-0.050018130334313016, 0.4666958928083316], [-0.5582236383485947, 1.4417258356304616]], "found_saddles": [[0.22529384926181636, 0.33437465179481335], [-0.8214290689164624, 0.6274041394116832]], "bias_count": 24, "energy_calls_at_each_min": [1, 780, 2640], "force_calls_at_each_min": [1, 780, 2640], "min_height_scale": 2.5, "max_height_scale": 2.5, "min_cov_scale": 2.0, "max_cov_scale": 3.0, "pert_type": "adaptive"}