{"run_id": 3249, "bias_std_dev_scale": 0.170998, "bias_height_fraction": 0.119897, "perturbation_size": 0.005, "optimizer": "FIRE", "found_minima": [[0.6234994049, 0.02803775853], [-0.05097917314398795, 0.46693248890690126], [-0.5582236205088134, 1.4417258567908038]], "found_saddles": [[0.9711951657829057, 0.04857328528525965], [-0.8202493713028114, 0.624970996860533]], "bias_count": 46, "energy_calls_at_each_min": [1, 2672, 5348], "force_calls_at_each_min": [1, 2672, 5348], "min_height_scale": 2.0, "max_height_scale": 2.0, "min_cov_scale": 2.5, "max_cov_scale": 1.5, "pert_type": "adaptive"}