{"run_id": 2, "bias_std_dev_scale": 0.170998, "bias_height_fraction": 0.119897, "perturbation_size": 0.005, "optimizer": "FIRE", "found_minima": [[0.6234994049, 0.02803775853], [-0.05005257452908476, 0.4667022973710793], [-0.5582236297531793, 1.4417258493117122]], "found_saddles": [[0.2635533596523503, 0.31498153981781496], [-0.8367626658629562, 0.5235771531137281]], "bias_count": 63, "energy_calls_at_each_min": [1, 1817, 7889], "force_calls_at_each_min": [1, 1817, 7889], "min_height_scale": 1.5, "max_height_scale": 1.5, "min_cov_scale": 1.5, "max_cov_scale": 2.0, "pert_type": "fixed"}