{"run_id": 4218, "bias_std_dev_scale": 0.170998, "bias_height_fraction": 0.119897, "perturbation_size": 0.005, "optimizer": "FIRE", "found_minima": [[0.6234994049, 0.02803775853], [-0.05002388355974054, 0.46669712672301217], [-0.5582236418938051, 1.441725837201403]], "found_saddles": [[0.19655987183356174, 0.2690338246418719], [-0.759666924987931, 0.4074941906565594]], "bias_count": 34, "energy_calls_at_each_min": [1, 860, 4258], "force_calls_at_each_min": [1, 860, 4258], "min_height_scale": 1.5, "max_height_scale": 3.0, "min_cov_scale": 3.0, "max_cov_scale": 2.0, "pert_type": "fixed"}