{"run_id": 3125, "bias_std_dev_scale": 0.170998, "bias_height_fraction": 0.119897, "perturbation_size": 0.005, "optimizer": "FIRE", "found_minima": [[0.6234994049, 0.02803775853], [-0.05376715795700486, 0.467388626763324], [-0.558223649686078, 1.441725826856779]], "found_saddles": [[0.21620324946627942, 0.2775292721072474], [-0.76080900482318, 0.6536819566570738]], "bias_count": 41, "energy_calls_at_each_min": [1, 1719, 4817], "force_calls_at_each_min": [1, 1719, 4817], "min_height_scale": 1.5, "max_height_scale": 2.0, "min_cov_scale": 2.5, "max_cov_scale": 2.5, "pert_type": "adaptive"}