{"run_id": 3369, "bias_std_dev_scale": 0.170998, "bias_height_fraction": 0.119897, "perturbation_size": 0.005, "optimizer": "FIRE", "found_minima": [[0.6234994049, 0.02803775853], [-0.050209199399611874, 0.46674201492665934], [-0.5582236303945259, 1.4417258482827924]], "found_saddles": [[0.3968503412153833, 0.27782042786010686], [-0.8198883328246083, 0.6160314881947264]], "bias_count": 26, "energy_calls_at_each_min": [1, 2397, 3062], "force_calls_at_each_min": [1, 2397, 3062], "min_height_scale": 2.5, "max_height_scale": 2.0, "min_cov_scale": 2.0, "max_cov_scale": 1.5, "pert_type": "adaptive"}