{"run_id": 2145, "bias_std_dev_scale": 0.170998, "bias_height_fraction": 0.119897, "perturbation_size": 0.005, "optimizer": "FIRE", "found_minima": [[0.6234994049, 0.02803775853], [-0.050016811576420635, 0.4666954783394713], [-0.55822361637773, 1.4417258605820855]], "found_saddles": [[0.9332193897296165, -0.01642579428549716], [0.5643549633073142, 0.4208766346402071]], "bias_count": 67, "energy_calls_at_each_min": [1, 1244, 7732], "force_calls_at_each_min": [1, 1244, 7732], "min_height_scale": 1.5, "max_height_scale": 3.0, "min_cov_scale": 1.5, "max_cov_scale": 1.5, "pert_type": "adaptive"}