{"run_id": 1350, "bias_std_dev_scale": 0.170998, "bias_height_fraction": 0.119897, "perturbation_size": 0.005, "optimizer": "FIRE", "found_minima": [[0.6234994049, 0.02803775853], [-0.050863342945632994, 0.4668553481664911], [-0.5582236214286449, 1.4417258570585283]], "found_saddles": [[0.2446856349969093, 0.2943240289931133], [-0.110703983024197, 0.0075083754472730375]], "bias_count": 42, "energy_calls_at_each_min": [1, 1766, 5197], "force_calls_at_each_min": [1, 1766, 5197], "min_height_scale": 2.5, "max_height_scale": 2.5, "min_cov_scale": 1.5, "max_cov_scale": 3.0, "pert_type": "fixed"}