{"run_id": 2308, "bias_std_dev_scale": 0.170998, "bias_height_fraction": 0.119897, "perturbation_size": 0.005, "optimizer": "FIRE", "found_minima": [[0.6234994049, 0.02803775853], [-0.05043696716722048, 0.4668526462905329], [-0.5582236162500318, 1.44172586234328]], "found_saddles": [[0.26582055878948824, 0.3253170176881292], [-0.8414745016236743, 0.6076553458424755]], "bias_count": 85, "energy_calls_at_each_min": [1, 1114, 10432], "force_calls_at_each_min": [1, 1114, 10432], "min_height_scale": 2.5, "max_height_scale": 1.5, "min_cov_scale": 1.5, "max_cov_scale": 2.5, "pert_type": "fixed"}