{"run_id": 4849, "bias_std_dev_scale": 0.170998, "bias_height_fraction": 0.119897, "perturbation_size": 0.005, "optimizer": "FIRE", "found_minima": [[0.6234994049, 0.02803775853], [-0.05012385917142174, 0.4667218416259981], [-0.5582236527228627, 1.4417258240682846]], "found_saddles": [[0.9810975423257019, 0.023608767334972514], [-0.8536603614760973, 0.5616275812781416]], "bias_count": 64, "energy_calls_at_each_min": [1, 2054, 7699], "force_calls_at_each_min": [1, 2054, 7699], "min_height_scale": 2.0, "max_height_scale": 3.0, "min_cov_scale": 2.5, "max_cov_scale": 1.5, "pert_type": "adaptive"}