{"run_id": 1360, "bias_std_dev_scale": 0.170998, "bias_height_fraction": 0.119897, "perturbation_size": 0.005, "optimizer": "FIRE", "found_minima": [[0.6234994049, 0.02803775853], [-0.050019034117848894, 0.46669539812450517], [-0.558223637854503, 1.4417258347894781]], "found_saddles": [[0.5023462107148149, 0.26712071946129], [-0.21789004606361623, 0.09680850271752683]], "bias_count": 54, "energy_calls_at_each_min": [1, 2291, 6457], "force_calls_at_each_min": [1, 2291, 6457], "min_height_scale": 2.5, "max_height_scale": 2.5, "min_cov_scale": 2.5, "max_cov_scale": 1.5, "pert_type": "fixed"}