{"run_id": 711, "bias_std_dev_scale": 0.170998, "bias_height_fraction": 0.119897, "perturbation_size": 0.005, "optimizer": "FIRE", "found_minima": [[0.6234994049, 0.02803775853], [-0.05231048494181744, 0.46719897949953854], [-0.5582236144176996, 1.4417258632567198]], "found_saddles": [[0.06917819226497807, 0.13791414355467949], [-0.8419131662266462, 0.5699274823142166]], "bias_count": 40, "energy_calls_at_each_min": [1, 1786, 4759], "force_calls_at_each_min": [1, 1786, 4759], "min_height_scale": 2.0, "max_height_scale": 2.5, "min_cov_scale": 1.5, "max_cov_scale": 3.0, "pert_type": "adaptive"}