{"run_id": 521, "bias_std_dev_scale": 0.170998, "bias_height_fraction": 0.119897, "perturbation_size": 0.005, "optimizer": "FIRE", "found_minima": [[0.6234994049, 0.02803775853], [-0.0501830948586739, 0.4667411183942386], [-0.5582236380803393, 1.4417258354504237]], "found_saddles": [[0.16224362815382587, 0.27735283255984655], [-0.8366352586007807, 0.6074603962601887]], "bias_count": 90, "energy_calls_at_each_min": [1, 1931, 10299], "force_calls_at_each_min": [1, 1931, 10299], "min_height_scale": 1.5, "max_height_scale": 1.5, "min_cov_scale": 2.0, "max_cov_scale": 1.5, "pert_type": "adaptive"}