{"run_id": 5105, "bias_std_dev_scale": 0.170998, "bias_height_fraction": 0.119897, "perturbation_size": 0.005, "optimizer": "FIRE", "found_minima": [[0.6234994049, 0.02803775853], [-0.05001085492210659, 0.4666941062413799], [-0.5582236366575288, 1.4417258436876401]], "found_saddles": [[0.3387832631991986, 0.2763227404494127], [-0.43369365150238004, 0.18907844080109532]], "bias_count": 85, "energy_calls_at_each_min": [1, 1303, 10071], "force_calls_at_each_min": [1, 1303, 10071], "min_height_scale": 3.0, "max_height_scale": 3.0, "min_cov_scale": 2.5, "max_cov_scale": 1.5, "pert_type": "adaptive"}