{"run_id": 3562, "bias_std_dev_scale": 0.170998, "bias_height_fraction": 0.119897, "perturbation_size": 0.005, "optimizer": "FIRE", "found_minima": [[0.6234994049, 0.02803775853], [-0.05112170915237905, 0.4671102135507476], [-0.5582236550746007, 1.4417258211380832]], "found_saddles": [[0.950012857474806, 0.11554667992244003], [-0.08686534709140528, 0.722681070877205]], "bias_count": 46, "energy_calls_at_each_min": [1, 2052, 5390], "force_calls_at_each_min": [1, 2052, 5390], "min_height_scale": 3.0, "max_height_scale": 3.0, "min_cov_scale": 2.0, "max_cov_scale": 2.0, "pert_type": "fixed"}