{"run_id": 4082, "bias_std_dev_scale": 0.170998, "bias_height_fraction": 0.119897, "perturbation_size": 0.005, "optimizer": "FIRE", "found_minima": [[0.6234994049, 0.02803775853], [-0.5582236551259978, 1.4417258209249504]], "found_saddles": [[-0.2384389219410828, 0.030852981074197396]], "bias_count": 5000, "energy_calls_at_each_min": [1, 8070], "force_calls_at_each_min": [1, 8070], "min_height_scale": 3.0, "max_height_scale": 3.0, "min_cov_scale": 2.5, "max_cov_scale": 2.0, "pert_type": "fixed"}