{"run_id": 3981, "bias_std_dev_scale": 0.170998, "bias_height_fraction": 0.119897, "perturbation_size": 0.005, "optimizer": "FIRE", "found_minima": [[0.6234994049, 0.02803775853], [-0.05103578935203304, 0.4669463044957325], [-0.5582236473726426, 1.4417258294406403]], "found_saddles": [[0.23997418498333042, 0.31543822018061163], [-0.8029747715664313, 0.6479828403602661]], "bias_count": 83, "energy_calls_at_each_min": [1, 1598, 9799], "force_calls_at_each_min": [1, 1598, 9799], "min_height_scale": 3.0, "max_height_scale": 1.5, "min_cov_scale": 2.0, "max_cov_scale": 2.5, "pert_type": "adaptive"}