{"run_id": 4923, "bias_std_dev_scale": 0.170998, "bias_height_fraction": 0.119897, "perturbation_size": 0.005, "optimizer": "FIRE", "found_minima": [[0.6234994049, 0.02803775853], [-0.051445944867877264, 0.467006445570479], [-0.5582236257487758, 1.4417258504773838]], "found_saddles": [[0.06042217940043708, 0.07266078438453069], [-0.8142200285273511, 0.48743878763934556]], "bias_count": 83, "energy_calls_at_each_min": [1, 3197, 10545], "force_calls_at_each_min": [1, 3197, 10545], "min_height_scale": 2.5, "max_height_scale": 2.0, "min_cov_scale": 3.0, "max_cov_scale": 2.0, "pert_type": "adaptive"}