{"run_id": 461, "bias_std_dev_scale": 0.170998, "bias_height_fraction": 0.119897, "perturbation_size": 0.005, "optimizer": "FIRE", "found_minima": [[0.6234994049, 0.02803775853], [-0.5582236205135362, 1.4417258555586312]], "found_saddles": [[-0.8244939698246925, 0.5907802999927834]], "bias_count": 5000, "energy_calls_at_each_min": [1, 4115], "force_calls_at_each_min": [1, 4115], "min_height_scale": 3.0, "max_height_scale": 2.5, "min_cov_scale": 2.0, "max_cov_scale": 2.5, "pert_type": "adaptive"}