{"run_id": 1816, "bias_std_dev_scale": 0.170998, "bias_height_fraction": 0.119897, "perturbation_size": 0.005, "optimizer": "FIRE", "found_minima": [[0.6234994049, 0.02803775853], [-0.05016018349967534, 0.4667532044147391], [-0.55822362830516, 1.4417258499099217]], "found_saddles": [[0.11499300105437195, 0.1627394591598648], [-0.8475939401261886, 0.6114736071473326]], "bias_count": 127, "energy_calls_at_each_min": [1, 3218, 15552], "force_calls_at_each_min": [1, 3218, 15552], "min_height_scale": 2.5, "max_height_scale": 1.5, "min_cov_scale": 3.0, "max_cov_scale": 1.5, "pert_type": "fixed"}