{"run_id": 312, "bias_std_dev_scale": 0.170998, "bias_height_fraction": 0.119897, "perturbation_size": 0.005, "optimizer": "FIRE", "found_minima": [[0.6234994049, 0.02803775853], [-0.05001078191442328, 0.46669409530496786], [-0.5582236180947981, 1.4417258594329652]], "found_saddles": [[0.204737375212182, 0.2822762016810745], [-0.8547002065675862, 0.5949210917011359]], "bias_count": 50, "energy_calls_at_each_min": [1, 1492, 5910], "force_calls_at_each_min": [1, 1492, 5910], "min_height_scale": 2.5, "max_height_scale": 2.0, "min_cov_scale": 3.0, "max_cov_scale": 1.5, "pert_type": "fixed"}