{"run_id": 845, "bias_std_dev_scale": 0.170998, "bias_height_fraction": 0.119897, "perturbation_size": 0.005, "optimizer": "FIRE", "found_minima": [[0.6234994049, 0.02803775853], [-0.0502551574569108, 0.4667618658562873], [-0.5582236438988188, 1.4417258325793427]], "found_saddles": [[0.36324126324979755, 0.3069531665697026], [-0.8271132939866367, 0.5968135249097339]], "bias_count": 14, "energy_calls_at_each_min": [1, 820, 1407], "force_calls_at_each_min": [1, 820, 1407], "min_height_scale": 2.5, "max_height_scale": 2.5, "min_cov_scale": 2.0, "max_cov_scale": 2.5, "pert_type": "adaptive"}