{"run_id": 823, "bias_std_dev_scale": 0.170998, "bias_height_fraction": 0.119897, "perturbation_size": 0.005, "optimizer": "FIRE", "found_minima": [[0.6234994049, 0.02803775853], [-0.05001994651946947, 0.46669590914582776], [-0.5582236292688332, 1.441725849695643]], "found_saddles": [[0.23347314094796062, 0.3331097998730209], [-0.8626505314369921, 0.6121155725509597]], "bias_count": 41, "energy_calls_at_each_min": [1, 1459, 4843], "force_calls_at_each_min": [1, 1459, 4843], "min_height_scale": 2.5, "max_height_scale": 2.0, "min_cov_scale": 2.5, "max_cov_scale": 3.0, "pert_type": "adaptive"}