{"run_id": 3357, "bias_std_dev_scale": 0.170998, "bias_height_fraction": 0.119897, "perturbation_size": 0.005, "optimizer": "FIRE", "found_minima": [[0.6234994049, 0.02803775853], [-0.050154257819919196, 0.46672267152762686], [-0.5582236353759574, 1.4417258371570405]], "found_saddles": [[0.17438686774468937, 0.2910985440465037], [-0.730247793207521, 0.6827419306837453]], "bias_count": 80, "energy_calls_at_each_min": [1, 2287, 9783], "force_calls_at_each_min": [1, 2287, 9783], "min_height_scale": 2.5, "max_height_scale": 1.5, "min_cov_scale": 3.0, "max_cov_scale": 2.5, "pert_type": "adaptive"}