{"run_id": 4589, "bias_std_dev_scale": 0.170998, "bias_height_fraction": 0.119897, "perturbation_size": 0.005, "optimizer": "FIRE", "found_minima": [[0.6234994049, 0.02803775853], [-0.05001357597160549, 0.46669479793541185], [-0.5582236305371899, 1.4417258488785814]], "found_saddles": [[0.23533847798111024, 0.2857324693461373], [-0.8662219665694506, 0.5921287142250975]], "bias_count": 33, "energy_calls_at_each_min": [1, 1189, 3681], "force_calls_at_each_min": [1, 1189, 3681], "min_height_scale": 3.0, "max_height_scale": 3.0, "min_cov_scale": 2.0, "max_cov_scale": 2.5, "pert_type": "adaptive"}