{"run_id": 3701, "bias_std_dev_scale": 0.170998, "bias_height_fraction": 0.119897, "perturbation_size": 0.005, "optimizer": "FIRE", "found_minima": [[0.6234994049, 0.02803775853], [-0.05001114883436465, 0.46669417738703295], [-0.5582236150003277, 1.441725862306948]], "found_saddles": [[0.2312724038345136, 0.30998143494540276], [-0.3828150915414955, 0.09092486417812531]], "bias_count": 57, "energy_calls_at_each_min": [1, 910, 7062], "force_calls_at_each_min": [1, 910, 7062], "min_height_scale": 1.5, "max_height_scale": 3.0, "min_cov_scale": 2.5, "max_cov_scale": 2.5, "pert_type": "adaptive"}