{"run_id": 3393, "bias_std_dev_scale": 0.170998, "bias_height_fraction": 0.119897, "perturbation_size": 0.005, "optimizer": "FIRE", "found_minima": [[0.6234994049, 0.02803775853], [-0.050034325550300345, 0.46669957005758894], [-0.5582236195253564, 1.4417258574520069]], "found_saddles": [[0.29595776771863896, 0.31331023509337785], [-0.8345381504574547, 0.5940773220523365]], "bias_count": 20, "energy_calls_at_each_min": [1, 1728, 2289], "force_calls_at_each_min": [1, 1728, 2289], "min_height_scale": 2.5, "max_height_scale": 2.5, "min_cov_scale": 1.5, "max_cov_scale": 1.5, "pert_type": "adaptive"}