{"run_id": 1388, "bias_std_dev_scale": 0.170998, "bias_height_fraction": 0.119897, "perturbation_size": 0.005, "optimizer": "FIRE", "found_minima": [[0.6234994049, 0.02803775853], [-0.05017767568565085, 0.46673275220462657], [-0.5582236523611284, 1.441725824460519]], "found_saddles": [[0.1815118824530421, 0.26242743694853504], [0.5128423597513603, 0.5560188706354487]], "bias_count": 67, "energy_calls_at_each_min": [1, 703, 8400], "force_calls_at_each_min": [1, 703, 8400], "min_height_scale": 2.5, "max_height_scale": 3.0, "min_cov_scale": 2.0, "max_cov_scale": 2.5, "pert_type": "fixed"}