{"run_id": 4726, "bias_std_dev_scale": 0.170998, "bias_height_fraction": 0.119897, "perturbation_size": 0.005, "optimizer": "FIRE", "found_minima": [[0.6234994049, 0.02803775853], [-0.05001593659000659, 0.46669548506093456], [-0.5582236473634337, 1.441725829317748]], "found_saddles": [[0.24157633428643968, 0.30268263976970433], [0.08671188952706191, -0.14593308421949758]], "bias_count": 59, "energy_calls_at_each_min": [1, 820, 7496], "force_calls_at_each_min": [1, 820, 7496], "min_height_scale": 1.5, "max_height_scale": 3.0, "min_cov_scale": 2.5, "max_cov_scale": 3.0, "pert_type": "fixed"}