{"run_id": 4800, "bias_std_dev_scale": 0.170998, "bias_height_fraction": 0.119897, "perturbation_size": 0.005, "optimizer": "FIRE", "found_minima": [[0.6234994049, 0.02803775853], [-0.05019497789820893, 0.46673617708136905], [-0.5582236495920658, 1.4417258288401502]], "found_saddles": [[0.10321643071240388, 0.10191875081657528], [-0.6200691542114176, 0.29560023809151703]], "bias_count": 90, "energy_calls_at_each_min": [1, 1250, 10620], "force_calls_at_each_min": [1, 1250, 10620], "min_height_scale": 2.0, "max_height_scale": 2.5, "min_cov_scale": 1.5, "max_cov_scale": 1.5, "pert_type": "fixed"}