{"run_id": 1989, "bias_std_dev_scale": 0.170998, "bias_height_fraction": 0.119897, "perturbation_size": 0.005, "optimizer": "FIRE", "found_minima": [[0.6234994049, 0.02803775853], [-0.05073741816001061, 0.4669144401029941], [-0.5582236225079815, 1.4417258533737674]], "found_saddles": [[0.14645755000486366, 0.23035928158065874], [-0.8456758204746154, 0.611047493175694]], "bias_count": 27, "energy_calls_at_each_min": [1, 1819, 3227], "force_calls_at_each_min": [1, 1819, 3227], "min_height_scale": 3.0, "max_height_scale": 2.5, "min_cov_scale": 1.5, "max_cov_scale": 2.5, "pert_type": "adaptive"}