{"run_id": 565, "bias_std_dev_scale": 0.170998, "bias_height_fraction": 0.119897, "perturbation_size": 0.005, "optimizer": "FIRE", "found_minima": [[0.6234994049, 0.02803775853], [-0.05003449064730219, 0.4666994068829424], [-0.5582236494943048, 1.4417258274736025]], "found_saddles": [[0.18104017703689745, 0.26338703620900733], [-0.7822824727508182, 0.6370061470593924]], "bias_count": 53, "energy_calls_at_each_min": [1, 1081, 6542], "force_calls_at_each_min": [1, 1081, 6542], "min_height_scale": 1.5, "max_height_scale": 2.0, "min_cov_scale": 2.5, "max_cov_scale": 2.5, "pert_type": "adaptive"}