{"run_id": 4223, "bias_std_dev_scale": 0.170998, "bias_height_fraction": 0.119897, "perturbation_size": 0.005, "optimizer": "FIRE", "found_minima": [[0.6234994049, 0.02803775853], [-0.5582236274846014, 1.4417258502570864]], "found_saddles": [[-0.6663116647814779, 0.6781812916060131]], "bias_count": 5000, "energy_calls_at_each_min": [1, 6727], "force_calls_at_each_min": [1, 6727], "min_height_scale": 1.5, "max_height_scale": 3.0, "min_cov_scale": 3.0, "max_cov_scale": 3.0, "pert_type": "adaptive"}