{"run_id": 914, "bias_std_dev_scale": 0.170998, "bias_height_fraction": 0.119897, "perturbation_size": 0.005, "optimizer": "FIRE", "found_minima": [[0.6234994049, 0.02803775853], [-0.5582236305227952, 1.4417258488339622]], "found_saddles": [[-0.8745112269047816, 0.5655740118260697]], "bias_count": 5000, "energy_calls_at_each_min": [1, 9865], "force_calls_at_each_min": [1, 9865], "min_height_scale": 3.0, "max_height_scale": 1.5, "min_cov_scale": 2.5, "max_cov_scale": 2.0, "pert_type": "fixed"}