{"run_id": 1468, "bias_std_dev_scale": 0.170998, "bias_height_fraction": 0.119897, "perturbation_size": 0.005, "optimizer": "FIRE", "found_minima": [[0.6234994049, 0.02803775853], [-0.05001219453552195, 0.46669459110840267], [-0.5582236530100324, 1.4417258234815953]], "found_saddles": [[0.938456999529657, -0.017882915784818217], [0.19504810604973802, 0.7488358957724398]], "bias_count": 138, "energy_calls_at_each_min": [1, 2034, 17342], "force_calls_at_each_min": [1, 2034, 17342], "min_height_scale": 3.0, "max_height_scale": 2.0, "min_cov_scale": 3.0, "max_cov_scale": 2.5, "pert_type": "fixed"}