{"run_id": 2882, "bias_std_dev_scale": 0.170998, "bias_height_fraction": 0.119897, "perturbation_size": 0.005, "optimizer": "FIRE", "found_minima": [[0.6234994049, 0.02803775853], [-0.05003219868177515, 0.4667025213960667], [-0.5582236515188542, 1.441725825682747]], "found_saddles": [[0.2923286300785729, 0.3382545305804773], [-0.616753221040315, 0.71524308562933]], "bias_count": 59, "energy_calls_at_each_min": [1, 849, 7172], "force_calls_at_each_min": [1, 849, 7172], "min_height_scale": 2.5, "max_height_scale": 2.5, "min_cov_scale": 1.5, "max_cov_scale": 2.0, "pert_type": "fixed"}