{"run_id": 3627, "bias_std_dev_scale": 0.170998, "bias_height_fraction": 0.119897, "perturbation_size": 0.005, "optimizer": "FIRE", "found_minima": [[0.6234994049, 0.02803775853], [-0.0500225350997535, 0.4666962616400594], [-0.558223628609345, 1.4417258452308672]], "found_saddles": [[0.17252660407159215, 0.23958622625574577], [-0.7244717536999719, 0.6921753434280483]], "bias_count": 81, "energy_calls_at_each_min": [1, 1302, 9599], "force_calls_at_each_min": [1, 1302, 9599], "min_height_scale": 1.5, "max_height_scale": 2.0, "min_cov_scale": 2.0, "max_cov_scale": 2.0, "pert_type": "adaptive"}