{"run_id": 1987, "bias_std_dev_scale": 0.170998, "bias_height_fraction": 0.119897, "perturbation_size": 0.005, "optimizer": "FIRE", "found_minima": [[0.6234994049, 0.02803775853], [-0.05099295116357114, 0.46693771022560565], [-0.558223646797142, 1.4417258296854745]], "found_saddles": [[0.3148217032683827, 0.3525122665030214], [-0.8043839919344039, 0.6306928307867893]], "bias_count": 25, "energy_calls_at_each_min": [1, 1415, 2737], "force_calls_at_each_min": [1, 1415, 2737], "min_height_scale": 3.0, "max_height_scale": 2.5, "min_cov_scale": 1.5, "max_cov_scale": 2.0, "pert_type": "adaptive"}