{"run_id": 3888, "bias_std_dev_scale": 0.170998, "bias_height_fraction": 0.119897, "perturbation_size": 0.005, "optimizer": "FIRE", "found_minima": [[0.6234994049, 0.02803775853], [-0.05001094509369079, 0.46669413250867275], [-0.5582236285302478, 1.4417258438293383]], "found_saddles": [[0.15167217851339357, 0.19817416159153112], [-0.5267398797524218, 0.24720323204144035]], "bias_count": 92, "energy_calls_at_each_min": [1, 1840, 11158], "force_calls_at_each_min": [1, 1840, 11158], "min_height_scale": 2.5, "max_height_scale": 2.0, "min_cov_scale": 2.5, "max_cov_scale": 1.5, "pert_type": "fixed"}