{"run_id": 5068, "bias_std_dev_scale": 0.170998, "bias_height_fraction": 0.119897, "perturbation_size": 0.005, "optimizer": "FIRE", "found_minima": [[0.6234994049, 0.02803775853], [-0.05079244222772584, 0.4669224600185867], [-0.5582236454638255, 1.4417258327380849]], "found_saddles": [[0.3572954297505908, 0.3038918098500407], [-0.564324047085324, 0.72648111734043]], "bias_count": 40, "energy_calls_at_each_min": [1, 1582, 4825], "force_calls_at_each_min": [1, 1582, 4825], "min_height_scale": 3.0, "max_height_scale": 2.5, "min_cov_scale": 2.0, "max_cov_scale": 2.5, "pert_type": "fixed"}