{"run_id": 1172, "bias_std_dev_scale": 0.170998, "bias_height_fraction": 0.119897, "perturbation_size": 0.005, "optimizer": "FIRE", "found_minima": [[0.6234994049, 0.02803775853], [-0.05003208989115938, 0.46669806677196934], [-0.5582236135261293, 1.4417258624431006]], "found_saddles": [[0.17365967900302673, 0.27937313852503576], [-0.8347690719124711, 0.5930946145640286]], "bias_count": 76, "energy_calls_at_each_min": [1, 2432, 9289], "force_calls_at_each_min": [1, 2432, 9289], "min_height_scale": 2.0, "max_height_scale": 1.5, "min_cov_scale": 2.5, "max_cov_scale": 2.5, "pert_type": "fixed"}