{"run_id": 2584, "bias_std_dev_scale": 0.170998, "bias_height_fraction": 0.119897, "perturbation_size": 0.005, "optimizer": "FIRE", "found_minima": [[0.6234994049, 0.02803775853], [-0.05002159062085222, 0.466696763259045], [-0.5582236475135981, 1.4417258306786813]], "found_saddles": [[0.18702538257197998, 0.2483532070879099], [-0.5949661760238515, 0.6945916781380672]], "bias_count": 106, "energy_calls_at_each_min": [1, 2225, 12769], "force_calls_at_each_min": [1, 2225, 12769], "min_height_scale": 1.5, "max_height_scale": 1.5, "min_cov_scale": 3.0, "max_cov_scale": 1.5, "pert_type": "fixed"}