{"run_id": 4716, "bias_std_dev_scale": 0.170998, "bias_height_fraction": 0.119897, "perturbation_size": 0.005, "optimizer": "FIRE", "found_minima": [[0.6234994049, 0.02803775853], [-0.05185678746731186, 0.4669764712935593], [-0.5582236227954983, 1.4417258544308558]], "found_saddles": [[0.07722626271247927, 0.18260475898847173], [-0.7045078981780195, 0.30338938410572885]], "bias_count": 63, "energy_calls_at_each_min": [1, 965, 7842], "force_calls_at_each_min": [1, 965, 7842], "min_height_scale": 1.5, "max_height_scale": 3.0, "min_cov_scale": 2.0, "max_cov_scale": 2.5, "pert_type": "fixed"}