{"run_id": 594, "bias_std_dev_scale": 0.170998, "bias_height_fraction": 0.119897, "perturbation_size": 0.005, "optimizer": "FIRE", "found_minima": [[0.6234994049, 0.02803775853], [-0.050057838388672955, 0.46670332403533343], [-0.5582236497177578, 1.4417258268863702]], "found_saddles": [[0.08821292962083684, 0.20323040482754057], [-0.3134450574311969, 0.12480518867025589]], "bias_count": 67, "energy_calls_at_each_min": [1, 1158, 8216], "force_calls_at_each_min": [1, 1158, 8216], "min_height_scale": 1.5, "max_height_scale": 2.5, "min_cov_scale": 2.5, "max_cov_scale": 2.0, "pert_type": "fixed"}