{"run_id": 1584, "bias_std_dev_scale": 0.170998, "bias_height_fraction": 0.119897, "perturbation_size": 0.005, "optimizer": "FIRE", "found_minima": [[0.6234994049, 0.02803775853], [-0.052574255914199994, 0.4672170368086184], [-0.5582236213205416, 1.441725856577315]], "found_saddles": [[0.12770695002650956, 0.03253510191885852], [0.5976621588869195, 0.43236507231491933]], "bias_count": 128, "energy_calls_at_each_min": [1, 2090, 16061], "force_calls_at_each_min": [1, 2090, 16061], "min_height_scale": 1.5, "max_height_scale": 2.0, "min_cov_scale": 2.5, "max_cov_scale": 1.5, "pert_type": "fixed"}