{"run_id": 4042, "bias_std_dev_scale": 0.170998, "bias_height_fraction": 0.119897, "perturbation_size": 0.005, "optimizer": "FIRE", "found_minima": [[0.6234994049, 0.02803775853], [-0.05001249749831789, 0.4666944667243669], [-0.5582236484537326, 1.4417258281475966]], "found_saddles": [[0.1424707292516857, 0.2490794400764029], [-0.1262724327787639, 0.040839100350053684]], "bias_count": 48, "energy_calls_at_each_min": [1, 1282, 5677], "force_calls_at_each_min": [1, 1282, 5677], "min_height_scale": 3.0, "max_height_scale": 2.5, "min_cov_scale": 2.0, "max_cov_scale": 2.0, "pert_type": "fixed"}