{"run_id": 4570, "bias_std_dev_scale": 0.170998, "bias_height_fraction": 0.119897, "perturbation_size": 0.005, "optimizer": "FIRE", "found_minima": [[0.6234994049, 0.02803775853], [-0.05001078997676816, 0.46669410299330905], [-0.5582236444714807, 1.441725833219985]], "found_saddles": [[0.3667708288532441, 0.28722527336064513], [-0.5399719464646802, 0.274823471882073]], "bias_count": 58, "energy_calls_at_each_min": [1, 1558, 7000], "force_calls_at_each_min": [1, 1558, 7000], "min_height_scale": 3.0, "max_height_scale": 2.5, "min_cov_scale": 3.0, "max_cov_scale": 2.0, "pert_type": "fixed"}