{"run_id": 277, "bias_std_dev_scale": 0.170998, "bias_height_fraction": 0.119897, "perturbation_size": 0.005, "optimizer": "FIRE", "found_minima": [[0.6234994049, 0.02803775853], [-0.05034361329409876, 0.46675317192777355], [-0.5582236429686589, 1.4417258306389333]], "found_saddles": [[0.11689024396468699, 0.21796015403062366], [-0.766791202262082, 0.6494758719354138]], "bias_count": 60, "energy_calls_at_each_min": [1, 2357, 7115], "force_calls_at_each_min": [1, 2357, 7115], "min_height_scale": 2.5, "max_height_scale": 1.5, "min_cov_scale": 2.5, "max_cov_scale": 2.5, "pert_type": "adaptive"}