{"run_id": 2150, "bias_std_dev_scale": 0.170998, "bias_height_fraction": 0.119897, "perturbation_size": 0.005, "optimizer": "FIRE", "found_minima": [[0.6234994049, 0.02803775853], [-0.05187805285389304, 0.4671419380715713], [-0.5582236137305002, 1.4417258623120335]], "found_saddles": [[0.16809035750684867, 0.21410469379673489], [0.5087627478101001, 0.570392863533982]], "bias_count": 55, "energy_calls_at_each_min": [1, 732, 6745], "force_calls_at_each_min": [1, 732, 6745], "min_height_scale": 1.5, "max_height_scale": 3.0, "min_cov_scale": 1.5, "max_cov_scale": 3.0, "pert_type": "fixed"}