{"run_id": 2625, "bias_std_dev_scale": 0.170998, "bias_height_fraction": 0.119897, "perturbation_size": 0.005, "optimizer": "FIRE", "found_minima": [[0.6234994049, 0.02803775853], [-0.0500362403846887, 0.46670120849050534], [-0.5582236523995281, 1.441725824260072]], "found_saddles": [[0.1547306337199894, 0.2918188554041461], [-0.8383471608429734, 0.5901828733925786]], "bias_count": 28, "energy_calls_at_each_min": [1, 2014, 3146], "force_calls_at_each_min": [1, 2014, 3146], "min_height_scale": 1.5, "max_height_scale": 2.5, "min_cov_scale": 1.5, "max_cov_scale": 1.5, "pert_type": "adaptive"}