{"run_id": 5073, "bias_std_dev_scale": 0.170998, "bias_height_fraction": 0.119897, "perturbation_size": 0.005, "optimizer": "FIRE", "found_minima": [[0.6234994049, 0.02803775853], [-0.05056413108034137, 0.4667984756073323], [-0.5582236439053122, 1.441725832956442]], "found_saddles": [[0.25122736313297134, 0.29803265572177395], [-0.7449046499654075, 0.735218444051962]], "bias_count": 50, "energy_calls_at_each_min": [1, 1063, 5934], "force_calls_at_each_min": [1, 1063, 5934], "min_height_scale": 3.0, "max_height_scale": 2.5, "min_cov_scale": 2.5, "max_cov_scale": 1.5, "pert_type": "adaptive"}