{"run_id": 1897, "bias_std_dev_scale": 0.170998, "bias_height_fraction": 0.119897, "perturbation_size": 0.005, "optimizer": "FIRE", "found_minima": [[0.6234994049, 0.02803775853], [-0.05002206957406946, 0.46669648868900515], [-0.5582236179361548, 1.4417258580617769]], "found_saddles": [[0.26343580875049627, 0.32106994853073545], [-0.8469426597166749, 0.482745566794202]], "bias_count": 37, "energy_calls_at_each_min": [1, 1757, 4183], "force_calls_at_each_min": [1, 1757, 4183], "min_height_scale": 2.5, "max_height_scale": 3.0, "min_cov_scale": 2.0, "max_cov_scale": 1.5, "pert_type": "adaptive"}