{"run_id": 703, "bias_std_dev_scale": 0.170998, "bias_height_fraction": 0.119897, "perturbation_size": 0.005, "optimizer": "FIRE", "found_minima": [[0.6234994049, 0.02803775853], [-0.050021576006431236, 0.4666965770894713], [-0.5582236251110402, 1.4417258513246525]], "found_saddles": [[0.1510017460589995, 0.2868903198087979], [-0.6264931644091832, 0.6648543684682086]], "bias_count": 63, "energy_calls_at_each_min": [1, 1584, 8016], "force_calls_at_each_min": [1, 1584, 8016], "min_height_scale": 2.0, "max_height_scale": 2.0, "min_cov_scale": 3.0, "max_cov_scale": 3.0, "pert_type": "adaptive"}