{"run_id": 3579, "bias_std_dev_scale": 0.170998, "bias_height_fraction": 0.119897, "perturbation_size": 0.005, "optimizer": "FIRE", "found_minima": [[0.6234994049, 0.02803775853], [-0.05013396977750308, 0.46672457846576765], [-0.5582236559245162, 1.4417258205898504]], "found_saddles": [[0.036829547874671964, 0.12506728713357115], [-0.7870636971783826, 0.6866642361428187]], "bias_count": 49, "energy_calls_at_each_min": [1, 3024, 5934], "force_calls_at_each_min": [1, 3024, 5934], "min_height_scale": 3.0, "max_height_scale": 3.0, "min_cov_scale": 3.0, "max_cov_scale": 2.0, "pert_type": "adaptive"}