{"run_id": 1077, "bias_std_dev_scale": 0.170998, "bias_height_fraction": 0.119897, "perturbation_size": 0.005, "optimizer": "FIRE", "found_minima": [[0.6234994049, 0.02803775853], [-0.050434829205241685, 0.4667591761642512], [-0.5582236458770227, 1.4417258333827814]], "found_saddles": [[0.16527594317439404, 0.24766115283986595], [-0.8230505852988796, 0.642961257862656]], "bias_count": 74, "energy_calls_at_each_min": [1, 1843, 8899], "force_calls_at_each_min": [1, 1843, 8899], "min_height_scale": 1.5, "max_height_scale": 2.0, "min_cov_scale": 2.5, "max_cov_scale": 2.5, "pert_type": "adaptive"}