{"run_id": 4270, "bias_std_dev_scale": 0.170998, "bias_height_fraction": 0.119897, "perturbation_size": 0.005, "optimizer": "FIRE", "found_minima": [[0.6234994049, 0.02803775853], [-0.05356391504682495, 0.46717382243544436], [-0.5582236409983055, 1.4417258392437582]], "found_saddles": [[0.2933013559959791, 0.3400990396957054], [-0.18213677826266383, -0.03129125852051924]], "bias_count": 84, "energy_calls_at_each_min": [1, 1460, 10443], "force_calls_at_each_min": [1, 1460, 10443], "min_height_scale": 2.0, "max_height_scale": 2.0, "min_cov_scale": 2.0, "max_cov_scale": 3.0, "pert_type": "fixed"}