{"run_id": 1992, "bias_std_dev_scale": 0.170998, "bias_height_fraction": 0.119897, "perturbation_size": 0.005, "optimizer": "FIRE", "found_minima": [[0.6234994049, 0.02803775853], [-0.050088476351175096, 0.4667132913969759], [-0.5582236530187741, 1.4417258234539758]], "found_saddles": [[0.14792195374272035, 0.06507393035768332], [-0.8592965357686172, 0.5794256998878222]], "bias_count": 50, "energy_calls_at_each_min": [1, 919, 5818], "force_calls_at_each_min": [1, 919, 5818], "min_height_scale": 3.0, "max_height_scale": 2.5, "min_cov_scale": 2.0, "max_cov_scale": 1.5, "pert_type": "fixed"}