{"run_id": 1747, "bias_std_dev_scale": 0.170998, "bias_height_fraction": 0.119897, "perturbation_size": 0.005, "optimizer": "FIRE", "found_minima": [[0.6234994049, 0.02803775853], [-0.050072968920407815, 0.4667076055132938], [-0.5582236474579406, 1.4417258291205506]], "found_saddles": [[0.20052981998542593, 0.2840061060795737], [-0.7915839171884986, 0.650247462775022]], "bias_count": 55, "energy_calls_at_each_min": [1, 1304, 6663], "force_calls_at_each_min": [1, 1304, 6663], "min_height_scale": 2.0, "max_height_scale": 2.5, "min_cov_scale": 2.5, "max_cov_scale": 2.0, "pert_type": "adaptive"}