{"run_id": 3268, "bias_std_dev_scale": 0.170998, "bias_height_fraction": 0.119897, "perturbation_size": 0.005, "optimizer": "FIRE", "found_minima": [[0.6234994049, 0.02803775853], [-0.050068929083453305, 0.46671023146362256], [-0.5582236526589874, 1.4417258237864263]], "found_saddles": [[0.3400638767573773, 0.2850156539232693], [0.597905472890634, 0.39258255728433195]], "bias_count": 61, "energy_calls_at_each_min": [1, 969, 7544], "force_calls_at_each_min": [1, 969, 7544], "min_height_scale": 2.0, "max_height_scale": 2.5, "min_cov_scale": 1.5, "max_cov_scale": 2.5, "pert_type": "fixed"}