{"run_id": 4760, "bias_std_dev_scale": 0.170998, "bias_height_fraction": 0.119897, "perturbation_size": 0.005, "optimizer": "FIRE", "found_minima": [[0.6234994049, 0.02803775853], [-0.050242357036933666, 0.4667604159218853], [-0.5582236188012842, 1.4417258586613553]], "found_saddles": [[0.3022674449579342, 0.3483496951957563], [-0.8387226499172374, 0.6262362834176589]], "bias_count": 115, "energy_calls_at_each_min": [1, 1870, 13861], "force_calls_at_each_min": [1, 1870, 13861], "min_height_scale": 2.0, "max_height_scale": 1.5, "min_cov_scale": 3.0, "max_cov_scale": 1.5, "pert_type": "fixed"}