{"run_id": 2886, "bias_std_dev_scale": 0.170998, "bias_height_fraction": 0.119897, "perturbation_size": 0.005, "optimizer": "FIRE", "found_minima": [[0.6234994049, 0.02803775853], [-0.05098887825385974, 0.46688795286758256], [-0.5582236549753425, 1.4417258221836247]], "found_saddles": [[0.08938452280907619, 0.2409209965183125], [-0.8037023034553582, 0.6740319995461128]], "bias_count": 45, "energy_calls_at_each_min": [1, 1746, 5536], "force_calls_at_each_min": [1, 1746, 5536], "min_height_scale": 2.5, "max_height_scale": 2.5, "min_cov_scale": 1.5, "max_cov_scale": 3.0, "pert_type": "fixed"}