{"run_id": 546, "bias_std_dev_scale": 0.170998, "bias_height_fraction": 0.119897, "perturbation_size": 0.005, "optimizer": "FIRE", "found_minima": [[0.6234994049, 0.02803775853], [-0.05285479986755437, 0.4676220588303148], [-0.558223622619738, 1.4417258534109008]], "found_saddles": [[0.0817850034469092, 0.17757012336251554], [-0.8284609481140764, 0.6198913945542786]], "bias_count": 71, "energy_calls_at_each_min": [1, 1815, 8418], "force_calls_at_each_min": [1, 1815, 8418], "min_height_scale": 1.5, "max_height_scale": 2.0, "min_cov_scale": 1.5, "max_cov_scale": 2.0, "pert_type": "fixed"}