{"run_id": 4740, "bias_std_dev_scale": 0.170998, "bias_height_fraction": 0.119897, "perturbation_size": 0.005, "optimizer": "FIRE", "found_minima": [[0.6234994049, 0.02803775853], [-0.05252359817573997, 0.4671334725372384], [-0.5582236165928465, 1.4417258606618635]], "found_saddles": [[0.31646470965210144, 0.3071581466860689], [-0.8290194519303055, 0.5902057156341918]], "bias_count": 72, "energy_calls_at_each_min": [1, 1651, 8767], "force_calls_at_each_min": [1, 1651, 8767], "min_height_scale": 2.0, "max_height_scale": 1.5, "min_cov_scale": 1.5, "max_cov_scale": 2.5, "pert_type": "fixed"}