{"run_id": 2619, "bias_std_dev_scale": 0.170998, "bias_height_fraction": 0.119897, "perturbation_size": 0.005, "optimizer": "FIRE", "found_minima": [[0.6234994049, 0.02803775853], [-0.053522005816068044, 0.4675616835934083], [-0.5582236530078133, 1.44172582339853]], "found_saddles": [[0.07985120940642071, 0.21052393926357144], [-0.7804615982808193, 0.6740059043694526]], "bias_count": 54, "energy_calls_at_each_min": [1, 2173, 6285], "force_calls_at_each_min": [1, 2173, 6285], "min_height_scale": 1.5, "max_height_scale": 2.0, "min_cov_scale": 3.0, "max_cov_scale": 2.0, "pert_type": "adaptive"}