{"run_id": 1151, "bias_std_dev_scale": 0.170998, "bias_height_fraction": 0.119897, "perturbation_size": 0.005, "optimizer": "FIRE", "found_minima": [[0.6234994049, 0.02803775853], [-0.05179988312699672, 0.46793142850538866], [-0.558223645142326, 1.441725829497203]], "found_saddles": [[0.06715338247334049, 0.13188244195968996], [0.7086816151963612, 0.30599127127231834]], "bias_count": 53, "energy_calls_at_each_min": [1, 1238, 6527], "force_calls_at_each_min": [1, 1238, 6527], "min_height_scale": 1.5, "max_height_scale": 3.0, "min_cov_scale": 3.0, "max_cov_scale": 3.0, "pert_type": "adaptive"}