{"run_id": 3462, "bias_std_dev_scale": 0.170998, "bias_height_fraction": 0.119897, "perturbation_size": 0.005, "optimizer": "FIRE", "found_minima": [[0.6234994049, 0.02803775853], [-0.050153821996572215, 0.46673215163129506], [-0.5582236466065575, 1.441725831085972]], "found_saddles": [[0.19854724452003472, 0.2636752128933487], [-0.8242641540058201, 0.6275359279827728]], "bias_count": 86, "energy_calls_at_each_min": [1, 1124, 10594], "force_calls_at_each_min": [1, 1124, 10594], "min_height_scale": 3.0, "max_height_scale": 1.5, "min_cov_scale": 1.5, "max_cov_scale": 3.0, "pert_type": "fixed"}