{"run_id": 2443, "bias_std_dev_scale": 0.170998, "bias_height_fraction": 0.119897, "perturbation_size": 0.005, "optimizer": "FIRE", "found_minima": [[0.6234994049, 0.02803775853], [-0.05001633134432316, 0.4666956197037219], [-0.558223647177296, 1.44172583023888]], "found_saddles": [[0.1832600812349161, 0.2658329324040532], [-0.7623172533623737, 0.6842797945824505]], "bias_count": 99, "energy_calls_at_each_min": [1, 2040, 11911], "force_calls_at_each_min": [1, 2040, 11911], "min_height_scale": 3.0, "max_height_scale": 1.5, "min_cov_scale": 2.0, "max_cov_scale": 2.0, "pert_type": "adaptive"}