{"run_id": 2825, "bias_std_dev_scale": 0.170998, "bias_height_fraction": 0.119897, "perturbation_size": 0.005, "optimizer": "FIRE", "found_minima": [[0.6234994049, 0.02803775853], [-0.0500270499404489, 0.46670038215097964], [-0.5582236394229151, 1.4417258334310519]], "found_saddles": [[0.21467972910581212, 0.29539179164032253], [-0.3544477978641116, 0.7099699486837294]], "bias_count": 112, "energy_calls_at_each_min": [1, 1950, 13324], "force_calls_at_each_min": [1, 1950, 13324], "min_height_scale": 2.5, "max_height_scale": 1.5, "min_cov_scale": 2.0, "max_cov_scale": 1.5, "pert_type": "adaptive"}