{"run_id": 2440, "bias_std_dev_scale": 0.170998, "bias_height_fraction": 0.119897, "perturbation_size": 0.005, "optimizer": "FIRE", "found_minima": [[0.6234994049, 0.02803775853], [-0.051358794241780005, 0.4669896570523067], [-0.5582236497085126, 1.4417258269774207]], "found_saddles": [[0.10297036083661087, 0.0954087756262679], [-0.8191785318690726, 0.6428553709063114]], "bias_count": 91, "energy_calls_at_each_min": [1, 2703, 10712], "force_calls_at_each_min": [1, 2703, 10712], "min_height_scale": 3.0, "max_height_scale": 1.5, "min_cov_scale": 2.0, "max_cov_scale": 1.5, "pert_type": "fixed"}