{"run_id": 3370, "bias_std_dev_scale": 0.170998, "bias_height_fraction": 0.119897, "perturbation_size": 0.005, "optimizer": "FIRE", "found_minima": [[0.6234994049, 0.02803775853], [-0.0500108982409984, 0.4666941264651383], [-0.5582236521172071, 1.4417258235730044]], "found_saddles": [[0.3265718686818248, 0.29261878155613924], [-0.008888457595597449, -0.09622758538787313]], "bias_count": 94, "energy_calls_at_each_min": [1, 1887, 11453], "force_calls_at_each_min": [1, 1887, 11453], "min_height_scale": 2.5, "max_height_scale": 2.0, "min_cov_scale": 2.0, "max_cov_scale": 2.0, "pert_type": "fixed"}