{"run_id": 157, "bias_std_dev_scale": 0.170998, "bias_height_fraction": 0.119897, "perturbation_size": 0.005, "optimizer": "FIRE", "found_minima": [[0.6234994049, 0.02803775853], [-0.050854125731026906, 0.46690845346378906], [-0.5582236509589054, 1.4417258244013815]], "found_saddles": [[0.15187862204827945, 0.2548138821603262], [-0.8033092251690394, 0.4363560683050277]], "bias_count": 102, "energy_calls_at_each_min": [1, 1977, 12219], "force_calls_at_each_min": [1, 1977, 12219], "min_height_scale": 2.0, "max_height_scale": 1.5, "min_cov_scale": 3.0, "max_cov_scale": 2.5, "pert_type": "adaptive"}