{"run_id": 81, "bias_std_dev_scale": 0.170998, "bias_height_fraction": 0.119897, "perturbation_size": 0.005, "optimizer": "FIRE", "found_minima": [[0.6234994049, 0.02803775853], [-0.05001699989930935, 0.466695391881879], [-0.5582236462253908, 1.4417258303157698]], "found_saddles": [[0.29516408661681154, 0.322960971808515], [-0.395374524234662, 0.11267430228694586]], "bias_count": 111, "energy_calls_at_each_min": [1, 1466, 13684], "force_calls_at_each_min": [1, 1466, 13684], "min_height_scale": 1.5, "max_height_scale": 2.5, "min_cov_scale": 2.5, "max_cov_scale": 1.5, "pert_type": "adaptive"}