{"run_id": 624, "bias_std_dev_scale": 0.170998, "bias_height_fraction": 0.119897, "perturbation_size": 0.005, "optimizer": "FIRE", "found_minima": [[0.6234994049, 0.02803775853], [-0.05002150229705479, 0.4666967239776971], [-0.5582236193383556, 1.4417258555181522]], "found_saddles": [[0.14269682681714488, 0.10576533697069451], [-0.4231094188400397, 0.781769898251902]], "bias_count": 78, "energy_calls_at_each_min": [1, 1468, 9340], "force_calls_at_each_min": [1, 1468, 9340], "min_height_scale": 1.5, "max_height_scale": 3.0, "min_cov_scale": 2.5, "max_cov_scale": 1.5, "pert_type": "fixed"}