{"run_id": 989, "bias_std_dev_scale": 0.170998, "bias_height_fraction": 0.119897, "perturbation_size": 0.005, "optimizer": "FIRE", "found_minima": [[0.6234994049, 0.02803775853], [-0.05245992357959419, 0.4671927186607196], [-0.5582236530288657, 1.441725824189128]], "found_saddles": [[0.09337348155307244, 0.2385002471973206], [-0.7289824688951301, 0.7082058314827517]], "bias_count": 54, "energy_calls_at_each_min": [1, 1816, 6480], "force_calls_at_each_min": [1, 1816, 6480], "min_height_scale": 3.0, "max_height_scale": 2.5, "min_cov_scale": 3.0, "max_cov_scale": 2.5, "pert_type": "adaptive"}