{"run_id": 2716, "bias_std_dev_scale": 0.170998, "bias_height_fraction": 0.119897, "perturbation_size": 0.005, "optimizer": "FIRE", "found_minima": [[0.6234994049, 0.02803775853], [-0.05016273792686058, 0.4667500079928897], [-0.5582236170588274, 1.4417258590153998]], "found_saddles": [[0.2529545239211032, 0.30646067600082494], [-0.8465757292045213, 0.6310801535262236]], "bias_count": 84, "energy_calls_at_each_min": [1, 1625, 9798], "force_calls_at_each_min": [1, 1625, 9798], "min_height_scale": 2.0, "max_height_scale": 1.5, "min_cov_scale": 3.0, "max_cov_scale": 2.5, "pert_type": "fixed"}