{"run_id": 1193, "bias_std_dev_scale": 0.170998, "bias_height_fraction": 0.119897, "perturbation_size": 0.005, "optimizer": "FIRE", "found_minima": [[0.6234994049, 0.02803775853], [-0.05001148169430938, 0.4666942376869086], [-0.558223620234281, 1.4417258571132001]], "found_saddles": [[0.12568852173639344, 0.17010935043707026], [0.6002979419942095, 0.38652045515109273]], "bias_count": 96, "energy_calls_at_each_min": [1, 1704, 11355], "force_calls_at_each_min": [1, 1704, 11355], "min_height_scale": 2.0, "max_height_scale": 2.0, "min_cov_scale": 2.0, "max_cov_scale": 1.5, "pert_type": "adaptive"}