{"run_id": 4169, "bias_std_dev_scale": 0.170998, "bias_height_fraction": 0.119897, "perturbation_size": 0.005, "optimizer": "FIRE", "found_minima": [[0.6234994049, 0.02803775853], [-0.05001775756271678, 0.46669688829651423], [-0.558223630778192, 1.441725848085496]], "found_saddles": [[0.0947419296785133, 0.17825566360249542], [-0.8161311611037203, 0.638909592789941]], "bias_count": 24, "energy_calls_at_each_min": [1, 1596, 2695], "force_calls_at_each_min": [1, 1596, 2695], "min_height_scale": 1.5, "max_height_scale": 2.5, "min_cov_scale": 2.0, "max_cov_scale": 1.5, "pert_type": "adaptive"}