{"run_id": 1244, "bias_std_dev_scale": 0.170998, "bias_height_fraction": 0.119897, "perturbation_size": 0.005, "optimizer": "FIRE", "found_minima": [[0.6234994049, 0.02803775853], [-0.05001583006699682, 0.46669509275952176], [-0.5582236316533185, 1.4417258475971195]], "found_saddles": [[0.15198468116901231, 0.14565076342605912], [-0.21831125815514704, 0.06042162882314997]], "bias_count": 77, "energy_calls_at_each_min": [1, 1450, 9497], "force_calls_at_each_min": [1, 1450, 9497], "min_height_scale": 2.0, "max_height_scale": 2.5, "min_cov_scale": 3.0, "max_cov_scale": 2.5, "pert_type": "fixed"}