{"run_id": 1486, "bias_std_dev_scale": 0.170998, "bias_height_fraction": 0.119897, "perturbation_size": 0.005, "optimizer": "FIRE", "found_minima": [[0.6234994049, 0.02803775853], [-0.050242459729504134, 0.4667677479076063], [-0.5582236384557353, 1.44172583938165]], "found_saddles": [[0.4289143313760559, 0.3008760964362847], [-0.5671400224720525, 0.29770065155544717]], "bias_count": 58, "energy_calls_at_each_min": [1, 1365, 7193], "force_calls_at_each_min": [1, 1365, 7193], "min_height_scale": 3.0, "max_height_scale": 2.5, "min_cov_scale": 2.0, "max_cov_scale": 3.0, "pert_type": "fixed"}