{"run_id": 348, "bias_std_dev_scale": 0.170998, "bias_height_fraction": 0.119897, "perturbation_size": 0.005, "optimizer": "FIRE", "found_minima": [[0.6234994049, 0.02803775853], [-0.5582236182093433, 1.441725859029608]], "found_saddles": [[-0.7626519786780176, 0.7003478238037779]], "bias_count": 5000, "energy_calls_at_each_min": [1, 3253], "force_calls_at_each_min": [1, 3253], "min_height_scale": 2.5, "max_height_scale": 2.5, "min_cov_scale": 3.0, "max_cov_scale": 2.5, "pert_type": "fixed"}