{"run_id": 4129, "bias_std_dev_scale": 0.170998, "bias_height_fraction": 0.119897, "perturbation_size": 0.005, "optimizer": "FIRE", "found_minima": [[0.6234994049, 0.02803775853], [-0.050017015498655, 0.4666955585568112], [-0.5582236223433106, 1.4417258537756323]], "found_saddles": [[0.21925443893137692, 0.29810292837343777], [-0.8527265553458655, 0.6107020478840515]], "bias_count": 37, "energy_calls_at_each_min": [1, 1876, 4048], "force_calls_at_each_min": [1, 1876, 4048], "min_height_scale": 1.5, "max_height_scale": 2.0, "min_cov_scale": 1.5, "max_cov_scale": 1.5, "pert_type": "adaptive"}