{"run_id": 2930, "bias_std_dev_scale": 0.170998, "bias_height_fraction": 0.119897, "perturbation_size": 0.005, "optimizer": "FIRE", "found_minima": [[0.6234994049, 0.02803775853], [-0.050636994703798, 0.4668616869118831], [-0.5582236373217578, 1.4417258420412489]], "found_saddles": [[0.2774391803073246, 0.38773801096674465], [1.0650956681251442, 0.021439895248609883]], "bias_count": 66, "energy_calls_at_each_min": [1, 1851, 7801], "force_calls_at_each_min": [1, 1851, 7801], "min_height_scale": 2.5, "max_height_scale": 3.0, "min_cov_scale": 2.5, "max_cov_scale": 2.0, "pert_type": "fixed"}