{"run_id": 101, "bias_std_dev_scale": 0.170998, "bias_height_fraction": 0.119897, "perturbation_size": 0.005, "optimizer": "FIRE", "found_minima": [[0.6234994049, 0.02803775853], [-0.05009348084500631, 0.46673447930487705], [-0.5582236206196568, 1.4417258571822398]], "found_saddles": [[0.28449387030255685, 0.3032847136642181], [0.03962660312596055, 0.7012230990516993]], "bias_count": 36, "energy_calls_at_each_min": [1, 535, 4197], "force_calls_at_each_min": [1, 535, 4197], "min_height_scale": 1.5, "max_height_scale": 3.0, "min_cov_scale": 1.5, "max_cov_scale": 2.5, "pert_type": "adaptive"}