{"run_id": 1152, "bias_std_dev_scale": 0.170998, "bias_height_fraction": 0.119897, "perturbation_size": 0.005, "optimizer": "FIRE", "found_minima": [[0.6234994049, 0.02803775853], [-0.05001843557340299, 0.46669552098503825], [-0.5582236560744103, 1.4417258202503924]], "found_saddles": [[0.1441715611031634, 0.10479913871265897], [-0.8288842791639733, 0.5488852175811014]], "bias_count": 102, "energy_calls_at_each_min": [1, 2334, 12442], "force_calls_at_each_min": [1, 2334, 12442], "min_height_scale": 2.0, "max_height_scale": 1.5, "min_cov_scale": 1.5, "max_cov_scale": 1.5, "pert_type": "fixed"}