{"run_id": 344, "bias_std_dev_scale": 0.170998, "bias_height_fraction": 0.119897, "perturbation_size": 0.005, "optimizer": "FIRE", "found_minima": [[0.6234994049, 0.02803775853], [-0.05001084889135074, 0.46669411093577384], [-0.5582236232201717, 1.441725852975678]], "found_saddles": [[0.15313817311898378, 0.10922998705147083], [-0.08602807991495015, -0.09247451263922003]], "bias_count": 101, "energy_calls_at_each_min": [1, 560, 12383], "force_calls_at_each_min": [1, 560, 12383], "min_height_scale": 2.5, "max_height_scale": 2.5, "min_cov_scale": 3.0, "max_cov_scale": 1.5, "pert_type": "fixed"}