{"run_id": 4409, "bias_std_dev_scale": 0.170998, "bias_height_fraction": 0.119897, "perturbation_size": 0.005, "optimizer": "FIRE", "found_minima": [[0.6234994049, 0.02803775853], [-0.053545196178624764, 0.46734607196034605], [-0.5582236538466551, 1.4417258227703427]], "found_saddles": [[0.38959379140460243, 0.30287964334822925], [-0.8346146128333115, 0.5607282159430611]], "bias_count": 81, "energy_calls_at_each_min": [1, 2819, 9717], "force_calls_at_each_min": [1, 2819, 9717], "min_height_scale": 2.5, "max_height_scale": 2.0, "min_cov_scale": 3.0, "max_cov_scale": 1.5, "pert_type": "adaptive"}