{"run_id": 842, "bias_std_dev_scale": 0.170998, "bias_height_fraction": 0.119897, "perturbation_size": 0.005, "optimizer": "FIRE", "found_minima": [[0.6234994049, 0.02803775853], [-0.05065474891995616, 0.466847922518597], [-0.5582236202136409, 1.4417258571986018]], "found_saddles": [[0.1037437878105437, 0.1946223439259697], [-0.19352943552031543, 0.09351949413992572]], "bias_count": 57, "energy_calls_at_each_min": [1, 1416, 6823], "force_calls_at_each_min": [1, 1416, 6823], "min_height_scale": 2.5, "max_height_scale": 2.5, "min_cov_scale": 2.0, "max_cov_scale": 2.0, "pert_type": "fixed"}