{"run_id": 545, "bias_std_dev_scale": 0.119581, "bias_height_fraction": 0.02, "perturbation_size": 0.005, "optimizer": "FIRE", "found_minima": [[0.6234994049, 0.02803775853], [-0.05028054950947562, 0.466770916513139], [-0.5582236294496876, 1.4417258448718289]], "found_saddles": [[0.25316014719935087, 0.30426106933569813], [-0.841461904129218, 0.6006413970475464]], "bias_count": 203, "energy_calls_at_each_min": [1, 3427, 23217], "force_calls_at_each_min": [1, 3427, 23217], "max_height_scale": 3.666667, "max_cov_scale": 4.333333}