{"run_id": 803, "bias_std_dev_scale": 0.119581, "bias_height_fraction": 0.02, "perturbation_size": 0.005, "optimizer": "FIRE", "found_minima": [[0.6234994049, 0.02803775853], [-0.050028827154305094, 0.4666988038551926], [-0.5582236401259617, 1.4417258382397664]], "found_saddles": [[0.16917378650943898, 0.270825337884544], [-0.843860700461973, 0.6230487204898172]], "bias_count": 816, "energy_calls_at_each_min": [1, 13809, 87325], "force_calls_at_each_min": [1, 13809, 87325], "max_height_scale": 1.0, "max_cov_scale": 3.0}