{"run_id": 795, "bias_std_dev_scale": 0.119581, "bias_height_fraction": 0.02, "perturbation_size": 0.005, "optimizer": "FIRE", "found_minima": [[0.6234994049, 0.02803775853], [-0.050010976233642396, 0.46669414709996876], [-0.558223616679138, 1.441725858566637]], "found_saddles": [[0.9356747528579439, -0.0026136066803078978], [-0.8513239399643404, 0.5860499081777152]], "bias_count": 99, "energy_calls_at_each_min": [1, 2663, 11478], "force_calls_at_each_min": [1, 2663, 11478], "max_height_scale": 7.0, "max_cov_scale": 4.333333}