{"run_id": 884, "bias_std_dev_scale": 0.119581, "bias_height_fraction": 0.02, "perturbation_size": 0.005, "optimizer": "FIRE", "found_minima": [[0.6234994049, 0.02803775853], [-0.05004135801682583, 0.46670020762561776], [-0.558223638286525, 1.4417258357994043]], "found_saddles": [[0.16406170992465757, 0.2668527072443496], [-0.8395998142603456, 0.627454464096934]], "bias_count": 138, "energy_calls_at_each_min": [1, 3143, 18412], "force_calls_at_each_min": [1, 3143, 18412], "max_height_scale": 6.333333, "max_cov_scale": 3.666667}