{"run_id": 702, "bias_std_dev_scale": 0.119581, "bias_height_fraction": 0.02, "perturbation_size": 0.005, "optimizer": "FIRE", "found_minima": [[0.6234994049, 0.02803775853], [-0.05001467499654309, 0.4666949950588209], [-0.5582236558954795, 1.4417258201420236]], "found_saddles": [[0.20726090885026435, 0.29819103997684715], [-0.8602923716802305, 0.5616341418916427]], "bias_count": 926, "energy_calls_at_each_min": [1, 14420, 98758], "force_calls_at_each_min": [1, 14420, 98758], "max_height_scale": 1.0, "max_cov_scale": 2.333333}