{"run_id": 511, "bias_std_dev_scale": 0.119581, "bias_height_fraction": 0.02, "perturbation_size": 0.005, "optimizer": "FIRE", "found_minima": [[0.6234994049, 0.02803775853], [-0.05001080277575748, 0.4666941049510276], [-0.5582236254727362, 1.4417258481336224]], "found_saddles": [[0.24783722746537667, 0.3274564505501256], [-0.8328477029305116, 0.6226481625225817]], "bias_count": 533, "energy_calls_at_each_min": [1, 11612, 57669], "force_calls_at_each_min": [1, 11612, 57669], "max_height_scale": 1.666667, "max_cov_scale": 1.666667}