{"run_id": 29, "bias_std_dev_scale": 0.119581, "bias_height_fraction": 0.02, "perturbation_size": 0.005, "optimizer": "FIRE", "found_minima": [[0.6234994049, 0.02803775853], [-0.5582236136204306, 1.4417258712688992]], "found_saddles": [[-0.8315516185443491, 0.5805102450884205]], "bias_count": 5000, "energy_calls_at_each_min": [1, 27552], "force_calls_at_each_min": [1, 27552], "max_height_scale": 2.333333, "max_cov_scale": 7.0}