{"run_id": 539, "bias_std_dev_scale": 0.119581, "bias_height_fraction": 0.02, "perturbation_size": 0.005, "optimizer": "FIRE", "found_minima": [[0.6234994049, 0.02803775853], [-0.5582235266223265, 1.4417259694705995]], "found_saddles": [[-0.8026785053057779, 0.6414718813383425]], "bias_count": 5000, "energy_calls_at_each_min": [1, 22756], "force_calls_at_each_min": [1, 22756], "max_height_scale": 3.0, "max_cov_scale": 7.0}