{"run_id": 20, "bias_std_dev_scale": 0.119581, "bias_height_fraction": 0.02, "perturbation_size": 0.005, "optimizer": "FIRE", "found_minima": [[0.6234994049, 0.02803775853], [-0.050010831504771605, 0.46669409928882377], [-0.5582236367972055, 1.441725843002322]], "found_saddles": [[0.2122388563243611, 0.29356998109219024], [-0.8106483089981102, 0.635795347225171]], "bias_count": 539, "energy_calls_at_each_min": [1, 9319, 60059], "force_calls_at_each_min": [1, 9319, 60059], "max_height_scale": 2.333333, "max_cov_scale": 1.0}