{"run_id": 214, "bias_std_dev_scale": 0.119581, "bias_height_fraction": 0.02, "perturbation_size": 0.005, "optimizer": "FIRE", "found_minima": [[0.6234994049, 0.02803775853], [-0.05001845025035261, 0.46669648647117357], [-0.5582236511003694, 1.441725825750228]], "found_saddles": [[0.18430306886196923, 0.2686514589161725], [-0.8538022889194187, 0.5815632855259646]], "bias_count": 465, "energy_calls_at_each_min": [1, 7777, 51778], "force_calls_at_each_min": [1, 7777, 51778], "max_height_scale": 1.666667, "max_cov_scale": 3.666667}