{"run_id": 193, "bias_std_dev_scale": 0.119581, "bias_height_fraction": 0.02, "perturbation_size": 0.005, "optimizer": "FIRE", "found_minima": [[0.6234994049, 0.02803775853], [-0.05002096328186629, 0.466696262069187], [-0.5582236300811813, 1.4417258483437023]], "found_saddles": [[0.20041848202170584, 0.2739182720863501], [-0.7945525536859426, 0.6394503365746778]], "bias_count": 115, "energy_calls_at_each_min": [1, 2757, 13429], "force_calls_at_each_min": [1, 2757, 13429], "max_height_scale": 7.0, "max_cov_scale": 3.0}