{"run_id": 716, "bias_std_dev_scale": 0.119581, "bias_height_fraction": 0.02, "perturbation_size": 0.005, "optimizer": "FIRE", "found_minima": [[0.6234994049, 0.02803775853], [-0.05074610358144473, 0.46688776368750873], [-0.5582236335378392, 1.4417258477746628]], "found_saddles": [[0.23652852157415416, 0.2872082192412051], [-0.8445271031007275, 0.582973640775897]], "bias_count": 418, "energy_calls_at_each_min": [1, 7275, 45817], "force_calls_at_each_min": [1, 7275, 45817], "max_height_scale": 1.666667, "max_cov_scale": 5.0}