{"run_id": 453, "bias_std_dev_scale": 0.119581, "bias_height_fraction": 0.02, "perturbation_size": 0.005, "optimizer": "FIRE", "found_minima": [[0.6234994049, 0.02803775853], [-0.05001362288627648, 0.4666948838215073], [-0.5582236493821013, 1.4417258274235492]], "found_saddles": [[0.1995716869787798, 0.2923951924189268], [1.0293663002565114, -0.02951392492708329]], "bias_count": 223, "energy_calls_at_each_min": [1, 4276, 26295], "force_calls_at_each_min": [1, 4276, 26295], "max_height_scale": 4.333333, "max_cov_scale": 3.0}