{"run_id": 659, "bias_std_dev_scale": 0.119581, "bias_height_fraction": 0.02, "perturbation_size": 0.005, "optimizer": "FIRE", "found_minima": [[0.6234994049, 0.02803775853], [-0.5582235549483193, 1.4417259428212592]], "found_saddles": [[-0.8115867239920098, 0.6447693950159288]], "bias_count": 5000, "energy_calls_at_each_min": [1, 15153], "force_calls_at_each_min": [1, 15153], "max_height_scale": 4.333333, "max_cov_scale": 7.0}