{"run_id": 59, "bias_std_dev_scale": 0.119581, "bias_height_fraction": 0.02, "perturbation_size": 0.005, "optimizer": "FIRE", "found_minima": [[0.6234994049, 0.02803775853], [-0.05005596207927518, 0.4667032991644178], [-0.5582236009451598, 1.4417258817510183]], "found_saddles": [[0.22363608001755644, 0.30287006670760463], [-0.8321977771787719, 0.6474785012921246]], "bias_count": 110, "energy_calls_at_each_min": [1, 2603, 12371], "force_calls_at_each_min": [1, 2603, 12371], "max_height_scale": 4.333333, "max_cov_scale": 7.0}