{"run_id": 392, "bias_std_dev_scale": 0.119581, "bias_height_fraction": 0.02, "perturbation_size": 0.005, "optimizer": "FIRE", "found_minima": [[0.6234994049, 0.02803775853], [-0.050011037933204446, 0.46669414702855855], [-0.5582236519658738, 1.4417258238066526]], "found_saddles": [[0.16602944134005854, 0.28394021437734246], [-0.7532988809536747, 0.6647338742079066]], "bias_count": 92, "energy_calls_at_each_min": [1, 3647, 10566], "force_calls_at_each_min": [1, 3647, 10566], "max_height_scale": 7.0, "max_cov_scale": 2.333333}