{"run_id": 520, "bias_std_dev_scale": 0.119581, "bias_height_fraction": 0.02, "perturbation_size": 0.005, "optimizer": "FIRE", "found_minima": [[0.6234994049, 0.02803775853], [-0.05001085840043229, 0.46669411054456095], [-0.5582236511500059, 1.4417258254405914]], "found_saddles": [[0.25477664031587294, 0.28757987347321856], [-0.8063586975037317, 0.6318380850122596]], "bias_count": 508, "energy_calls_at_each_min": [1, 10512, 56111], "force_calls_at_each_min": [1, 10512, 56111], "max_height_scale": 2.333333, "max_cov_scale": 1.0}