{"run_id": 763, "bias_std_dev_scale": 0.119581, "bias_height_fraction": 0.02, "perturbation_size": 0.005, "optimizer": "FIRE", "found_minima": [[0.6234994049, 0.02803775853], [-0.05002421480794803, 0.4666979041256393], [-0.558223655759644, 1.4417258201242955]], "found_saddles": [[0.941908024933902, -0.008550749133727734], [-0.8381675935589599, 0.606346228732194]], "bias_count": 166, "energy_calls_at_each_min": [1, 3750, 18338], "force_calls_at_each_min": [1, 3750, 18338], "max_height_scale": 5.0, "max_cov_scale": 3.0}