{"run_id": 413, "bias_std_dev_scale": 0.119581, "bias_height_fraction": 0.02, "perturbation_size": 0.005, "optimizer": "FIRE", "found_minima": [[0.6234994049, 0.02803775853], [-0.05001412231354623, 0.4666949060991411], [-0.5582236465354546, 1.4417258300444462]], "found_saddles": [[0.2437455392480319, 0.31220916003683197], [-0.8280291838462123, 0.6127995277357626]], "bias_count": 473, "energy_calls_at_each_min": [1, 8179, 51772], "force_calls_at_each_min": [1, 8179, 51772], "max_height_scale": 1.666667, "max_cov_scale": 3.0}