{"run_id": 263, "bias_std_dev_scale": 0.119581, "bias_height_fraction": 0.02, "perturbation_size": 0.005, "optimizer": "FIRE", "found_minima": [[0.6234994049, 0.02803775853], [-0.050012087959036194, 0.4666943454040963], [-0.5582236358377378, 1.4417258431128608]], "found_saddles": [[0.23577910668366234, 0.2856111156401796], [-0.8246259859766871, 0.6062858864343753]], "bias_count": 182, "energy_calls_at_each_min": [1, 3045, 20993], "force_calls_at_each_min": [1, 3045, 20993], "max_height_scale": 5.0, "max_cov_scale": 3.0}