{"run_id": 19, "bias_std_dev_scale": 0.119581, "bias_height_fraction": 0.02, "perturbation_size": 0.005, "optimizer": "FIRE", "found_minima": [[0.6234994049, 0.02803775853], [-0.5582234876091472, 1.4417260563018361]], "found_saddles": [[-0.8708288529026998, 0.5922532475152317]], "bias_count": 5000, "energy_calls_at_each_min": [1, 38424], "force_calls_at_each_min": [1, 38424], "max_height_scale": 1.666667, "max_cov_scale": 7.0}