{"run_id": 902, "bias_std_dev_scale": 0.119581, "bias_height_fraction": 0.02, "perturbation_size": 0.005, "optimizer": "FIRE", "found_minima": [[0.6234994049, 0.02803775853], [-0.05001627115168711, 0.4666954380637184], [-0.5582236445892271, 1.441725832297002]], "found_saddles": [[0.17322578015248927, 0.19368205694446106], [-0.8128928197033758, 0.613847684218891]], "bias_count": 887, "energy_calls_at_each_min": [1, 15921, 92153], "force_calls_at_each_min": [1, 15921, 92153], "max_height_scale": 1.0, "max_cov_scale": 2.333333}