{"run_id": 754, "bias_std_dev_scale": 0.119581, "bias_height_fraction": 0.02, "perturbation_size": 0.005, "optimizer": "FIRE", "found_minima": [[0.6234994049, 0.02803775853], [-0.050019134661937005, 0.4666959116968869], [-0.5582236419419163, 1.4417258316064068]], "found_saddles": [[0.2601291430715525, 0.3150605687134216], [-0.8221051935000568, 0.6169893465781928]], "bias_count": 145, "energy_calls_at_each_min": [1, 3727, 16947], "force_calls_at_each_min": [1, 3727, 16947], "max_height_scale": 4.333333, "max_cov_scale": 3.666667}