{"run_id": 134, "bias_std_dev_scale": 0.119581, "bias_height_fraction": 0.02, "perturbation_size": 0.005, "optimizer": "FIRE", "found_minima": [[0.6234994049, 0.02803775853], [-0.05009690266175855, 0.4667170624282077], [-0.5582236455418146, 1.4417258313588157]], "found_saddles": [[0.2213003298628729, 0.29424706459633937], [-0.8615519190753888, 0.5735841117199743]], "bias_count": 314, "energy_calls_at_each_min": [1, 5127, 34967], "force_calls_at_each_min": [1, 5127, 34967], "max_height_scale": 3.0, "max_cov_scale": 3.666667}