{"run_id": 603, "bias_std_dev_scale": 0.119581, "bias_height_fraction": 0.02, "perturbation_size": 0.005, "optimizer": "FIRE", "found_minima": [[0.6234994049, 0.02803775853], [-0.0500542239047118, 0.46670512250198765], [-0.558223628480479, 1.4417258452904975]], "found_saddles": [[0.2221419950275888, 0.31807717652985845], [-0.8130924807980354, 0.6097948001238954]], "bias_count": 796, "energy_calls_at_each_min": [1, 12622, 82629], "force_calls_at_each_min": [1, 12622, 82629], "max_height_scale": 1.0, "max_cov_scale": 3.0}