{"run_id": 811, "bias_std_dev_scale": 0.119581, "bias_height_fraction": 0.02, "perturbation_size": 0.005, "optimizer": "FIRE", "found_minima": [[0.6234994049, 0.02803775853], [-0.05001089263547586, 0.4666941188468418], [-0.5582236173059928, 1.4417258602890313]], "found_saddles": [[0.20888420154320012, 0.28959097052659577], [-0.8202771811186444, 0.6119176506228737]], "bias_count": 583, "energy_calls_at_each_min": [1, 10209, 63232], "force_calls_at_each_min": [1, 10209, 63232], "max_height_scale": 1.666667, "max_cov_scale": 1.666667}