{"run_id": 993, "bias_std_dev_scale": 0.119581, "bias_height_fraction": 0.02, "perturbation_size": 0.005, "optimizer": "FIRE", "found_minima": [[0.6234994049, 0.02803775853], [-0.050350024185929224, 0.4667646318251932], [-0.558223645825563, 1.4417258304454128]], "found_saddles": [[0.19440694468266712, 0.24739053649331538], [-0.8104685836409669, 0.6373815230810865]], "bias_count": 126, "energy_calls_at_each_min": [1, 2742, 14596], "force_calls_at_each_min": [1, 2742, 14596], "max_height_scale": 7.0, "max_cov_scale": 3.0}