{"run_id": 36, "bias_std_dev_scale": 0.119581, "bias_height_fraction": 0.02, "perturbation_size": 0.005, "optimizer": "FIRE", "found_minima": [[0.6234994049, 0.02803775853], [-0.05105118392558848, 0.46694082267523246], [-0.5582236195914139, 1.441725856480688]], "found_saddles": [[0.18560282677743967, 0.286527497741493], [-0.8279576759262786, 0.623164364346285]], "bias_count": 222, "energy_calls_at_each_min": [1, 4765, 25975], "force_calls_at_each_min": [1, 4765, 25975], "max_height_scale": 3.0, "max_cov_scale": 5.0}