{"run_id": 272, "bias_std_dev_scale": 0.119581, "bias_height_fraction": 0.02, "perturbation_size": 0.005, "optimizer": "FIRE", "found_minima": [[0.6234994049, 0.02803775853], [-0.05001088828878756, 0.46669411320882637], [-0.5582236290498958, 1.4417258450361712]], "found_saddles": [[0.2631077966189281, 0.32063463639059897], [-0.8218274639829914, 0.5638586540059536]], "bias_count": 145, "energy_calls_at_each_min": [1, 3224, 16974], "force_calls_at_each_min": [1, 3224, 16974], "max_height_scale": 5.666667, "max_cov_scale": 2.333333}