{"run_id": 868, "bias_std_dev_scale": 0.119581, "bias_height_fraction": 0.02, "perturbation_size": 0.005, "optimizer": "FIRE", "found_minima": [[0.6234994049, 0.02803775853], [-0.050075909912698086, 0.46670680688419963], [-0.5582234611554256, 1.4417260595503827]], "found_saddles": [[0.20624982886490484, 0.3143711788307392], [-0.7928834184315886, 0.6577640186791116]], "bias_count": 109, "energy_calls_at_each_min": [1, 2516, 12979], "force_calls_at_each_min": [1, 2516, 12979], "max_height_scale": 5.0, "max_cov_scale": 6.333333}