{"run_id": 462, "bias_std_dev_scale": 0.119581, "bias_height_fraction": 0.02, "perturbation_size": 0.005, "optimizer": "FIRE", "found_minima": [[0.6234994049, 0.02803775853], [-0.05001135545908574, 0.4666942528199689], [-0.5582236424584234, 1.4417258368994657]], "found_saddles": [[0.2692649942301996, 0.2862782205054827], [-0.8175350993336828, 0.6120957763399002]], "bias_count": 189, "energy_calls_at_each_min": [1, 4590, 22358], "force_calls_at_each_min": [1, 4590, 22358], "max_height_scale": 5.0, "max_cov_scale": 2.333333}