{"run_id": 388, "bias_std_dev_scale": 0.119581, "bias_height_fraction": 0.02, "perturbation_size": 0.005, "optimizer": "FIRE", "found_minima": [[0.6234994049, 0.02803775853], [-0.5582235961322008, 1.441725887960599]], "found_saddles": [[-0.8101345703760297, 0.6281147012815688]], "bias_count": 5000, "energy_calls_at_each_min": [1, 8985], "force_calls_at_each_min": [1, 8985], "max_height_scale": 6.333333, "max_cov_scale": 6.333333}