{"run_id": 456, "bias_std_dev_scale": 0.119581, "bias_height_fraction": 0.02, "perturbation_size": 0.005, "optimizer": "FIRE", "found_minima": [[0.6234994049, 0.02803775853], [-0.050491419092454984, 0.46681212148142776], [-0.5582236301970153, 1.441725843758579]], "found_saddles": [[0.18687481124612035, 0.24462173222667583], [-0.8309788403852283, 0.6057923325950456]], "bias_count": 202, "energy_calls_at_each_min": [1, 3293, 24348], "force_calls_at_each_min": [1, 3293, 24348], "max_height_scale": 4.333333, "max_cov_scale": 5.0}