{"run_id": 386, "bias_std_dev_scale": 0.119581, "bias_height_fraction": 0.02, "perturbation_size": 0.005, "optimizer": "FIRE", "found_minima": [[0.6234994049, 0.02803775853], [-0.05079530539844013, 0.4669371290641414], [-0.558223657095872, 1.441725819619896]], "found_saddles": [[0.2817515001137818, 0.2974684517961801], [-0.8040132386077761, 0.6354569181223815]], "bias_count": 110, "energy_calls_at_each_min": [1, 2226, 13263], "force_calls_at_each_min": [1, 2226, 13263], "max_height_scale": 6.333333, "max_cov_scale": 5.0}