{"run_id": 11, "bias_std_dev_scale": 0.119581, "bias_height_fraction": 0.02, "perturbation_size": 0.005, "optimizer": "FIRE", "found_minima": [[0.6234994049, 0.02803775853], [-0.05001087774643628, 0.4666941202956743], [-0.5582236509982146, 1.4417258258469965]], "found_saddles": [[0.22427028569077356, 0.3065093887298595], [-0.8391838026847082, 0.6364201772804481]], "bias_count": 642, "energy_calls_at_each_min": [1, 12296, 72845], "force_calls_at_each_min": [1, 12296, 72845], "max_height_scale": 1.666667, "max_cov_scale": 1.666667}