{"run_id": 859, "bias_std_dev_scale": 0.119581, "bias_height_fraction": 0.02, "perturbation_size": 0.005, "optimizer": "FIRE", "found_minima": [[0.6234994049, 0.02803775853], [-0.5582236261568448, 1.4417258481341038]], "found_saddles": [[-0.75631076799866, 0.6844142764531772]], "bias_count": 5000, "energy_calls_at_each_min": [1, 14184], "force_calls_at_each_min": [1, 14184], "max_height_scale": 4.333333, "max_cov_scale": 7.0}