{"run_id": 138, "bias_std_dev_scale": 0.119581, "bias_height_fraction": 0.02, "perturbation_size": 0.005, "optimizer": "FIRE", "found_minima": [[0.6234994049, 0.02803775853], [-0.5582236235065287, 1.4417258516266547]], "found_saddles": [[-0.8501098086970339, 0.595565587796623]], "bias_count": 5000, "energy_calls_at_each_min": [1, 24437], "force_calls_at_each_min": [1, 24437], "max_height_scale": 3.0, "max_cov_scale": 6.333333}