{"run_id": 360, "bias_std_dev_scale": 0.119581, "bias_height_fraction": 0.02, "perturbation_size": 0.005, "optimizer": "FIRE", "found_minima": [[0.6234994049, 0.02803775853], [-0.0500108013547627, 0.46669409965906666], [-0.5582236455472437, 1.4417258313451244]], "found_saddles": [[0.17383051831508037, 0.2692822412558574], [-0.8270192706614207, 0.612265282439508]], "bias_count": 250, "energy_calls_at_each_min": [1, 5117, 28373], "force_calls_at_each_min": [1, 5117, 28373], "max_height_scale": 5.0, "max_cov_scale": 1.0}