{"run_id": 429, "bias_std_dev_scale": 0.119581, "bias_height_fraction": 0.02, "perturbation_size": 0.005, "optimizer": "FIRE", "found_minima": [[0.6234994049, 0.02803775853], [-0.5582236448606395, 1.4417258355904794]], "found_saddles": [[-0.8454537117078574, 0.5989612782497541]], "bias_count": 5000, "energy_calls_at_each_min": [1, 28285], "force_calls_at_each_min": [1, 28285], "max_height_scale": 2.333333, "max_cov_scale": 7.0}