{"run_id": 925, "bias_std_dev_scale": 0.119581, "bias_height_fraction": 0.02, "perturbation_size": 0.005, "optimizer": "FIRE", "found_minima": [[0.6234994049, 0.02803775853], [-0.050077434641999014, 0.4667166411977946], [-0.5582236446389093, 1.4417258323680282]], "found_saddles": [[0.2121910346509608, 0.29717410870915806], [-0.8312316035486467, 0.588487662265734]], "bias_count": 323, "energy_calls_at_each_min": [1, 4967, 35478], "force_calls_at_each_min": [1, 4967, 35478], "max_height_scale": 2.333333, "max_cov_scale": 4.333333}