{"run_id": 507, "bias_std_dev_scale": 0.119581, "bias_height_fraction": 0.02, "perturbation_size": 0.005, "optimizer": "FIRE", "found_minima": [[0.6234994049, 0.02803775853], [-0.5582236542644069, 1.4417258216321078]], "found_saddles": [[-0.8033332082198104, 0.6096987369614868]], "bias_count": 5000, "energy_calls_at_each_min": [1, 53312], "force_calls_at_each_min": [1, 53312], "max_height_scale": 1.0, "max_cov_scale": 5.666667}