{"run_id": 532, "bias_std_dev_scale": 0.119581, "bias_height_fraction": 0.02, "perturbation_size": 0.005, "optimizer": "FIRE", "found_minima": [[0.6234994049, 0.02803775853], [-0.050011422911028953, 0.4666942373994349], [-0.5582236324248397, 1.44172583996061]], "found_saddles": [[0.2254544418437893, 0.2865603242034531], [-0.8236307509869889, 0.606245452516198]], "bias_count": 254, "energy_calls_at_each_min": [1, 5360, 29532], "force_calls_at_each_min": [1, 5360, 29532], "max_height_scale": 3.0, "max_cov_scale": 2.333333}