{"run_id": 579, "bias_std_dev_scale": 0.119581, "bias_height_fraction": 0.02, "perturbation_size": 0.005, "optimizer": "FIRE", "found_minima": [[0.6234994049, 0.02803775853], [-0.05077741637861113, 0.46683196681759], [-0.5582229202455735, 1.4417267539921663]], "found_saddles": [[0.21312186058179985, 0.2729329812460368], [-0.8595414588714795, 0.6078986630293902]], "bias_count": 94, "energy_calls_at_each_min": [1, 1962, 11045], "force_calls_at_each_min": [1, 1962, 11045], "max_height_scale": 5.666667, "max_cov_scale": 7.0}