{"run_id": 881, "bias_std_dev_scale": 0.119581, "bias_height_fraction": 0.02, "perturbation_size": 0.005, "optimizer": "FIRE", "found_minima": [[0.6234994049, 0.02803775853], [-0.050010817164490746, 0.46669410643410636], [-0.5582236297927763, 1.4417258491027762]], "found_saddles": [[0.22328183299271528, 0.29035718410088446], [-0.8401844298706355, 0.5399048749911619]], "bias_count": 154, "energy_calls_at_each_min": [1, 3567, 17693], "force_calls_at_each_min": [1, 3567, 17693], "max_height_scale": 6.333333, "max_cov_scale": 1.666667}