{"run_id": 189, "bias_std_dev_scale": 0.119581, "bias_height_fraction": 0.02, "perturbation_size": 0.005, "optimizer": "FIRE", "found_minima": [[0.6234994049, 0.02803775853], [-0.558223618949325, 1.4417258565221558]], "found_saddles": [[-0.7054485121578852, 0.7014656948511345]], "bias_count": 5000, "energy_calls_at_each_min": [1, 12772], "force_calls_at_each_min": [1, 12772], "max_height_scale": 6.333333, "max_cov_scale": 7.0}