{"run_id": 310, "bias_std_dev_scale": 0.119581, "bias_height_fraction": 0.02, "perturbation_size": 0.005, "optimizer": "FIRE", "found_minima": [[0.6234994049, 0.02803775853], [-0.05001086828405805, 0.46669411111355674], [-0.5582236449052703, 1.4417258320101591]], "found_saddles": [[0.2085165200928274, 0.2902154784098426], [-0.8423746338011722, 0.5812249488811606]], "bias_count": 794, "energy_calls_at_each_min": [1, 14135, 87620], "force_calls_at_each_min": [1, 14135, 87620], "max_height_scale": 1.666667, "max_cov_scale": 1.0}