{"run_id": 106, "bias_std_dev_scale": 0.119581, "bias_height_fraction": 0.02, "perturbation_size": 0.005, "optimizer": "FIRE", "found_minima": [[0.6234994049, 0.02803775853], [-0.05059371320666371, 0.46682429895424343], [-0.5582236398752999, 1.441725838487285]], "found_saddles": [[0.22589812675384116, 0.31071972115666247], [-0.8409520334751758, 0.6342917863414218]], "bias_count": 594, "energy_calls_at_each_min": [1, 11265, 60504], "force_calls_at_each_min": [1, 11265, 60504], "max_height_scale": 1.0, "max_cov_scale": 5.0}