{"run_id": 394, "bias_std_dev_scale": 0.119581, "bias_height_fraction": 0.02, "perturbation_size": 0.005, "optimizer": "FIRE", "found_minima": [[0.6234994049, 0.02803775853], [-0.050105097513719436, 0.4667243791101629], [-0.5582236538122004, 1.441725823575441]], "found_saddles": [[0.1705284974457773, 0.2702570319328915], [-0.8494059245391055, 0.572492537942212]], "bias_count": 85, "energy_calls_at_each_min": [1, 2708, 9984], "force_calls_at_each_min": [1, 2708, 9984], "max_height_scale": 7.0, "max_cov_scale": 3.666667}