{"run_id": 727, "bias_std_dev_scale": 0.119581, "bias_height_fraction": 0.02, "perturbation_size": 0.005, "optimizer": "FIRE", "found_minima": [[0.6234994049, 0.02803775853], [-0.5582236382310125, 1.4417258405164426]], "found_saddles": [[-0.8161913803436643, 0.6597560238863517]], "bias_count": 5000, "energy_calls_at_each_min": [1, 27047], "force_calls_at_each_min": [1, 27047], "max_height_scale": 2.333333, "max_cov_scale": 5.666667}