{"run_id": 645, "bias_std_dev_scale": 0.119581, "bias_height_fraction": 0.02, "perturbation_size": 0.005, "optimizer": "FIRE", "found_minima": [[0.6234994049, 0.02803775853], [-0.050132424193005384, 0.46673236610149416], [-0.5582236499700872, 1.4417258278697935]], "found_saddles": [[0.23069593882439535, 0.2843124280392009], [-0.8297872584495224, 0.6335405153530771]], "bias_count": 191, "energy_calls_at_each_min": [1, 3462, 21694], "force_calls_at_each_min": [1, 3462, 21694], "max_height_scale": 3.666667, "max_cov_scale": 4.333333}