{"run_id": 327, "bias_std_dev_scale": 0.119581, "bias_height_fraction": 0.02, "perturbation_size": 0.005, "optimizer": "FIRE", "found_minima": [[0.6234994049, 0.02803775853], [-0.05041757234283922, 0.4668255169029365], [-0.5582236284532978, 1.4417258509108684]], "found_saddles": [[0.22126176791058616, 0.3069838758205094], [-0.8357179348381369, 0.6152880888797674]], "bias_count": 277, "energy_calls_at_each_min": [1, 5511, 30360], "force_calls_at_each_min": [1, 5511, 30360], "max_height_scale": 2.333333, "max_cov_scale": 5.666667}