{"run_id": 936, "bias_std_dev_scale": 0.119581, "bias_height_fraction": 0.02, "perturbation_size": 0.005, "optimizer": "FIRE", "found_minima": [[0.6234994049, 0.02803775853], [-0.05056440498175399, 0.4668729069768789], [-0.5582236524974086, 1.441725824177972]], "found_saddles": [[0.20477933562193404, 0.3040709000624555], [-0.8755780265123022, 0.5587952544036515]], "bias_count": 264, "energy_calls_at_each_min": [1, 4326, 29155], "force_calls_at_each_min": [1, 4326, 29155], "max_height_scale": 3.0, "max_cov_scale": 5.0}