{"run_id": 162, "bias_std_dev_scale": 0.119581, "bias_height_fraction": 0.02, "perturbation_size": 0.005, "optimizer": "FIRE", "found_minima": [[0.6234994049, 0.02803775853], [-0.05001301615398071, 0.46669464579676556], [-0.5582236484239509, 1.4417258281376324]], "found_saddles": [[0.1365707050350887, 0.2708633461087082], [-0.7944716796282805, 0.6467857981490688]], "bias_count": 182, "energy_calls_at_each_min": [1, 3794, 21470], "force_calls_at_each_min": [1, 3794, 21470], "max_height_scale": 5.0, "max_cov_scale": 2.333333}