{"run_id": 952, "bias_std_dev_scale": 0.119581, "bias_height_fraction": 0.02, "perturbation_size": 0.005, "optimizer": "FIRE", "found_minima": [[0.6234994049, 0.02803775853], [-0.05001128727165371, 0.46669420830603636], [-0.5582236202452725, 1.4417258557481532]], "found_saddles": [[0.1598382196545426, 0.19916511672166923], [-0.834894259558593, 0.6122673237843207]], "bias_count": 115, "energy_calls_at_each_min": [1, 3604, 12573], "force_calls_at_each_min": [1, 3604, 12573], "max_height_scale": 4.333333, "max_cov_scale": 2.333333}