{"run_id": 660, "bias_std_dev_scale": 0.119581, "bias_height_fraction": 0.02, "perturbation_size": 0.005, "optimizer": "FIRE", "found_minima": [[0.6234994049, 0.02803775853], [-0.050010832045830664, 0.46669411154061446], [-0.5582236427655832, 1.441725831540521]], "found_saddles": [[0.1484147269221326, 0.12472393003172702], [-0.7858117385999024, 0.6699185932752817]], "bias_count": 257, "energy_calls_at_each_min": [1, 5800, 28766], "force_calls_at_each_min": [1, 5800, 28766], "max_height_scale": 5.0, "max_cov_scale": 1.0}