{"run_id": 957, "bias_std_dev_scale": 0.119581, "bias_height_fraction": 0.02, "perturbation_size": 0.005, "optimizer": "FIRE", "found_minima": [[0.6234994049, 0.02803775853], [-0.050381913148130106, 0.4667677042893738], [-0.5582236188236143, 1.4417258596410036]], "found_saddles": [[0.18709094674540735, 0.273955301501111], [-0.8450218374013336, 0.6223347354996754]], "bias_count": 128, "energy_calls_at_each_min": [1, 2952, 14912], "force_calls_at_each_min": [1, 2952, 14912], "max_height_scale": 4.333333, "max_cov_scale": 5.666667}