{"run_id": 566, "bias_std_dev_scale": 0.119581, "bias_height_fraction": 0.02, "perturbation_size": 0.005, "optimizer": "FIRE", "found_minima": [[0.6234994049, 0.02803775853], [-0.05003244727541566, 0.4666975346240838], [-0.5582236485012668, 1.4417258276932872]], "found_saddles": [[0.13782651819170888, 0.28445188685731904], [-0.79936781006093, 0.6253744715383145]], "bias_count": 97, "energy_calls_at_each_min": [1, 2753, 11044], "force_calls_at_each_min": [1, 2753, 11044], "max_height_scale": 5.0, "max_cov_scale": 5.0}