{"run_id": 142, "bias_std_dev_scale": 0.119581, "bias_height_fraction": 0.02, "perturbation_size": 0.005, "optimizer": "FIRE", "found_minima": [[0.6234994049, 0.02803775853], [-0.05001184658302741, 0.46669434851852515], [-0.558223645213993, 1.4417258316926995]], "found_saddles": [[0.18731151833365262, 0.2425766423010267], [-0.817225954763673, 0.6067610471960795]], "bias_count": 220, "energy_calls_at_each_min": [1, 5634, 24873], "force_calls_at_each_min": [1, 5634, 24873], "max_height_scale": 3.666667, "max_cov_scale": 2.333333}