{"run_id": 424, "bias_std_dev_scale": 0.119581, "bias_height_fraction": 0.02, "perturbation_size": 0.005, "optimizer": "FIRE", "found_minima": [[0.6234994049, 0.02803775853], [-0.05020342501030021, 0.4667435511039788], [-0.5582236552777486, 1.441725820596053]], "found_saddles": [[0.191323112241048, 0.2524972859681785], [-0.8184355947202987, 0.5728603991461254]], "bias_count": 287, "energy_calls_at_each_min": [1, 6894, 31156], "force_calls_at_each_min": [1, 6894, 31156], "max_height_scale": 2.333333, "max_cov_scale": 3.666667}