{"run_id": 608, "bias_std_dev_scale": 0.119581, "bias_height_fraction": 0.02, "perturbation_size": 0.005, "optimizer": "FIRE", "found_minima": [[0.6234994049, 0.02803775853], [-0.0510294159983536, 0.4669361100419948], [-0.5582236471060104, 1.441725831238289]], "found_saddles": [[0.21192320353783559, 0.3075332123223259], [-0.8294479254626392, 0.6106621708370269]], "bias_count": 584, "energy_calls_at_each_min": [1, 10593, 59651], "force_calls_at_each_min": [1, 10593, 59651], "max_height_scale": 1.0, "max_cov_scale": 6.333333}