{"run_id": 748, "bias_std_dev_scale": 0.119581, "bias_height_fraction": 0.02, "perturbation_size": 0.005, "optimizer": "FIRE", "found_minima": [[0.6234994049, 0.02803775853], [-0.5582235650098828, 1.441725921504015]], "found_saddles": [[-0.876985882458203, 0.6109539483517926]], "bias_count": 5000, "energy_calls_at_each_min": [1, 22435], "force_calls_at_each_min": [1, 22435], "max_height_scale": 3.666667, "max_cov_scale": 6.333333}