{"run_id": 98, "bias_std_dev_scale": 0.119581, "bias_height_fraction": 0.02, "perturbation_size": 0.005, "optimizer": "FIRE", "found_minima": [[0.6234994049, 0.02803775853], [-0.05005471205241346, 0.4667063564097661], [-0.5582236528887288, 1.4417258229465213]], "found_saddles": [[0.18352466194754727, 0.2789780573794963], [-0.8489954658783447, 0.6266823173828178]], "bias_count": 59, "energy_calls_at_each_min": [1, 1884, 6583], "force_calls_at_each_min": [1, 1884, 6583], "max_height_scale": 7.0, "max_cov_scale": 6.333333}