{"run_id": 27, "bias_std_dev_scale": 0.119581, "bias_height_fraction": 0.02, "perturbation_size": 0.005, "optimizer": "FIRE", "found_minima": [[0.6234994049, 0.02803775853], [-0.05069371739547647, 0.46693141038145614], [-0.5582236490591046, 1.4417258272758633]], "found_saddles": [[0.2347818180756436, 0.3055618657993994], [-0.8241297493020827, 0.598266178179386]], "bias_count": 297, "energy_calls_at_each_min": [1, 4687, 34915], "force_calls_at_each_min": [1, 4687, 34915], "max_height_scale": 2.333333, "max_cov_scale": 5.666667}