{"run_id": 484, "bias_std_dev_scale": 0.119581, "bias_height_fraction": 0.02, "perturbation_size": 0.005, "optimizer": "FIRE", "found_minima": [[0.6234994049, 0.02803775853], [-0.05094314618245856, 0.46693673808132863], [-0.5582236551014018, 1.44172582196378]], "found_saddles": [[0.20754751876979474, 0.2743053830779694], [-0.8411974087592168, 0.5830150929049519]], "bias_count": 107, "energy_calls_at_each_min": [1, 3712, 12765], "force_calls_at_each_min": [1, 3712, 12765], "max_height_scale": 6.333333, "max_cov_scale": 3.666667}