{"run_id": 460, "bias_std_dev_scale": 0.119581, "bias_height_fraction": 0.02, "perturbation_size": 0.005, "optimizer": "FIRE", "found_minima": [[0.6234994049, 0.02803775853], [-0.050010854956006066, 0.46669411263053917], [-0.5582236452209, 1.4417258328541231]], "found_saddles": [[0.2524866241114617, 0.2969206502433509], [-0.8358834804064678, 0.6039559105038549]], "bias_count": 309, "energy_calls_at_each_min": [1, 5948, 35140], "force_calls_at_each_min": [1, 5948, 35140], "max_height_scale": 5.0, "max_cov_scale": 1.0}