{"run_id": 463, "bias_std_dev_scale": 0.119581, "bias_height_fraction": 0.02, "perturbation_size": 0.005, "optimizer": "FIRE", "found_minima": [[0.6234994049, 0.02803775853], [-0.05001562302896771, 0.46669529943380156], [-0.558223640346257, 1.441725836014515]], "found_saddles": [[0.21777619014734118, 0.2966392786530793], [-0.7940287077924262, 0.644573082609287]], "bias_count": 150, "energy_calls_at_each_min": [1, 3449, 16822], "force_calls_at_each_min": [1, 3449, 16822], "max_height_scale": 5.0, "max_cov_scale": 3.0}