{"run_id": 540, "bias_std_dev_scale": 0.119581, "bias_height_fraction": 0.02, "perturbation_size": 0.005, "optimizer": "FIRE", "found_minima": [[0.6234994049, 0.02803775853], [-0.05001084176252679, 0.4666941069850811], [-0.5582236295385403, 1.4417258438512655]], "found_saddles": [[0.1540342658055803, 0.0912162514540481], [-0.8249025094786677, 0.6070507859075837]], "bias_count": 444, "energy_calls_at_each_min": [1, 6354, 50038], "force_calls_at_each_min": [1, 6354, 50038], "max_height_scale": 3.666667, "max_cov_scale": 1.0}