{"run_id": 179, "bias_std_dev_scale": 0.119581, "bias_height_fraction": 0.02, "perturbation_size": 0.005, "optimizer": "FIRE", "found_minima": [[0.6234994049, 0.02803775853], [-0.5582236466212529, 1.4417258344296584]], "found_saddles": [[-0.8103935323475232, 0.6303079475782657]], "bias_count": 5000, "energy_calls_at_each_min": [1, 14051], "force_calls_at_each_min": [1, 14051], "max_height_scale": 5.666667, "max_cov_scale": 7.0}