{"run_id": 260, "bias_std_dev_scale": 0.119581, "bias_height_fraction": 0.02, "perturbation_size": 0.005, "optimizer": "FIRE", "found_minima": [[0.6234994049, 0.02803775853], [-0.0500108595239959, 0.46669410287540075], [-0.5582236165930994, 1.4417258609296635]], "found_saddles": [[0.20909081397960066, 0.291572444465333], [-0.8119605257569305, 0.6352310039726927]], "bias_count": 207, "energy_calls_at_each_min": [1, 5353, 23138], "force_calls_at_each_min": [1, 5353, 23138], "max_height_scale": 5.0, "max_cov_scale": 1.0}