{"run_id": 384, "bias_std_dev_scale": 0.119581, "bias_height_fraction": 0.02, "perturbation_size": 0.005, "optimizer": "FIRE", "found_minima": [[0.6234994049, 0.02803775853], [-0.050019675935927245, 0.4666968270977545], [-0.5582236360173592, 1.4417258445663332]], "found_saddles": [[0.22424460406128133, 0.3126439474619898], [-0.8357744023430671, 0.5578952481766334]], "bias_count": 95, "energy_calls_at_each_min": [1, 3276, 11114], "force_calls_at_each_min": [1, 3276, 11114], "max_height_scale": 6.333333, "max_cov_scale": 3.666667}