{"run_id": 468, "bias_std_dev_scale": 0.119581, "bias_height_fraction": 0.02, "perturbation_size": 0.005, "optimizer": "FIRE", "found_minima": [[0.6234994049, 0.02803775853], [-0.050720393092303556, 0.46688532006446903], [-0.5582236507052829, 1.441725827482829]], "found_saddles": [[0.23424332844890025, 0.30018987353707743], [-0.7648237630599317, 0.6562370959835288]], "bias_count": 134, "energy_calls_at_each_min": [1, 2774, 15575], "force_calls_at_each_min": [1, 2774, 15575], "max_height_scale": 5.0, "max_cov_scale": 6.333333}