{"run_id": 985, "bias_std_dev_scale": 0.119581, "bias_height_fraction": 0.02, "perturbation_size": 0.005, "optimizer": "FIRE", "found_minima": [[0.6234994049, 0.02803775853], [-0.050070025736688555, 0.4667086378884692], [-0.558223655292824, 1.4417258205642325]], "found_saddles": [[0.20938553307553281, 0.2989258815151411], [-0.8048615392755564, 0.625848003575468]], "bias_count": 126, "energy_calls_at_each_min": [1, 2428, 14868], "force_calls_at_each_min": [1, 2428, 14868], "max_height_scale": 6.333333, "max_cov_scale": 4.333333}