{"run_id": 181, "bias_std_dev_scale": 0.119581, "bias_height_fraction": 0.02, "perturbation_size": 0.005, "optimizer": "FIRE", "found_minima": [[0.6234994049, 0.02803775853], [-0.05001093637325126, 0.46669413160728496], [-0.5582236188746501, 1.4417258571199856]], "found_saddles": [[0.9454125403333358, -0.012553608555647303], [-0.7976127243153366, 0.6584963570557956]], "bias_count": 169, "energy_calls_at_each_min": [1, 4018, 19312], "force_calls_at_each_min": [1, 4018, 19312], "max_height_scale": 6.333333, "max_cov_scale": 1.666667}