{"run_id": 342, "bias_std_dev_scale": 0.119581, "bias_height_fraction": 0.02, "perturbation_size": 0.005, "optimizer": "FIRE", "found_minima": [[0.6234994049, 0.02803775853], [-0.050011239855530694, 0.46669421906949354], [-0.558223623787721, 1.4417258544363611]], "found_saddles": [[0.21788962469505488, 0.29103193832290675], [-0.829798822655013, 0.6228265550099678]], "bias_count": 206, "energy_calls_at_each_min": [1, 4698, 23476], "force_calls_at_each_min": [1, 4698, 23476], "max_height_scale": 3.666667, "max_cov_scale": 2.333333}