{"run_id": 305, "bias_std_dev_scale": 0.119581, "bias_height_fraction": 0.02, "perturbation_size": 0.005, "optimizer": "FIRE", "found_minima": [[0.6234994049, 0.02803775853], [-0.05056131774129033, 0.46682271891851157], [-0.5582236249891768, 1.4417258534649806]], "found_saddles": [[0.2529916297134125, 0.30265814037107064], [-0.8269683734870368, 0.6132870741625386]], "bias_count": 633, "energy_calls_at_each_min": [1, 14726, 67589], "force_calls_at_each_min": [1, 14726, 67589], "max_height_scale": 1.0, "max_cov_scale": 4.333333}