{"run_id": 693, "bias_std_dev_scale": 0.119581, "bias_height_fraction": 0.02, "perturbation_size": 0.005, "optimizer": "FIRE", "found_minima": [[0.6234994049, 0.02803775853], [-0.05031420416086193, 0.46675306383181314], [-0.5582236468467233, 1.441725831558723]], "found_saddles": [[0.21732907283625486, 0.28118743228183707], [-0.7622852039964567, 0.6449469644859531]], "bias_count": 146, "energy_calls_at_each_min": [1, 2637, 17286], "force_calls_at_each_min": [1, 2637, 17286], "max_height_scale": 7.0, "max_cov_scale": 3.0}