{"run_id": 274, "bias_std_dev_scale": 0.119581, "bias_height_fraction": 0.02, "perturbation_size": 0.005, "optimizer": "FIRE", "found_minima": [[0.6234994049, 0.02803775853], [-0.0500124058077925, 0.4666944353271968], [-0.5582236166478055, 1.4417258594621414]], "found_saddles": [[0.13394699834227808, 0.2926333115630357], [-0.8275786812454663, 0.6249020675015812]], "bias_count": 102, "energy_calls_at_each_min": [1, 3690, 11539], "force_calls_at_each_min": [1, 3690, 11539], "max_height_scale": 5.666667, "max_cov_scale": 3.666667}