{"run_id": 306, "bias_std_dev_scale": 0.119581, "bias_height_fraction": 0.02, "perturbation_size": 0.005, "optimizer": "FIRE", "found_minima": [[0.6234994049, 0.02803775853], [-0.050254728308154056, 0.4667611814313244], [-0.5582236450069706, 1.4417258319303783]], "found_saddles": [[0.2216023268014981, 0.30684783417801176], [-0.871626440052905, 0.5874874419271738]], "bias_count": 651, "energy_calls_at_each_min": [1, 10314, 66764], "force_calls_at_each_min": [1, 10314, 66764], "max_height_scale": 1.0, "max_cov_scale": 5.0}