{"run_id": 524, "bias_std_dev_scale": 0.119581, "bias_height_fraction": 0.02, "perturbation_size": 0.005, "optimizer": "FIRE", "found_minima": [[0.6234994049, 0.02803775853], [-0.05013790328248963, 0.4667253173661446], [-0.5582236357189556, 1.4417258430181845]], "found_saddles": [[0.2436581452959194, 0.3558589873388864], [-0.7890623761622028, 0.488189300112534]], "bias_count": 324, "energy_calls_at_each_min": [1, 5754, 36493], "force_calls_at_each_min": [1, 5754, 36493], "max_height_scale": 2.333333, "max_cov_scale": 3.666667}