{"run_id": 898, "bias_std_dev_scale": 0.119581, "bias_height_fraction": 0.02, "perturbation_size": 0.005, "optimizer": "FIRE", "found_minima": [[0.6234994049, 0.02803775853], [-0.5582236383693129, 1.4417258415027132]], "found_saddles": [[-0.7692440983435793, 0.6564759633082711]], "bias_count": 5000, "energy_calls_at_each_min": [1, 11354], "force_calls_at_each_min": [1, 11354], "max_height_scale": 7.0, "max_cov_scale": 6.333333}