{"run_id": 740, "bias_std_dev_scale": 0.119581, "bias_height_fraction": 0.02, "perturbation_size": 0.005, "optimizer": "FIRE", "found_minima": [[0.6234994049, 0.02803775853], [-0.050010800881562234, 0.4666941087656048], [-0.5582236290524974, 1.4417258450371284]], "found_saddles": [[0.19792130741804212, 0.2774006238877383], [-0.8233947316719474, 0.6237860552124944]], "bias_count": 315, "energy_calls_at_each_min": [1, 5336, 34363], "force_calls_at_each_min": [1, 5336, 34363], "max_height_scale": 3.666667, "max_cov_scale": 1.0}