{"run_id": 561, "bias_std_dev_scale": 0.119581, "bias_height_fraction": 0.02, "perturbation_size": 0.005, "optimizer": "FIRE", "found_minima": [[0.6234994049, 0.02803775853], [-0.050010814142698784, 0.4666941047369885], [-0.5582236476202902, 1.4417258291811175]], "found_saddles": [[0.20057405795162805, 0.28956983897651584], [-0.8290346778652429, 0.6175203172800119]], "bias_count": 215, "energy_calls_at_each_min": [1, 3786, 24471], "force_calls_at_each_min": [1, 3786, 24471], "max_height_scale": 5.0, "max_cov_scale": 1.666667}