{"run_id": 124, "bias_std_dev_scale": 0.119581, "bias_height_fraction": 0.02, "perturbation_size": 0.005, "optimizer": "FIRE", "found_minima": [[0.6234994049, 0.02803775853], [-0.05015591353551907, 0.4667395033251504], [-0.5582236222745472, 1.441725851660741]], "found_saddles": [[0.22721979486538654, 0.3009786507241966], [-0.8796509194942932, 0.5936244785441178]], "bias_count": 367, "energy_calls_at_each_min": [1, 6274, 42319], "force_calls_at_each_min": [1, 6274, 42319], "max_height_scale": 2.333333, "max_cov_scale": 3.666667}