{"run_id": 769, "bias_std_dev_scale": 0.119581, "bias_height_fraction": 0.02, "perturbation_size": 0.005, "optimizer": "FIRE", "found_minima": [[0.6234994049, 0.02803775853], [-0.05119303538858728, 0.46692172993911457], [-0.5582236132457231, 1.4417258655218033]], "found_saddles": [[0.21529064173673076, 0.2845524064437683], [-0.8050041856101676, 0.6419276248080151]], "bias_count": 111, "energy_calls_at_each_min": [1, 2703, 12977], "force_calls_at_each_min": [1, 2703, 12977], "max_height_scale": 5.0, "max_cov_scale": 7.0}