{"run_id": 677, "bias_std_dev_scale": 0.119581, "bias_height_fraction": 0.02, "perturbation_size": 0.005, "optimizer": "FIRE", "found_minima": [[0.6234994049, 0.02803775853], [-0.05015640511844669, 0.4667355396727608], [-0.5582236337286252, 1.441725843168312]], "found_saddles": [[0.27283727888072173, 0.2878759417821712], [-0.8306939420652452, 0.6098830965443309]], "bias_count": 96, "energy_calls_at_each_min": [1, 3239, 11353], "force_calls_at_each_min": [1, 3239, 11353], "max_height_scale": 5.666667, "max_cov_scale": 5.666667}