{"run_id": 604, "bias_std_dev_scale": 0.119581, "bias_height_fraction": 0.02, "perturbation_size": 0.005, "optimizer": "FIRE", "found_minima": [[0.6234994049, 0.02803775853], [-0.05008223885641922, 0.46671574616496636], [-0.5582236519722965, 1.4417258237698511]], "found_saddles": [[0.22948867352041485, 0.29548185829235596], [-0.8220788129581275, 0.5960225768829644]], "bias_count": 759, "energy_calls_at_each_min": [1, 11960, 80969], "force_calls_at_each_min": [1, 11960, 80969], "max_height_scale": 1.0, "max_cov_scale": 3.666667}