{"run_id": 628, "bias_std_dev_scale": 0.119581, "bias_height_fraction": 0.02, "perturbation_size": 0.005, "optimizer": "FIRE", "found_minima": [[0.6234994049, 0.02803775853], [-0.05022643997314538, 0.46681576252262763], [-0.558223621681295, 1.4417258608149344]], "found_saddles": [[0.22684295105907037, 0.30386278208872697], [-0.7665736901714624, 0.6541061732797555]], "bias_count": 261, "energy_calls_at_each_min": [1, 4356, 29253], "force_calls_at_each_min": [1, 4356, 29253], "max_height_scale": 2.333333, "max_cov_scale": 6.333333}