{"run_id": 187, "bias_std_dev_scale": 0.119581, "bias_height_fraction": 0.02, "perturbation_size": 0.005, "optimizer": "FIRE", "found_minima": [[0.6234994049, 0.02803775853], [-0.05009201929667026, 0.4667145651609747], [-0.5582236484490808, 1.4417258283441738]], "found_saddles": [[0.10274258034474047, 0.12337444914824941], [-0.843113400411563, 0.5911675758460954]], "bias_count": 123, "energy_calls_at_each_min": [1, 3072, 14411], "force_calls_at_each_min": [1, 3072, 14411], "max_height_scale": 6.333333, "max_cov_scale": 5.666667}