{"run_id": 283, "bias_std_dev_scale": 0.119581, "bias_height_fraction": 0.02, "perturbation_size": 0.005, "optimizer": "FIRE", "found_minima": [[0.6234994049, 0.02803775853], [-0.050011705445537596, 0.4666943174217163], [-0.5582236487352663, 1.4417258280718777]], "found_saddles": [[0.19917769084776166, 0.2852783316252705], [-0.8290846281891846, 0.6036640096526547]], "bias_count": 118, "energy_calls_at_each_min": [1, 2998, 13944], "force_calls_at_each_min": [1, 2998, 13944], "max_height_scale": 6.333333, "max_cov_scale": 3.0}