{"run_id": 289, "bias_std_dev_scale": 0.119581, "bias_height_fraction": 0.02, "perturbation_size": 0.005, "optimizer": "FIRE", "found_minima": [[0.6234994049, 0.02803775853], [-0.5582236425065279, 1.4417258352986777]], "found_saddles": [[-0.8349521936185379, 0.5865277723572039]], "bias_count": 5000, "energy_calls_at_each_min": [1, 12914], "force_calls_at_each_min": [1, 12914], "max_height_scale": 6.333333, "max_cov_scale": 7.0}