{"run_id": 71, "bias_std_dev_scale": 0.119581, "bias_height_fraction": 0.02, "perturbation_size": 0.005, "optimizer": "FIRE", "found_minima": [[0.6234994049, 0.02803775853], [-0.05001101917958017, 0.4666941656310756], [-0.5582236226682122, 1.441725855078578]], "found_saddles": [[0.14580137887443786, 0.13745650882566726], [-0.8155778599659809, 0.6312585419909882]], "bias_count": 197, "energy_calls_at_each_min": [1, 5326, 22152], "force_calls_at_each_min": [1, 5326, 22152], "max_height_scale": 5.666667, "max_cov_scale": 1.666667}