{"run_id": 111, "bias_std_dev_scale": 0.119581, "bias_height_fraction": 0.02, "perturbation_size": 0.005, "optimizer": "FIRE", "found_minima": [[0.6234994049, 0.02803775853], [-0.05001480712144415, 0.46669498691895067], [-0.5582236502750881, 1.4417258266427417]], "found_saddles": [[0.2142345672001536, 0.2949168871611088], [-0.8223602104276683, 0.6181750215580549]], "bias_count": 658, "energy_calls_at_each_min": [1, 9750, 73099], "force_calls_at_each_min": [1, 9750, 73099], "max_height_scale": 1.666667, "max_cov_scale": 1.666667}