{"run_id": 438, "bias_std_dev_scale": 0.119581, "bias_height_fraction": 0.02, "perturbation_size": 0.005, "optimizer": "FIRE", "found_minima": [[0.6234994049, 0.02803775853], [-0.050751185289016565, 0.46692438538549974], [-0.5582236151054122, 1.441725865131766]], "found_saddles": [[0.19630187189388204, 0.2865030229848856], [-0.7768141933996773, 0.6404851984837109]], "bias_count": 232, "energy_calls_at_each_min": [1, 4013, 27471], "force_calls_at_each_min": [1, 4013, 27471], "max_height_scale": 3.0, "max_cov_scale": 6.333333}