{"run_id": 718, "bias_std_dev_scale": 0.119581, "bias_height_fraction": 0.02, "perturbation_size": 0.005, "optimizer": "FIRE", "found_minima": [[0.6234994049, 0.02803775853], [-0.05084076603958023, 0.4668892321325371], [-0.5582236462055775, 1.441725832932866]], "found_saddles": [[0.21708702107629002, 0.3126393684763905], [-0.8518846559835751, 0.6260154106028618]], "bias_count": 325, "energy_calls_at_each_min": [1, 6180, 33405], "force_calls_at_each_min": [1, 6180, 33405], "max_height_scale": 1.666667, "max_cov_scale": 6.333333}