{"run_id": 681, "bias_std_dev_scale": 0.119581, "bias_height_fraction": 0.02, "perturbation_size": 0.005, "optimizer": "FIRE", "found_minima": [[0.6234994049, 0.02803775853], [-0.050010784945260234, 0.46669409573685205], [-0.5582236501889768, 1.4417258252121843]], "found_saddles": [[0.14451440576733562, 0.14949956971078426], [-0.8136328260480421, 0.6098916786263224]], "bias_count": 117, "energy_calls_at_each_min": [1, 3475, 14273], "force_calls_at_each_min": [1, 3475, 14273], "max_height_scale": 6.333333, "max_cov_scale": 1.666667}