{"run_id": 262, "bias_std_dev_scale": 0.119581, "bias_height_fraction": 0.02, "perturbation_size": 0.005, "optimizer": "FIRE", "found_minima": [[0.6234994049, 0.02803775853], [-0.050015069757728105, 0.46669528215122136], [-0.5582236186776681, 1.441725857316473]], "found_saddles": [[0.1963001971105453, 0.2919200793338314], [-0.7695503962949508, 0.6376106321633893]], "bias_count": 243, "energy_calls_at_each_min": [1, 5234, 29694], "force_calls_at_each_min": [1, 5234, 29694], "max_height_scale": 5.0, "max_cov_scale": 2.333333}