{"run_id": 24, "bias_std_dev_scale": 0.119581, "bias_height_fraction": 0.02, "perturbation_size": 0.005, "optimizer": "FIRE", "found_minima": [[0.6234994049, 0.02803775853], [-0.050425609557627364, 0.4667982076417313], [-0.5582236398105355, 1.4417258387837462]], "found_saddles": [[0.2258015742703703, 0.31337959248356084], [-0.8286908420135856, 0.6248746183846088]], "bias_count": 292, "energy_calls_at_each_min": [1, 6087, 31924], "force_calls_at_each_min": [1, 6087, 31924], "max_height_scale": 2.333333, "max_cov_scale": 3.666667}