{"run_id": 225, "bias_std_dev_scale": 0.119581, "bias_height_fraction": 0.02, "perturbation_size": 0.005, "optimizer": "FIRE", "found_minima": [[0.6234994049, 0.02803775853], [-0.05055899993117504, 0.46682643077844005], [-0.5582236544959469, 1.4417258227878726]], "found_saddles": [[0.2541356677109138, 0.2869992129789722], [-0.849176751427237, 0.6081497456794425]], "bias_count": 318, "energy_calls_at_each_min": [1, 6049, 37073], "force_calls_at_each_min": [1, 6049, 37073], "max_height_scale": 2.333333, "max_cov_scale": 4.333333}