{"run_id": 816, "bias_std_dev_scale": 0.119581, "bias_height_fraction": 0.02, "perturbation_size": 0.005, "optimizer": "FIRE", "found_minima": [[0.6234994049, 0.02803775853], [-0.05068443432663024, 0.46685292375082976], [-0.5582236082843979, 1.4417258690141515]], "found_saddles": [[0.2435922811347256, 0.2956768698626434], [-0.8270873408279835, 0.5700593860370189]], "bias_count": 331, "energy_calls_at_each_min": [1, 6977, 36467], "force_calls_at_each_min": [1, 6977, 36467], "max_height_scale": 1.666667, "max_cov_scale": 5.0}