{"run_id": 575, "bias_std_dev_scale": 0.119581, "bias_height_fraction": 0.02, "perturbation_size": 0.005, "optimizer": "FIRE", "found_minima": [[0.6234994049, 0.02803775853], [-0.05009759403578269, 0.46671716632901633], [-0.5582236125395195, 1.4417258639611168]], "found_saddles": [[0.22256187276539638, 0.2976878953493399], [-0.8186693050328826, 0.6040156658361333]], "bias_count": 90, "energy_calls_at_each_min": [1, 2382, 10290], "force_calls_at_each_min": [1, 2382, 10290], "max_height_scale": 5.666667, "max_cov_scale": 4.333333}