{"run_id": 69, "bias_std_dev_scale": 0.119581, "bias_height_fraction": 0.02, "perturbation_size": 0.005, "optimizer": "FIRE", "found_minima": [[0.6234994049, 0.02803775853], [-0.051107488642509094, 0.4669668824316657], [-0.5582229548720316, 1.4417268256427633]], "found_saddles": [[0.2071298344123218, 0.30485386076404714], [-0.5943757443820025, 0.6949346479415315]], "bias_count": 142, "energy_calls_at_each_min": [1, 2524, 16876], "force_calls_at_each_min": [1, 2524, 16876], "max_height_scale": 5.0, "max_cov_scale": 7.0}