{"run_id": 711, "bias_std_dev_scale": 0.119581, "bias_height_fraction": 0.02, "perturbation_size": 0.005, "optimizer": "FIRE", "found_minima": [[0.6234994049, 0.02803775853], [-0.05001146828639288, 0.46669424230669165], [-0.5582236505688084, 1.441725826262974]], "found_saddles": [[0.2640641094081835, 0.313689721787389], [-0.8429476132054476, 0.6201144368858073]], "bias_count": 620, "energy_calls_at_each_min": [1, 11632, 68352], "force_calls_at_each_min": [1, 11632, 68352], "max_height_scale": 1.666667, "max_cov_scale": 1.666667}