{"run_id": 930, "bias_std_dev_scale": 0.119581, "bias_height_fraction": 0.02, "perturbation_size": 0.005, "optimizer": "FIRE", "found_minima": [[0.6234994049, 0.02803775853], [-0.05001083699084304, 0.4666941000026867], [-0.5582236412052086, 1.441725833078703]], "found_saddles": [[0.18580277720326094, 0.2900058217216383], [-0.8167331865945154, 0.611277245347528]], "bias_count": 493, "energy_calls_at_each_min": [1, 7366, 55258], "force_calls_at_each_min": [1, 7366, 55258], "max_height_scale": 3.0, "max_cov_scale": 1.0}