{"run_id": 733, "bias_std_dev_scale": 0.119581, "bias_height_fraction": 0.02, "perturbation_size": 0.005, "optimizer": "FIRE", "found_minima": [[0.6234994049, 0.02803775853], [-0.05002355043459465, 0.4666973355641243], [-0.558223646693983, 1.4417258301951408]], "found_saddles": [[0.2293030077693985, 0.2966775318821619], [-0.8346797584210622, 0.6022691294079994]], "bias_count": 285, "energy_calls_at_each_min": [1, 5293, 31668], "force_calls_at_each_min": [1, 5293, 31668], "max_height_scale": 3.0, "max_cov_scale": 3.0}