{"run_id": 304, "bias_std_dev_scale": 0.119581, "bias_height_fraction": 0.02, "perturbation_size": 0.005, "optimizer": "FIRE", "found_minima": [[0.6234994049, 0.02803775853], [-0.050112567714065005, 0.4667169704671276], [-0.5582236312868974, 1.4417258410548932]], "found_saddles": [[0.21056172405176238, 0.2936244744540712], [-0.8347758760606829, 0.6211621343869237]], "bias_count": 689, "energy_calls_at_each_min": [1, 12241, 71393], "force_calls_at_each_min": [1, 12241, 71393], "max_height_scale": 1.0, "max_cov_scale": 3.666667}