{"run_id": 708, "bias_std_dev_scale": 0.119581, "bias_height_fraction": 0.02, "perturbation_size": 0.005, "optimizer": "FIRE", "found_minima": [[0.6234994049, 0.02803775853], [-0.05091007786048121, 0.46692109317378494], [-0.5582236539699648, 1.441725822661639]], "found_saddles": [[0.1878286101621773, 0.27971453576217414], [-0.8670812666347653, 0.5694130741482278]], "bias_count": 629, "energy_calls_at_each_min": [1, 11285, 64878], "force_calls_at_each_min": [1, 11285, 64878], "max_height_scale": 1.0, "max_cov_scale": 6.333333}