{"run_id": 196, "bias_std_dev_scale": 0.119581, "bias_height_fraction": 0.02, "perturbation_size": 0.005, "optimizer": "FIRE", "found_minima": [[0.6234994049, 0.02803775853], [-0.05022775304912923, 0.4667498132471796], [-0.5582236263740914, 1.4417258470637253]], "found_saddles": [[0.26584106993580675, 0.3118367199433888], [-0.7821714102942838, 0.6820038333999691]], "bias_count": 111, "energy_calls_at_each_min": [1, 1579, 13515], "force_calls_at_each_min": [1, 1579, 13515], "max_height_scale": 7.0, "max_cov_scale": 5.0}