{"run_id": 94, "bias_std_dev_scale": 0.119581, "bias_height_fraction": 0.02, "perturbation_size": 0.005, "optimizer": "FIRE", "found_minima": [[0.6234994049, 0.02803775853], [-0.05022170461478933, 0.46673787216098994], [-0.5582236500781638, 1.441725826740947]], "found_saddles": [[0.18255158152772988, 0.25036287773071336], [-0.8230821019033576, 0.5822159266863468]], "bias_count": 113, "energy_calls_at_each_min": [1, 2433, 13181], "force_calls_at_each_min": [1, 2433, 13181], "max_height_scale": 7.0, "max_cov_scale": 3.666667}