{"run_id": 765, "bias_std_dev_scale": 0.119581, "bias_height_fraction": 0.02, "perturbation_size": 0.005, "optimizer": "FIRE", "found_minima": [[0.6234994049, 0.02803775853], [-0.051229787677024595, 0.4669484484482432], [-0.5582236356659855, 1.441725837400822]], "found_saddles": [[0.2398485229030457, 0.31968372747889573], [-0.8800241574015764, 0.589396204145883]], "bias_count": 136, "energy_calls_at_each_min": [1, 3158, 16678], "force_calls_at_each_min": [1, 3158, 16678], "max_height_scale": 5.0, "max_cov_scale": 4.333333}