{"run_id": 288, "bias_std_dev_scale": 0.119581, "bias_height_fraction": 0.02, "perturbation_size": 0.005, "optimizer": "FIRE", "found_minima": [[0.6234994049, 0.02803775853], [-0.050181474481907566, 0.46673170504420736], [-0.5582236379990377, 1.4417258411050224]], "found_saddles": [[0.19429205828437252, 0.2983517595207192], [-0.8295296233529337, 0.5077182699268562]], "bias_count": 122, "energy_calls_at_each_min": [1, 2482, 14448], "force_calls_at_each_min": [1, 2482, 14448], "max_height_scale": 6.333333, "max_cov_scale": 6.333333}