{"run_id": 482, "bias_std_dev_scale": 0.119581, "bias_height_fraction": 0.02, "perturbation_size": 0.005, "optimizer": "FIRE", "found_minima": [[0.6234994049, 0.02803775853], [-0.050013072544282715, 0.46669448575111055], [-0.5582236464496914, 1.441725830127765]], "found_saddles": [[0.1389173937653104, 0.18220430342762856], [-0.8456174623490184, 0.6042731441736163]], "bias_count": 148, "energy_calls_at_each_min": [1, 3691, 17493], "force_calls_at_each_min": [1, 3691, 17493], "max_height_scale": 6.333333, "max_cov_scale": 2.333333}