{"run_id": 655, "bias_std_dev_scale": 0.119581, "bias_height_fraction": 0.02, "perturbation_size": 0.005, "optimizer": "FIRE", "found_minima": [[0.6234994049, 0.02803775853], [-0.0500181873561234, 0.4666959305869862], [-0.5582236439029882, 1.4417258327655027]], "found_saddles": [[0.2742201770324299, 0.29940693962397413], [-0.834799169231726, 0.5966680909386651]], "bias_count": 186, "energy_calls_at_each_min": [1, 3744, 22856], "force_calls_at_each_min": [1, 3744, 22856], "max_height_scale": 4.333333, "max_cov_scale": 4.333333}