{"run_id": 688, "bias_std_dev_scale": 0.119581, "bias_height_fraction": 0.02, "perturbation_size": 0.005, "optimizer": "FIRE", "found_minima": [[0.6234994049, 0.02803775853], [-0.05045296989378417, 0.4667813168207499], [-0.5582236227465671, 1.4417258532875121]], "found_saddles": [[0.16823673067318842, 0.2474497677534213], [-0.8574551716781114, 0.6080133783186794]], "bias_count": 32, "energy_calls_at_each_min": [1, 2286, 3567], "force_calls_at_each_min": [1, 2286, 3567], "max_height_scale": 6.333333, "max_cov_scale": 6.333333}