{"run_id": 43, "bias_std_dev_scale": 0.119581, "bias_height_fraction": 0.02, "perturbation_size": 0.005, "optimizer": "FIRE", "found_minima": [[0.6234994049, 0.02803775853], [-0.05001368795774626, 0.46669495689312823], [-0.5582236399714187, 1.4417258384578533]], "found_saddles": [[0.17399617506875661, 0.29265986429804575], [-0.8433548499692748, 0.6041138657973933]], "bias_count": 236, "energy_calls_at_each_min": [1, 4802, 27427], "force_calls_at_each_min": [1, 4802, 27427], "max_height_scale": 3.666667, "max_cov_scale": 3.0}