{"run_id": 119, "bias_std_dev_scale": 0.119581, "bias_height_fraction": 0.02, "perturbation_size": 0.005, "optimizer": "FIRE", "found_minima": [[0.6234994049, 0.02803775853], [-0.558223633168998, 1.4417258478459345]], "found_saddles": [[-0.8004028899773581, 0.611144155416585]], "bias_count": 5000, "energy_calls_at_each_min": [1, 37479], "force_calls_at_each_min": [1, 37479], "max_height_scale": 1.666667, "max_cov_scale": 7.0}