{"run_id": 574, "bias_std_dev_scale": 0.119581, "bias_height_fraction": 0.02, "perturbation_size": 0.005, "optimizer": "FIRE", "found_minima": [[0.6234994049, 0.02803775853], [-0.050257311996247576, 0.4667580184732918], [-0.5582236260522355, 1.441725851395461]], "found_saddles": [[0.22726897847092264, 0.27931440934171625], [-0.6758726772700314, 0.6625115708157732]], "bias_count": 156, "energy_calls_at_each_min": [1, 3287, 18495], "force_calls_at_each_min": [1, 3287, 18495], "max_height_scale": 5.666667, "max_cov_scale": 3.666667}