{"run_id": 167, "bias_std_dev_scale": 0.119581, "bias_height_fraction": 0.02, "perturbation_size": 0.005, "optimizer": "FIRE", "found_minima": [[0.6234994049, 0.02803775853], [-0.050323740857273834, 0.4667635696904232], [-0.5582236248027107, 1.4417258548644527]], "found_saddles": [[0.21374873943314243, 0.3009119745970681], [-0.8233754543640103, 0.6202256149219855]], "bias_count": 119, "energy_calls_at_each_min": [1, 2040, 13388], "force_calls_at_each_min": [1, 2040, 13388], "max_height_scale": 5.0, "max_cov_scale": 5.666667}