{"run_id": 973, "bias_std_dev_scale": 0.119581, "bias_height_fraction": 0.02, "perturbation_size": 0.005, "optimizer": "FIRE", "found_minima": [[0.6234994049, 0.02803775853], [-0.050032049591704666, 0.466697520059616], [-0.5582236482210614, 1.441725829014552]], "found_saddles": [[0.23583001193828282, 0.2958276809185501], [-0.7668366106527438, 0.6724051658426572]], "bias_count": 197, "energy_calls_at_each_min": [1, 3193, 23402], "force_calls_at_each_min": [1, 3193, 23402], "max_height_scale": 5.666667, "max_cov_scale": 3.0}