{"run_id": 668, "bias_std_dev_scale": 0.119581, "bias_height_fraction": 0.02, "perturbation_size": 0.005, "optimizer": "FIRE", "found_minima": [[0.6234994049, 0.02803775853], [-0.05037122069406322, 0.4667903126493838], [-0.5582236294308495, 1.4417258450070367]], "found_saddles": [[0.19994766605580946, 0.2596589858822264], [-0.8094156114672885, 0.6154473542080052]], "bias_count": 55, "energy_calls_at_each_min": [1, 2599, 6359], "force_calls_at_each_min": [1, 2599, 6359], "max_height_scale": 5.0, "max_cov_scale": 6.333333}