{"run_id": 409, "bias_std_dev_scale": 0.119581, "bias_height_fraction": 0.02, "perturbation_size": 0.005, "optimizer": "FIRE", "found_minima": [[0.6234994049, 0.02803775853], [-0.05017329661512241, 0.4667450861242516], [-0.558223610956451, 1.441725874524198]], "found_saddles": [[0.2110365719728865, 0.27505314754777255], [-0.7978925162906148, 0.6539993538285178]], "bias_count": 616, "energy_calls_at_each_min": [1, 10022, 63055], "force_calls_at_each_min": [1, 10022, 63055], "max_height_scale": 1.0, "max_cov_scale": 7.0}