{"run_id": 148, "bias_std_dev_scale": 0.119581, "bias_height_fraction": 0.02, "perturbation_size": 0.005, "optimizer": "FIRE", "found_minima": [[0.6234994049, 0.02803775853], [-0.05110743064259646, 0.4669668057056083], [-0.5582236096731829, 1.441725877142146]], "found_saddles": [[0.21126519608701544, 0.2927071741193832], [-0.8463792291146446, 0.609800749216081]], "bias_count": 169, "energy_calls_at_each_min": [1, 2913, 18945], "force_calls_at_each_min": [1, 2913, 18945], "max_height_scale": 3.666667, "max_cov_scale": 6.333333}