{"run_id": 945, "bias_std_dev_scale": 0.119581, "bias_height_fraction": 0.02, "perturbation_size": 0.005, "optimizer": "FIRE", "found_minima": [[0.6234994049, 0.02803775853], [-0.05026843321554265, 0.4667573781679786], [-0.5582236440583839, 1.441725832533912]], "found_saddles": [[0.1590702628166067, 0.2842967795772694], [-0.8061620978346158, 0.6273469674492835]], "bias_count": 193, "energy_calls_at_each_min": [1, 3968, 21161], "force_calls_at_each_min": [1, 3968, 21161], "max_height_scale": 3.666667, "max_cov_scale": 4.333333}