{"run_id": 863, "bias_std_dev_scale": 0.119581, "bias_height_fraction": 0.02, "perturbation_size": 0.005, "optimizer": "FIRE", "found_minima": [[0.6234994049, 0.02803775853], [-0.050133220346246045, 0.4667142355781983], [-0.5582236475042139, 1.441725831369487]], "found_saddles": [[0.21220681805280397, 0.302743586612563], [-0.8147815655392501, 0.6103864512053928]], "bias_count": 154, "energy_calls_at_each_min": [1, 4472, 18706], "force_calls_at_each_min": [1, 4472, 18706], "max_height_scale": 5.0, "max_cov_scale": 3.0}