{"run_id": 404, "bias_std_dev_scale": 0.119581, "bias_height_fraction": 0.02, "perturbation_size": 0.005, "optimizer": "FIRE", "found_minima": [[0.6234994049, 0.02803775853], [-0.05002651860625553, 0.46669854013962386], [-0.5582236511943063, 1.4417258267175077]], "found_saddles": [[0.20004941990795347, 0.28618762716891155], [-0.8446073373394767, 0.6299093920324654]], "bias_count": 795, "energy_calls_at_each_min": [1, 12089, 83822], "force_calls_at_each_min": [1, 12089, 83822], "max_height_scale": 1.0, "max_cov_scale": 3.666667}