{"run_id": 457, "bias_std_dev_scale": 0.119581, "bias_height_fraction": 0.02, "perturbation_size": 0.005, "optimizer": "FIRE", "found_minima": [[0.6234994049, 0.02803775853], [-0.5582236405981852, 1.4417258401180262]], "found_saddles": [[-0.8437559872773274, 0.633911793440259]], "bias_count": 5000, "energy_calls_at_each_min": [1, 16442], "force_calls_at_each_min": [1, 16442], "max_height_scale": 4.333333, "max_cov_scale": 5.666667}