{"run_id": 738, "bias_std_dev_scale": 0.119581, "bias_height_fraction": 0.02, "perturbation_size": 0.005, "optimizer": "FIRE", "found_minima": [[0.6234994049, 0.02803775853], [-0.5582235585758046, 1.4417259454553142]], "found_saddles": [[-0.8597741896204351, 0.5849129944174434]], "bias_count": 5000, "energy_calls_at_each_min": [1, 21125], "force_calls_at_each_min": [1, 21125], "max_height_scale": 3.0, "max_cov_scale": 6.333333}