{"run_id": 650, "bias_std_dev_scale": 0.119581, "bias_height_fraction": 0.02, "perturbation_size": 0.005, "optimizer": "FIRE", "found_minima": [[0.6234994049, 0.02803775853], [-0.050010842218934516, 0.4666941128406847], [-0.5582236301009715, 1.4417258489512734]], "found_saddles": [[0.17807392376058265, 0.24492029121528905], [-0.8505934766436402, 0.616445851069083]], "bias_count": 326, "energy_calls_at_each_min": [1, 6646, 37521], "force_calls_at_each_min": [1, 6646, 37521], "max_height_scale": 4.333333, "max_cov_scale": 1.0}