{"run_id": 192, "bias_std_dev_scale": 0.119581, "bias_height_fraction": 0.02, "perturbation_size": 0.005, "optimizer": "FIRE", "found_minima": [[0.6234994049, 0.02803775853], [-0.050011461513171526, 0.4666943681643801], [-0.5582236179393425, 1.4417258595673925]], "found_saddles": [[0.27822339925063627, 0.3144678802229986], [-0.8357726186244234, 0.6072288444171671]], "bias_count": 99, "energy_calls_at_each_min": [1, 2783, 11453], "force_calls_at_each_min": [1, 2783, 11453], "max_height_scale": 7.0, "max_cov_scale": 2.333333}