{"run_id": 865, "bias_std_dev_scale": 0.119581, "bias_height_fraction": 0.02, "perturbation_size": 0.005, "optimizer": "FIRE", "found_minima": [[0.6234994049, 0.02803775853], [-0.05003683699114694, 0.46670144212487286], [-0.5582236440368566, 1.4417258325393765]], "found_saddles": [[0.24839524908362748, 0.33870715939756413], [-0.8298156950655337, 0.606530900777365]], "bias_count": 78, "energy_calls_at_each_min": [1, 3054, 8615], "force_calls_at_each_min": [1, 3054, 8615], "max_height_scale": 5.0, "max_cov_scale": 4.333333}