{"run_id": 79, "bias_std_dev_scale": 0.119581, "bias_height_fraction": 0.02, "perturbation_size": 0.005, "optimizer": "FIRE", "found_minima": [[0.6234994049, 0.02803775853], [-0.05010451534306153, 0.4667289744939154], [-0.5582236196361712, 1.441725867517748]], "found_saddles": [[0.21299530315636073, 0.29855864865626186], [-0.828822799816244, 0.6407387936266085]], "bias_count": 84, "energy_calls_at_each_min": [1, 2179, 10087], "force_calls_at_each_min": [1, 2179, 10087], "max_height_scale": 5.666667, "max_cov_scale": 7.0}