{"run_id": 877, "bias_std_dev_scale": 0.119581, "bias_height_fraction": 0.02, "perturbation_size": 0.005, "optimizer": "FIRE", "found_minima": [[0.6234994049, 0.02803775853], [-0.5582236144101037, 1.4417258614062216]], "found_saddles": [[-0.8276823468227457, 0.6548144580791078]], "bias_count": 5000, "energy_calls_at_each_min": [1, 12016], "force_calls_at_each_min": [1, 12016], "max_height_scale": 5.666667, "max_cov_scale": 5.666667}