{"run_id": 104, "bias_std_dev_scale": 0.119581, "bias_height_fraction": 0.02, "perturbation_size": 0.005, "optimizer": "FIRE", "found_minima": [[0.6234994049, 0.02803775853], [-0.05003508156135562, 0.46669911088971006], [-0.558223624270494, 1.4417258502194255]], "found_saddles": [[0.17708058566544502, 0.25484351379994585], [-0.8315458309448329, 0.6184518565074627]], "bias_count": 722, "energy_calls_at_each_min": [1, 11441, 75696], "force_calls_at_each_min": [1, 11441, 75696], "max_height_scale": 1.0, "max_cov_scale": 3.666667}