{"run_id": 222, "bias_std_dev_scale": 0.119581, "bias_height_fraction": 0.02, "perturbation_size": 0.005, "optimizer": "FIRE", "found_minima": [[0.6234994049, 0.02803775853], [-0.05001445669550986, 0.4666950888692773], [-0.5582236507895265, 1.441725826049146]], "found_saddles": [[0.15527865082759246, 0.28225557141139146], [-0.8192975040377084, 0.6016603156873652]], "bias_count": 412, "energy_calls_at_each_min": [1, 7507, 46191], "force_calls_at_each_min": [1, 7507, 46191], "max_height_scale": 2.333333, "max_cov_scale": 2.333333}