{"run_id": 528, "bias_std_dev_scale": 0.119581, "bias_height_fraction": 0.02, "perturbation_size": 0.005, "optimizer": "FIRE", "found_minima": [[0.6234994049, 0.02803775853], [-0.05078270795860827, 0.46696974100100025], [-0.5582236204506533, 1.4417258561118003]], "found_saddles": [[0.22931637477526853, 0.28351616101808924], [-0.8330383575054907, 0.6065010021910854]], "bias_count": 262, "energy_calls_at_each_min": [1, 6426, 29028], "force_calls_at_each_min": [1, 6426, 29028], "max_height_scale": 2.333333, "max_cov_scale": 6.333333}