{"run_id": 330, "bias_std_dev_scale": 0.119581, "bias_height_fraction": 0.02, "perturbation_size": 0.005, "optimizer": "FIRE", "found_minima": [[0.6234994049, 0.02803775853], [-0.050010885239810524, 0.4666941154295503], [-0.5582236549903288, 1.4417258220690718]], "found_saddles": [[0.22824513461815737, 0.3189218271273651], [-0.8274807832618755, 0.6226608411040643]], "bias_count": 480, "energy_calls_at_each_min": [1, 6843, 53192], "force_calls_at_each_min": [1, 6843, 53192], "max_height_scale": 3.0, "max_cov_scale": 1.0}