{"run_id": 700, "bias_std_dev_scale": 0.119581, "bias_height_fraction": 0.02, "perturbation_size": 0.005, "optimizer": "FIRE", "found_minima": [[0.6234994049, 0.02803775853], [-0.05001079508718097, 0.46669409757548885], [-0.5582236176027265, 1.4417258597190885]], "found_saddles": [[0.21023167847253524, 0.2992121101351952], [-0.8205967618961566, 0.6184605142609308]], "bias_count": 1279, "energy_calls_at_each_min": [1, 22533, 144984], "force_calls_at_each_min": [1, 22533, 144984], "max_height_scale": 1.0, "max_cov_scale": 1.0}