{"run_id": 321, "bias_std_dev_scale": 0.119581, "bias_height_fraction": 0.02, "perturbation_size": 0.005, "optimizer": "FIRE", "found_minima": [[0.6234994049, 0.02803775853], [-0.050010893416805445, 0.4666941318802623], [-0.5582236310761757, 1.4417258425260533]], "found_saddles": [[0.22048875216198563, 0.2822022401075843], [-0.8146388806334576, 0.628083243320939]], "bias_count": 436, "energy_calls_at_each_min": [1, 8169, 48184], "force_calls_at_each_min": [1, 8169, 48184], "max_height_scale": 2.333333, "max_cov_scale": 1.666667}