{"run_id": 821, "bias_std_dev_scale": 0.119581, "bias_height_fraction": 0.02, "perturbation_size": 0.005, "optimizer": "FIRE", "found_minima": [[0.6234994049, 0.02803775853], [-0.05001087494941298, 0.4666941160868829], [-0.5582236436036927, 1.4417258330164961]], "found_saddles": [[0.18245988340204208, 0.2929177249781448], [-0.8180536595157208, 0.599379499344597]], "bias_count": 492, "energy_calls_at_each_min": [1, 8013, 55442], "force_calls_at_each_min": [1, 8013, 55442], "max_height_scale": 2.333333, "max_cov_scale": 1.666667}