{"run_id": 695, "bias_std_dev_scale": 0.119581, "bias_height_fraction": 0.02, "perturbation_size": 0.005, "optimizer": "FIRE", "found_minima": [[0.6234994049, 0.02803775853], [-0.05002831665188604, 0.4666976303810603], [-0.5582236478718795, 1.4417258290499135]], "found_saddles": [[0.19807658804900374, 0.30570604228686443], [-0.7549711796565743, 0.652305046421104]], "bias_count": 101, "energy_calls_at_each_min": [1, 2179, 11785], "force_calls_at_each_min": [1, 2179, 11785], "max_height_scale": 7.0, "max_cov_scale": 4.333333}