{"run_id": 598, "bias_std_dev_scale": 0.119581, "bias_height_fraction": 0.02, "perturbation_size": 0.005, "optimizer": "FIRE", "found_minima": [[0.6234994049, 0.02803775853], [-0.05005913049513924, 0.4667077254427529], [-0.5582236217097689, 1.441725852298868]], "found_saddles": [[0.21521469371816943, 0.3165766369325199], [-0.8352491372309905, 0.5687048408154405]], "bias_count": 108, "energy_calls_at_each_min": [1, 1862, 12606], "force_calls_at_each_min": [1, 1862, 12606], "max_height_scale": 7.0, "max_cov_scale": 6.333333}