{"run_id": 243, "bias_std_dev_scale": 0.119581, "bias_height_fraction": 0.02, "perturbation_size": 0.005, "optimizer": "FIRE", "found_minima": [[0.6234994049, 0.02803775853], [-0.050599738669241424, 0.46681001665343846], [-0.558223654171307, 1.4417258216243116]], "found_saddles": [[0.1326568553247528, 0.19556712383017708], [-0.827502270346149, 0.627611395651947]], "bias_count": 252, "energy_calls_at_each_min": [1, 4873, 28296], "force_calls_at_each_min": [1, 4873, 28296], "max_height_scale": 3.666667, "max_cov_scale": 3.0}