{"run_id": 339, "bias_std_dev_scale": 0.119581, "bias_height_fraction": 0.02, "perturbation_size": 0.005, "optimizer": "FIRE", "found_minima": [[0.6234994049, 0.02803775853], [-0.5582236305904764, 1.44172585138514]], "found_saddles": [[-0.801275131651575, 0.6241315904574427]], "bias_count": 5000, "energy_calls_at_each_min": [1, 20491], "force_calls_at_each_min": [1, 20491], "max_height_scale": 3.0, "max_cov_scale": 7.0}