{"run_id": 109, "bias_std_dev_scale": 0.119581, "bias_height_fraction": 0.02, "perturbation_size": 0.005, "optimizer": "FIRE", "found_minima": [[0.6234994049, 0.02803775853], [-0.5582234962377344, 1.4417260233671196]], "found_saddles": [[-0.8211641088652327, 0.584009623262531]], "bias_count": 5000, "energy_calls_at_each_min": [1, 57174], "force_calls_at_each_min": [1, 57174], "max_height_scale": 1.0, "max_cov_scale": 7.0}