{"run_id": 807, "bias_std_dev_scale": 0.119581, "bias_height_fraction": 0.02, "perturbation_size": 0.005, "optimizer": "FIRE", "found_minima": [[0.6234994049, 0.02803775853], [-0.05017205683668254, 0.4667299697410319], [-0.5582236292214332, 1.441725849937362]], "found_saddles": [[0.19580540224282225, 0.2601963366672092], [-0.8243083320482916, 0.6325461099135418]], "bias_count": 537, "energy_calls_at_each_min": [1, 12297, 55803], "force_calls_at_each_min": [1, 12297, 55803], "max_height_scale": 1.0, "max_cov_scale": 5.666667}