{"run_id": 362, "bias_std_dev_scale": 0.119581, "bias_height_fraction": 0.02, "perturbation_size": 0.005, "optimizer": "FIRE", "found_minima": [[0.6234994049, 0.02803775853], [-0.0500222943721837, 0.46669674875318723], [-0.5582236487373015, 1.441725828107229]], "found_saddles": [[0.2209448154025707, 0.31272447966905964], [-0.8281257251260284, 0.6072133405904403]], "bias_count": 140, "energy_calls_at_each_min": [1, 4336, 16127], "force_calls_at_each_min": [1, 4336, 16127], "max_height_scale": 5.0, "max_cov_scale": 2.333333}