{"run_id": 295, "bias_std_dev_scale": 0.119581, "bias_height_fraction": 0.02, "perturbation_size": 0.005, "optimizer": "FIRE", "found_minima": [[0.6234994049, 0.02803775853], [-0.05096614648851607, 0.46684497300219047], [-0.5582236502506761, 1.4417258262836616]], "found_saddles": [[0.22767293655860055, 0.31115875492024825], [-0.8056972159422359, 0.6530577199517225]], "bias_count": 89, "energy_calls_at_each_min": [1, 2583, 10451], "force_calls_at_each_min": [1, 2583, 10451], "max_height_scale": 7.0, "max_cov_scale": 4.333333}