{"run_id": 527, "bias_std_dev_scale": 0.119581, "bias_height_fraction": 0.02, "perturbation_size": 0.005, "optimizer": "FIRE", "found_minima": [[0.6234994049, 0.02803775853], [-0.050889762685477215, 0.46690051326524823], [-0.558223636499307, 1.4417258428451294]], "found_saddles": [[0.16373097739926468, 0.18711274450275484], [-0.8108716630764227, 0.6193526184460335]], "bias_count": 241, "energy_calls_at_each_min": [1, 5868, 26282], "force_calls_at_each_min": [1, 5868, 26282], "max_height_scale": 2.333333, "max_cov_scale": 5.666667}