{"run_id": 653, "bias_std_dev_scale": 0.119581, "bias_height_fraction": 0.02, "perturbation_size": 0.005, "optimizer": "FIRE", "found_minima": [[0.6234994049, 0.02803775853], [-0.05003905382544727, 0.46670143699579525], [-0.5582236472841128, 1.4417258313029537]], "found_saddles": [[0.23161317885779312, 0.3279852828832709], [-0.814747814181825, 0.6100033936772923]], "bias_count": 147, "energy_calls_at_each_min": [1, 4369, 16665], "force_calls_at_each_min": [1, 4369, 16665], "max_height_scale": 4.333333, "max_cov_scale": 3.0}