{"run_id": 639, "bias_std_dev_scale": 0.119581, "bias_height_fraction": 0.02, "perturbation_size": 0.005, "optimizer": "FIRE", "found_minima": [[0.6234994049, 0.02803775853], [-0.5582236337504041, 1.4417258471482661]], "found_saddles": [[-0.814715961290097, 0.6090821474468955]], "bias_count": 5000, "energy_calls_at_each_min": [1, 19873], "force_calls_at_each_min": [1, 19873], "max_height_scale": 3.0, "max_cov_scale": 7.0}