{"run_id": 467, "bias_std_dev_scale": 0.119581, "bias_height_fraction": 0.02, "perturbation_size": 0.005, "optimizer": "FIRE", "found_minima": [[0.6234994049, 0.02803775853], [-0.05082917049130134, 0.46687968255987083], [-0.5582235766638816, 1.4417259127068693]], "found_saddles": [[0.2668675183651384, 0.3140190975432492], [-0.8136579522184229, 0.6254052398570679]], "bias_count": 134, "energy_calls_at_each_min": [1, 2566, 15742], "force_calls_at_each_min": [1, 2566, 15742], "max_height_scale": 5.0, "max_cov_scale": 5.666667}