{"run_id": 827, "bias_std_dev_scale": 0.119581, "bias_height_fraction": 0.02, "perturbation_size": 0.005, "optimizer": "FIRE", "found_minima": [[0.6234994049, 0.02803775853], [-0.5582236493442488, 1.4417258267863555]], "found_saddles": [[-0.7935258913113173, 0.6404723693837232]], "bias_count": 5000, "energy_calls_at_each_min": [1, 30475], "force_calls_at_each_min": [1, 30475], "max_height_scale": 2.333333, "max_cov_scale": 5.666667}