{"run_id": 367, "bias_std_dev_scale": 0.119581, "bias_height_fraction": 0.02, "perturbation_size": 0.005, "optimizer": "FIRE", "found_minima": [[0.6234994049, 0.02803775853], [-0.05008066068796599, 0.46670986090418315], [-0.5582236481206484, 1.4417258286911872]], "found_saddles": [[0.17824701159032105, 0.2978097024186811], [-0.806464284910388, 0.618661206108799]], "bias_count": 136, "energy_calls_at_each_min": [1, 2476, 16942], "force_calls_at_each_min": [1, 2476, 16942], "max_height_scale": 5.0, "max_cov_scale": 5.666667}