{"run_id": 571, "bias_std_dev_scale": 0.119581, "bias_height_fraction": 0.02, "perturbation_size": 0.005, "optimizer": "FIRE", "found_minima": [[0.6234994049, 0.02803775853], [-0.050010799552529316, 0.4666941010846452], [-0.5582236533540735, 1.4417258229857235]], "found_saddles": [[0.21208897366757903, 0.28992497116617116], [-0.8373069786981054, 0.6139210803493027]], "bias_count": 213, "energy_calls_at_each_min": [1, 3656, 24946], "force_calls_at_each_min": [1, 3656, 24946], "max_height_scale": 5.666667, "max_cov_scale": 1.666667}