{"run_id": 805, "bias_std_dev_scale": 0.119581, "bias_height_fraction": 0.02, "perturbation_size": 0.005, "optimizer": "FIRE", "found_minima": [[0.6234994049, 0.02803775853], [-0.0503238868962329, 0.46677761496114933], [-0.5582236502170981, 1.441725826609064]], "found_saddles": [[0.21927891418442305, 0.30450320099850303], [-0.817394908421844, 0.6095360823835546]], "bias_count": 675, "energy_calls_at_each_min": [1, 11152, 69453], "force_calls_at_each_min": [1, 11152, 69453], "max_height_scale": 1.0, "max_cov_scale": 4.333333}