{"run_id": 612, "bias_std_dev_scale": 0.119581, "bias_height_fraction": 0.02, "perturbation_size": 0.005, "optimizer": "FIRE", "found_minima": [[0.6234994049, 0.02803775853], [-0.05001400640019392, 0.4666948253301261], [-0.5582236311582284, 1.4417258433318396]], "found_saddles": [[0.1841992234226238, 0.24460169746429064], [-0.8722651585990614, 0.601031752230863]], "bias_count": 537, "energy_calls_at_each_min": [1, 9240, 58090], "force_calls_at_each_min": [1, 9240, 58090], "max_height_scale": 1.666667, "max_cov_scale": 2.333333}