{"run_id": 680, "bias_std_dev_scale": 0.119581, "bias_height_fraction": 0.02, "perturbation_size": 0.005, "optimizer": "FIRE", "found_minima": [[0.6234994049, 0.02803775853], [-0.050010868484244624, 0.46669411050452175], [-0.5582236310309397, 1.441725841862254]], "found_saddles": [[0.13923593774467075, 0.19145969011438402], [-0.8119255733354726, 0.6403714339989256]], "bias_count": 137, "energy_calls_at_each_min": [1, 4027, 15821], "force_calls_at_each_min": [1, 4027, 15821], "max_height_scale": 6.333333, "max_cov_scale": 1.0}