{"run_id": 200, "bias_std_dev_scale": 0.119581, "bias_height_fraction": 0.02, "perturbation_size": 0.005, "optimizer": "FIRE", "found_minima": [[0.6234994049, 0.02803775853], [-0.050010818266821, 0.4666941096154088], [-0.5582236395649541, 1.4417258334245184]], "found_saddles": [[0.20138606657952465, 0.28818380488192835], [-0.8228785741073955, 0.6220049713933736]], "bias_count": 1301, "energy_calls_at_each_min": [1, 23713, 145191], "force_calls_at_each_min": [1, 23713, 145191], "max_height_scale": 1.0, "max_cov_scale": 1.0}