{"run_id": 576, "bias_std_dev_scale": 0.119581, "bias_height_fraction": 0.02, "perturbation_size": 0.005, "optimizer": "FIRE", "found_minima": [[0.6234994049, 0.02803775853], [-0.5582236127343383, 1.4417258646014048]], "found_saddles": [[-0.8215555085400033, 0.6241493549075029]], "bias_count": 5000, "energy_calls_at_each_min": [1, 17202], "force_calls_at_each_min": [1, 17202], "max_height_scale": 5.666667, "max_cov_scale": 5.0}