{"run_id": 594, "bias_std_dev_scale": 0.119581, "bias_height_fraction": 0.02, "perturbation_size": 0.005, "optimizer": "FIRE", "found_minima": [[0.6234994049, 0.02803775853], [-0.050079447419907594, 0.46670654581838994], [-0.5582236206600851, 1.4417258553432657]], "found_saddles": [[0.27040018700905477, 0.3106078277482957], [-0.8333339467974097, 0.6233618360362657]], "bias_count": 118, "energy_calls_at_each_min": [1, 2859, 14424], "force_calls_at_each_min": [1, 2859, 14424], "max_height_scale": 7.0, "max_cov_scale": 3.666667}