{"run_id": 370, "bias_std_dev_scale": 0.119581, "bias_height_fraction": 0.02, "perturbation_size": 0.005, "optimizer": "FIRE", "found_minima": [[0.6234994049, 0.02803775853], [-0.050010777962100995, 0.4666940955610567], [-0.5582236369672823, 1.441725836258182]], "found_saddles": [[0.16803836097513272, 0.24313874235694147], [-0.8119218839376678, 0.6511382875658399]], "bias_count": 256, "energy_calls_at_each_min": [1, 4801, 29161], "force_calls_at_each_min": [1, 4801, 29161], "max_height_scale": 5.666667, "max_cov_scale": 1.0}