{"run_id": 153, "bias_std_dev_scale": 0.119581, "bias_height_fraction": 0.02, "perturbation_size": 0.005, "optimizer": "FIRE", "found_minima": [[0.6234994049, 0.02803775853], [-0.050038886844103306, 0.4667014882745633], [-0.5582236430902083, 1.4417258339477135]], "found_saddles": [[0.2809877384908622, 0.3207711395115218], [-0.8128217787894725, 0.6243793270053181]], "bias_count": 163, "energy_calls_at_each_min": [1, 3996, 18471], "force_calls_at_each_min": [1, 3996, 18471], "max_height_scale": 4.333333, "max_cov_scale": 3.0}