{"run_id": 635, "bias_std_dev_scale": 0.119581, "bias_height_fraction": 0.02, "perturbation_size": 0.005, "optimizer": "FIRE", "found_minima": [[0.6234994049, 0.02803775853], [-0.5582236472634188, 1.4417258295576052]], "found_saddles": [[-0.8206016994111538, 0.623086980857996]], "bias_count": 5000, "energy_calls_at_each_min": [1, 26909], "force_calls_at_each_min": [1, 26909], "max_height_scale": 3.0, "max_cov_scale": 4.333333}