{"run_id": 451, "bias_std_dev_scale": 0.119581, "bias_height_fraction": 0.02, "perturbation_size": 0.005, "optimizer": "FIRE", "found_minima": [[0.6234994049, 0.02803775853], [-0.05001087009334469, 0.46669411868196053], [-0.5582236416501514, 1.4417258328174483]], "found_saddles": [[0.248349734878266, 0.31176081604049366], [-0.8292231248313712, 0.6137158361272705]], "bias_count": 224, "energy_calls_at_each_min": [1, 4315, 25065], "force_calls_at_each_min": [1, 4315, 25065], "max_height_scale": 4.333333, "max_cov_scale": 1.666667}