{"run_id": 643, "bias_std_dev_scale": 0.119581, "bias_height_fraction": 0.02, "perturbation_size": 0.005, "optimizer": "FIRE", "found_minima": [[0.6234994049, 0.02803775853], [-0.05001170479027586, 0.46669431216147617], [-0.5582236354360698, 1.441725840628526]], "found_saddles": [[0.24895456087016452, 0.3121618517144856], [-0.8361955818542404, 0.5807299268049516]], "bias_count": 199, "energy_calls_at_each_min": [1, 5227, 23596], "force_calls_at_each_min": [1, 5227, 23596], "max_height_scale": 3.666667, "max_cov_scale": 3.0}