{"run_id": 649, "bias_std_dev_scale": 0.119581, "bias_height_fraction": 0.02, "perturbation_size": 0.005, "optimizer": "FIRE", "found_minima": [[0.6234994049, 0.02803775853], [-0.5582235964219925, 1.4417258913181303]], "found_saddles": [[-0.83777931353111, 0.5929308465548984]], "bias_count": 5000, "energy_calls_at_each_min": [1, 19939], "force_calls_at_each_min": [1, 19939], "max_height_scale": 3.666667, "max_cov_scale": 7.0}