{"run_id": 792, "bias_std_dev_scale": 0.119581, "bias_height_fraction": 0.02, "perturbation_size": 0.005, "optimizer": "FIRE", "found_minima": [[0.6234994049, 0.02803775853], [-0.05003351958666613, 0.4666996941126897], [-0.5582236145248389, 1.441725861015295]], "found_saddles": [[0.1969116253180552, 0.28334694956376366], [0.31396190052802014, -0.18095390991452462]], "bias_count": 160, "energy_calls_at_each_min": [1, 3125, 18613], "force_calls_at_each_min": [1, 3125, 18613], "max_height_scale": 7.0, "max_cov_scale": 2.333333}