{"run_id": 205, "bias_std_dev_scale": 0.119581, "bias_height_fraction": 0.02, "perturbation_size": 0.005, "optimizer": "FIRE", "found_minima": [[0.6234994049, 0.02803775853], [-0.0505623868474422, 0.4668349010235811], [-0.5582236318602704, 1.4417258441909908]], "found_saddles": [[0.20763949781042212, 0.29934004566241784], [-0.8206835196791055, 0.6210725267494174]], "bias_count": 678, "energy_calls_at_each_min": [1, 12794, 69412], "force_calls_at_each_min": [1, 12794, 69412], "max_height_scale": 1.0, "max_cov_scale": 4.333333}