{"run_id": 906, "bias_std_dev_scale": 0.119581, "bias_height_fraction": 0.02, "perturbation_size": 0.005, "optimizer": "FIRE", "found_minima": [[0.6234994049, 0.02803775853], [-0.050323576672882835, 0.46676865135498363], [-0.558223654084219, 1.4417258229900398]], "found_saddles": [[0.20140442590133775, 0.2911544490337792], [-0.8354048104506142, 0.6290794978364584]], "bias_count": 591, "energy_calls_at_each_min": [1, 10153, 59096], "force_calls_at_each_min": [1, 10153, 59096], "max_height_scale": 1.0, "max_cov_scale": 5.0}