{"run_id": 538, "bias_std_dev_scale": 0.119581, "bias_height_fraction": 0.02, "perturbation_size": 0.005, "optimizer": "FIRE", "found_minima": [[0.6234994049, 0.02803775853], [-0.5582236001547485, 1.4417258876495387]], "found_saddles": [[-0.8093188786916521, 0.6265062088882003]], "bias_count": 5000, "energy_calls_at_each_min": [1, 23190], "force_calls_at_each_min": [1, 23190], "max_height_scale": 3.0, "max_cov_scale": 6.333333}