{"run_id": 208, "bias_std_dev_scale": 0.119581, "bias_height_fraction": 0.02, "perturbation_size": 0.005, "optimizer": "FIRE", "found_minima": [[0.6234994049, 0.02803775853], [-0.5582236102791025, 1.441725879072159]], "found_saddles": [[-0.795709759911431, 0.65572803871767]], "bias_count": 5000, "energy_calls_at_each_min": [1, 48277], "force_calls_at_each_min": [1, 48277], "max_height_scale": 1.0, "max_cov_scale": 6.333333}