{"run_id": 275, "bias_std_dev_scale": 0.119581, "bias_height_fraction": 0.02, "perturbation_size": 0.005, "optimizer": "FIRE", "found_minima": [[0.6234994049, 0.02803775853], [-0.05024485598299466, 0.46676506933214107], [-0.5582236496627, 1.4417258285966617]], "found_saddles": [[0.2107444351798015, 0.28528458530753353], [-0.8274182104310682, 0.6026075227899853]], "bias_count": 112, "energy_calls_at_each_min": [1, 2867, 13417], "force_calls_at_each_min": [1, 2867, 13417], "max_height_scale": 5.666667, "max_cov_scale": 4.333333}