{"run_id": 220, "bias_std_dev_scale": 0.119581, "bias_height_fraction": 0.02, "perturbation_size": 0.005, "optimizer": "FIRE", "found_minima": [[0.6234994049, 0.02803775853], [-0.05001087522786452, 0.46669411722113596], [-0.5582236204855713, 1.441725857803853]], "found_saddles": [[0.20536920687028568, 0.2774988918642492], [-0.8283293336890818, 0.6012699201025455]], "bias_count": 596, "energy_calls_at_each_min": [1, 9450, 67867], "force_calls_at_each_min": [1, 9450, 67867], "max_height_scale": 2.333333, "max_cov_scale": 1.0}