{"run_id": 935, "bias_std_dev_scale": 0.119581, "bias_height_fraction": 0.02, "perturbation_size": 0.005, "optimizer": "FIRE", "found_minima": [[0.6234994049, 0.02803775853], [-0.05013239208629558, 0.46672532714259074], [-0.5582236430590292, 1.4417258335236764]], "found_saddles": [[0.1515112186197587, 0.2578998772965715], [-0.8237747799545238, 0.5723335471958383]], "bias_count": 235, "energy_calls_at_each_min": [1, 5151, 26264], "force_calls_at_each_min": [1, 5151, 26264], "max_height_scale": 3.0, "max_cov_scale": 4.333333}