{"run_id": 116, "bias_std_dev_scale": 0.119581, "bias_height_fraction": 0.02, "perturbation_size": 0.005, "optimizer": "FIRE", "found_minima": [[0.6234994049, 0.02803775853], [-0.05027269088570161, 0.4667695831942074], [-0.5582236456717469, 1.4417258316137527]], "found_saddles": [[0.21585081808493856, 0.3041309540221018], [-0.8149496005165208, 0.61364033173385]], "bias_count": 394, "energy_calls_at_each_min": [1, 6073, 43301], "force_calls_at_each_min": [1, 6073, 43301], "max_height_scale": 1.666667, "max_cov_scale": 5.0}