{"run_id": 885, "bias_std_dev_scale": 0.119581, "bias_height_fraction": 0.02, "perturbation_size": 0.005, "optimizer": "FIRE", "found_minima": [[0.6234994049, 0.02803775853], [-0.05080919031625492, 0.46691155543769053], [-0.5582236226321023, 1.4417258534009887]], "found_saddles": [[0.14888426478327255, 0.14586081044951207], [-0.8394443257274911, 0.6091174488071546]], "bias_count": 91, "energy_calls_at_each_min": [1, 2383, 10046], "force_calls_at_each_min": [1, 2383, 10046], "max_height_scale": 6.333333, "max_cov_scale": 4.333333}