{"run_id": 596, "bias_std_dev_scale": 0.119581, "bias_height_fraction": 0.02, "perturbation_size": 0.005, "optimizer": "FIRE", "found_minima": [[0.6234994049, 0.02803775853], [-0.5582236530799191, 1.4417258226683718]], "found_saddles": [[-0.8181871893817377, 0.5904506884514578]], "bias_count": 5000, "energy_calls_at_each_min": [1, 12658], "force_calls_at_each_min": [1, 12658], "max_height_scale": 7.0, "max_cov_scale": 5.0}