{"run_id": 692, "bias_std_dev_scale": 0.119581, "bias_height_fraction": 0.02, "perturbation_size": 0.005, "optimizer": "FIRE", "found_minima": [[0.6234994049, 0.02803775853], [-0.05001426639858027, 0.4666951161881654], [-0.5582236220092985, 1.4417258540094486]], "found_saddles": [[0.2641963124987347, 0.3082185428873333], [-0.8276444476862451, 0.5432716587645917]], "bias_count": 117, "energy_calls_at_each_min": [1, 2754, 13603], "force_calls_at_each_min": [1, 2754, 13603], "max_height_scale": 7.0, "max_cov_scale": 2.333333}