{"run_id": 203, "bias_std_dev_scale": 0.119581, "bias_height_fraction": 0.02, "perturbation_size": 0.005, "optimizer": "FIRE", "found_minima": [[0.6234994049, 0.02803775853], [-0.05004590847784485, 0.46670463138235907], [-0.5582236435265957, 1.4417258308792547]], "found_saddles": [[0.2644813690207818, 0.35268766526934703], [-0.8656942763660382, 0.5931454520678711]], "bias_count": 800, "energy_calls_at_each_min": [1, 14978, 84801], "force_calls_at_each_min": [1, 14978, 84801], "max_height_scale": 1.0, "max_cov_scale": 3.0}