{"run_id": 698, "bias_std_dev_scale": 0.119581, "bias_height_fraction": 0.02, "perturbation_size": 0.005, "optimizer": "FIRE", "found_minima": [[0.6234994049, 0.02803775853], [-0.05017965157861533, 0.4667317388111298], [-0.558223632434954, 1.4417258468443692]], "found_saddles": [[0.16908498793863766, 0.2756127276154468], [-0.6937505088049482, 0.7165145888035154]], "bias_count": 64, "energy_calls_at_each_min": [1, 1576, 7173], "force_calls_at_each_min": [1, 1576, 7173], "max_height_scale": 7.0, "max_cov_scale": 6.333333}