{"run_id": 28, "bias_std_dev_scale": 0.119581, "bias_height_fraction": 0.02, "perturbation_size": 0.005, "optimizer": "FIRE", "found_minima": [[0.6234994049, 0.02803775853], [-0.558223646058842, 1.4417258307063394]], "found_saddles": [[-0.8203821036731744, 0.6399329359360281]], "bias_count": 5000, "energy_calls_at_each_min": [1, 34077], "force_calls_at_each_min": [1, 34077], "max_height_scale": 2.333333, "max_cov_scale": 6.333333}