{"run_id": 549, "bias_std_dev_scale": 0.119581, "bias_height_fraction": 0.02, "perturbation_size": 0.005, "optimizer": "FIRE", "found_minima": [[0.6234994049, 0.02803775853], [-0.5582236273483615, 1.441725855571017]], "found_saddles": [[-0.7915621894942219, 0.6485755329447707]], "bias_count": 5000, "energy_calls_at_each_min": [1, 17573], "force_calls_at_each_min": [1, 17573], "max_height_scale": 3.666667, "max_cov_scale": 7.0}