{"run_id": 213, "bias_std_dev_scale": 0.119581, "bias_height_fraction": 0.02, "perturbation_size": 0.005, "optimizer": "FIRE", "found_minima": [[0.6234994049, 0.02803775853], [-0.050020119594509777, 0.4666962595132595], [-0.5582236327343794, 1.44172583990528]], "found_saddles": [[0.23796967776224515, 0.2839559898725617], [-0.8273551235097658, 0.6055951114495876]], "bias_count": 453, "energy_calls_at_each_min": [1, 7412, 48256], "force_calls_at_each_min": [1, 7412, 48256], "max_height_scale": 1.666667, "max_cov_scale": 3.0}