{"run_id": 42, "bias_std_dev_scale": 0.119581, "bias_height_fraction": 0.02, "perturbation_size": 0.005, "optimizer": "FIRE", "found_minima": [[0.6234994049, 0.02803775853], [-0.05001220924113759, 0.4666945147741718], [-0.5582236525557027, 1.4417258232277264]], "found_saddles": [[0.15053813339801847, 0.12459888099185173], [-0.818577884273754, 0.6176435451487138]], "bias_count": 236, "energy_calls_at_each_min": [1, 6671, 28203], "force_calls_at_each_min": [1, 6671, 28203], "max_height_scale": 3.666667, "max_cov_scale": 2.333333}