{"run_id": 633, "bias_std_dev_scale": 0.119581, "bias_height_fraction": 0.02, "perturbation_size": 0.005, "optimizer": "FIRE", "found_minima": [[0.6234994049, 0.02803775853], [-0.0500213333189233, 0.46669692648186945], [-0.5582236477791976, 1.4417258290353376]], "found_saddles": [[0.21939319194858348, 0.29543300799697403], [-0.822165621874628, 0.5997778993108768]], "bias_count": 297, "energy_calls_at_each_min": [1, 5700, 35773], "force_calls_at_each_min": [1, 5700, 35773], "max_height_scale": 3.0, "max_cov_scale": 3.0}