{"run_id": 328, "bias_std_dev_scale": 0.119581, "bias_height_fraction": 0.02, "perturbation_size": 0.005, "optimizer": "FIRE", "found_minima": [[0.6234994049, 0.02803775853], [-0.5582235906501483, 1.4417258987394583]], "found_saddles": [[-0.7452839217650805, 0.6587000054396218]], "bias_count": 5000, "energy_calls_at_each_min": [1, 26967], "force_calls_at_each_min": [1, 26967], "max_height_scale": 2.333333, "max_cov_scale": 6.333333}