{"run_id": 494, "bias_std_dev_scale": 0.119581, "bias_height_fraction": 0.02, "perturbation_size": 0.005, "optimizer": "FIRE", "found_minima": [[0.6234994049, 0.02803775853], [-0.050018981995696245, 0.4666960429602712], [-0.5582236527716479, 1.4417258239357136]], "found_saddles": [[0.20990508220348966, 0.2749399176910444], [-0.8270815339083032, 0.6147178871374192]], "bias_count": 97, "energy_calls_at_each_min": [1, 2537, 11631], "force_calls_at_each_min": [1, 2537, 11631], "max_height_scale": 7.0, "max_cov_scale": 3.666667}