{"run_id": 618, "bias_std_dev_scale": 0.119581, "bias_height_fraction": 0.02, "perturbation_size": 0.005, "optimizer": "FIRE", "found_minima": [[0.6234994049, 0.02803775853], [-0.5582236116012536, 1.4417258790220648]], "found_saddles": [[-0.8153985233444179, 0.6021590491286586]], "bias_count": 5000, "energy_calls_at_each_min": [1, 36114], "force_calls_at_each_min": [1, 36114], "max_height_scale": 1.666667, "max_cov_scale": 6.333333}