{"run_id": 815, "bias_std_dev_scale": 0.119581, "bias_height_fraction": 0.02, "perturbation_size": 0.005, "optimizer": "FIRE", "found_minima": [[0.6234994049, 0.02803775853], [-0.05077637222965131, 0.4668846968097848], [-0.558223651486336, 1.4417258266465187]], "found_saddles": [[0.1795137512550778, 0.2517076760135492], [-0.8123289204100566, 0.625517875951129]], "bias_count": 437, "energy_calls_at_each_min": [1, 8020, 47118], "force_calls_at_each_min": [1, 8020, 47118], "max_height_scale": 1.666667, "max_cov_scale": 4.333333}