{"run_id": 920, "bias_std_dev_scale": 0.119581, "bias_height_fraction": 0.02, "perturbation_size": 0.005, "optimizer": "FIRE", "found_minima": [[0.6234994049, 0.02803775853], [-0.05001081509352997, 0.46669410076966966], [-0.5582236503198429, 1.4417258266462532]], "found_saddles": [[0.22022259862938914, 0.2971312294983243], [-0.8196974907249682, 0.6196610965292276]], "bias_count": 514, "energy_calls_at_each_min": [1, 8888, 58038], "force_calls_at_each_min": [1, 8888, 58038], "max_height_scale": 2.333333, "max_cov_scale": 1.0}