{"run_id": 742, "bias_std_dev_scale": 0.119581, "bias_height_fraction": 0.02, "perturbation_size": 0.005, "optimizer": "FIRE", "found_minima": [[0.6234994049, 0.02803775853], [-0.05008918545201478, 0.46671363069893357], [-0.558223640573258, 1.441725835974744]], "found_saddles": [[0.22131841728593826, 0.28816537630521677], [-0.831648487959514, 0.6104616035290342]], "bias_count": 235, "energy_calls_at_each_min": [1, 5259, 26166], "force_calls_at_each_min": [1, 5259, 26166], "max_height_scale": 3.666667, "max_cov_scale": 2.333333}