{"run_id": 258, "bias_std_dev_scale": 0.119581, "bias_height_fraction": 0.02, "perturbation_size": 0.005, "optimizer": "FIRE", "found_minima": [[0.6234994049, 0.02803775853], [-0.05010849184877416, 0.4667172015611677], [-0.5582236453551873, 1.4417258329801081]], "found_saddles": [[0.19465687553567557, 0.2738293205492792], [-0.8326881601323305, 0.6145268913124671]], "bias_count": 99, "energy_calls_at_each_min": [1, 4250, 11353], "force_calls_at_each_min": [1, 4250, 11353], "max_height_scale": 4.333333, "max_cov_scale": 6.333333}