{"run_id": 206, "bias_std_dev_scale": 0.119581, "bias_height_fraction": 0.02, "perturbation_size": 0.005, "optimizer": "FIRE", "found_minima": [[0.6234994049, 0.02803775853], [-0.05064682717453413, 0.46689159047019635], [-0.5582236158661337, 1.4417258607335997]], "found_saddles": [[0.22656148450201447, 0.3034500064536093], [-0.8668957265835154, 0.6099148265559157]], "bias_count": 605, "energy_calls_at_each_min": [1, 10540, 59887], "force_calls_at_each_min": [1, 10540, 59887], "max_height_scale": 1.0, "max_cov_scale": 5.0}