{"run_id": 755, "bias_std_dev_scale": 0.119581, "bias_height_fraction": 0.02, "perturbation_size": 0.005, "optimizer": "FIRE", "found_minima": [[0.6234994049, 0.02803775853], [-0.050094451324356415, 0.46672092530215825], [-0.5582236538700873, 1.4417258235238901]], "found_saddles": [[0.20877672898943245, 0.28092379710535653], [-0.8159642478108255, 0.6026103054284946]], "bias_count": 116, "energy_calls_at_each_min": [1, 2993, 13090], "force_calls_at_each_min": [1, 2993, 13090], "max_height_scale": 4.333333, "max_cov_scale": 4.333333}