{"run_id": 300, "bias_std_dev_scale": 0.119581, "bias_height_fraction": 0.02, "perturbation_size": 0.005, "optimizer": "FIRE", "found_minima": [[0.6234994049, 0.02803775853], [-0.05001086689165236, 0.4666941093430006], [-0.5582236497323008, 1.4417258280815448]], "found_saddles": [[0.22000790321247526, 0.2830867112836537], [-0.8185468692811451, 0.6420034012927224]], "bias_count": 1366, "energy_calls_at_each_min": [1, 22486, 153511], "force_calls_at_each_min": [1, 22486, 153511], "max_height_scale": 1.0, "max_cov_scale": 1.0}