{"run_id": 701, "bias_std_dev_scale": 0.119581, "bias_height_fraction": 0.02, "perturbation_size": 0.005, "optimizer": "FIRE", "found_minima": [[0.6234994049, 0.02803775853], [-0.05001198431941511, 0.46669438122327384], [-0.5582236174038238, 1.441725858422473]], "found_saddles": [[0.2197885897584745, 0.27859956581622497], [-0.8266744907022664, 0.6232132614254232]], "bias_count": 938, "energy_calls_at_each_min": [1, 15378, 100230], "force_calls_at_each_min": [1, 15378, 100230], "max_height_scale": 1.0, "max_cov_scale": 1.666667}