{"run_id": 426, "bias_std_dev_scale": 0.119581, "bias_height_fraction": 0.02, "perturbation_size": 0.005, "optimizer": "FIRE", "found_minima": [[0.6234994049, 0.02803775853], [-0.051114244600708035, 0.46697567184700634], [-0.5582236212140388, 1.441725854209502]], "found_saddles": [[0.22127604565315723, 0.29925842479802983], [-0.8614376686574869, 0.6054725263415544]], "bias_count": 297, "energy_calls_at_each_min": [1, 4676, 33032], "force_calls_at_each_min": [1, 4676, 33032], "max_height_scale": 2.333333, "max_cov_scale": 5.0}