{"run_id": 381, "bias_std_dev_scale": 0.119581, "bias_height_fraction": 0.02, "perturbation_size": 0.005, "optimizer": "FIRE", "found_minima": [[0.6234994049, 0.02803775853], [-0.05001620730953013, 0.4666953980631936], [-0.5582236457741253, 1.4417258307208916]], "found_saddles": [[0.275431932556522, 0.2984712444491014], [-0.8569638911107664, 0.5826592768194448]], "bias_count": 169, "energy_calls_at_each_min": [1, 4006, 19287], "force_calls_at_each_min": [1, 4006, 19287], "max_height_scale": 6.333333, "max_cov_scale": 1.666667}