{"run_id": 899, "bias_std_dev_scale": 0.119581, "bias_height_fraction": 0.02, "perturbation_size": 0.005, "optimizer": "FIRE", "found_minima": [[0.6234994049, 0.02803775853], [-0.050282509782598545, 0.4668622916705665], [-0.5582236231407373, 1.4417258626067226]], "found_saddles": [[0.25880207296374774, 0.3078307988418997], [-0.804031956423587, 0.6089949497490436]], "bias_count": 48, "energy_calls_at_each_min": [1, 1630, 5673], "force_calls_at_each_min": [1, 1630, 5673], "max_height_scale": 7.0, "max_cov_scale": 7.0}