{"run_id": 832, "bias_std_dev_scale": 0.119581, "bias_height_fraction": 0.02, "perturbation_size": 0.005, "optimizer": "FIRE", "found_minima": [[0.6234994049, 0.02803775853], [-0.05001146707374752, 0.46669427692670845], [-0.5582236463137006, 1.4417258305578842]], "found_saddles": [[0.20806284290299495, 0.28930349817549045], [-0.8161454458600618, 0.604735840759066]], "bias_count": 311, "energy_calls_at_each_min": [1, 5991, 35653], "force_calls_at_each_min": [1, 5991, 35653], "max_height_scale": 3.0, "max_cov_scale": 2.333333}