{"run_id": 234, "bias_std_dev_scale": 0.119581, "bias_height_fraction": 0.02, "perturbation_size": 0.005, "optimizer": "FIRE", "found_minima": [[0.6234994049, 0.02803775853], [-0.05004858788491282, 0.46670252737897144], [-0.5582236546084958, 1.4417258212495474]], "found_saddles": [[0.19840799166601333, 0.28788572007784324], [-0.8237546180778921, 0.5892412354437683]], "bias_count": 265, "energy_calls_at_each_min": [1, 5626, 30782], "force_calls_at_each_min": [1, 5626, 30782], "max_height_scale": 3.0, "max_cov_scale": 3.666667}