{"run_id": 374, "bias_std_dev_scale": 0.119581, "bias_height_fraction": 0.02, "perturbation_size": 0.005, "optimizer": "FIRE", "found_minima": [[0.6234994049, 0.02803775853], [-0.05005088306320538, 0.46670409125942663], [-0.558223652014164, 1.4417258249433555]], "found_saddles": [[0.22633457976197105, 0.3055601224013592], [-0.8103957697950829, 0.6219340130741988]], "bias_count": 115, "energy_calls_at_each_min": [1, 2959, 13407], "force_calls_at_each_min": [1, 2959, 13407], "max_height_scale": 5.666667, "max_cov_scale": 3.666667}