{"run_id": 577, "bias_std_dev_scale": 0.119581, "bias_height_fraction": 0.02, "perturbation_size": 0.005, "optimizer": "FIRE", "found_minima": [[0.6234994049, 0.02803775853], [-0.05004339106346724, 0.46670628474370834], [-0.5582236199300241, 1.4417258569629143]], "found_saddles": [[0.20600834012937214, 0.29370091588121805], [-0.8284712838579952, 0.6064137241532281]], "bias_count": 111, "energy_calls_at_each_min": [1, 2460, 13517], "force_calls_at_each_min": [1, 2460, 13517], "max_height_scale": 5.666667, "max_cov_scale": 5.666667}