{"run_id": 332, "bias_std_dev_scale": 0.119581, "bias_height_fraction": 0.02, "perturbation_size": 0.005, "optimizer": "FIRE", "found_minima": [[0.6234994049, 0.02803775853], [-0.05001247012323377, 0.46669450321168154], [-0.5582236177051131, 1.4417258577216503]], "found_saddles": [[0.9378874171943529, 0.03522503269897467], [-0.8042935617807819, 0.6411598232625936]], "bias_count": 267, "energy_calls_at_each_min": [1, 6192, 29355], "force_calls_at_each_min": [1, 6192, 29355], "max_height_scale": 3.0, "max_cov_scale": 2.333333}