{"run_id": 270, "bias_std_dev_scale": 0.119581, "bias_height_fraction": 0.02, "perturbation_size": 0.005, "optimizer": "FIRE", "found_minima": [[0.6234994049, 0.02803775853], [-0.05001086983783575, 0.4666941118147822], [-0.5582236559594997, 1.44172582068164]], "found_saddles": [[0.2425448143962824, 0.3286272659039505], [-0.8251794663756935, 0.6354664498622795]], "bias_count": 250, "energy_calls_at_each_min": [1, 5294, 28803], "force_calls_at_each_min": [1, 5294, 28803], "max_height_scale": 5.666667, "max_cov_scale": 1.0}