{"run_id": 31, "bias_std_dev_scale": 0.119581, "bias_height_fraction": 0.02, "perturbation_size": 0.005, "optimizer": "FIRE", "found_minima": [[0.6234994049, 0.02803775853], [-0.050010963333865996, 0.46669413679651633], [-0.5582236538172185, 1.4417258231638288]], "found_saddles": [[0.2589460782410044, 0.299699155385389], [-0.8091515769539278, 0.6028035778615236]], "bias_count": 330, "energy_calls_at_each_min": [1, 7606, 37761], "force_calls_at_each_min": [1, 7606, 37761], "max_height_scale": 3.0, "max_cov_scale": 1.666667}