{"run_id": 297, "bias_std_dev_scale": 0.119581, "bias_height_fraction": 0.02, "perturbation_size": 0.005, "optimizer": "FIRE", "found_minima": [[0.6234994049, 0.02803775853], [-0.05001560556159259, 0.46669556755160957], [-0.5582236377593636, 1.4417258363724272]], "found_saddles": [[0.16678921642396766, 0.21545565231127972], [-0.8269417060781865, 0.5653055529592745]], "bias_count": 115, "energy_calls_at_each_min": [1, 2019, 13225], "force_calls_at_each_min": [1, 2019, 13225], "max_height_scale": 7.0, "max_cov_scale": 5.666667}