{"run_id": 235, "bias_std_dev_scale": 0.119581, "bias_height_fraction": 0.02, "perturbation_size": 0.005, "optimizer": "FIRE", "found_minima": [[0.6234994049, 0.02803775853], [-0.05015813363378878, 0.4667314099520825], [-0.5582236380729083, 1.4417258351616098]], "found_saddles": [[0.22563202948613753, 0.2753339538796579], [-0.8544667376273936, 0.6221787785527488]], "bias_count": 244, "energy_calls_at_each_min": [1, 4745, 27072], "force_calls_at_each_min": [1, 4745, 27072], "max_height_scale": 3.0, "max_cov_scale": 4.333333}