{"run_id": 697, "bias_std_dev_scale": 0.119581, "bias_height_fraction": 0.02, "perturbation_size": 0.005, "optimizer": "FIRE", "found_minima": [[0.6234994049, 0.02803775853], [-0.05044725677948201, 0.46679748897243106], [-0.5582236452728129, 1.441725831680554]], "found_saddles": [[0.17432222168340455, 0.27114727143542555], [-0.822783297109119, 0.5928919802810311]], "bias_count": 106, "energy_calls_at_each_min": [1, 2125, 12265], "force_calls_at_each_min": [1, 2125, 12265], "max_height_scale": 7.0, "max_cov_scale": 5.666667}