{"run_id": 268, "bias_std_dev_scale": 0.119581, "bias_height_fraction": 0.02, "perturbation_size": 0.005, "optimizer": "FIRE", "found_minima": [[0.6234994049, 0.02803775853], [-0.5582236301641432, 1.4417258432398823]], "found_saddles": [[-0.8039961619345838, 0.6324574660413187]], "bias_count": 5000, "energy_calls_at_each_min": [1, 10610], "force_calls_at_each_min": [1, 10610], "max_height_scale": 5.0, "max_cov_scale": 6.333333}