{"run_id": 212, "bias_std_dev_scale": 0.119581, "bias_height_fraction": 0.02, "perturbation_size": 0.005, "optimizer": "FIRE", "found_minima": [[0.6234994049, 0.02803775853], [-0.05001868825103282, 0.46669594804215003], [-0.5582236233576561, 1.4417258543820788]], "found_saddles": [[0.2232356889023236, 0.28641466820393396], [-0.834521543197141, 0.6283885011013917]], "bias_count": 493, "energy_calls_at_each_min": [1, 8935, 53582], "force_calls_at_each_min": [1, 8935, 53582], "max_height_scale": 1.666667, "max_cov_scale": 2.333333}