{"run_id": 960, "bias_std_dev_scale": 0.119581, "bias_height_fraction": 0.02, "perturbation_size": 0.005, "optimizer": "FIRE", "found_minima": [[0.6234994049, 0.02803775853], [-0.050010808119619166, 0.46669410784881815], [-0.5582236194171689, 1.4417258575044476]], "found_saddles": [[0.2138123681098081, 0.30629959996732387], [-0.8157928573504266, 0.62464601120938]], "bias_count": 357, "energy_calls_at_each_min": [1, 4205, 40694], "force_calls_at_each_min": [1, 4205, 40694], "max_height_scale": 5.0, "max_cov_scale": 1.0}