{"run_id": 749, "bias_std_dev_scale": 0.119581, "bias_height_fraction": 0.02, "perturbation_size": 0.005, "optimizer": "FIRE", "found_minima": [[0.6234994049, 0.02803775853], [-0.558223645435849, 1.4417258318148434]], "found_saddles": [[-0.7918656577955726, 0.6227308328012467]], "bias_count": 5000, "energy_calls_at_each_min": [1, 19572], "force_calls_at_each_min": [1, 19572], "max_height_scale": 3.666667, "max_cov_scale": 7.0}