{"run_id": 259, "bias_std_dev_scale": 0.119581, "bias_height_fraction": 0.02, "perturbation_size": 0.005, "optimizer": "FIRE", "found_minima": [[0.6234994049, 0.02803775853], [-0.558223132504552, 1.441726470452264]], "found_saddles": [[-0.8072022044546707, 0.6192966343188189]], "bias_count": 5000, "energy_calls_at_each_min": [1, 16107], "force_calls_at_each_min": [1, 16107], "max_height_scale": 4.333333, "max_cov_scale": 7.0}