{"run_id": 788, "bias_std_dev_scale": 0.119581, "bias_height_fraction": 0.02, "perturbation_size": 0.005, "optimizer": "FIRE", "found_minima": [[0.6234994049, 0.02803775853], [-0.05009579736090314, 0.4667132996195423], [-0.5582236124140628, 1.4417258641280024]], "found_saddles": [[0.22187076556510188, 0.31670148994868735], [-0.5370963731830289, 0.31757842012921944]], "bias_count": 123, "energy_calls_at_each_min": [1, 2261, 14422], "force_calls_at_each_min": [1, 2261, 14422], "max_height_scale": 6.333333, "max_cov_scale": 6.333333}