{"run_id": 866, "bias_std_dev_scale": 0.119581, "bias_height_fraction": 0.02, "perturbation_size": 0.005, "optimizer": "FIRE", "found_minima": [[0.6234994049, 0.02803775853], [-0.05004694293845681, 0.46670411583415106], [-0.5582236386006745, 1.4417258342177461]], "found_saddles": [[0.20511742418928686, 0.3081619337901056], [-0.8274032120984568, 0.6132708819537658]], "bias_count": 118, "energy_calls_at_each_min": [1, 3228, 13318], "force_calls_at_each_min": [1, 3228, 13318], "max_height_scale": 5.0, "max_cov_scale": 5.0}