{"run_id": 63, "bias_std_dev_scale": 0.119581, "bias_height_fraction": 0.02, "perturbation_size": 0.005, "optimizer": "FIRE", "found_minima": [[0.6234994049, 0.02803775853], [-0.050015070781934075, 0.4666952764607266], [-0.5582236246955284, 1.4417258528917527]], "found_saddles": [[0.22143193981095638, 0.2908709210965032], [-0.8279756179344059, 0.6249346040065334]], "bias_count": 196, "energy_calls_at_each_min": [1, 3380, 22429], "force_calls_at_each_min": [1, 3380, 22429], "max_height_scale": 5.0, "max_cov_scale": 3.0}