{"run_id": 340, "bias_std_dev_scale": 0.119581, "bias_height_fraction": 0.02, "perturbation_size": 0.005, "optimizer": "FIRE", "found_minima": [[0.6234994049, 0.02803775853], [-0.050010845431965, 0.4666941066390394], [-0.5582236487462159, 1.441725828081432]], "found_saddles": [[0.1920568533084401, 0.2654535191176241], [-0.8296387178062574, 0.6153822350407333]], "bias_count": 360, "energy_calls_at_each_min": [1, 6504, 41166], "force_calls_at_each_min": [1, 6504, 41166], "max_height_scale": 3.666667, "max_cov_scale": 1.0}