{"run_id": 54, "bias_std_dev_scale": 0.119581, "bias_height_fraction": 0.02, "perturbation_size": 0.005, "optimizer": "FIRE", "found_minima": [[0.6234994049, 0.02803775853], [-0.05002052501985753, 0.4666976048960524], [-0.5582236319155341, 1.4417258439703262]], "found_saddles": [[0.2519836297061905, 0.32507591716337386], [-0.8285101648879368, 0.6177153491108283]], "bias_count": 162, "energy_calls_at_each_min": [1, 4373, 19381], "force_calls_at_each_min": [1, 4373, 19381], "max_height_scale": 4.333333, "max_cov_scale": 3.666667}