{"run_id": 391, "bias_std_dev_scale": 0.119581, "bias_height_fraction": 0.02, "perturbation_size": 0.005, "optimizer": "FIRE", "found_minima": [[0.6234994049, 0.02803775853], [-0.05002385384903001, 0.4666969663884117], [-0.5582236292658772, 1.4417258497126086]], "found_saddles": [[0.1553503617069077, 0.2205380615790999], [-0.8502824292872011, 0.5299527501375835]], "bias_count": 159, "energy_calls_at_each_min": [1, 3352, 18341], "force_calls_at_each_min": [1, 3352, 18341], "max_height_scale": 7.0, "max_cov_scale": 1.666667}