{"run_id": 531, "bias_std_dev_scale": 0.119581, "bias_height_fraction": 0.02, "perturbation_size": 0.005, "optimizer": "FIRE", "found_minima": [[0.6234994049, 0.02803775853], [-0.05001080926466689, 0.4666941129013224], [-0.5582236420386469, 1.4417258322699749]], "found_saddles": [[0.21533088728922964, 0.2877923448064104], [-0.8549954836035846, 0.5774682300580017]], "bias_count": 335, "energy_calls_at_each_min": [1, 7159, 38452], "force_calls_at_each_min": [1, 7159, 38452], "max_height_scale": 3.0, "max_cov_scale": 1.666667}