{"run_id": 139, "bias_std_dev_scale": 0.119581, "bias_height_fraction": 0.02, "perturbation_size": 0.005, "optimizer": "FIRE", "found_minima": [[0.6234994049, 0.02803775853], [-0.5582236411551834, 1.4417258369321262]], "found_saddles": [[-0.8425493957771852, 0.583507529003561]], "bias_count": 5000, "energy_calls_at_each_min": [1, 23431], "force_calls_at_each_min": [1, 23431], "max_height_scale": 3.0, "max_cov_scale": 7.0}