{"run_id": 551, "bias_std_dev_scale": 0.119581, "bias_height_fraction": 0.02, "perturbation_size": 0.005, "optimizer": "FIRE", "found_minima": [[0.6234994049, 0.02803775853], [-0.0500108772501081, 0.4666941138914493], [-0.5582236189590151, 1.4417258570713825]], "found_saddles": [[0.21874223643816634, 0.28936808203587594], [-0.8303077940981338, 0.617949557317984]], "bias_count": 235, "energy_calls_at_each_min": [1, 4306, 26633], "force_calls_at_each_min": [1, 4306, 26633], "max_height_scale": 4.333333, "max_cov_scale": 1.666667}