{"run_id": 796, "bias_std_dev_scale": 0.119581, "bias_height_fraction": 0.02, "perturbation_size": 0.005, "optimizer": "FIRE", "found_minima": [[0.6234994049, 0.02803775853], [-0.5582236581681597, 1.4417258182173442]], "found_saddles": [[-0.8018139399819726, 0.6320675866187382]], "bias_count": 5000, "energy_calls_at_each_min": [1, 11130], "force_calls_at_each_min": [1, 11130], "max_height_scale": 7.0, "max_cov_scale": 5.0}