{"run_id": 390, "bias_std_dev_scale": 0.119581, "bias_height_fraction": 0.02, "perturbation_size": 0.005, "optimizer": "FIRE", "found_minima": [[0.6234994049, 0.02803775853], [-0.05001091092561403, 0.46669411446942255], [-0.5582236180552013, 1.441725857669661]], "found_saddles": [[0.2373287807230059, 0.33255907383724426], [-0.8450434642561929, 0.5738765855771845]], "bias_count": 186, "energy_calls_at_each_min": [1, 3813, 21249], "force_calls_at_each_min": [1, 3813, 21249], "max_height_scale": 7.0, "max_cov_scale": 1.0}