{"run_id": 882, "bias_std_dev_scale": 0.119581, "bias_height_fraction": 0.02, "perturbation_size": 0.005, "optimizer": "FIRE", "found_minima": [[0.6234994049, 0.02803775853], [-0.0500622499184047, 0.46670371683700146], [-0.5582236539340939, 1.4417258234593908]], "found_saddles": [[0.20011343348724908, 0.3035970056324264], [-0.8985160839745688, 0.6014088807697403]], "bias_count": 180, "energy_calls_at_each_min": [1, 3502, 21103], "force_calls_at_each_min": [1, 3502, 21103], "max_height_scale": 6.333333, "max_cov_scale": 2.333333}