{"run_id": 500, "bias_std_dev_scale": 0.119581, "bias_height_fraction": 0.02, "perturbation_size": 0.005, "optimizer": "FIRE", "found_minima": [[0.6234994049, 0.02803775853], [-0.050010869757360264, 0.4666941041058381], [-0.5582236452424202, 1.4417258323507294]], "found_saddles": [[0.18327523973265844, 0.30232591168223827], [-0.8249475813280812, 0.6211041790032239]], "bias_count": 1311, "energy_calls_at_each_min": [1, 25800, 147986], "force_calls_at_each_min": [1, 25800, 147986], "max_height_scale": 1.0, "max_cov_scale": 1.0}