{"run_id": 164, "bias_std_dev_scale": 0.119581, "bias_height_fraction": 0.02, "perturbation_size": 0.005, "optimizer": "FIRE", "found_minima": [[0.6234994049, 0.02803775853], [-0.0501377204616383, 0.4667279656725175], [-0.5582236464128258, 1.4417258304533405]], "found_saddles": [[0.2119734827863906, 0.3054057069615864], [-0.8338233140967688, 0.5915449969496267]], "bias_count": 151, "energy_calls_at_each_min": [1, 3456, 17297], "force_calls_at_each_min": [1, 3456, 17297], "max_height_scale": 5.0, "max_cov_scale": 3.666667}