{"run_id": 491, "bias_std_dev_scale": 0.119581, "bias_height_fraction": 0.02, "perturbation_size": 0.005, "optimizer": "FIRE", "found_minima": [[0.6234994049, 0.02803775853], [-0.0500979259443355, 0.4667114829606777], [-0.558223649435965, 1.4417258270106084]], "found_saddles": [[0.0972301822898481, 0.1122856382467414], [-0.8049287255427646, 0.6432158640672815]], "bias_count": 124, "energy_calls_at_each_min": [1, 4025, 14598], "force_calls_at_each_min": [1, 4025, 14598], "max_height_scale": 7.0, "max_cov_scale": 1.666667}