{"run_id": 739, "bias_std_dev_scale": 0.119581, "bias_height_fraction": 0.02, "perturbation_size": 0.005, "optimizer": "FIRE", "found_minima": [[0.6234994049, 0.02803775853], [-0.5582236136473638, 1.4417258675218287]], "found_saddles": [[-0.8319121830663132, 0.6267889475171616]], "bias_count": 5000, "energy_calls_at_each_min": [1, 26242], "force_calls_at_each_min": [1, 26242], "max_height_scale": 3.0, "max_cov_scale": 7.0}