{"run_id": 320, "bias_std_dev_scale": 0.119581, "bias_height_fraction": 0.02, "perturbation_size": 0.005, "optimizer": "FIRE", "found_minima": [[0.6234994049, 0.02803775853], [-0.05001086729074878, 0.46669410836369973], [-0.5582236398594039, 1.4417258343908]], "found_saddles": [[0.22163161062133557, 0.2911349298963135], [-0.817658789669299, 0.6001395238691082]], "bias_count": 647, "energy_calls_at_each_min": [1, 9707, 71679], "force_calls_at_each_min": [1, 9707, 71679], "max_height_scale": 2.333333, "max_cov_scale": 1.0}