{"run_id": 933, "bias_std_dev_scale": 0.119581, "bias_height_fraction": 0.02, "perturbation_size": 0.005, "optimizer": "FIRE", "found_minima": [[0.6234994049, 0.02803775853], [-0.05002004588951262, 0.4666972365532997], [-0.5582236115319628, 1.441725865043142]], "found_saddles": [[0.22639862335634112, 0.29243543729157023], [-0.876740146249604, 0.5875606364807532]], "bias_count": 250, "energy_calls_at_each_min": [1, 5892, 28589], "force_calls_at_each_min": [1, 5892, 28589], "max_height_scale": 3.0, "max_cov_scale": 3.0}