{"run_id": 585, "bias_std_dev_scale": 0.119581, "bias_height_fraction": 0.02, "perturbation_size": 0.005, "optimizer": "FIRE", "found_minima": [[0.6234994049, 0.02803775853], [-0.05001285073934572, 0.4666945397878514], [-0.558223652364232, 1.4417258233318178]], "found_saddles": [[0.22437580610975966, 0.29026982491481657], [-0.7983454459755398, 0.6249852922174163]], "bias_count": 116, "energy_calls_at_each_min": [1, 2451, 13872], "force_calls_at_each_min": [1, 2451, 13872], "max_height_scale": 6.333333, "max_cov_scale": 4.333333}