{"run_id": 90, "bias_std_dev_scale": 0.119581, "bias_height_fraction": 0.02, "perturbation_size": 0.005, "optimizer": "FIRE", "found_minima": [[0.6234994049, 0.02803775853], [-0.05001111126104283, 0.46669416760257076], [-0.5582236365927559, 1.44172583713515]], "found_saddles": [[0.2120348835051774, 0.30269817738832316], [0.19369296150565563, 0.6643658816800463]], "bias_count": 263, "energy_calls_at_each_min": [1, 3079, 30222], "force_calls_at_each_min": [1, 3079, 30222], "max_height_scale": 7.0, "max_cov_scale": 1.0}