{"run_id": 86, "bias_std_dev_scale": 0.119581, "bias_height_fraction": 0.02, "perturbation_size": 0.005, "optimizer": "FIRE", "found_minima": [[0.6234994049, 0.02803775853], [-0.05001528343116067, 0.46669506167809405], [-0.5582236405308403, 1.4417258363452667]], "found_saddles": [[0.1595103868834404, 0.3006188111885182], [-0.7731922171939899, 0.6564408747762408]], "bias_count": 103, "energy_calls_at_each_min": [1, 1944, 12418], "force_calls_at_each_min": [1, 1944, 12418], "max_height_scale": 6.333333, "max_cov_scale": 5.0}