{"run_id": 730, "bias_std_dev_scale": 0.119581, "bias_height_fraction": 0.02, "perturbation_size": 0.005, "optimizer": "FIRE", "found_minima": [[0.6234994049, 0.02803775853], [-0.05001079653927708, 0.46669410210533546], [-0.558223647021775, 1.4417258295661248]], "found_saddles": [[0.21902249064227547, 0.3015500613866629], [-0.8071118940623441, 0.6345477813463591]], "bias_count": 415, "energy_calls_at_each_min": [1, 10343, 47477], "force_calls_at_each_min": [1, 10343, 47477], "max_height_scale": 3.0, "max_cov_scale": 1.0}