{"run_id": 950, "bias_std_dev_scale": 0.119581, "bias_height_fraction": 0.02, "perturbation_size": 0.005, "optimizer": "FIRE", "found_minima": [[0.6234994049, 0.02803775853], [-0.05001083980572275, 0.46669411223296886], [-0.5582236465541791, 1.4417258299408549]], "found_saddles": [[0.2449071870976717, 0.2999900618959109], [-0.8485778335315876, 0.5686180992329092]], "bias_count": 252, "energy_calls_at_each_min": [1, 4033, 27962], "force_calls_at_each_min": [1, 4033, 27962], "max_height_scale": 4.333333, "max_cov_scale": 1.0}