{"run_id": 209, "bias_std_dev_scale": 0.119581, "bias_height_fraction": 0.02, "perturbation_size": 0.005, "optimizer": "FIRE", "found_minima": [[0.6234994049, 0.02803775853], [-0.5582236494073735, 1.4417258279978937]], "found_saddles": [[-0.8260028938103682, 0.6279862227128316]], "bias_count": 5000, "energy_calls_at_each_min": [1, 54733], "force_calls_at_each_min": [1, 54733], "max_height_scale": 1.0, "max_cov_scale": 7.0}