{"run_id": 642, "bias_std_dev_scale": 0.119581, "bias_height_fraction": 0.02, "perturbation_size": 0.005, "optimizer": "FIRE", "found_minima": [[0.6234994049, 0.02803775853], [-0.05002366252274301, 0.4666967051408423], [-0.5582236327651783, 1.4417258396453319]], "found_saddles": [[0.12729839850484564, 0.11364257188343674], [-0.8104772619304574, 0.6266692078301213]], "bias_count": 211, "energy_calls_at_each_min": [1, 5941, 23571], "force_calls_at_each_min": [1, 5941, 23571], "max_height_scale": 3.666667, "max_cov_scale": 2.333333}