{"run_id": 505, "bias_std_dev_scale": 0.119581, "bias_height_fraction": 0.02, "perturbation_size": 0.005, "optimizer": "FIRE", "found_minima": [[0.6234994049, 0.02803775853], [-0.05013519172405294, 0.46672213657610123], [-0.5582236502691361, 1.4417258256177055]], "found_saddles": [[0.16930181309340303, 0.218325055102576], [-0.8324609864406655, 0.637067360151768]], "bias_count": 628, "energy_calls_at_each_min": [1, 13461, 65039], "force_calls_at_each_min": [1, 13461, 65039], "max_height_scale": 1.0, "max_cov_scale": 4.333333}