{"run_id": 354, "bias_std_dev_scale": 0.119581, "bias_height_fraction": 0.02, "perturbation_size": 0.005, "optimizer": "FIRE", "found_minima": [[0.6234994049, 0.02803775853], [-0.05003245128284169, 0.46670142569217643], [-0.5582236214956643, 1.441725855809237]], "found_saddles": [[0.21148479708065776, 0.2912226559771643], [-0.8047110414959648, 0.5106355694895623]], "bias_count": 158, "energy_calls_at_each_min": [1, 3963, 17870], "force_calls_at_each_min": [1, 3963, 17870], "max_height_scale": 4.333333, "max_cov_scale": 3.666667}