{"run_id": 377, "bias_std_dev_scale": 0.119581, "bias_height_fraction": 0.02, "perturbation_size": 0.005, "optimizer": "FIRE", "found_minima": [[0.6234994049, 0.02803775853], [-0.558223652789179, 1.4417258239999844]], "found_saddles": [[-0.7877326312728388, 0.6475176463129212]], "bias_count": 5000, "energy_calls_at_each_min": [1, 16326], "force_calls_at_each_min": [1, 16326], "max_height_scale": 5.666667, "max_cov_scale": 5.666667}