{"run_id": 411, "bias_std_dev_scale": 0.119581, "bias_height_fraction": 0.02, "perturbation_size": 0.005, "optimizer": "FIRE", "found_minima": [[0.6234994049, 0.02803775853], [-0.05001082950520842, 0.4666941155562453], [-0.5582236399128098, 1.4417258384410774]], "found_saddles": [[0.1801452451755054, 0.29326489057457616], [-0.868722074910667, 0.6046603078732463]], "bias_count": 627, "energy_calls_at_each_min": [1, 12045, 67590], "force_calls_at_each_min": [1, 12045, 67590], "max_height_scale": 1.666667, "max_cov_scale": 1.666667}