{"run_id": 743, "bias_std_dev_scale": 0.119581, "bias_height_fraction": 0.02, "perturbation_size": 0.005, "optimizer": "FIRE", "found_minima": [[0.6234994049, 0.02803775853], [-0.05012234610628235, 0.4667191650835079], [-0.5582236541084737, 1.4417258232548154]], "found_saddles": [[0.12678987530124228, 0.2514116155329653], [-0.841749838676486, 0.5514274765483663]], "bias_count": 210, "energy_calls_at_each_min": [1, 4272, 23254], "force_calls_at_each_min": [1, 4272, 23254], "max_height_scale": 3.666667, "max_cov_scale": 3.0}