{"run_id": 93, "bias_std_dev_scale": 0.119581, "bias_height_fraction": 0.02, "perturbation_size": 0.005, "optimizer": "FIRE", "found_minima": [[0.6234994049, 0.02803775853], [-0.050112055456977535, 0.4667155537750467], [-0.5582236446180036, 1.4417258322731932]], "found_saddles": [[0.19118788842624046, 0.2700413446497242], [-0.7927022070295962, 0.48179860431743676]], "bias_count": 150, "energy_calls_at_each_min": [1, 2772, 17799], "force_calls_at_each_min": [1, 2772, 17799], "max_height_scale": 7.0, "max_cov_scale": 3.0}