{"run_id": 227, "bias_std_dev_scale": 0.119581, "bias_height_fraction": 0.02, "perturbation_size": 0.005, "optimizer": "FIRE", "found_minima": [[0.6234994049, 0.02803775853], [-0.05088248447430908, 0.46696045094187755], [-0.5582236335599997, 1.441725846602017]], "found_saddles": [[0.24955069724276266, 0.3474555133415385], [-0.8279704794430579, 0.6209297601766942]], "bias_count": 225, "energy_calls_at_each_min": [1, 5181, 24593], "force_calls_at_each_min": [1, 5181, 24593], "max_height_scale": 2.333333, "max_cov_scale": 5.666667}