{"run_id": 516, "bias_std_dev_scale": 0.119581, "bias_height_fraction": 0.02, "perturbation_size": 0.005, "optimizer": "FIRE", "found_minima": [[0.6234994049, 0.02803775853], [-0.05072869718210061, 0.46694962538770624], [-0.5582236175521829, 1.4417258590434796]], "found_saddles": [[0.22940740766795065, 0.3134128930191329], [-0.8437967496221536, 0.5129841912237635]], "bias_count": 398, "energy_calls_at_each_min": [1, 6825, 42431], "force_calls_at_each_min": [1, 6825, 42431], "max_height_scale": 1.666667, "max_cov_scale": 5.0}