{"run_id": 307, "bias_std_dev_scale": 0.119581, "bias_height_fraction": 0.02, "perturbation_size": 0.005, "optimizer": "FIRE", "found_minima": [[0.6234994049, 0.02803775853], [-0.05086914398822324, 0.46689838662857835], [-0.5582236248833096, 1.441725849635602]], "found_saddles": [[0.23009133544794608, 0.2904845485434515], [-0.8261155806842351, 0.6221034938698593]], "bias_count": 572, "energy_calls_at_each_min": [1, 9292, 60736], "force_calls_at_each_min": [1, 9292, 60736], "max_height_scale": 1.0, "max_cov_scale": 5.666667}