{"run_id": 311, "bias_std_dev_scale": 0.119581, "bias_height_fraction": 0.02, "perturbation_size": 0.005, "optimizer": "FIRE", "found_minima": [[0.6234994049, 0.02803775853], [-0.05001180035167657, 0.46669426994797275], [-0.5582236312920578, 1.4417258427910935]], "found_saddles": [[0.23138241858213698, 0.3346905167852546], [-0.8159279845218469, 0.6219428203838364]], "bias_count": 577, "energy_calls_at_each_min": [1, 11156, 62524], "force_calls_at_each_min": [1, 11156, 62524], "max_height_scale": 1.666667, "max_cov_scale": 1.666667}