{"run_id": 958, "bias_std_dev_scale": 0.119581, "bias_height_fraction": 0.02, "perturbation_size": 0.005, "optimizer": "FIRE", "found_minima": [[0.6234994049, 0.02803775853], [-0.5582236308401997, 1.4417258520630671]], "found_saddles": [[-0.7976083575991304, 0.627650334589458]], "bias_count": 5000, "energy_calls_at_each_min": [1, 16145], "force_calls_at_each_min": [1, 16145], "max_height_scale": 4.333333, "max_cov_scale": 6.333333}