{"run_id": 236, "bias_std_dev_scale": 0.119581, "bias_height_fraction": 0.02, "perturbation_size": 0.005, "optimizer": "FIRE", "found_minima": [[0.6234994049, 0.02803775853], [-0.5582236476668088, 1.4417258272894498]], "found_saddles": [[-0.7976719813384588, 0.6248802121771222]], "bias_count": 5000, "energy_calls_at_each_min": [1, 31554], "force_calls_at_each_min": [1, 31554], "max_height_scale": 3.0, "max_cov_scale": 5.0}