{"run_id": 777, "bias_std_dev_scale": 0.119581, "bias_height_fraction": 0.02, "perturbation_size": 0.005, "optimizer": "FIRE", "found_minima": [[0.6234994049, 0.02803775853], [-0.050232696793047246, 0.46674849409349833], [-0.5582236186019858, 1.4417258589011517]], "found_saddles": [[0.2559864642869875, 0.3259580510586164], [-0.14969329886456512, 0.07564962372652714]], "bias_count": 145, "energy_calls_at_each_min": [1, 2376, 17510], "force_calls_at_each_min": [1, 2376, 17510], "max_height_scale": 5.666667, "max_cov_scale": 5.666667}