{"run_id": 107, "bias_std_dev_scale": 0.119581, "bias_height_fraction": 0.02, "perturbation_size": 0.005, "optimizer": "FIRE", "found_minima": [[0.6234994049, 0.02803775853], [-0.05028336590989231, 0.4667933303355105], [-0.5582236446404232, 1.4417258344631574]], "found_saddles": [[0.23064426797183887, 0.30795269439994305], [-0.834068334640532, 0.6104399468366967]], "bias_count": 590, "energy_calls_at_each_min": [1, 10793, 61236], "force_calls_at_each_min": [1, 10793, 61236], "max_height_scale": 1.0, "max_cov_scale": 5.666667}