{"run_id": 499, "bias_std_dev_scale": 0.119581, "bias_height_fraction": 0.02, "perturbation_size": 0.005, "optimizer": "FIRE", "found_minima": [[0.6234994049, 0.02803775853], [-0.05016039269580756, 0.46673145381905], [-0.5582236476705061, 1.441725829024238]], "found_saddles": [[0.16604977516142017, 0.24907681247942356], [-0.8102856066588313, 0.6291240675430103]], "bias_count": 73, "energy_calls_at_each_min": [1, 2245, 8468], "force_calls_at_each_min": [1, 2245, 8468], "max_height_scale": 7.0, "max_cov_scale": 7.0}