{"run_id": 510, "bias_std_dev_scale": 0.119581, "bias_height_fraction": 0.02, "perturbation_size": 0.005, "optimizer": "FIRE", "found_minima": [[0.6234994049, 0.02803775853], [-0.050010799412869816, 0.4666941049627165], [-0.5582236496885751, 1.4417258250842162]], "found_saddles": [[0.2441742246302748, 0.29720337879171027], [-0.8209533857743951, 0.5968470393193879]], "bias_count": 860, "energy_calls_at_each_min": [1, 14454, 95452], "force_calls_at_each_min": [1, 14454, 95452], "max_height_scale": 1.666667, "max_cov_scale": 1.0}