{"run_id": 2075, "bias_std_dev_scale": 0.244521, "bias_height_fraction": 0.02, "perturbation_size": 0.005, "optimizer": "FIRE", "found_minima": [[0.6234994049, 0.02803775853], [-0.5582230534067819, 1.441726554315198]], "found_saddles": [[-0.8462331837233148, 0.6147581188737985]], "bias_count": 5000, "energy_calls_at_each_min": [1, 24732], "force_calls_at_each_min": [1, 24732], "min_height_scale": 1.5, "max_height_scale": 2.0, "min_cov_scale": 2.5, "max_cov_scale": 3.0}