{"run_id": 385, "bias_std_dev_scale": 0.244521, "bias_height_fraction": 0.02, "perturbation_size": 0.005, "optimizer": "FIRE", "found_minima": [[0.6234994049, 0.02803775853], [-0.558223403396139, 1.4417261973883677]], "found_saddles": [[-0.8253925934226847, 0.6096423318787153]], "bias_count": 5000, "energy_calls_at_each_min": [1, 27621], "force_calls_at_each_min": [1, 27621], "min_height_scale": 2.5, "max_height_scale": 1.5, "min_cov_scale": 1.5, "max_cov_scale": 2.0}