{"run_id": 353, "bias_std_dev_scale": 0.244521, "bias_height_fraction": 0.02, "perturbation_size": 0.005, "optimizer": "FIRE", "found_minima": [[0.6234994049, 0.02803775853], [-0.5582233368941467, 1.4417262088041696]], "found_saddles": [[-0.8230635631851502, 0.6111815041306116]], "bias_count": 5000, "energy_calls_at_each_min": [1, 18231], "force_calls_at_each_min": [1, 18231], "min_height_scale": 2.0, "max_height_scale": 2.5, "min_cov_scale": 1.5, "max_cov_scale": 2.0}