{"run_id": 1663, "bias_std_dev_scale": 0.244521, "bias_height_fraction": 0.02, "perturbation_size": 0.005, "optimizer": "FIRE", "found_minima": [[0.6234994049, 0.02803775853], [-0.5582214162382862, 1.4417291674965012]], "found_saddles": [[-0.8396697245220252, 0.5889526638467527]], "bias_count": 5000, "energy_calls_at_each_min": [1, 21922], "force_calls_at_each_min": [1, 21922], "min_height_scale": 2.0, "max_height_scale": 3.0, "min_cov_scale": 3.0, "max_cov_scale": 3.0}