{"run_id": 785, "bias_std_dev_scale": 0.244521, "bias_height_fraction": 0.02, "perturbation_size": 0.005, "optimizer": "FIRE", "found_minima": [[0.6234994049, 0.02803775853], [-0.5582236063840941, 1.4417258819457268]], "found_saddles": [[-0.8162458649334594, 0.6411118533762097]], "bias_count": 5000, "energy_calls_at_each_min": [1, 23023], "force_calls_at_each_min": [1, 23023], "min_height_scale": 1.5, "max_height_scale": 2.0, "min_cov_scale": 1.5, "max_cov_scale": 2.0}