{"run_id": 1914, "bias_std_dev_scale": 0.244521, "bias_height_fraction": 0.02, "perturbation_size": 0.005, "optimizer": "FIRE", "found_minima": [[0.6234994049, 0.02803775853], [-0.5582227562496236, 1.441727080327011]], "found_saddles": [[-0.8357368354422314, 0.5311790436507976]], "bias_count": 5000, "energy_calls_at_each_min": [1, 19990], "force_calls_at_each_min": [1, 19990], "min_height_scale": 2.0, "max_height_scale": 3.0, "min_cov_scale": 2.5, "max_cov_scale": 2.5}