{"run_id": 584, "bias_std_dev_scale": 0.244521, "bias_height_fraction": 0.02, "perturbation_size": 0.005, "optimizer": "FIRE", "found_minima": [[0.6234994049, 0.02803775853], [-0.050205578858541634, 0.46676434819777046], [-0.5582236363027245, 1.4417258424559465]], "found_saddles": [[0.14811172610914553, 0.21186449450199715], [-0.8286449571964813, 0.6239372516755808]], "bias_count": 347, "energy_calls_at_each_min": [1, 8791, 39293], "force_calls_at_each_min": [1, 8791, 39293], "min_height_scale": 2.0, "max_height_scale": 1.5, "min_cov_scale": 2.5, "max_cov_scale": 1.5}