{"run_id": 341, "bias_std_dev_scale": 0.244521, "bias_height_fraction": 0.02, "perturbation_size": 0.005, "optimizer": "FIRE", "found_minima": [[0.6234994049, 0.02803775853], [-0.5582236117182036, 1.4417258758392573]], "found_saddles": [[-0.8055830176560177, 0.6149400440428452]], "bias_count": 5000, "energy_calls_at_each_min": [1, 22247], "force_calls_at_each_min": [1, 22247], "min_height_scale": 2.0, "max_height_scale": 2.0, "min_cov_scale": 2.0, "max_cov_scale": 2.0}