{"run_id": 763, "bias_std_dev_scale": 0.244521, "bias_height_fraction": 0.02, "perturbation_size": 0.005, "optimizer": "FIRE", "found_minima": [[0.6234994049, 0.02803775853], [-0.5582181839888629, 1.441733084101499]], "found_saddles": [[-0.8018031386603012, 0.6355208819155218]], "bias_count": 5000, "energy_calls_at_each_min": [1, 17495], "force_calls_at_each_min": [1, 17495], "min_height_scale": 3.0, "max_height_scale": 3.0, "min_cov_scale": 2.5, "max_cov_scale": 3.0}