{"run_id": 812, "bias_std_dev_scale": 0.244521, "bias_height_fraction": 0.02, "perturbation_size": 0.005, "optimizer": "FIRE", "found_minima": [[0.6234994049, 0.02803775853], [-0.05017408041202043, 0.46673105703177303], [-0.5582235761048434, 1.44172592419407]], "found_saddles": [[0.21131157134200235, 0.3026891159885604], [-0.8240870176132576, 0.617754984084955]], "bias_count": 225, "energy_calls_at_each_min": [1, 4271, 26398], "force_calls_at_each_min": [1, 4271, 26398], "min_height_scale": 1.5, "max_height_scale": 2.5, "min_cov_scale": 3.0, "max_cov_scale": 1.5}