{"run_id": 2203, "bias_std_dev_scale": 0.244521, "bias_height_fraction": 0.02, "perturbation_size": 0.005, "optimizer": "FIRE", "found_minima": [[0.6234994049, 0.02803775853], [-0.5582226937636416, 1.4417271120548187]], "found_saddles": [[-0.8535265066739673, 0.6226792173151183]], "bias_count": 5000, "energy_calls_at_each_min": [1, 21012], "force_calls_at_each_min": [1, 21012], "min_height_scale": 2.5, "max_height_scale": 2.0, "min_cov_scale": 2.5, "max_cov_scale": 3.0}