{"run_id": 639, "bias_std_dev_scale": 0.244521, "bias_height_fraction": 0.02, "perturbation_size": 0.005, "optimizer": "FIRE", "found_minima": [[0.6234994049, 0.02803775853], [-0.5582230325919849, 1.4417266642395576]], "found_saddles": [[-0.7940130394885009, 0.6702530995475295]], "bias_count": 5000, "energy_calls_at_each_min": [1, 18322], "force_calls_at_each_min": [1, 18322], "min_height_scale": 2.0, "max_height_scale": 3.0, "min_cov_scale": 3.0, "max_cov_scale": 3.0}