{"run_id": 1067, "bias_std_dev_scale": 0.244521, "bias_height_fraction": 0.02, "perturbation_size": 0.005, "optimizer": "FIRE", "found_minima": [[0.6234994049, 0.02803775853], [-0.5582231655485383, 1.441726519512312]], "found_saddles": [[-0.7845731746271355, 0.6560641187974723]], "bias_count": 5000, "energy_calls_at_each_min": [1, 19994], "force_calls_at_each_min": [1, 19994], "min_height_scale": 1.5, "max_height_scale": 2.5, "min_cov_scale": 2.5, "max_cov_scale": 3.0}