{"run_id": 1001, "bias_std_dev_scale": 0.244521, "bias_height_fraction": 0.02, "perturbation_size": 0.005, "optimizer": "FIRE", "found_minima": [[0.6234994049, 0.02803775853], [-0.05006105397015024, 0.4667054601207416], [-0.5582231330759262, 1.441726463280648]], "found_saddles": [[0.21574402282889635, 0.29204827506233655], [-0.8451022026109402, 0.6244043804528393]], "bias_count": 175, "energy_calls_at_each_min": [1, 3196, 20565], "force_calls_at_each_min": [1, 3196, 20565], "min_height_scale": 3.0, "max_height_scale": 2.5, "min_cov_scale": 2.5, "max_cov_scale": 2.0}