{"run_id": 747, "bias_std_dev_scale": 0.244521, "bias_height_fraction": 0.02, "perturbation_size": 0.005, "optimizer": "FIRE", "found_minima": [[0.6234994049, 0.02803775853], [-0.5582164328240078, 1.4417390004802795]], "found_saddles": [[-0.8138395629031345, 0.6415699770551475]], "bias_count": 5000, "energy_calls_at_each_min": [1, 18560], "force_calls_at_each_min": [1, 18560], "min_height_scale": 3.0, "max_height_scale": 2.5, "min_cov_scale": 2.5, "max_cov_scale": 3.0}