{"run_id": 2185, "bias_std_dev_scale": 0.244521, "bias_height_fraction": 0.02, "perturbation_size": 0.005, "optimizer": "FIRE", "found_minima": [[0.6234994049, 0.02803775853], [-0.5582236322796851, 1.4417258475067798]], "found_saddles": [[-0.8418583222804591, 0.6257121875381111]], "bias_count": 5000, "energy_calls_at_each_min": [1, 32401], "force_calls_at_each_min": [1, 32401], "min_height_scale": 2.5, "max_height_scale": 1.5, "min_cov_scale": 2.5, "max_cov_scale": 2.0}