{"run_id": 1097, "bias_std_dev_scale": 0.244521, "bias_height_fraction": 0.02, "perturbation_size": 0.005, "optimizer": "FIRE", "found_minima": [[0.6234994049, 0.02803775853], [-0.5582236235608644, 1.441725858310324]], "found_saddles": [[-0.8425390486083246, 0.615364095476047]], "bias_count": 5000, "energy_calls_at_each_min": [1, 41567], "force_calls_at_each_min": [1, 41567], "min_height_scale": 2.0, "max_height_scale": 1.5, "min_cov_scale": 2.5, "max_cov_scale": 2.0}