{"run_id": 818, "bias_std_dev_scale": 0.244521, "bias_height_fraction": 0.02, "perturbation_size": 0.005, "optimizer": "FIRE", "found_minima": [[0.6234994049, 0.02803775853], [-0.5582216915124469, 1.4417283294523526]], "found_saddles": [[-0.8488356136078232, 0.5391847212594325]], "bias_count": 5000, "energy_calls_at_each_min": [1, 13464], "force_calls_at_each_min": [1, 13464], "min_height_scale": 1.5, "max_height_scale": 3.0, "min_cov_scale": 1.5, "max_cov_scale": 2.5}