{"run_id": 261, "bias_std_dev_scale": 0.244521, "bias_height_fraction": 0.02, "perturbation_size": 0.005, "optimizer": "FIRE", "found_minima": [[0.6234994049, 0.02803775853], [-0.558223618280898, 1.4417258602050467]], "found_saddles": [[-0.8524406520784503, 0.6209447152079085]], "bias_count": 5000, "energy_calls_at_each_min": [1, 25645], "force_calls_at_each_min": [1, 25645], "min_height_scale": 1.5, "max_height_scale": 1.5, "min_cov_scale": 2.0, "max_cov_scale": 2.0}