{"run_id": 49, "bias_std_dev_scale": 0.244521, "bias_height_fraction": 0.02, "perturbation_size": 0.005, "optimizer": "FIRE", "found_minima": [[0.6234994049, 0.02803775853], [-0.5582235373750772, 1.4417259897683479]], "found_saddles": [[-0.7959636533652927, 0.6190891249910504]], "bias_count": 5000, "energy_calls_at_each_min": [1, 13613], "force_calls_at_each_min": [1, 13613], "min_height_scale": 1.5, "max_height_scale": 3.0, "min_cov_scale": 1.5, "max_cov_scale": 2.0}