{"run_id": 774, "bias_std_dev_scale": 0.244521, "bias_height_fraction": 0.02, "perturbation_size": 0.005, "optimizer": "FIRE", "found_minima": [[0.6234994049, 0.02803775853], [-0.5582223986056879, 1.4417273445872691]], "found_saddles": [[-0.824127662733846, 0.600489841500616]], "bias_count": 5000, "energy_calls_at_each_min": [1, 30781], "force_calls_at_each_min": [1, 30781], "min_height_scale": 1.5, "max_height_scale": 1.5, "min_cov_scale": 2.0, "max_cov_scale": 2.5}