{"run_id": 1337, "bias_std_dev_scale": 0.244521, "bias_height_fraction": 0.02, "perturbation_size": 0.005, "optimizer": "FIRE", "found_minima": [[0.6234994049, 0.02803775853], [-0.5582235349564131, 1.4417259823992126]], "found_saddles": [[-0.8440968259234063, 0.6261976174797806]], "bias_count": 5000, "energy_calls_at_each_min": [1, 20623], "force_calls_at_each_min": [1, 20623], "min_height_scale": 1.5, "max_height_scale": 3.0, "min_cov_scale": 2.5, "max_cov_scale": 2.0}