{"run_id": 2371, "bias_std_dev_scale": 0.244521, "bias_height_fraction": 0.02, "perturbation_size": 0.005, "optimizer": "FIRE", "found_minima": [[0.6234994049, 0.02803775853], [-0.5582228353830572, 1.4417266827905988]], "found_saddles": [[-0.8139078478342323, 0.5964077710338844]], "bias_count": 5000, "energy_calls_at_each_min": [1, 19855], "force_calls_at_each_min": [1, 19855], "min_height_scale": 2.0, "max_height_scale": 1.5, "min_cov_scale": 1.5, "max_cov_scale": 3.0}