{"run_id": 2229, "bias_std_dev_scale": 0.244521, "bias_height_fraction": 0.02, "perturbation_size": 0.005, "optimizer": "FIRE", "found_minima": [[0.6234994049, 0.02803775853], [-0.5582236299952543, 1.4417258514018247]], "found_saddles": [[-0.8626495891475592, 0.5935570016522906]], "bias_count": 5000, "energy_calls_at_each_min": [1, 18069], "force_calls_at_each_min": [1, 18069], "min_height_scale": 2.5, "max_height_scale": 3.0, "min_cov_scale": 2.0, "max_cov_scale": 2.0}