{"run_id": 412, "bias_std_dev_scale": 0.244521, "bias_height_fraction": 0.02, "perturbation_size": 0.005, "optimizer": "FIRE", "found_minima": [[0.6234994049, 0.02803775853], [-0.5582236562533873, 1.4417258199135283]], "found_saddles": [[-0.8295947950268037, 0.6289635213248753]], "bias_count": 5000, "energy_calls_at_each_min": [1, 32966], "force_calls_at_each_min": [1, 32966], "min_height_scale": 2.5, "max_height_scale": 2.0, "min_cov_scale": 3.0, "max_cov_scale": 1.5}