{"run_id": 2408, "bias_std_dev_scale": 0.244521, "bias_height_fraction": 0.02, "perturbation_size": 0.005, "optimizer": "FIRE", "found_minima": [[0.6234994049, 0.02803775853], [-0.5582236494676512, 1.441725826754485]], "found_saddles": [[-0.834166477477179, 0.6210867234058652]], "bias_count": 5000, "energy_calls_at_each_min": [1, 25114], "force_calls_at_each_min": [1, 25114], "min_height_scale": 2.0, "max_height_scale": 2.5, "min_cov_scale": 2.5, "max_cov_scale": 1.5}