{"run_id": 2215, "bias_std_dev_scale": 0.244521, "bias_height_fraction": 0.02, "perturbation_size": 0.005, "optimizer": "FIRE", "found_minima": [[0.6234994049, 0.02803775853], [-0.55821995694264, 1.441731545640005]], "found_saddles": [[-0.8315042701862673, 0.5913062418747626]], "bias_count": 5000, "energy_calls_at_each_min": [1, 15266], "force_calls_at_each_min": [1, 15266], "min_height_scale": 2.5, "max_height_scale": 2.5, "min_cov_scale": 2.0, "max_cov_scale": 3.0}