{"run_id": 85, "bias_std_dev_scale": 0.244521, "bias_height_fraction": 0.02, "perturbation_size": 0.005, "optimizer": "FIRE", "found_minima": [[0.6234994049, 0.02803775853], [-0.5582236352928109, 1.4417258395490884]], "found_saddles": [[-0.8407055854972794, 0.635830462976511]], "bias_count": 5000, "energy_calls_at_each_min": [1, 22262], "force_calls_at_each_min": [1, 22262], "min_height_scale": 2.0, "max_height_scale": 2.0, "min_cov_scale": 2.0, "max_cov_scale": 2.0}