{"run_id": 1224, "bias_std_dev_scale": 0.244521, "bias_height_fraction": 0.02, "perturbation_size": 0.005, "optimizer": "FIRE", "found_minima": [[0.6234994049, 0.02803775853], [-0.5582236280130459, 1.4417258461517313]], "found_saddles": [[-0.8183748868189589, 0.6058615855766473]], "bias_count": 5000, "energy_calls_at_each_min": [1, 41334], "force_calls_at_each_min": [1, 41334], "min_height_scale": 3.0, "max_height_scale": 1.5, "min_cov_scale": 2.5, "max_cov_scale": 1.5}