{"run_id": 1779, "bias_std_dev_scale": 0.244521, "bias_height_fraction": 0.02, "perturbation_size": 0.005, "optimizer": "FIRE", "found_minima": [[0.6234994049, 0.02803775853], [-0.558222912341254, 1.4417267870388177]], "found_saddles": [[-0.803880662276567, 0.6447713806545242]], "bias_count": 5000, "energy_calls_at_each_min": [1, 12562], "force_calls_at_each_min": [1, 12562], "min_height_scale": 3.0, "max_height_scale": 3.0, "min_cov_scale": 1.5, "max_cov_scale": 3.0}