{"run_id": 163, "bias_std_dev_scale": 0.244521, "bias_height_fraction": 0.02, "perturbation_size": 0.005, "optimizer": "FIRE", "found_minima": [[0.6234994049, 0.02803775853], [-0.5582174090276211, 1.4417341658545588]], "found_saddles": [[-0.845654691565145, 0.5809122177021969]], "bias_count": 5000, "energy_calls_at_each_min": [1, 17001], "force_calls_at_each_min": [1, 17001], "min_height_scale": 2.5, "max_height_scale": 2.5, "min_cov_scale": 1.5, "max_cov_scale": 3.0}