{"run_id": 1250, "bias_std_dev_scale": 0.244521, "bias_height_fraction": 0.02, "perturbation_size": 0.005, "optimizer": "FIRE", "found_minima": [[0.6234994049, 0.02803775853], [-0.5582233928289496, 1.4417261315135768]], "found_saddles": [[-0.8413129578921891, 0.6348058057106358]], "bias_count": 5000, "energy_calls_at_each_min": [1, 11805], "force_calls_at_each_min": [1, 11805], "min_height_scale": 3.0, "max_height_scale": 2.5, "min_cov_scale": 1.5, "max_cov_scale": 2.5}