{"run_id": 1598, "bias_std_dev_scale": 0.244521, "bias_height_fraction": 0.02, "perturbation_size": 0.005, "optimizer": "FIRE", "found_minima": [[0.6234994049, 0.02803775853], [-0.5582236181659279, 1.4417258913794948]], "found_saddles": [[-0.8089272611720786, 0.6093408648831152]], "bias_count": 5000, "energy_calls_at_each_min": [1, 14086], "force_calls_at_each_min": [1, 14086], "min_height_scale": 1.5, "max_height_scale": 3.0, "min_cov_scale": 3.0, "max_cov_scale": 2.5}