{"run_id": 736, "bias_std_dev_scale": 0.244521, "bias_height_fraction": 0.02, "perturbation_size": 0.005, "optimizer": "FIRE", "found_minima": [[0.6234994049, 0.02803775853], [-0.5582236442403121, 1.4417258326050337]], "found_saddles": [[-0.8368184238100815, 0.6163211895762886]], "bias_count": 5000, "energy_calls_at_each_min": [1, 19072], "force_calls_at_each_min": [1, 19072], "min_height_scale": 3.0, "max_height_scale": 2.5, "min_cov_scale": 1.5, "max_cov_scale": 1.5}