{"run_id": 1222, "bias_std_dev_scale": 0.244521, "bias_height_fraction": 0.02, "perturbation_size": 0.005, "optimizer": "FIRE", "found_minima": [[0.6234994049, 0.02803775853], [-0.050371001365852694, 0.46680662764163217], [-0.5582208601245037, 1.4417292433740043]], "found_saddles": [[0.22045955806596396, 0.30099754150381786], [-0.8106232983716499, 0.5982867552959142]], "bias_count": 216, "energy_calls_at_each_min": [1, 4755, 24606], "force_calls_at_each_min": [1, 4755, 24606], "min_height_scale": 3.0, "max_height_scale": 1.5, "min_cov_scale": 2.0, "max_cov_scale": 2.5}