{"run_id": 2364, "bias_std_dev_scale": 0.244521, "bias_height_fraction": 0.02, "perturbation_size": 0.005, "optimizer": "FIRE", "found_minima": [[0.6234994049, 0.02803775853], [-0.5582236410505281, 1.4417258371387276]], "found_saddles": [[-0.7683761299637688, 0.6460754054512493]], "bias_count": 5000, "energy_calls_at_each_min": [1, 20591], "force_calls_at_each_min": [1, 20591], "min_height_scale": 1.5, "max_height_scale": 3.0, "min_cov_scale": 3.0, "max_cov_scale": 1.5}