{"run_id": 1399, "bias_std_dev_scale": 0.244521, "bias_height_fraction": 0.02, "perturbation_size": 0.005, "optimizer": "FIRE", "found_minima": [[0.6234994049, 0.02803775853], [-0.5582178824040624, 1.4417352377094332]], "found_saddles": [[-0.8440812233248398, 0.6197805055589631]], "bias_count": 5000, "energy_calls_at_each_min": [1, 16047], "force_calls_at_each_min": [1, 16047], "min_height_scale": 2.0, "max_height_scale": 3.0, "min_cov_scale": 2.0, "max_cov_scale": 3.0}