{"run_id": 965, "bias_std_dev_scale": 0.244521, "bias_height_fraction": 0.02, "perturbation_size": 0.005, "optimizer": "FIRE", "found_minima": [[0.6234994049, 0.02803775853], [-0.5582236222836858, 1.4417258634389025]], "found_saddles": [[-0.8373837993411075, 0.5300105690597158]], "bias_count": 5000, "energy_calls_at_each_min": [1, 32887], "force_calls_at_each_min": [1, 32887], "min_height_scale": 3.0, "max_height_scale": 1.5, "min_cov_scale": 2.0, "max_cov_scale": 2.0}