{"run_id": 1322, "bias_std_dev_scale": 0.244521, "bias_height_fraction": 0.02, "perturbation_size": 0.005, "optimizer": "FIRE", "found_minima": [[0.6234994049, 0.02803775853], [-0.5582192906944687, 1.4417310788939544]], "found_saddles": [[-0.5891811986965977, 0.677304061264848]], "bias_count": 5000, "energy_calls_at_each_min": [1, 23465], "force_calls_at_each_min": [1, 23465], "min_height_scale": 1.5, "max_height_scale": 2.5, "min_cov_scale": 2.5, "max_cov_scale": 2.5}