{"run_id": 983, "bias_std_dev_scale": 0.244521, "bias_height_fraction": 0.02, "perturbation_size": 0.005, "optimizer": "FIRE", "found_minima": [[0.6234994049, 0.02803775853], [-0.5582231136245881, 1.4417264621487889]], "found_saddles": [[-0.813628776363608, 0.6122650185488105]], "bias_count": 5000, "energy_calls_at_each_min": [1, 19476], "force_calls_at_each_min": [1, 19476], "min_height_scale": 3.0, "max_height_scale": 2.0, "min_cov_scale": 2.0, "max_cov_scale": 3.0}