{"run_id": 1277, "bias_std_dev_scale": 0.244521, "bias_height_fraction": 0.02, "perturbation_size": 0.005, "optimizer": "FIRE", "found_minima": [[0.6234994049, 0.02803775853], [-0.5582236305825944, 1.4417258428010225]], "found_saddles": [[-0.8499927513372507, 0.6192333214284115]], "bias_count": 5000, "energy_calls_at_each_min": [1, 21695], "force_calls_at_each_min": [1, 21695], "min_height_scale": 3.0, "max_height_scale": 3.0, "min_cov_scale": 3.0, "max_cov_scale": 2.0}