{"run_id": 2520, "bias_std_dev_scale": 0.244521, "bias_height_fraction": 0.02, "perturbation_size": 0.005, "optimizer": "FIRE", "found_minima": [[0.6234994049, 0.02803775853], [-0.5582236075862899, 1.4417258754478426]], "found_saddles": [[-0.8399783435322636, 0.620762003729673]], "bias_count": 5000, "energy_calls_at_each_min": [1, 29243], "force_calls_at_each_min": [1, 29243], "min_height_scale": 3.0, "max_height_scale": 2.0, "min_cov_scale": 2.5, "max_cov_scale": 1.5}