{"run_id": 569, "bias_std_dev_scale": 0.244521, "bias_height_fraction": 0.02, "perturbation_size": 0.005, "optimizer": "FIRE", "found_minima": [[0.6234994049, 0.02803775853], [-0.050585549612193276, 0.4668168234450167], [-0.558223284937972, 1.4417262762917171]], "found_saddles": [[0.2079679961424386, 0.2914383617468628], [-0.8105391710613902, 0.6248249332583846]], "bias_count": 156, "energy_calls_at_each_min": [1, 3527, 18000], "force_calls_at_each_min": [1, 3527, 18000], "min_height_scale": 1.5, "max_height_scale": 3.0, "min_cov_scale": 2.5, "max_cov_scale": 2.0}