{"run_id": 2307, "bias_std_dev_scale": 0.244521, "bias_height_fraction": 0.02, "perturbation_size": 0.005, "optimizer": "FIRE", "found_minima": [[0.6234994049, 0.02803775853], [-0.5582233446550714, 1.4417262089701397]], "found_saddles": [[-0.8394313990916771, 0.6070146789949531]], "bias_count": 5000, "energy_calls_at_each_min": [1, 19230], "force_calls_at_each_min": [1, 19230], "min_height_scale": 1.5, "max_height_scale": 1.5, "min_cov_scale": 1.5, "max_cov_scale": 3.0}