{"run_id": 2118, "bias_std_dev_scale": 0.244521, "bias_height_fraction": 0.02, "perturbation_size": 0.005, "optimizer": "FIRE", "found_minima": [[0.6234994049, 0.02803775853], [-0.5582232523196557, 1.4417263613212221]], "found_saddles": [[-0.7801196222237852, 0.638266975873993]], "bias_count": 5000, "energy_calls_at_each_min": [1, 27987], "force_calls_at_each_min": [1, 27987], "min_height_scale": 2.0, "max_height_scale": 1.5, "min_cov_scale": 2.0, "max_cov_scale": 2.5}