{"run_id": 1800, "bias_std_dev_scale": 0.244521, "bias_height_fraction": 0.02, "perturbation_size": 0.005, "optimizer": "FIRE", "found_minima": [[0.6234994049, 0.02803775853], [-0.558223608951948, 1.4417258826714068]], "found_saddles": [[-0.8291902664959744, 0.6002215115758135]], "bias_count": 5000, "energy_calls_at_each_min": [1, 42012], "force_calls_at_each_min": [1, 42012], "min_height_scale": 1.5, "max_height_scale": 1.5, "min_cov_scale": 2.5, "max_cov_scale": 1.5}