{"run_id": 662, "bias_std_dev_scale": 0.244521, "bias_height_fraction": 0.02, "perturbation_size": 0.005, "optimizer": "FIRE", "found_minima": [[0.6234994049, 0.02803775853], [-0.5582234425533857, 1.4417260926914115]], "found_saddles": [[-0.8087845327817889, 0.6147986373476716]], "bias_count": 5000, "energy_calls_at_each_min": [1, 21238], "force_calls_at_each_min": [1, 21238], "min_height_scale": 2.5, "max_height_scale": 2.0, "min_cov_scale": 2.0, "max_cov_scale": 2.5}