{"run_id": 1364, "bias_std_dev_scale": 0.244521, "bias_height_fraction": 0.02, "perturbation_size": 0.005, "optimizer": "FIRE", "found_minima": [[0.6234994049, 0.02803775853], [-0.5582236296170225, 1.4417258523881862]], "found_saddles": [[-0.8282975052219145, 0.6178967348333441]], "bias_count": 5000, "energy_calls_at_each_min": [1, 25536], "force_calls_at_each_min": [1, 25536], "min_height_scale": 2.0, "max_height_scale": 2.0, "min_cov_scale": 2.0, "max_cov_scale": 1.5}