{"run_id": 2006, "bias_std_dev_scale": 0.244521, "bias_height_fraction": 0.02, "perturbation_size": 0.005, "optimizer": "FIRE", "found_minima": [[0.6234994049, 0.02803775853], [-0.55822364603147, 1.441725832617329]], "found_saddles": [[-0.8410023873306534, 0.5485159225402821]], "bias_count": 5000, "energy_calls_at_each_min": [1, 29043], "force_calls_at_each_min": [1, 29043], "min_height_scale": 3.0, "max_height_scale": 2.0, "min_cov_scale": 2.0, "max_cov_scale": 2.5}