{"run_id": 637, "bias_std_dev_scale": 0.244521, "bias_height_fraction": 0.02, "perturbation_size": 0.005, "optimizer": "FIRE", "found_minima": [[0.6234994049, 0.02803775853], [-0.5582236395449902, 1.4417258401706614]], "found_saddles": [[-0.8270679077955552, 0.5853054350649691]], "bias_count": 5000, "energy_calls_at_each_min": [1, 16735], "force_calls_at_each_min": [1, 16735], "min_height_scale": 2.0, "max_height_scale": 3.0, "min_cov_scale": 3.0, "max_cov_scale": 2.0}