{"run_id": 778, "bias_std_dev_scale": 0.244521, "bias_height_fraction": 0.02, "perturbation_size": 0.005, "optimizer": "FIRE", "found_minima": [[0.6234994049, 0.02803775853], [-0.5582229338260282, 1.4417267591359815]], "found_saddles": [[-0.7906522755324182, 0.6503270488058123]], "bias_count": 5000, "energy_calls_at_each_min": [1, 32969], "force_calls_at_each_min": [1, 32969], "min_height_scale": 1.5, "max_height_scale": 1.5, "min_cov_scale": 2.5, "max_cov_scale": 2.5}