{"run_id": 706, "bias_std_dev_scale": 0.244521, "bias_height_fraction": 0.02, "perturbation_size": 0.005, "optimizer": "FIRE", "found_minima": [[0.6234994049, 0.02803775853], [-0.5582236306844301, 1.4417258501247805]], "found_saddles": [[-0.8464185892179513, 0.6312120729445962]], "bias_count": 5000, "energy_calls_at_each_min": [1, 28009], "force_calls_at_each_min": [1, 28009], "min_height_scale": 3.0, "max_height_scale": 1.5, "min_cov_scale": 1.5, "max_cov_scale": 2.5}