{"run_id": 1955, "bias_std_dev_scale": 0.244521, "bias_height_fraction": 0.02, "perturbation_size": 0.005, "optimizer": "FIRE", "found_minima": [[0.6234994049, 0.02803775853], [-0.5582182086022537, 1.441733067368301]], "found_saddles": [[-0.8380200158354196, 0.6028339776027171]], "bias_count": 5000, "energy_calls_at_each_min": [1, 14308], "force_calls_at_each_min": [1, 14308], "min_height_scale": 2.5, "max_height_scale": 2.5, "min_cov_scale": 1.5, "max_cov_scale": 3.0}