{"run_id": 343, "bias_std_dev_scale": 0.244521, "bias_height_fraction": 0.02, "perturbation_size": 0.005, "optimizer": "FIRE", "found_minima": [[0.6234994049, 0.02803775853], [-0.5582210838835565, 1.4417287908471539]], "found_saddles": [[-0.8257294606826138, 0.5936519181896225]], "bias_count": 5000, "energy_calls_at_each_min": [1, 21933], "force_calls_at_each_min": [1, 21933], "min_height_scale": 2.0, "max_height_scale": 2.0, "min_cov_scale": 2.0, "max_cov_scale": 3.0}