{"run_id": 974, "bias_std_dev_scale": 0.244521, "bias_height_fraction": 0.02, "perturbation_size": 0.005, "optimizer": "FIRE", "found_minima": [[0.6234994049, 0.02803775853], [-0.5582235636309532, 1.4417260154654596]], "found_saddles": [[-0.8053206155963996, 0.6508421629806944]], "bias_count": 5000, "energy_calls_at_each_min": [1, 32039], "force_calls_at_each_min": [1, 32039], "min_height_scale": 3.0, "max_height_scale": 1.5, "min_cov_scale": 3.0, "max_cov_scale": 2.5}