{"run_id": 2533, "bias_std_dev_scale": 0.244521, "bias_height_fraction": 0.02, "perturbation_size": 0.005, "optimizer": "FIRE", "found_minima": [[0.6234994049, 0.02803775853], [-0.5582232991636037, 1.4417262737749856]], "found_saddles": [[-0.823056842413252, 0.6048121715924795]], "bias_count": 5000, "energy_calls_at_each_min": [1, 21414], "force_calls_at_each_min": [1, 21414], "min_height_scale": 3.0, "max_height_scale": 2.5, "min_cov_scale": 2.0, "max_cov_scale": 2.0}