{"run_id": 1817, "bias_std_dev_scale": 0.244521, "bias_height_fraction": 0.02, "perturbation_size": 0.005, "optimizer": "FIRE", "found_minima": [[0.6234994049, 0.02803775853], [-0.5582225614521695, 1.4417272891542385]], "found_saddles": [[-0.8832067603020544, 0.5786767434102892]], "bias_count": 5000, "energy_calls_at_each_min": [1, 29002], "force_calls_at_each_min": [1, 29002], "min_height_scale": 1.5, "max_height_scale": 2.0, "min_cov_scale": 2.5, "max_cov_scale": 2.0}