{"run_id": 1427, "bias_std_dev_scale": 0.244521, "bias_height_fraction": 0.02, "perturbation_size": 0.005, "optimizer": "FIRE", "found_minima": [[0.6234994049, 0.02803775853], [-0.5582236387889459, 1.441725843129195]], "found_saddles": [[-0.8235680931269056, 0.6375053437647558]], "bias_count": 5000, "energy_calls_at_each_min": [1, 17969], "force_calls_at_each_min": [1, 17969], "min_height_scale": 2.5, "max_height_scale": 2.0, "min_cov_scale": 1.5, "max_cov_scale": 3.0}