{"run_id": 2121, "bias_std_dev_scale": 0.244521, "bias_height_fraction": 0.02, "perturbation_size": 0.005, "optimizer": "FIRE", "found_minima": [[0.6234994049, 0.02803775853], [-0.05093136846458865, 0.4668380804592636], [-0.5582233406545848, 1.4417262067553271]], "found_saddles": [[0.22830694358982911, 0.3013947432253896], [-0.8077365501526097, 0.6140514105632384]], "bias_count": 329, "energy_calls_at_each_min": [1, 6535, 37663], "force_calls_at_each_min": [1, 6535, 37663], "min_height_scale": 2.0, "max_height_scale": 1.5, "min_cov_scale": 2.5, "max_cov_scale": 2.0}