{"run_id": 2491, "bias_std_dev_scale": 0.244521, "bias_height_fraction": 0.02, "perturbation_size": 0.005, "optimizer": "FIRE", "found_minima": [[0.6234994049, 0.02803775853], [-0.5582010826504564, 1.4417526333944006]], "found_saddles": [[-0.8154511816376869, 0.6090976406554175]], "bias_count": 5000, "energy_calls_at_each_min": [1, 17588], "force_calls_at_each_min": [1, 17588], "min_height_scale": 2.5, "max_height_scale": 3.0, "min_cov_scale": 2.5, "max_cov_scale": 3.0}