{"run_id": 611, "bias_std_dev_scale": 0.244521, "bias_height_fraction": 0.02, "perturbation_size": 0.005, "optimizer": "FIRE", "found_minima": [[0.6234994049, 0.02803775853], [-0.5582235747298832, 1.4417259342907467]], "found_saddles": [[-0.8562343802699748, 0.6177493291336966]], "bias_count": 5000, "energy_calls_at_each_min": [1, 13104], "force_calls_at_each_min": [1, 13104], "min_height_scale": 2.0, "max_height_scale": 2.5, "min_cov_scale": 1.5, "max_cov_scale": 3.0}