{"run_id": 2350, "bias_std_dev_scale": 0.244521, "bias_height_fraction": 0.02, "perturbation_size": 0.005, "optimizer": "FIRE", "found_minima": [[0.6234994049, 0.02803775853], [-0.5582236235519643, 1.441725860555207]], "found_saddles": [[-0.7971358982542224, 0.6252320269125828]], "bias_count": 5000, "energy_calls_at_each_min": [1, 21021], "force_calls_at_each_min": [1, 21021], "min_height_scale": 1.5, "max_height_scale": 2.5, "min_cov_scale": 3.0, "max_cov_scale": 2.5}