{"run_id": 1907, "bias_std_dev_scale": 0.244521, "bias_height_fraction": 0.02, "perturbation_size": 0.005, "optimizer": "FIRE", "found_minima": [[0.6234994049, 0.02803775853], [-0.5582230334953917, 1.4417265974307834]], "found_saddles": [[-0.8512195307921828, 0.6154915807696518]], "bias_count": 5000, "energy_calls_at_each_min": [1, 13309], "force_calls_at_each_min": [1, 13309], "min_height_scale": 2.0, "max_height_scale": 3.0, "min_cov_scale": 1.5, "max_cov_scale": 3.0}