{"run_id": 243, "bias_std_dev_scale": 0.244521, "bias_height_fraction": 0.02, "perturbation_size": 0.005, "optimizer": "FIRE", "found_minima": [[0.6234994049, 0.02803775853], [-0.5582141766804056, 1.441737974027522]], "found_saddles": [[-0.816259272212316, 0.5996773051552139]], "bias_count": 5000, "energy_calls_at_each_min": [1, 11939], "force_calls_at_each_min": [1, 11939], "min_height_scale": 3.0, "max_height_scale": 3.0, "min_cov_scale": 1.5, "max_cov_scale": 3.0}