{"run_id": 1268, "bias_std_dev_scale": 0.244521, "bias_height_fraction": 0.02, "perturbation_size": 0.005, "optimizer": "FIRE", "found_minima": [[0.6234994049, 0.02803775853], [-0.05059076911713473, 0.46681951014959483], [-0.5582236347361524, 1.4417258449025]], "found_saddles": [[0.1550124190174247, 0.2516427390940562], [-0.8364251681342332, 0.6020705095016855]], "bias_count": 167, "energy_calls_at_each_min": [1, 3989, 20668], "force_calls_at_each_min": [1, 3989, 20668], "min_height_scale": 3.0, "max_height_scale": 3.0, "min_cov_scale": 2.0, "max_cov_scale": 1.5}