{"run_id": 1557, "bias_std_dev_scale": 0.244521, "bias_height_fraction": 0.02, "perturbation_size": 0.005, "optimizer": "FIRE", "found_minima": [[0.6234994049, 0.02803775853], [-0.5582232620403609, 1.4417262929857397]], "found_saddles": [[-0.8255441721174848, 0.6093404381776428]], "bias_count": 5000, "energy_calls_at_each_min": [1, 25404], "force_calls_at_each_min": [1, 25404], "min_height_scale": 1.5, "max_height_scale": 2.0, "min_cov_scale": 2.0, "max_cov_scale": 2.0}