{"run_id": 1482, "bias_std_dev_scale": 0.244521, "bias_height_fraction": 0.02, "perturbation_size": 0.005, "optimizer": "FIRE", "found_minima": [[0.6234994049, 0.02803775853], [-0.5582220824171883, 1.4417277161709163]], "found_saddles": [[-0.8258655972553999, 0.6127034008135365]], "bias_count": 5000, "energy_calls_at_each_min": [1, 28819], "force_calls_at_each_min": [1, 28819], "min_height_scale": 3.0, "max_height_scale": 1.5, "min_cov_scale": 2.5, "max_cov_scale": 2.5}