{"run_id": 1252, "bias_std_dev_scale": 0.244521, "bias_height_fraction": 0.02, "perturbation_size": 0.005, "optimizer": "FIRE", "found_minima": [[0.6234994049, 0.02803775853], [-0.5582236418431842, 1.4417258349375355]], "found_saddles": [[-0.8265799361029059, 0.6148681969392492]], "bias_count": 5000, "energy_calls_at_each_min": [1, 21321], "force_calls_at_each_min": [1, 21321], "min_height_scale": 3.0, "max_height_scale": 2.5, "min_cov_scale": 2.0, "max_cov_scale": 1.5}