{"run_id": 1580, "bias_std_dev_scale": 0.244521, "bias_height_fraction": 0.02, "perturbation_size": 0.005, "optimizer": "FIRE", "found_minima": [[0.6234994049, 0.02803775853], [-0.5582236455375054, 1.4417258334936915]], "found_saddles": [[-0.8418682141349222, 0.6350107312500356]], "bias_count": 5000, "energy_calls_at_each_min": [1, 23316], "force_calls_at_each_min": [1, 23316], "min_height_scale": 1.5, "max_height_scale": 2.5, "min_cov_scale": 3.0, "max_cov_scale": 1.5}