{"run_id": 1759, "bias_std_dev_scale": 0.244521, "bias_height_fraction": 0.02, "perturbation_size": 0.005, "optimizer": "FIRE", "found_minima": [[0.6234994049, 0.02803775853], [-0.5582174244099379, 1.441736131611999]], "found_saddles": [[-0.7739687126707512, 0.6515504682527381]], "bias_count": 5000, "energy_calls_at_each_min": [1, 24454], "force_calls_at_each_min": [1, 24454], "min_height_scale": 3.0, "max_height_scale": 2.0, "min_cov_scale": 3.0, "max_cov_scale": 3.0}