{"run_id": 1366, "bias_std_dev_scale": 0.244521, "bias_height_fraction": 0.02, "perturbation_size": 0.005, "optimizer": "FIRE", "found_minima": [[0.6234994049, 0.02803775853], [-0.5582235074140324, 1.4417269693864994]], "found_saddles": [[-0.8327327110143115, 0.61208865667988]], "bias_count": 5000, "energy_calls_at_each_min": [1, 18940], "force_calls_at_each_min": [1, 18940], "min_height_scale": 2.0, "max_height_scale": 2.0, "min_cov_scale": 2.0, "max_cov_scale": 2.5}