{"run_id": 890, "bias_std_dev_scale": 0.244521, "bias_height_fraction": 0.02, "perturbation_size": 0.005, "optimizer": "FIRE", "found_minima": [[0.6234994049, 0.02803775853], [-0.5582230378049291, 1.441726697667649]], "found_saddles": [[-0.8048644373370183, 0.6283439532921489]], "bias_count": 5000, "energy_calls_at_each_min": [1, 16672], "force_calls_at_each_min": [1, 16672], "min_height_scale": 2.0, "max_height_scale": 3.0, "min_cov_scale": 2.5, "max_cov_scale": 2.5}