{"run_id": 1999, "bias_std_dev_scale": 0.244521, "bias_height_fraction": 0.02, "perturbation_size": 0.005, "optimizer": "FIRE", "found_minima": [[0.6234994049, 0.02803775853], [-0.5582219149074272, 1.441728862990614]], "found_saddles": [[-0.8335448572322631, 0.6166722022192741]], "bias_count": 5000, "energy_calls_at_each_min": [1, 33455], "force_calls_at_each_min": [1, 33455], "min_height_scale": 3.0, "max_height_scale": 1.5, "min_cov_scale": 3.0, "max_cov_scale": 3.0}