{"run_id": 1792, "bias_std_dev_scale": 0.244521, "bias_height_fraction": 0.02, "perturbation_size": 0.005, "optimizer": "FIRE", "found_minima": [[0.6234994049, 0.02803775853], [-0.5582236457591992, 1.4417258311442465]], "found_saddles": [[-0.8821568685304881, 0.5914229845717953]], "bias_count": 5000, "energy_calls_at_each_min": [1, 34485], "force_calls_at_each_min": [1, 34485], "min_height_scale": 1.5, "max_height_scale": 1.5, "min_cov_scale": 1.5, "max_cov_scale": 1.5}