{"run_id": 490, "bias_std_dev_scale": 0.244521, "bias_height_fraction": 0.02, "perturbation_size": 0.005, "optimizer": "FIRE", "found_minima": [[0.6234994049, 0.02803775853], [-0.5582235319200295, 1.441725999035654]], "found_saddles": [[-0.8331553700588943, 0.6219246471977605]], "bias_count": 5000, "energy_calls_at_each_min": [1, 20021], "force_calls_at_each_min": [1, 20021], "min_height_scale": 3.0, "max_height_scale": 2.5, "min_cov_scale": 2.5, "max_cov_scale": 2.5}