{"run_id": 1885, "bias_std_dev_scale": 0.244521, "bias_height_fraction": 0.02, "perturbation_size": 0.005, "optimizer": "FIRE", "found_minima": [[0.6234994049, 0.02803775853], [-0.5582223705103383, 1.4417275654508026]], "found_saddles": [[-0.8012296732264307, 0.6185447509211575]], "bias_count": 5000, "energy_calls_at_each_min": [1, 26455], "force_calls_at_each_min": [1, 26455], "min_height_scale": 2.0, "max_height_scale": 2.0, "min_cov_scale": 3.0, "max_cov_scale": 2.0}