{"run_id": 693, "bias_std_dev_scale": 0.244521, "bias_height_fraction": 0.02, "perturbation_size": 0.005, "optimizer": "FIRE", "found_minima": [[0.6234994049, 0.02803775853], [-0.5582230938742799, 1.4417265117819402]], "found_saddles": [[-0.8302173382513505, 0.6419229952276055]], "bias_count": 5000, "energy_calls_at_each_min": [1, 16686], "force_calls_at_each_min": [1, 16686], "min_height_scale": 2.5, "max_height_scale": 3.0, "min_cov_scale": 2.0, "max_cov_scale": 2.0}