{"run_id": 1420, "bias_std_dev_scale": 0.244521, "bias_height_fraction": 0.02, "perturbation_size": 0.005, "optimizer": "FIRE", "found_minima": [[0.6234994049, 0.02803775853], [-0.05041159129205361, 0.4668504238096268], [-0.5582236331300519, 1.4417258393158983]], "found_saddles": [[0.22750044091066085, 0.3303579337028942], [-0.8360017121200655, 0.6164106865497281]], "bias_count": 352, "energy_calls_at_each_min": [1, 7577, 40853], "force_calls_at_each_min": [1, 7577, 40853], "min_height_scale": 2.5, "max_height_scale": 1.5, "min_cov_scale": 3.0, "max_cov_scale": 1.5}