{"run_id": 2154, "bias_std_dev_scale": 0.244521, "bias_height_fraction": 0.02, "perturbation_size": 0.005, "optimizer": "FIRE", "found_minima": [[0.6234994049, 0.02803775853], [-0.5582220570279445, 1.4417279862594379]], "found_saddles": [[-0.7414492704290013, 0.6847625784739284]], "bias_count": 5000, "energy_calls_at_each_min": [1, 23655], "force_calls_at_each_min": [1, 23655], "min_height_scale": 2.0, "max_height_scale": 2.5, "min_cov_scale": 2.5, "max_cov_scale": 2.5}