{"run_id": 1790, "bias_std_dev_scale": 0.244521, "bias_height_fraction": 0.02, "perturbation_size": 0.005, "optimizer": "FIRE", "found_minima": [[0.6234994049, 0.02803775853], [-0.050145235884524915, 0.46671424614998464], [-0.5582220836007911, 1.4417278305920487]], "found_saddles": [[0.2062988730759999, 0.2889291142160694], [-0.7987828490233488, 0.6232604569136504]], "bias_count": 156, "energy_calls_at_each_min": [1, 3384, 18740], "force_calls_at_each_min": [1, 3384, 18740], "min_height_scale": 3.0, "max_height_scale": 3.0, "min_cov_scale": 3.0, "max_cov_scale": 2.5}