{"run_id": 2188, "bias_std_dev_scale": 0.244521, "bias_height_fraction": 0.02, "perturbation_size": 0.005, "optimizer": "FIRE", "found_minima": [[0.6234994049, 0.02803775853], [-0.5582236394863214, 1.4417258418206897]], "found_saddles": [[-0.8182256367760092, 0.5975394135753398]], "bias_count": 5000, "energy_calls_at_each_min": [1, 35456], "force_calls_at_each_min": [1, 35456], "min_height_scale": 2.5, "max_height_scale": 1.5, "min_cov_scale": 3.0, "max_cov_scale": 1.5}