{"run_id": 231, "bias_std_dev_scale": 0.244521, "bias_height_fraction": 0.02, "perturbation_size": 0.005, "optimizer": "FIRE", "found_minima": [[0.6234994049, 0.02803775853], [-0.5582171007086851, 1.441734202043722]], "found_saddles": [[-0.831938842555355, 0.600917408518319]], "bias_count": 5000, "energy_calls_at_each_min": [1, 15976], "force_calls_at_each_min": [1, 15976], "min_height_scale": 3.0, "max_height_scale": 2.5, "min_cov_scale": 2.0, "max_cov_scale": 3.0}