{"run_id": 1007, "bias_std_dev_scale": 0.244521, "bias_height_fraction": 0.02, "perturbation_size": 0.005, "optimizer": "FIRE", "found_minima": [[0.6234994049, 0.02803775853], [-0.5582235934551308, 1.4417259615954299]], "found_saddles": [[-0.7980511296174202, 0.6242059946789789]], "bias_count": 5000, "energy_calls_at_each_min": [1, 19961], "force_calls_at_each_min": [1, 19961], "min_height_scale": 3.0, "max_height_scale": 2.5, "min_cov_scale": 3.0, "max_cov_scale": 3.0}