{"run_id": 77, "bias_std_dev_scale": 0.244521, "bias_height_fraction": 0.02, "perturbation_size": 0.005, "optimizer": "FIRE", "found_minima": [[0.6234994049, 0.02803775853], [-0.5582231851982921, 1.441726439945698]], "found_saddles": [[-0.7974453651061691, 0.6435219495066223]], "bias_count": 5000, "energy_calls_at_each_min": [1, 35355], "force_calls_at_each_min": [1, 35355], "min_height_scale": 2.0, "max_height_scale": 1.5, "min_cov_scale": 3.0, "max_cov_scale": 2.0}