{"run_id": 3, "bias_std_dev_scale": 0.244521, "bias_height_fraction": 0.02, "perturbation_size": 0.005, "optimizer": "FIRE", "found_minima": [[0.6234994049, 0.02803775853], [-0.5582203474784905, 1.4417304790459287]], "found_saddles": [[-0.8854268048519507, 0.5500049389735994]], "bias_count": 5000, "energy_calls_at_each_min": [1, 31817], "force_calls_at_each_min": [1, 31817], "min_height_scale": 1.5, "max_height_scale": 1.5, "min_cov_scale": 1.5, "max_cov_scale": 3.0}