{"run_id": 1331, "bias_std_dev_scale": 0.244521, "bias_height_fraction": 0.02, "perturbation_size": 0.005, "optimizer": "FIRE", "found_minima": [[0.6234994049, 0.02803775853], [-0.5582236228131995, 1.4417258624433182]], "found_saddles": [[-0.8061988947501895, 0.6439308704195265]], "bias_count": 5000, "energy_calls_at_each_min": [1, 14746], "force_calls_at_each_min": [1, 14746], "min_height_scale": 1.5, "max_height_scale": 3.0, "min_cov_scale": 1.5, "max_cov_scale": 3.0}