{"run_id": 2495, "bias_std_dev_scale": 0.244521, "bias_height_fraction": 0.02, "perturbation_size": 0.005, "optimizer": "FIRE", "found_minima": [[0.6234994049, 0.02803775853], [-0.5582132567343503, 1.4417383342218542]], "found_saddles": [[-0.825806418337006, 0.6118761208276423]], "bias_count": 5000, "energy_calls_at_each_min": [1, 14392], "force_calls_at_each_min": [1, 14392], "min_height_scale": 2.5, "max_height_scale": 3.0, "min_cov_scale": 3.0, "max_cov_scale": 3.0}