{"run_id": 1312, "bias_std_dev_scale": 0.244521, "bias_height_fraction": 0.02, "perturbation_size": 0.005, "optimizer": "FIRE", "found_minima": [[0.6234994049, 0.02803775853], [-0.5582236365197619, 1.4417258424681603]], "found_saddles": [[-0.8442613616310389, 0.5593113113863452]], "bias_count": 5000, "energy_calls_at_each_min": [1, 20983], "force_calls_at_each_min": [1, 20983], "min_height_scale": 1.5, "max_height_scale": 2.5, "min_cov_scale": 1.5, "max_cov_scale": 1.5}