{"run_id": 1407, "bias_std_dev_scale": 0.244521, "bias_height_fraction": 0.02, "perturbation_size": 0.005, "optimizer": "FIRE", "found_minima": [[0.6234994049, 0.02803775853], [-0.5581926637732426, 1.4417690891400887]], "found_saddles": [[-0.8250102541054846, 0.6193395163407497]], "bias_count": 5000, "energy_calls_at_each_min": [1, 18560], "force_calls_at_each_min": [1, 18560], "min_height_scale": 2.0, "max_height_scale": 3.0, "min_cov_scale": 3.0, "max_cov_scale": 3.0}