{"run_id": 1841, "bias_std_dev_scale": 0.244521, "bias_height_fraction": 0.02, "perturbation_size": 0.005, "optimizer": "FIRE", "found_minima": [[0.6234994049, 0.02803775853], [-0.5582232858037899, 1.4417263379200889]], "found_saddles": [[-0.8461833940866066, 0.6277587391536835]], "bias_count": 5000, "energy_calls_at_each_min": [1, 16753], "force_calls_at_each_min": [1, 16753], "min_height_scale": 1.5, "max_height_scale": 3.0, "min_cov_scale": 1.5, "max_cov_scale": 2.0}