{"run_id": 2107, "bias_std_dev_scale": 0.244521, "bias_height_fraction": 0.02, "perturbation_size": 0.005, "optimizer": "FIRE", "found_minima": [[0.6234994049, 0.02803775853], [-0.5582104395250322, 1.4417427435247325]], "found_saddles": [[-0.8567133252601035, 0.5871599577042854]], "bias_count": 5000, "energy_calls_at_each_min": [1, 16586], "force_calls_at_each_min": [1, 16586], "min_height_scale": 1.5, "max_height_scale": 3.0, "min_cov_scale": 2.5, "max_cov_scale": 3.0}