{"run_id": 512, "bias_std_dev_scale": 0.244521, "bias_height_fraction": 0.02, "perturbation_size": 0.005, "optimizer": "FIRE", "found_minima": [[0.6234994049, 0.02803775853], [-0.5582236433305598, 1.441725831544236]], "found_saddles": [[-0.8396590024007696, 0.623687339159824]], "bias_count": 5000, "energy_calls_at_each_min": [1, 26005], "force_calls_at_each_min": [1, 26005], "min_height_scale": 1.5, "max_height_scale": 1.5, "min_cov_scale": 1.5, "max_cov_scale": 1.5}