{"run_id": 148, "bias_std_dev_scale": 0.244521, "bias_height_fraction": 0.02, "perturbation_size": 0.005, "optimizer": "FIRE", "found_minima": [[0.6234994049, 0.02803775853], [-0.558223650221802, 1.4417258255997725]], "found_saddles": [[-0.8105089289143861, 0.6145586872878384]], "bias_count": 5000, "energy_calls_at_each_min": [1, 21966], "force_calls_at_each_min": [1, 21966], "min_height_scale": 2.5, "max_height_scale": 2.0, "min_cov_scale": 2.0, "max_cov_scale": 1.5}