{"run_id": 1729, "bias_std_dev_scale": 0.244521, "bias_height_fraction": 0.02, "perturbation_size": 0.005, "optimizer": "FIRE", "found_minima": [[0.6234994049, 0.02803775853], [-0.5582236141480942, 1.4417258630113512]], "found_saddles": [[-0.8192427480630449, 0.598786539194424]], "bias_count": 5000, "energy_calls_at_each_min": [1, 22605], "force_calls_at_each_min": [1, 22605], "min_height_scale": 3.0, "max_height_scale": 1.5, "min_cov_scale": 1.5, "max_cov_scale": 2.0}