{"run_id": 1218, "bias_std_dev_scale": 0.244521, "bias_height_fraction": 0.02, "perturbation_size": 0.005, "optimizer": "FIRE", "found_minima": [[0.6234994049, 0.02803775853], [-0.5582235885211718, 1.4417259229512571]], "found_saddles": [[-0.8101232421189645, 0.6244761709437864]], "bias_count": 5000, "energy_calls_at_each_min": [1, 25147], "force_calls_at_each_min": [1, 25147], "min_height_scale": 3.0, "max_height_scale": 1.5, "min_cov_scale": 1.5, "max_cov_scale": 2.5}