{"run_id": 2288, "bias_std_dev_scale": 0.244521, "bias_height_fraction": 0.02, "perturbation_size": 0.005, "optimizer": "FIRE", "found_minima": [[0.6234994049, 0.02803775853], [-0.5582235939414443, 1.4417259001673046]], "found_saddles": [[-0.8362962842435965, 0.6281668735750358]], "bias_count": 5000, "energy_calls_at_each_min": [1, 16142], "force_calls_at_each_min": [1, 16142], "min_height_scale": 3.0, "max_height_scale": 3.0, "min_cov_scale": 1.5, "max_cov_scale": 1.5}