{"run_id": 994, "bias_std_dev_scale": 0.244521, "bias_height_fraction": 0.02, "perturbation_size": 0.005, "optimizer": "FIRE", "found_minima": [[0.6234994049, 0.02803775853], [-0.5582236001895817, 1.4417259173406198]], "found_saddles": [[-0.8404396445765729, 0.6253699091705828]], "bias_count": 5000, "energy_calls_at_each_min": [1, 17509], "force_calls_at_each_min": [1, 17509], "min_height_scale": 3.0, "max_height_scale": 2.5, "min_cov_scale": 1.5, "max_cov_scale": 2.5}