{"run_id": 383, "bias_std_dev_scale": 0.244521, "bias_height_fraction": 0.02, "perturbation_size": 0.005, "optimizer": "FIRE", "found_minima": [[0.6234994049, 0.02803775853], [-0.5582230108283927, 1.4417268450088316]], "found_saddles": [[-0.7320919184983591, 0.7455826006461113]], "bias_count": 5000, "energy_calls_at_each_min": [1, 16286], "force_calls_at_each_min": [1, 16286], "min_height_scale": 2.0, "max_height_scale": 3.0, "min_cov_scale": 3.0, "max_cov_scale": 3.0}