{"run_id": 739, "bias_std_dev_scale": 0.244521, "bias_height_fraction": 0.02, "perturbation_size": 0.005, "optimizer": "FIRE", "found_minima": [[0.6234994049, 0.02803775853], [-0.5582233923718923, 1.4417262746931556]], "found_saddles": [[-0.7960663488130715, 0.6270187124852477]], "bias_count": 5000, "energy_calls_at_each_min": [1, 15701], "force_calls_at_each_min": [1, 15701], "min_height_scale": 3.0, "max_height_scale": 2.5, "min_cov_scale": 1.5, "max_cov_scale": 3.0}