{"run_id": 2257, "bias_std_dev_scale": 0.244521, "bias_height_fraction": 0.02, "perturbation_size": 0.005, "optimizer": "FIRE", "found_minima": [[0.6234994049, 0.02803775853], [-0.5582236514985192, 1.4417258256250247]], "found_saddles": [[-0.8304937840928772, 0.6061099764451047]], "bias_count": 5000, "energy_calls_at_each_min": [1, 19431], "force_calls_at_each_min": [1, 19431], "min_height_scale": 3.0, "max_height_scale": 2.0, "min_cov_scale": 1.5, "max_cov_scale": 2.0}