{"run_id": 899, "bias_std_dev_scale": 0.244521, "bias_height_fraction": 0.02, "perturbation_size": 0.005, "optimizer": "FIRE", "found_minima": [[0.6234994049, 0.02803775853], [-0.5582235248643663, 1.4417260490807609]], "found_saddles": [[-0.8619622019629554, 0.6105438212810389]], "bias_count": 5000, "energy_calls_at_each_min": [1, 26176], "force_calls_at_each_min": [1, 26176], "min_height_scale": 2.5, "max_height_scale": 1.5, "min_cov_scale": 1.5, "max_cov_scale": 3.0}