{"run_id": 169, "bias_std_dev_scale": 0.244521, "bias_height_fraction": 0.02, "perturbation_size": 0.005, "optimizer": "FIRE", "found_minima": [[0.6234994049, 0.02803775853], [-0.5582228128529924, 1.4417267810397452]], "found_saddles": [[-0.806447326668697, 0.6266512705790864]], "bias_count": 5000, "energy_calls_at_each_min": [1, 20946], "force_calls_at_each_min": [1, 20946], "min_height_scale": 2.5, "max_height_scale": 2.5, "min_cov_scale": 2.5, "max_cov_scale": 2.0}