{"run_id": 1316, "bias_std_dev_scale": 0.244521, "bias_height_fraction": 0.02, "perturbation_size": 0.005, "optimizer": "FIRE", "found_minima": [[0.6234994049, 0.02803775853], [-0.5582236208643973, 1.4417258571638285]], "found_saddles": [[-0.8396804530089945, 0.6249863917113325]], "bias_count": 5000, "energy_calls_at_each_min": [1, 17366], "force_calls_at_each_min": [1, 17366], "min_height_scale": 1.5, "max_height_scale": 2.5, "min_cov_scale": 2.0, "max_cov_scale": 1.5}