{"run_id": 1036, "bias_std_dev_scale": 0.244521, "bias_height_fraction": 0.02, "perturbation_size": 0.005, "optimizer": "FIRE", "found_minima": [[0.6234994049, 0.02803775853], [-0.5582236472132771, 1.4417258310009378]], "found_saddles": [[-0.8382313847398991, 0.6129965265524878]], "bias_count": 5000, "energy_calls_at_each_min": [1, 40528], "force_calls_at_each_min": [1, 40528], "min_height_scale": 1.5, "max_height_scale": 1.5, "min_cov_scale": 3.0, "max_cov_scale": 1.5}