{"run_id": 793, "bias_std_dev_scale": 0.244521, "bias_height_fraction": 0.02, "perturbation_size": 0.005, "optimizer": "FIRE", "found_minima": [[0.6234994049, 0.02803775853], [-0.050442204586241664, 0.4668051871602502], [-0.5582236278764996, 1.441725846884711]], "found_saddles": [[0.20997611591178228, 0.2628154244934027], [-0.8101709161423987, 0.6339760789582413]], "bias_count": 233, "energy_calls_at_each_min": [1, 4859, 27083], "force_calls_at_each_min": [1, 4859, 27083], "min_height_scale": 1.5, "max_height_scale": 2.0, "min_cov_scale": 2.5, "max_cov_scale": 2.0}