{"run_id": 506, "bias_std_dev_scale": 0.244521, "bias_height_fraction": 0.02, "perturbation_size": 0.005, "optimizer": "FIRE", "found_minima": [[0.6234994049, 0.02803775853], [-0.5582187252994589, 1.4417319676376654]], "found_saddles": [[-0.8391154040708212, 0.619720100850254]], "bias_count": 5000, "energy_calls_at_each_min": [1, 15013], "force_calls_at_each_min": [1, 15013], "min_height_scale": 3.0, "max_height_scale": 3.0, "min_cov_scale": 2.5, "max_cov_scale": 2.5}