{"run_id": 1728, "bias_std_dev_scale": 0.244521, "bias_height_fraction": 0.02, "perturbation_size": 0.005, "optimizer": "FIRE", "found_minima": [[0.6234994049, 0.02803775853], [-0.5582236162545495, 1.4417258602899192]], "found_saddles": [[-0.8385486149639019, 0.6231236656539061]], "bias_count": 5000, "energy_calls_at_each_min": [1, 31240], "force_calls_at_each_min": [1, 31240], "min_height_scale": 3.0, "max_height_scale": 1.5, "min_cov_scale": 1.5, "max_cov_scale": 1.5}