{"run_id": 1424, "bias_std_dev_scale": 0.244521, "bias_height_fraction": 0.02, "perturbation_size": 0.005, "optimizer": "FIRE", "found_minima": [[0.6234994049, 0.02803775853], [-0.5582236507078366, 1.441725826452505]], "found_saddles": [[-0.8215499545191718, 0.6069824960403614]], "bias_count": 5000, "energy_calls_at_each_min": [1, 24383], "force_calls_at_each_min": [1, 24383], "min_height_scale": 2.5, "max_height_scale": 2.0, "min_cov_scale": 1.5, "max_cov_scale": 1.5}