{"run_id": 2129, "bias_std_dev_scale": 0.244521, "bias_height_fraction": 0.02, "perturbation_size": 0.005, "optimizer": "FIRE", "found_minima": [[0.6234994049, 0.02803775853], [-0.5582236167585005, 1.4417258616499748]], "found_saddles": [[-0.8277260938521896, 0.6179927195089725]], "bias_count": 5000, "energy_calls_at_each_min": [1, 23706], "force_calls_at_each_min": [1, 23706], "min_height_scale": 2.0, "max_height_scale": 2.0, "min_cov_scale": 1.5, "max_cov_scale": 2.0}