{"run_id": 60, "bias_std_dev_scale": 0.244521, "bias_height_fraction": 0.02, "perturbation_size": 0.005, "optimizer": "FIRE", "found_minima": [[0.6234994049, 0.02803775853], [-0.5582236318606563, 1.4417258450208092]], "found_saddles": [[-0.8457129347391994, 0.6161504601813229]], "bias_count": 5000, "energy_calls_at_each_min": [1, 20066], "force_calls_at_each_min": [1, 20066], "min_height_scale": 1.5, "max_height_scale": 3.0, "min_cov_scale": 3.0, "max_cov_scale": 1.5}