{"run_id": 1272, "bias_std_dev_scale": 0.244521, "bias_height_fraction": 0.02, "perturbation_size": 0.005, "optimizer": "FIRE", "found_minima": [[0.6234994049, 0.02803775853], [-0.05015682705022023, 0.4667255423077499], [-0.5582236316964371, 1.4417258414635745]], "found_saddles": [[0.15684379019178193, 0.2705044684870153], [-0.8260253454465705, 0.6219143655604917]], "bias_count": 154, "energy_calls_at_each_min": [1, 4427, 18185], "force_calls_at_each_min": [1, 4427, 18185], "min_height_scale": 3.0, "max_height_scale": 3.0, "min_cov_scale": 2.5, "max_cov_scale": 1.5}