{"run_id": 2250, "bias_std_dev_scale": 0.244521, "bias_height_fraction": 0.02, "perturbation_size": 0.005, "optimizer": "FIRE", "found_minima": [[0.6234994049, 0.02803775853], [-0.5582235451411248, 1.4417259691853457]], "found_saddles": [[-0.876984403676493, 0.6035591436673065]], "bias_count": 5000, "energy_calls_at_each_min": [1, 35895], "force_calls_at_each_min": [1, 35895], "min_height_scale": 3.0, "max_height_scale": 1.5, "min_cov_scale": 2.5, "max_cov_scale": 2.5}