{"run_id": 829, "bias_std_dev_scale": 0.244521, "bias_height_fraction": 0.02, "perturbation_size": 0.005, "optimizer": "FIRE", "found_minima": [[0.6234994049, 0.02803775853], [-0.558223017801794, 1.441726621160455]], "found_saddles": [[-0.8577321803556324, 0.5911995639682612]], "bias_count": 5000, "energy_calls_at_each_min": [1, 20661], "force_calls_at_each_min": [1, 20661], "min_height_scale": 1.5, "max_height_scale": 3.0, "min_cov_scale": 3.0, "max_cov_scale": 2.0}