{"run_id": 1871, "bias_std_dev_scale": 0.244521, "bias_height_fraction": 0.02, "perturbation_size": 0.005, "optimizer": "FIRE", "found_minima": [[0.6234994049, 0.02803775853], [-0.5582210614970989, 1.441729814627044]], "found_saddles": [[-0.816512937772385, 0.6348986079370138]], "bias_count": 5000, "energy_calls_at_each_min": [1, 30908], "force_calls_at_each_min": [1, 30908], "min_height_scale": 2.0, "max_height_scale": 1.5, "min_cov_scale": 3.0, "max_cov_scale": 3.0}