{"run_id": 109, "bias_std_dev_scale": 0.244521, "bias_height_fraction": 0.02, "perturbation_size": 0.005, "optimizer": "FIRE", "found_minima": [[0.6234994049, 0.02803775853], [-0.5582236495569117, 1.4417258298375877]], "found_saddles": [[-0.8258733297441357, 0.6588720808855746]], "bias_count": 5000, "energy_calls_at_each_min": [1, 24609], "force_calls_at_each_min": [1, 24609], "min_height_scale": 2.0, "max_height_scale": 2.5, "min_cov_scale": 3.0, "max_cov_scale": 2.0}