{"run_id": 1026, "bias_std_dev_scale": 0.244521, "bias_height_fraction": 0.02, "perturbation_size": 0.005, "optimizer": "FIRE", "found_minima": [[0.6234994049, 0.02803775853], [-0.5582212107681255, 1.4417290417128474]], "found_saddles": [[-0.8297286461617017, 0.6298802508689099]], "bias_count": 5000, "energy_calls_at_each_min": [1, 22829], "force_calls_at_each_min": [1, 22829], "min_height_scale": 1.5, "max_height_scale": 1.5, "min_cov_scale": 1.5, "max_cov_scale": 2.5}