{"run_id": 1549, "bias_std_dev_scale": 0.244521, "bias_height_fraction": 0.02, "perturbation_size": 0.005, "optimizer": "FIRE", "found_minima": [[0.6234994049, 0.02803775853], [-0.5582235801098115, 1.441725917507982]], "found_saddles": [[-0.8135861235346384, 0.5997240057809738]], "bias_count": 5000, "energy_calls_at_each_min": [1, 36446], "force_calls_at_each_min": [1, 36446], "min_height_scale": 1.5, "max_height_scale": 1.5, "min_cov_scale": 3.0, "max_cov_scale": 2.0}