{"run_id": 2321, "bias_std_dev_scale": 0.244521, "bias_height_fraction": 0.02, "perturbation_size": 0.005, "optimizer": "FIRE", "found_minima": [[0.6234994049, 0.02803775853], [-0.5582233537613198, 1.4417261930885767]], "found_saddles": [[-0.8126581066050387, 0.6447270045779455]], "bias_count": 5000, "energy_calls_at_each_min": [1, 20179], "force_calls_at_each_min": [1, 20179], "min_height_scale": 1.5, "max_height_scale": 2.0, "min_cov_scale": 1.5, "max_cov_scale": 2.0}