{"run_id": 892, "bias_std_dev_scale": 0.244521, "bias_height_fraction": 0.02, "perturbation_size": 0.005, "optimizer": "FIRE", "found_minima": [[0.6234994049, 0.02803775853], [-0.5582236256490914, 1.441725856438294]], "found_saddles": [[-0.8364123850511711, 0.5785087251740452]], "bias_count": 5000, "energy_calls_at_each_min": [1, 23815], "force_calls_at_each_min": [1, 23815], "min_height_scale": 2.0, "max_height_scale": 3.0, "min_cov_scale": 3.0, "max_cov_scale": 1.5}