{"run_id": 771, "bias_std_dev_scale": 0.244521, "bias_height_fraction": 0.02, "perturbation_size": 0.005, "optimizer": "FIRE", "found_minima": [[0.6234994049, 0.02803775853], [-0.55822274904439, 1.4417270327377183]], "found_saddles": [[-0.838766630573208, 0.6240559104200735]], "bias_count": 5000, "energy_calls_at_each_min": [1, 25709], "force_calls_at_each_min": [1, 25709], "min_height_scale": 1.5, "max_height_scale": 1.5, "min_cov_scale": 1.5, "max_cov_scale": 3.0}