{"run_id": 14, "bias_std_dev_scale": 0.244521, "bias_height_fraction": 0.02, "perturbation_size": 0.005, "optimizer": "FIRE", "found_minima": [[0.6234994049, 0.02803775853], [-0.5582235903033367, 1.4417261827646715]], "found_saddles": [[-0.783173771899337, 0.633907851240768]], "bias_count": 5000, "energy_calls_at_each_min": [1, 36780], "force_calls_at_each_min": [1, 36780], "min_height_scale": 1.5, "max_height_scale": 1.5, "min_cov_scale": 3.0, "max_cov_scale": 2.5}