{"run_id": 1101, "bias_std_dev_scale": 0.244521, "bias_height_fraction": 0.02, "perturbation_size": 0.005, "optimizer": "FIRE", "found_minima": [[0.6234994049, 0.02803775853], [-0.5582236309484728, 1.441725847321027]], "found_saddles": [[-0.8105866976200922, 0.6383101014790681]], "bias_count": 5000, "energy_calls_at_each_min": [1, 35545], "force_calls_at_each_min": [1, 35545], "min_height_scale": 2.0, "max_height_scale": 1.5, "min_cov_scale": 3.0, "max_cov_scale": 2.0}