{"run_id": 1476, "bias_std_dev_scale": 0.244521, "bias_height_fraction": 0.02, "perturbation_size": 0.005, "optimizer": "FIRE", "found_minima": [[0.6234994049, 0.02803775853], [-0.5582236475712633, 1.4417258312630448]], "found_saddles": [[-0.8641560010996513, 0.5751439773277978]], "bias_count": 5000, "energy_calls_at_each_min": [1, 39931], "force_calls_at_each_min": [1, 39931], "min_height_scale": 3.0, "max_height_scale": 1.5, "min_cov_scale": 2.0, "max_cov_scale": 1.5}