{"run_id": 2123, "bias_std_dev_scale": 0.244521, "bias_height_fraction": 0.02, "perturbation_size": 0.005, "optimizer": "FIRE", "found_minima": [[0.6234994049, 0.02803775853], [-0.558211739278267, 1.4417433281593888]], "found_saddles": [[-0.7515272833665319, 0.6632669340851248]], "bias_count": 5000, "energy_calls_at_each_min": [1, 31115], "force_calls_at_each_min": [1, 31115], "min_height_scale": 2.0, "max_height_scale": 1.5, "min_cov_scale": 2.5, "max_cov_scale": 3.0}