{"run_id": 1974, "bias_std_dev_scale": 0.244521, "bias_height_fraction": 0.02, "perturbation_size": 0.005, "optimizer": "FIRE", "found_minima": [[0.6234994049, 0.02803775853], [-0.5582202538353785, 1.441730719702712]], "found_saddles": [[-0.8366343555543313, 0.6290893052770371]], "bias_count": 5000, "energy_calls_at_each_min": [1, 18408], "force_calls_at_each_min": [1, 18408], "min_height_scale": 2.5, "max_height_scale": 3.0, "min_cov_scale": 2.0, "max_cov_scale": 2.5}