{"run_id": 869, "bias_std_dev_scale": 0.244521, "bias_height_fraction": 0.02, "perturbation_size": 0.005, "optimizer": "FIRE", "found_minima": [[0.6234994049, 0.02803775853], [-0.5582236159008211, 1.4417258885382818]], "found_saddles": [[-0.8832821011704356, 0.5763278375549714]], "bias_count": 5000, "energy_calls_at_each_min": [1, 19951], "force_calls_at_each_min": [1, 19951], "min_height_scale": 2.0, "max_height_scale": 2.5, "min_cov_scale": 2.0, "max_cov_scale": 2.0}