{"run_id": 873, "bias_std_dev_scale": 0.244521, "bias_height_fraction": 0.02, "perturbation_size": 0.005, "optimizer": "FIRE", "found_minima": [[0.6234994049, 0.02803775853], [-0.5582228456945487, 1.4417267862951095]], "found_saddles": [[-0.8207432392378339, 0.6138876847315735]], "bias_count": 5000, "energy_calls_at_each_min": [1, 20409], "force_calls_at_each_min": [1, 20409], "min_height_scale": 2.0, "max_height_scale": 2.5, "min_cov_scale": 2.5, "max_cov_scale": 2.0}