{"run_id": 1724, "bias_std_dev_scale": 0.244521, "bias_height_fraction": 0.02, "perturbation_size": 0.005, "optimizer": "FIRE", "found_minima": [[0.6234994049, 0.02803775853], [-0.050390929737418926, 0.4668228260486166], [-0.5582235480695146, 1.4417259633206532]], "found_saddles": [[0.24276510032868964, 0.3217335106041635], [-0.8600754065852527, 0.6016883372220666]], "bias_count": 188, "energy_calls_at_each_min": [1, 4186, 21880], "force_calls_at_each_min": [1, 4186, 21880], "min_height_scale": 2.5, "max_height_scale": 3.0, "min_cov_scale": 3.0, "max_cov_scale": 1.5}