{"run_id": 1946, "bias_std_dev_scale": 0.244521, "bias_height_fraction": 0.02, "perturbation_size": 0.005, "optimizer": "FIRE", "found_minima": [[0.6234994049, 0.02803775853], [-0.5582227134671314, 1.4417270627098018]], "found_saddles": [[-0.8217434526488041, 0.6271847627419065]], "bias_count": 5000, "energy_calls_at_each_min": [1, 22369], "force_calls_at_each_min": [1, 22369], "min_height_scale": 2.5, "max_height_scale": 2.0, "min_cov_scale": 2.5, "max_cov_scale": 2.5}