{"run_id": 2173, "bias_std_dev_scale": 0.244521, "bias_height_fraction": 0.02, "perturbation_size": 0.005, "optimizer": "FIRE", "found_minima": [[0.6234994049, 0.02803775853], [-0.5582236375465801, 1.4417258425298862]], "found_saddles": [[-0.8203145679038139, 0.6220008921296807]], "bias_count": 5000, "energy_calls_at_each_min": [1, 17715], "force_calls_at_each_min": [1, 17715], "min_height_scale": 2.0, "max_height_scale": 3.0, "min_cov_scale": 3.0, "max_cov_scale": 2.0}