{"run_id": 2409, "bias_std_dev_scale": 0.244521, "bias_height_fraction": 0.02, "perturbation_size": 0.005, "optimizer": "FIRE", "found_minima": [[0.6234994049, 0.02803775853], [-0.0501203915857079, 0.46671718064740647], [-0.5582229870107831, 1.4417267602175554]], "found_saddles": [[0.24440895689297218, 0.3228586329248011], [-0.8226354715903071, 0.6155312065580713]], "bias_count": 185, "energy_calls_at_each_min": [1, 3526, 21721], "force_calls_at_each_min": [1, 3526, 21721], "min_height_scale": 2.0, "max_height_scale": 2.5, "min_cov_scale": 2.5, "max_cov_scale": 2.0}