{"run_id": 1540, "bias_std_dev_scale": 0.244521, "bias_height_fraction": 0.02, "perturbation_size": 0.005, "optimizer": "FIRE", "found_minima": [[0.6234994049, 0.02803775853], [-0.55822365091276, 1.441725827128346]], "found_saddles": [[-0.7978256233942047, 0.6201102024942574]], "bias_count": 5000, "energy_calls_at_each_min": [1, 37235], "force_calls_at_each_min": [1, 37235], "min_height_scale": 1.5, "max_height_scale": 1.5, "min_cov_scale": 2.0, "max_cov_scale": 1.5}