{"run_id": 617, "bias_std_dev_scale": 0.244521, "bias_height_fraction": 0.02, "perturbation_size": 0.005, "optimizer": "FIRE", "found_minima": [[0.6234994049, 0.02803775853], [-0.5582231983425708, 1.441726362861085]], "found_saddles": [[-0.8360925335674235, 0.62429745189191]], "bias_count": 5000, "energy_calls_at_each_min": [1, 19451], "force_calls_at_each_min": [1, 19451], "min_height_scale": 2.0, "max_height_scale": 2.5, "min_cov_scale": 2.5, "max_cov_scale": 2.0}