{"run_id": 579, "bias_std_dev_scale": 0.244521, "bias_height_fraction": 0.02, "perturbation_size": 0.005, "optimizer": "FIRE", "found_minima": [[0.6234994049, 0.02803775853], [-0.5582205720373232, 1.4417303643777344]], "found_saddles": [[-0.8450614861913744, 0.5632841037674134]], "bias_count": 5000, "energy_calls_at_each_min": [1, 25863], "force_calls_at_each_min": [1, 25863], "min_height_scale": 2.0, "max_height_scale": 1.5, "min_cov_scale": 1.5, "max_cov_scale": 3.0}