{"run_id": 999, "bias_std_dev_scale": 0.244521, "bias_height_fraction": 0.02, "perturbation_size": 0.005, "optimizer": "FIRE", "found_minima": [[0.6234994049, 0.02803775853], [-0.5582115786678119, 1.4417436601897538]], "found_saddles": [[-0.8630659700003411, 0.6096114026965769]], "bias_count": 5000, "energy_calls_at_each_min": [1, 17530], "force_calls_at_each_min": [1, 17530], "min_height_scale": 3.0, "max_height_scale": 2.5, "min_cov_scale": 2.0, "max_cov_scale": 3.0}