{"run_id": 2389, "bias_std_dev_scale": 0.244521, "bias_height_fraction": 0.02, "perturbation_size": 0.005, "optimizer": "FIRE", "found_minima": [[0.6234994049, 0.02803775853], [-0.5582235221046912, 1.4417259885782847]], "found_saddles": [[-0.836442784436926, 0.6059936274518362]], "bias_count": 5000, "energy_calls_at_each_min": [1, 21306], "force_calls_at_each_min": [1, 21306], "min_height_scale": 2.0, "max_height_scale": 2.0, "min_cov_scale": 2.0, "max_cov_scale": 2.0}