{"run_id": 713, "bias_std_dev_scale": 0.244521, "bias_height_fraction": 0.02, "perturbation_size": 0.005, "optimizer": "FIRE", "found_minima": [[0.6234994049, 0.02803775853], [-0.5582236331474966, 1.4417258474665642]], "found_saddles": [[-0.797129858653698, 0.6189720752947112]], "bias_count": 5000, "energy_calls_at_each_min": [1, 36259], "force_calls_at_each_min": [1, 36259], "min_height_scale": 3.0, "max_height_scale": 1.5, "min_cov_scale": 2.5, "max_cov_scale": 2.0}