{"run_id": 1395, "bias_std_dev_scale": 0.244521, "bias_height_fraction": 0.02, "perturbation_size": 0.005, "optimizer": "FIRE", "found_minima": [[0.6234994049, 0.02803775853], [-0.55822362317205, 1.441725901280613]], "found_saddles": [[-0.8319517195209795, 0.6129609797594338]], "bias_count": 5000, "energy_calls_at_each_min": [1, 12544], "force_calls_at_each_min": [1, 12544], "min_height_scale": 2.0, "max_height_scale": 3.0, "min_cov_scale": 1.5, "max_cov_scale": 3.0}