{"run_id": 633, "bias_std_dev_scale": 0.244521, "bias_height_fraction": 0.02, "perturbation_size": 0.005, "optimizer": "FIRE", "found_minima": [[0.6234994049, 0.02803775853], [-0.5582232560678952, 1.44172628590041]], "found_saddles": [[-0.8374637360190642, 0.6142224779696566]], "bias_count": 5000, "energy_calls_at_each_min": [1, 14340], "force_calls_at_each_min": [1, 14340], "min_height_scale": 2.0, "max_height_scale": 3.0, "min_cov_scale": 2.5, "max_cov_scale": 2.0}