{"run_id": 217, "bias_std_dev_scale": 0.244521, "bias_height_fraction": 0.02, "perturbation_size": 0.005, "optimizer": "FIRE", "found_minima": [[0.6234994049, 0.02803775853], [-0.5582233537088087, 1.4417261958134069]], "found_saddles": [[-0.8231984797420009, 0.6203760628098538]], "bias_count": 5000, "energy_calls_at_each_min": [1, 25725], "force_calls_at_each_min": [1, 25725], "min_height_scale": 3.0, "max_height_scale": 2.0, "min_cov_scale": 2.5, "max_cov_scale": 2.0}