{"run_id": 2419, "bias_std_dev_scale": 0.244521, "bias_height_fraction": 0.02, "perturbation_size": 0.005, "optimizer": "FIRE", "found_minima": [[0.6234994049, 0.02803775853], [-0.558223056299005, 1.441726572020084]], "found_saddles": [[-0.8260951348084173, 0.636699697418674]], "bias_count": 5000, "energy_calls_at_each_min": [1, 15052], "force_calls_at_each_min": [1, 15052], "min_height_scale": 2.0, "max_height_scale": 3.0, "min_cov_scale": 1.5, "max_cov_scale": 3.0}