{"run_id": 176, "bias_std_dev_scale": 0.244521, "bias_height_fraction": 0.02, "perturbation_size": 0.005, "optimizer": "FIRE", "found_minima": [[0.6234994049, 0.02803775853], [-0.5582236562195759, 1.4417258197329623]], "found_saddles": [[-0.8103283460272023, 0.6187371487542906]], "bias_count": 5000, "energy_calls_at_each_min": [1, 13613], "force_calls_at_each_min": [1, 13613], "min_height_scale": 2.5, "max_height_scale": 3.0, "min_cov_scale": 1.5, "max_cov_scale": 1.5}