{"run_id": 711, "bias_std_dev_scale": 0.244521, "bias_height_fraction": 0.02, "perturbation_size": 0.005, "optimizer": "FIRE", "found_minima": [[0.6234994049, 0.02803775853], [-0.5582231041312895, 1.441726548810741]], "found_saddles": [[-0.8175600475951651, 0.6180450296937621]], "bias_count": 5000, "energy_calls_at_each_min": [1, 25290], "force_calls_at_each_min": [1, 25290], "min_height_scale": 3.0, "max_height_scale": 1.5, "min_cov_scale": 2.0, "max_cov_scale": 3.0}