{"run_id": 456, "bias_std_dev_scale": 0.244521, "bias_height_fraction": 0.02, "perturbation_size": 0.005, "optimizer": "FIRE", "found_minima": [[0.6234994049, 0.02803775853], [-0.558223559852306, 1.4417259301514411]], "found_saddles": [[-0.8194147755395065, 0.639876844562291]], "bias_count": 5000, "energy_calls_at_each_min": [1, 38600], "force_calls_at_each_min": [1, 38600], "min_height_scale": 3.0, "max_height_scale": 1.5, "min_cov_scale": 2.5, "max_cov_scale": 1.5}