{"run_id": 1644, "bias_std_dev_scale": 0.244521, "bias_height_fraction": 0.02, "perturbation_size": 0.005, "optimizer": "FIRE", "found_minima": [[0.6234994049, 0.02803775853], [-0.050838864980757265, 0.46684466441687406], [-0.5582236439262238, 1.4417258325363225]], "found_saddles": [[0.16801039677986812, 0.24341827483596656], [-0.8462966025780478, 0.6100430959152002]], "bias_count": 212, "energy_calls_at_each_min": [1, 4465, 25938], "force_calls_at_each_min": [1, 4465, 25938], "min_height_scale": 2.0, "max_height_scale": 2.5, "min_cov_scale": 3.0, "max_cov_scale": 1.5}