{"run_id": 1180, "bias_std_dev_scale": 0.244521, "bias_height_fraction": 0.02, "perturbation_size": 0.005, "optimizer": "FIRE", "found_minima": [[0.6234994049, 0.02803775853], [-0.5582236267009324, 1.4417258503908177]], "found_saddles": [[-0.8320115358831446, 0.6259856106333926]], "bias_count": 5000, "energy_calls_at_each_min": [1, 34116], "force_calls_at_each_min": [1, 34116], "min_height_scale": 2.5, "max_height_scale": 2.0, "min_cov_scale": 3.0, "max_cov_scale": 1.5}