{"run_id": 2146, "bias_std_dev_scale": 0.244521, "bias_height_fraction": 0.02, "perturbation_size": 0.005, "optimizer": "FIRE", "found_minima": [[0.6234994049, 0.02803775853], [-0.5582153827132492, 1.4417371157904295]], "found_saddles": [[-0.8322952905008258, 0.6101375010096082]], "bias_count": 5000, "energy_calls_at_each_min": [1, 19406], "force_calls_at_each_min": [1, 19406], "min_height_scale": 2.0, "max_height_scale": 2.5, "min_cov_scale": 1.5, "max_cov_scale": 2.5}