{"run_id": 993, "bias_std_dev_scale": 0.244521, "bias_height_fraction": 0.02, "perturbation_size": 0.005, "optimizer": "FIRE", "found_minima": [[0.6234994049, 0.02803775853], [-0.5582232144796108, 1.4417263575523687]], "found_saddles": [[-0.8226693153868142, 0.6112319401804513]], "bias_count": 5000, "energy_calls_at_each_min": [1, 15572], "force_calls_at_each_min": [1, 15572], "min_height_scale": 3.0, "max_height_scale": 2.5, "min_cov_scale": 1.5, "max_cov_scale": 2.0}