{"run_id": 2354, "bias_std_dev_scale": 0.244521, "bias_height_fraction": 0.02, "perturbation_size": 0.005, "optimizer": "FIRE", "found_minima": [[0.6234994049, 0.02803775853], [-0.5582223311214957, 1.4417275004632282]], "found_saddles": [[-0.8353580809954754, 0.6265827086187905]], "bias_count": 5000, "energy_calls_at_each_min": [1, 12952], "force_calls_at_each_min": [1, 12952], "min_height_scale": 1.5, "max_height_scale": 3.0, "min_cov_scale": 1.5, "max_cov_scale": 2.5}