{"run_id": 2138, "bias_std_dev_scale": 0.244521, "bias_height_fraction": 0.02, "perturbation_size": 0.005, "optimizer": "FIRE", "found_minima": [[0.6234994049, 0.02803775853], [-0.5582235755404128, 1.4417259658263386]], "found_saddles": [[-0.8102475088192543, 0.6239049992605804]], "bias_count": 5000, "energy_calls_at_each_min": [1, 21596], "force_calls_at_each_min": [1, 21596], "min_height_scale": 2.0, "max_height_scale": 2.0, "min_cov_scale": 2.5, "max_cov_scale": 2.5}