{"run_id": 716, "bias_std_dev_scale": 0.244521, "bias_height_fraction": 0.02, "perturbation_size": 0.005, "optimizer": "FIRE", "found_minima": [[0.6234994049, 0.02803775853], [-0.5582236482718052, 1.4417258289766584]], "found_saddles": [[-0.8319087421047408, 0.6032865022216299]], "bias_count": 5000, "energy_calls_at_each_min": [1, 49224], "force_calls_at_each_min": [1, 49224], "min_height_scale": 3.0, "max_height_scale": 1.5, "min_cov_scale": 3.0, "max_cov_scale": 1.5}