{"run_id": 1428, "bias_std_dev_scale": 0.244521, "bias_height_fraction": 0.02, "perturbation_size": 0.005, "optimizer": "FIRE", "found_minima": [[0.6234994049, 0.02803775853], [-0.5582236295973599, 1.4417258500357986]], "found_saddles": [[-0.8077160561792566, 0.6147847329083705]], "bias_count": 5000, "energy_calls_at_each_min": [1, 25700], "force_calls_at_each_min": [1, 25700], "min_height_scale": 2.5, "max_height_scale": 2.0, "min_cov_scale": 2.0, "max_cov_scale": 1.5}