{"run_id": 2368, "bias_std_dev_scale": 0.244521, "bias_height_fraction": 0.02, "perturbation_size": 0.005, "optimizer": "FIRE", "found_minima": [[0.6234994049, 0.02803775853], [-0.5582236296991683, 1.4417258504957131]], "found_saddles": [[-0.8528706214712335, 0.6199289464039501]], "bias_count": 5000, "energy_calls_at_each_min": [1, 31648], "force_calls_at_each_min": [1, 31648], "min_height_scale": 2.0, "max_height_scale": 1.5, "min_cov_scale": 1.5, "max_cov_scale": 1.5}