{"run_id": 174, "bias_std_dev_scale": 0.244521, "bias_height_fraction": 0.02, "perturbation_size": 0.005, "optimizer": "FIRE", "found_minima": [[0.6234994049, 0.02803775853], [-0.5582236377642176, 1.4417258376639495]], "found_saddles": [[-0.7746627732076123, 0.6612822227858142]], "bias_count": 5000, "energy_calls_at_each_min": [1, 20308], "force_calls_at_each_min": [1, 20308], "min_height_scale": 2.5, "max_height_scale": 2.5, "min_cov_scale": 3.0, "max_cov_scale": 2.5}