{"run_id": 1665, "bias_std_dev_scale": 0.244521, "bias_height_fraction": 0.02, "perturbation_size": 0.005, "optimizer": "FIRE", "found_minima": [[0.6234994049, 0.02803775853], [-0.5582233768776188, 1.4417261507606405]], "found_saddles": [[-0.8740202331707505, 0.5816012504383551]], "bias_count": 5000, "energy_calls_at_each_min": [1, 31561], "force_calls_at_each_min": [1, 31561], "min_height_scale": 2.5, "max_height_scale": 1.5, "min_cov_scale": 1.5, "max_cov_scale": 2.0}