{"run_id": 110, "bias_std_dev_scale": 0.244521, "bias_height_fraction": 0.02, "perturbation_size": 0.005, "optimizer": "FIRE", "found_minima": [[0.6234994049, 0.02803775853], [-0.5582234303877588, 1.4417261343363361]], "found_saddles": [[-0.8528844987799429, 0.5718878134632895]], "bias_count": 5000, "energy_calls_at_each_min": [1, 23685], "force_calls_at_each_min": [1, 23685], "min_height_scale": 2.0, "max_height_scale": 2.5, "min_cov_scale": 3.0, "max_cov_scale": 2.5}