{"run_id": 1145, "bias_std_dev_scale": 0.244521, "bias_height_fraction": 0.02, "perturbation_size": 0.005, "optimizer": "FIRE", "found_minima": [[0.6234994049, 0.02803775853], [-0.5582233112468769, 1.4417262426817905]], "found_saddles": [[-0.8591967634873576, 0.6159767566208011]], "bias_count": 5000, "energy_calls_at_each_min": [1, 16067], "force_calls_at_each_min": [1, 16067], "min_height_scale": 2.0, "max_height_scale": 3.0, "min_cov_scale": 2.5, "max_cov_scale": 2.0}