{"run_id": 824, "bias_std_dev_scale": 0.244521, "bias_height_fraction": 0.02, "perturbation_size": 0.005, "optimizer": "FIRE", "found_minima": [[0.6234994049, 0.02803775853], [-0.5582236253868852, 1.4417258514153541]], "found_saddles": [[-0.8527139831168056, 0.6246829207775296]], "bias_count": 5000, "energy_calls_at_each_min": [1, 18557], "force_calls_at_each_min": [1, 18557], "min_height_scale": 1.5, "max_height_scale": 3.0, "min_cov_scale": 2.5, "max_cov_scale": 1.5}