{"run_id": 2095, "bias_std_dev_scale": 0.244521, "bias_height_fraction": 0.02, "perturbation_size": 0.005, "optimizer": "FIRE", "found_minima": [[0.6234994049, 0.02803775853], [-0.5582223667012931, 1.4417277074750436]], "found_saddles": [[-0.8573567061970816, 0.5779322035661691]], "bias_count": 5000, "energy_calls_at_each_min": [1, 20507], "force_calls_at_each_min": [1, 20507], "min_height_scale": 1.5, "max_height_scale": 2.5, "min_cov_scale": 3.0, "max_cov_scale": 3.0}