{"run_id": 1618, "bias_std_dev_scale": 0.244521, "bias_height_fraction": 0.02, "perturbation_size": 0.005, "optimizer": "FIRE", "found_minima": [[0.6234994049, 0.02803775853], [-0.5582236366643495, 1.4417258408868785]], "found_saddles": [[-0.8226662652830649, 0.6344144607315761]], "bias_count": 5000, "energy_calls_at_each_min": [1, 20744], "force_calls_at_each_min": [1, 20744], "min_height_scale": 2.0, "max_height_scale": 2.0, "min_cov_scale": 1.5, "max_cov_scale": 2.5}