{"run_id": 958, "bias_std_dev_scale": 0.244521, "bias_height_fraction": 0.02, "perturbation_size": 0.005, "optimizer": "FIRE", "found_minima": [[0.6234994049, 0.02803775853], [-0.5582222644290584, 1.4417282482554004]], "found_saddles": [[-0.8640595400375454, 0.6041157710185481]], "bias_count": 5000, "energy_calls_at_each_min": [1, 21719], "force_calls_at_each_min": [1, 21719], "min_height_scale": 2.5, "max_height_scale": 3.0, "min_cov_scale": 3.0, "max_cov_scale": 2.5}