{"run_id": 2499, "bias_std_dev_scale": 0.244521, "bias_height_fraction": 0.02, "perturbation_size": 0.005, "optimizer": "FIRE", "found_minima": [[0.6234994049, 0.02803775853], [-0.5582218278281195, 1.4417287401658614]], "found_saddles": [[-0.8722171973710988, 0.5594069201177149]], "bias_count": 5000, "energy_calls_at_each_min": [1, 28831], "force_calls_at_each_min": [1, 28831], "min_height_scale": 3.0, "max_height_scale": 1.5, "min_cov_scale": 1.5, "max_cov_scale": 3.0}