{"run_id": 1694, "bias_std_dev_scale": 0.244521, "bias_height_fraction": 0.02, "perturbation_size": 0.005, "optimizer": "FIRE", "found_minima": [[0.6234994049, 0.02803775853], [-0.5582235003238066, 1.441726000816064]], "found_saddles": [[-0.8127461221463491, 0.6153257536119434]], "bias_count": 5000, "energy_calls_at_each_min": [1, 26800], "force_calls_at_each_min": [1, 26800], "min_height_scale": 2.5, "max_height_scale": 2.0, "min_cov_scale": 3.0, "max_cov_scale": 2.5}