{"run_id": 1856, "bias_std_dev_scale": 0.244521, "bias_height_fraction": 0.02, "perturbation_size": 0.005, "optimizer": "FIRE", "found_minima": [[0.6234994049, 0.02803775853], [-0.05040338693011831, 0.46680728245319236], [-0.5582236520506824, 1.4417258240106143]], "found_saddles": [[0.157553949104528, 0.17343841654077885], [-0.842362166891291, 0.6232572062135874]], "bias_count": 260, "energy_calls_at_each_min": [1, 6315, 29785], "force_calls_at_each_min": [1, 6315, 29785], "min_height_scale": 2.0, "max_height_scale": 1.5, "min_cov_scale": 1.5, "max_cov_scale": 1.5}