{"run_id": 2283, "bias_std_dev_scale": 0.244521, "bias_height_fraction": 0.02, "perturbation_size": 0.005, "optimizer": "FIRE", "found_minima": [[0.6234994049, 0.02803775853], [-0.5581984017860833, 1.4417600730515083]], "found_saddles": [[-0.8069848659481949, 0.6243124121497792]], "bias_count": 5000, "energy_calls_at_each_min": [1, 19552], "force_calls_at_each_min": [1, 19552], "min_height_scale": 3.0, "max_height_scale": 2.5, "min_cov_scale": 2.5, "max_cov_scale": 3.0}