{"run_id": 296, "bias_std_dev_scale": 0.244521, "bias_height_fraction": 0.02, "perturbation_size": 0.005, "optimizer": "FIRE", "found_minima": [[0.6234994049, 0.02803775853], [-0.558223613674928, 1.4417258629070933]], "found_saddles": [[-0.8397086571527679, 0.6250303433824117]], "bias_count": 5000, "energy_calls_at_each_min": [1, 19335], "force_calls_at_each_min": [1, 19335], "min_height_scale": 1.5, "max_height_scale": 2.5, "min_cov_scale": 2.5, "max_cov_scale": 1.5}