{"run_id": 1682, "bias_std_dev_scale": 0.244521, "bias_height_fraction": 0.02, "perturbation_size": 0.005, "optimizer": "FIRE", "found_minima": [[0.6234994049, 0.02803775853], [-0.5582236079969466, 1.441725878315854]], "found_saddles": [[-0.853221838588968, 0.6146661748769959]], "bias_count": 5000, "energy_calls_at_each_min": [1, 16955], "force_calls_at_each_min": [1, 16955], "min_height_scale": 2.5, "max_height_scale": 2.0, "min_cov_scale": 1.5, "max_cov_scale": 2.5}