{"run_id": 127, "bias_std_dev_scale": 0.244521, "bias_height_fraction": 0.02, "perturbation_size": 0.005, "optimizer": "FIRE", "found_minima": [[0.6234994049, 0.02803775853], [-0.5582101412346901, 1.4417423297783987]], "found_saddles": [[-0.7961852267836943, 0.6463101709448791]], "bias_count": 5000, "energy_calls_at_each_min": [1, 23655], "force_calls_at_each_min": [1, 23655], "min_height_scale": 2.0, "max_height_scale": 3.0, "min_cov_scale": 3.0, "max_cov_scale": 3.0}