{"run_id": 2061, "bias_std_dev_scale": 0.244521, "bias_height_fraction": 0.02, "perturbation_size": 0.005, "optimizer": "FIRE", "found_minima": [[0.6234994049, 0.02803775853], [-0.5582236079882463, 1.441725877392252]], "found_saddles": [[-0.825481381554278, 0.5953012218189886]], "bias_count": 5000, "energy_calls_at_each_min": [1, 40340], "force_calls_at_each_min": [1, 40340], "min_height_scale": 1.5, "max_height_scale": 1.5, "min_cov_scale": 3.0, "max_cov_scale": 2.0}