{"run_id": 1708, "bias_std_dev_scale": 0.244521, "bias_height_fraction": 0.02, "perturbation_size": 0.005, "optimizer": "FIRE", "found_minima": [[0.6234994049, 0.02803775853], [-0.5582236168403262, 1.4417258600393326]], "found_saddles": [[-0.8762596876959194, 0.6079426561783933]], "bias_count": 5000, "energy_calls_at_each_min": [1, 28979], "force_calls_at_each_min": [1, 28979], "min_height_scale": 2.5, "max_height_scale": 2.5, "min_cov_scale": 3.0, "max_cov_scale": 1.5}