{"run_id": 73, "bias_std_dev_scale": 0.244521, "bias_height_fraction": 0.02, "perturbation_size": 0.005, "optimizer": "FIRE", "found_minima": [[0.6234994049, 0.02803775853], [-0.5582235511578482, 1.441726081598726]], "found_saddles": [[-0.8272011875393033, 0.5997150059945275]], "bias_count": 5000, "energy_calls_at_each_min": [1, 35430], "force_calls_at_each_min": [1, 35430], "min_height_scale": 2.0, "max_height_scale": 1.5, "min_cov_scale": 2.5, "max_cov_scale": 2.0}