{"run_id": 2004, "bias_std_dev_scale": 0.244521, "bias_height_fraction": 0.02, "perturbation_size": 0.005, "optimizer": "FIRE", "found_minima": [[0.6234994049, 0.02803775853], [-0.5582236287165495, 1.4417258475215367]], "found_saddles": [[-0.8412390807798763, 0.6127327561545034]], "bias_count": 5000, "energy_calls_at_each_min": [1, 28073], "force_calls_at_each_min": [1, 28073], "min_height_scale": 3.0, "max_height_scale": 2.0, "min_cov_scale": 2.0, "max_cov_scale": 1.5}