{"run_id": 528, "bias_std_dev_scale": 0.244521, "bias_height_fraction": 0.02, "perturbation_size": 0.005, "optimizer": "FIRE", "found_minima": [[0.6234994049, 0.02803775853], [-0.5582236448125228, 1.4417258323947608]], "found_saddles": [[-0.8438088310495713, 0.5597788752503469]], "bias_count": 5000, "energy_calls_at_each_min": [1, 24152], "force_calls_at_each_min": [1, 24152], "min_height_scale": 1.5, "max_height_scale": 2.0, "min_cov_scale": 1.5, "max_cov_scale": 1.5}