{"run_id": 248, "bias_std_dev_scale": 0.244521, "bias_height_fraction": 0.02, "perturbation_size": 0.005, "optimizer": "FIRE", "found_minima": [[0.6234994049, 0.02803775853], [-0.558223628321743, 1.4417258455606599]], "found_saddles": [[-0.8464119795510745, 0.5837813090596288]], "bias_count": 5000, "energy_calls_at_each_min": [1, 22847], "force_calls_at_each_min": [1, 22847], "min_height_scale": 3.0, "max_height_scale": 3.0, "min_cov_scale": 2.5, "max_cov_scale": 1.5}