{"run_id": 126, "bias_std_dev_scale": 0.244521, "bias_height_fraction": 0.02, "perturbation_size": 0.005, "optimizer": "FIRE", "found_minima": [[0.6234994049, 0.02803775853], [-0.5582217962360568, 1.4417282502322166]], "found_saddles": [[-0.8136972680148238, 0.6184367672506057]], "bias_count": 5000, "energy_calls_at_each_min": [1, 14634], "force_calls_at_each_min": [1, 14634], "min_height_scale": 2.0, "max_height_scale": 3.0, "min_cov_scale": 3.0, "max_cov_scale": 2.5}