{"run_id": 1346, "bias_std_dev_scale": 0.244521, "bias_height_fraction": 0.02, "perturbation_size": 0.005, "optimizer": "FIRE", "found_minima": [[0.6234994049, 0.02803775853], [-0.5582234373708349, 1.4417262230818062]], "found_saddles": [[-0.8392631245764746, 0.6182532584220939]], "bias_count": 5000, "energy_calls_at_each_min": [1, 29293], "force_calls_at_each_min": [1, 29293], "min_height_scale": 2.0, "max_height_scale": 1.5, "min_cov_scale": 1.5, "max_cov_scale": 2.5}