{"run_id": 351, "bias_std_dev_scale": 0.244521, "bias_height_fraction": 0.02, "perturbation_size": 0.005, "optimizer": "FIRE", "found_minima": [[0.6234994049, 0.02803775853], [-0.5582195111527781, 1.441732047830105]], "found_saddles": [[-0.8258608136642777, 0.6399944582064336]], "bias_count": 5000, "energy_calls_at_each_min": [1, 22230], "force_calls_at_each_min": [1, 22230], "min_height_scale": 2.0, "max_height_scale": 2.0, "min_cov_scale": 3.0, "max_cov_scale": 3.0}