{"run_id": 1843, "bias_std_dev_scale": 0.244521, "bias_height_fraction": 0.02, "perturbation_size": 0.005, "optimizer": "FIRE", "found_minima": [[0.6234994049, 0.02803775853], [-0.5582236477761348, 1.4417258342819086]], "found_saddles": [[-0.8466249474889205, 0.6214921288721352]], "bias_count": 5000, "energy_calls_at_each_min": [1, 12165], "force_calls_at_each_min": [1, 12165], "min_height_scale": 1.5, "max_height_scale": 3.0, "min_cov_scale": 1.5, "max_cov_scale": 3.0}