{"run_id": 673, "bias_std_dev_scale": 0.244521, "bias_height_fraction": 0.02, "perturbation_size": 0.005, "optimizer": "FIRE", "found_minima": [[0.6234994049, 0.02803775853], [-0.5582236058309693, 1.4417258816906027]], "found_saddles": [[-0.8675639278999181, 0.5638794032399799]], "bias_count": 5000, "energy_calls_at_each_min": [1, 19645], "force_calls_at_each_min": [1, 19645], "min_height_scale": 2.5, "max_height_scale": 2.5, "min_cov_scale": 1.5, "max_cov_scale": 2.0}