{"run_id": 735, "bias_std_dev_scale": 0.244521, "bias_height_fraction": 0.02, "perturbation_size": 0.005, "optimizer": "FIRE", "found_minima": [[0.6234994049, 0.02803775853], [-0.5582232466655254, 1.4417263698115357]], "found_saddles": [[-0.8195882255314594, 0.6096532661226741]], "bias_count": 5000, "energy_calls_at_each_min": [1, 24874], "force_calls_at_each_min": [1, 24874], "min_height_scale": 3.0, "max_height_scale": 2.0, "min_cov_scale": 3.0, "max_cov_scale": 3.0}