{"run_id": 1842, "bias_std_dev_scale": 0.244521, "bias_height_fraction": 0.02, "perturbation_size": 0.005, "optimizer": "FIRE", "found_minima": [[0.6234994049, 0.02803775853], [-0.5582236372076784, 1.441725843759254]], "found_saddles": [[-0.8362188833262194, 0.6271066224440437]], "bias_count": 5000, "energy_calls_at_each_min": [1, 13103], "force_calls_at_each_min": [1, 13103], "min_height_scale": 1.5, "max_height_scale": 3.0, "min_cov_scale": 1.5, "max_cov_scale": 2.5}