{"run_id": 760, "bias_std_dev_scale": 0.244521, "bias_height_fraction": 0.02, "perturbation_size": 0.005, "optimizer": "FIRE", "found_minima": [[0.6234994049, 0.02803775853], [-0.5582236242709967, 1.4417258511054405]], "found_saddles": [[-0.8305383641683807, 0.5975930316747793]], "bias_count": 5000, "energy_calls_at_each_min": [1, 18381], "force_calls_at_each_min": [1, 18381], "min_height_scale": 3.0, "max_height_scale": 3.0, "min_cov_scale": 2.5, "max_cov_scale": 1.5}