{"run_id": 1828, "bias_std_dev_scale": 0.244521, "bias_height_fraction": 0.02, "perturbation_size": 0.005, "optimizer": "FIRE", "found_minima": [[0.6234994049, 0.02803775853], [-0.5582236384967869, 1.441725840197851]], "found_saddles": [[-0.8543809782179674, 0.60651556901552]], "bias_count": 5000, "energy_calls_at_each_min": [1, 25501], "force_calls_at_each_min": [1, 25501], "min_height_scale": 1.5, "max_height_scale": 2.5, "min_cov_scale": 2.0, "max_cov_scale": 1.5}