{"run_id": 425, "bias_std_dev_scale": 0.244521, "bias_height_fraction": 0.02, "perturbation_size": 0.005, "optimizer": "FIRE", "found_minima": [[0.6234994049, 0.02803775853], [-0.5582230088745656, 1.4417266497570471]], "found_saddles": [[-0.8315194200181015, 0.6315829164449872]], "bias_count": 5000, "energy_calls_at_each_min": [1, 22128], "force_calls_at_each_min": [1, 22128], "min_height_scale": 2.5, "max_height_scale": 2.5, "min_cov_scale": 2.5, "max_cov_scale": 2.0}