{"run_id": 2417, "bias_std_dev_scale": 0.244521, "bias_height_fraction": 0.02, "perturbation_size": 0.005, "optimizer": "FIRE", "found_minima": [[0.6234994049, 0.02803775853], [-0.5582236028639987, 1.4417258976716785]], "found_saddles": [[-0.8459492731228507, 0.6339104836535262]], "bias_count": 5000, "energy_calls_at_each_min": [1, 12245], "force_calls_at_each_min": [1, 12245], "min_height_scale": 2.0, "max_height_scale": 3.0, "min_cov_scale": 1.5, "max_cov_scale": 2.0}