{"run_id": 1030, "bias_std_dev_scale": 0.244521, "bias_height_fraction": 0.02, "perturbation_size": 0.005, "optimizer": "FIRE", "found_minima": [[0.6234994049, 0.02803775853], [-0.5582226785292926, 1.4417271602843886]], "found_saddles": [[-0.8181658458341912, 0.6056936923083651]], "bias_count": 5000, "energy_calls_at_each_min": [1, 31835], "force_calls_at_each_min": [1, 31835], "min_height_scale": 1.5, "max_height_scale": 1.5, "min_cov_scale": 2.0, "max_cov_scale": 2.5}