{"run_id": 935, "bias_std_dev_scale": 0.244521, "bias_height_fraction": 0.02, "perturbation_size": 0.005, "optimizer": "FIRE", "found_minima": [[0.6234994049, 0.02803775853], [-0.5582230450183217, 1.4417266169124279]], "found_saddles": [[-0.833785694384699, 0.6298749723401987]], "bias_count": 5000, "energy_calls_at_each_min": [1, 18937], "force_calls_at_each_min": [1, 18937], "min_height_scale": 2.5, "max_height_scale": 2.5, "min_cov_scale": 2.0, "max_cov_scale": 3.0}