{"run_id": 909, "bias_std_dev_scale": 0.244521, "bias_height_fraction": 0.02, "perturbation_size": 0.005, "optimizer": "FIRE", "found_minima": [[0.6234994049, 0.02803775853], [-0.5582234843499381, 1.4417260211961445]], "found_saddles": [[-0.8443820264580951, 0.6246684247761466]], "bias_count": 5000, "energy_calls_at_each_min": [1, 39103], "force_calls_at_each_min": [1, 39103], "min_height_scale": 2.5, "max_height_scale": 1.5, "min_cov_scale": 3.0, "max_cov_scale": 2.0}