{"run_id": 1441, "bias_std_dev_scale": 0.244521, "bias_height_fraction": 0.02, "perturbation_size": 0.005, "optimizer": "FIRE", "found_minima": [[0.6234994049, 0.02803775853], [-0.5582236446206668, 1.4417258319830852]], "found_saddles": [[-0.8357024925889991, 0.5894469522105271]], "bias_count": 5000, "energy_calls_at_each_min": [1, 16513], "force_calls_at_each_min": [1, 16513], "min_height_scale": 2.5, "max_height_scale": 2.5, "min_cov_scale": 1.5, "max_cov_scale": 2.0}