{"run_id": 884, "bias_std_dev_scale": 0.244521, "bias_height_fraction": 0.02, "perturbation_size": 0.005, "optimizer": "FIRE", "found_minima": [[0.6234994049, 0.02803775853], [-0.5582236451261073, 1.4417258322504656]], "found_saddles": [[-0.8382829795642406, 0.6234832088732979]], "bias_count": 5000, "energy_calls_at_each_min": [1, 17552], "force_calls_at_each_min": [1, 17552], "min_height_scale": 2.0, "max_height_scale": 3.0, "min_cov_scale": 2.0, "max_cov_scale": 1.5}