{"run_id": 1609, "bias_std_dev_scale": 0.244521, "bias_height_fraction": 0.02, "perturbation_size": 0.005, "optimizer": "FIRE", "found_minima": [[0.6234994049, 0.02803775853], [-0.5582236414098231, 1.4417258367452273]], "found_saddles": [[-0.8258959583701105, 0.6138990672819898]], "bias_count": 5000, "energy_calls_at_each_min": [1, 27921], "force_calls_at_each_min": [1, 27921], "min_height_scale": 2.0, "max_height_scale": 1.5, "min_cov_scale": 2.5, "max_cov_scale": 2.0}