{"run_id": 230, "bias_std_dev_scale": 0.244521, "bias_height_fraction": 0.02, "perturbation_size": 0.005, "optimizer": "FIRE", "found_minima": [[0.6234994049, 0.02803775853], [-0.5582235510190872, 1.4417259691940094]], "found_saddles": [[-0.8284429241208594, 0.6487948166472117]], "bias_count": 5000, "energy_calls_at_each_min": [1, 17659], "force_calls_at_each_min": [1, 17659], "min_height_scale": 3.0, "max_height_scale": 2.5, "min_cov_scale": 2.0, "max_cov_scale": 2.5}