{"run_id": 1184, "bias_std_dev_scale": 0.244521, "bias_height_fraction": 0.02, "perturbation_size": 0.005, "optimizer": "FIRE", "found_minima": [[0.6234994049, 0.02803775853], [-0.5582236540314774, 1.441725821793914]], "found_saddles": [[-0.8116526513352007, 0.6153604704997105]], "bias_count": 5000, "energy_calls_at_each_min": [1, 21751], "force_calls_at_each_min": [1, 21751], "min_height_scale": 2.5, "max_height_scale": 2.5, "min_cov_scale": 1.5, "max_cov_scale": 1.5}