{"run_id": 1710, "bias_std_dev_scale": 0.244521, "bias_height_fraction": 0.02, "perturbation_size": 0.005, "optimizer": "FIRE", "found_minima": [[0.6234994049, 0.02803775853], [-0.050255381273906344, 0.4667623492718903], [-0.5582236171568532, 1.4417258633069991]], "found_saddles": [[0.23139388460464505, 0.29979915699291837], [-0.8193789283656727, 0.6127329689278772]], "bias_count": 197, "energy_calls_at_each_min": [1, 3843, 23673], "force_calls_at_each_min": [1, 3843, 23673], "min_height_scale": 2.5, "max_height_scale": 2.5, "min_cov_scale": 3.0, "max_cov_scale": 2.5}