{"run_id": 334, "bias_std_dev_scale": 0.244521, "bias_height_fraction": 0.02, "perturbation_size": 0.005, "optimizer": "FIRE", "found_minima": [[0.6234994049, 0.02803775853], [-0.558222840327931, 1.441727100593554]], "found_saddles": [[-0.8220350667387806, 0.6073781975143264]], "bias_count": 5000, "energy_calls_at_each_min": [1, 36144], "force_calls_at_each_min": [1, 36144], "min_height_scale": 2.0, "max_height_scale": 1.5, "min_cov_scale": 3.0, "max_cov_scale": 2.5}