{"run_id": 2510, "bias_std_dev_scale": 0.244521, "bias_height_fraction": 0.02, "perturbation_size": 0.005, "optimizer": "FIRE", "found_minima": [[0.6234994049, 0.02803775853], [-0.558223093821283, 1.4417264740970364]], "found_saddles": [[-0.8337331246884122, 0.5786901765868019]], "bias_count": 5000, "energy_calls_at_each_min": [1, 40014], "force_calls_at_each_min": [1, 40014], "min_height_scale": 3.0, "max_height_scale": 1.5, "min_cov_scale": 3.0, "max_cov_scale": 2.5}