{"run_id": 303, "bias_std_dev_scale": 0.244521, "bias_height_fraction": 0.02, "perturbation_size": 0.005, "optimizer": "FIRE", "found_minima": [[0.6234994049, 0.02803775853], [-0.5582221827305083, 1.441728435033015]], "found_saddles": [[-0.8389323166580023, 0.6148908518610986]], "bias_count": 5000, "energy_calls_at_each_min": [1, 21742], "force_calls_at_each_min": [1, 21742], "min_height_scale": 1.5, "max_height_scale": 2.5, "min_cov_scale": 3.0, "max_cov_scale": 3.0}