{"run_id": 59, "bias_std_dev_scale": 0.244521, "bias_height_fraction": 0.02, "perturbation_size": 0.005, "optimizer": "FIRE", "found_minima": [[0.6234994049, 0.02803775853], [-0.5582154482829327, 1.441736327190749]], "found_saddles": [[-0.844977908164888, 0.6145706798032377]], "bias_count": 5000, "energy_calls_at_each_min": [1, 17218], "force_calls_at_each_min": [1, 17218], "min_height_scale": 1.5, "max_height_scale": 3.0, "min_cov_scale": 2.5, "max_cov_scale": 3.0}