{"run_id": 1920, "bias_std_dev_scale": 0.244521, "bias_height_fraction": 0.02, "perturbation_size": 0.005, "optimizer": "FIRE", "found_minima": [[0.6234994049, 0.02803775853], [-0.5582236140751828, 1.4417258619320887]], "found_saddles": [[-0.844695013238182, 0.626444348149644]], "bias_count": 5000, "energy_calls_at_each_min": [1, 30349], "force_calls_at_each_min": [1, 30349], "min_height_scale": 2.5, "max_height_scale": 1.5, "min_cov_scale": 1.5, "max_cov_scale": 1.5}