{"run_id": 313, "bias_std_dev_scale": 0.244521, "bias_height_fraction": 0.02, "perturbation_size": 0.005, "optimizer": "FIRE", "found_minima": [[0.6234994049, 0.02803775853], [-0.050752396181720054, 0.46684276899755495], [-0.5582235281480824, 1.441725979830961]], "found_saddles": [[0.20121193282321043, 0.2586901157852535], [-0.7889891012938968, 0.6218960192736496]], "bias_count": 169, "energy_calls_at_each_min": [1, 3241, 21041], "force_calls_at_each_min": [1, 3241, 21041], "min_height_scale": 1.5, "max_height_scale": 3.0, "min_cov_scale": 2.5, "max_cov_scale": 2.0}