{"run_id": 1157, "bias_std_dev_scale": 0.244521, "bias_height_fraction": 0.02, "perturbation_size": 0.005, "optimizer": "FIRE", "found_minima": [[0.6234994049, 0.02803775853], [-0.5582236248330762, 1.441725850473281]], "found_saddles": [[-0.8290708122983559, 0.6171935165225164]], "bias_count": 5000, "energy_calls_at_each_min": [1, 32485], "force_calls_at_each_min": [1, 32485], "min_height_scale": 2.5, "max_height_scale": 1.5, "min_cov_scale": 2.0, "max_cov_scale": 2.0}