{"run_id": 979, "bias_std_dev_scale": 0.244521, "bias_height_fraction": 0.02, "perturbation_size": 0.005, "optimizer": "FIRE", "found_minima": [[0.6234994049, 0.02803775853], [-0.5582235068730556, 1.4417260077740062]], "found_saddles": [[-0.8207681060058324, 0.6111376651171812]], "bias_count": 5000, "energy_calls_at_each_min": [1, 18988], "force_calls_at_each_min": [1, 18988], "min_height_scale": 3.0, "max_height_scale": 2.0, "min_cov_scale": 1.5, "max_cov_scale": 3.0}