{"run_id": 641, "bias_std_dev_scale": 0.244521, "bias_height_fraction": 0.02, "perturbation_size": 0.005, "optimizer": "FIRE", "found_minima": [[0.6234994049, 0.02803775853], [-0.05057284318591353, 0.4668541862248386], [-0.57586519390531, 1.4585788707123328]], "found_saddles": [[0.15270611742953427, 0.21980136739946088], [-0.834638423819952, 0.6252484577071176]], "bias_count": 230, "energy_calls_at_each_min": [1, 6331, 26201], "force_calls_at_each_min": [1, 6331, 26201], "min_height_scale": 2.5, "max_height_scale": 1.5, "min_cov_scale": 1.5, "max_cov_scale": 2.0}