{"run_id": 1969, "bias_std_dev_scale": 0.244521, "bias_height_fraction": 0.02, "perturbation_size": 0.005, "optimizer": "FIRE", "found_minima": [[0.6234994049, 0.02803775853], [-0.5582236184551558, 1.4417258791168817]], "found_saddles": [[-0.833015665983579, 0.6306069323391409]], "bias_count": 5000, "energy_calls_at_each_min": [1, 14394], "force_calls_at_each_min": [1, 14394], "min_height_scale": 2.5, "max_height_scale": 3.0, "min_cov_scale": 1.5, "max_cov_scale": 2.0}