{"run_id": 2329, "bias_std_dev_scale": 0.244521, "bias_height_fraction": 0.02, "perturbation_size": 0.005, "optimizer": "FIRE", "found_minima": [[0.6234994049, 0.02803775853], [-0.5582236502724535, 1.4417258277806322]], "found_saddles": [[-0.8194219914158033, 0.6487235728311059]], "bias_count": 5000, "energy_calls_at_each_min": [1, 22806], "force_calls_at_each_min": [1, 22806], "min_height_scale": 1.5, "max_height_scale": 2.0, "min_cov_scale": 2.5, "max_cov_scale": 2.0}