{"run_id": 595, "bias_std_dev_scale": 0.244521, "bias_height_fraction": 0.02, "perturbation_size": 0.005, "optimizer": "FIRE", "found_minima": [[0.6234994049, 0.02803775853], [-0.5582234021275693, 1.4417261247517505]], "found_saddles": [[-0.8379378438128985, 0.637426835837303]], "bias_count": 5000, "energy_calls_at_each_min": [1, 15414], "force_calls_at_each_min": [1, 15414], "min_height_scale": 2.0, "max_height_scale": 2.0, "min_cov_scale": 1.5, "max_cov_scale": 3.0}