{"run_id": 2028, "bias_std_dev_scale": 0.244521, "bias_height_fraction": 0.02, "perturbation_size": 0.005, "optimizer": "FIRE", "found_minima": [[0.6234994049, 0.02803775853], [-0.05040359270063597, 0.46680224649778845], [-0.5582236397863053, 1.4417258387674574]], "found_saddles": [[0.19848016049016845, 0.3104393400530983], [-0.8332683428259327, 0.6357765027614567]], "bias_count": 238, "energy_calls_at_each_min": [1, 4860, 28162], "force_calls_at_each_min": [1, 4860, 28162], "min_height_scale": 3.0, "max_height_scale": 2.5, "min_cov_scale": 3.0, "max_cov_scale": 1.5}