{"run_id": 1287, "bias_std_dev_scale": 0.244521, "bias_height_fraction": 0.02, "perturbation_size": 0.005, "optimizer": "FIRE", "found_minima": [[0.6234994049, 0.02803775853], [-0.5582213967663331, 1.4417298911832055]], "found_saddles": [[-0.8450424786575983, 0.5918484121222671]], "bias_count": 5000, "energy_calls_at_each_min": [1, 26085], "force_calls_at_each_min": [1, 26085], "min_height_scale": 1.5, "max_height_scale": 1.5, "min_cov_scale": 2.0, "max_cov_scale": 3.0}