{"run_id": 1996, "bias_std_dev_scale": 0.244521, "bias_height_fraction": 0.02, "perturbation_size": 0.005, "optimizer": "FIRE", "found_minima": [[0.6234994049, 0.02803775853], [-0.050156831519742415, 0.46674540596091696], [-0.5582236136962057, 1.4417258668924042]], "found_saddles": [[0.2497241387203662, 0.33569384630236976], [-0.8291831833690603, 0.6211449583456321]], "bias_count": 343, "energy_calls_at_each_min": [1, 6977, 39301], "force_calls_at_each_min": [1, 6977, 39301], "min_height_scale": 3.0, "max_height_scale": 1.5, "min_cov_scale": 3.0, "max_cov_scale": 1.5}