{"run_id": 355, "bias_std_dev_scale": 0.244521, "bias_height_fraction": 0.02, "perturbation_size": 0.005, "optimizer": "FIRE", "found_minima": [[0.6234994049, 0.02803775853], [-0.558223212869772, 1.4417263773790794]], "found_saddles": [[-0.827714970972688, 0.598561172432649]], "bias_count": 5000, "energy_calls_at_each_min": [1, 11529], "force_calls_at_each_min": [1, 11529], "min_height_scale": 2.0, "max_height_scale": 2.5, "min_cov_scale": 1.5, "max_cov_scale": 3.0}