{"run_id": 842, "bias_std_dev_scale": 0.244521, "bias_height_fraction": 0.02, "perturbation_size": 0.005, "optimizer": "FIRE", "found_minima": [[0.6234994049, 0.02803775853], [-0.5582233145387623, 1.4417263030407474]], "found_saddles": [[-0.852741628057145, 0.5843100335635847]], "bias_count": 5000, "energy_calls_at_each_min": [1, 35378], "force_calls_at_each_min": [1, 35378], "min_height_scale": 2.0, "max_height_scale": 1.5, "min_cov_scale": 2.5, "max_cov_scale": 2.5}