{"run_id": 1422, "bias_std_dev_scale": 0.244521, "bias_height_fraction": 0.02, "perturbation_size": 0.005, "optimizer": "FIRE", "found_minima": [[0.6234994049, 0.02803775853], [-0.05010549887984053, 0.4667393395068582], [-0.5582230407568494, 1.4417266848280943]], "found_saddles": [[0.23750155320803507, 0.30852056412666257], [-0.7670586220720029, 0.6525572225330907]], "bias_count": 353, "energy_calls_at_each_min": [1, 5756, 41602], "force_calls_at_each_min": [1, 5756, 41602], "min_height_scale": 2.5, "max_height_scale": 1.5, "min_cov_scale": 3.0, "max_cov_scale": 2.5}