{"run_id": 2055, "bias_std_dev_scale": 0.244521, "bias_height_fraction": 0.02, "perturbation_size": 0.005, "optimizer": "FIRE", "found_minima": [[0.6234994049, 0.02803775853], [-0.55822352015834, 1.4417260579061448]], "found_saddles": [[-0.8183296129412277, 0.6449971858276525]], "bias_count": 5000, "energy_calls_at_each_min": [1, 25554], "force_calls_at_each_min": [1, 25554], "min_height_scale": 1.5, "max_height_scale": 1.5, "min_cov_scale": 2.0, "max_cov_scale": 3.0}