{"run_id": 1248, "bias_std_dev_scale": 0.244521, "bias_height_fraction": 0.02, "perturbation_size": 0.005, "optimizer": "FIRE", "found_minima": [[0.6234994049, 0.02803775853], [-0.5582236197889096, 1.441725856512531]], "found_saddles": [[-0.822069417365379, 0.6060675759478469]], "bias_count": 5000, "energy_calls_at_each_min": [1, 15134], "force_calls_at_each_min": [1, 15134], "min_height_scale": 3.0, "max_height_scale": 2.5, "min_cov_scale": 1.5, "max_cov_scale": 1.5}