{"run_id": 2124, "bias_std_dev_scale": 0.244521, "bias_height_fraction": 0.02, "perturbation_size": 0.005, "optimizer": "FIRE", "found_minima": [[0.6234994049, 0.02803775853], [-0.5582236042185469, 1.441725878764578]], "found_saddles": [[-0.8305387625299592, 0.6010162158069051]], "bias_count": 5000, "energy_calls_at_each_min": [1, 36442], "force_calls_at_each_min": [1, 36442], "min_height_scale": 2.0, "max_height_scale": 1.5, "min_cov_scale": 3.0, "max_cov_scale": 1.5}