{"run_id": 1227, "bias_std_dev_scale": 0.244521, "bias_height_fraction": 0.02, "perturbation_size": 0.005, "optimizer": "FIRE", "found_minima": [[0.6234994049, 0.02803775853], [-0.5582235941546473, 1.4417261930580436]], "found_saddles": [[-0.7917010937967156, 0.6228275940682814]], "bias_count": 5000, "energy_calls_at_each_min": [1, 29173], "force_calls_at_each_min": [1, 29173], "min_height_scale": 3.0, "max_height_scale": 1.5, "min_cov_scale": 2.5, "max_cov_scale": 3.0}