{"run_id": 2468, "bias_std_dev_scale": 0.244521, "bias_height_fraction": 0.02, "perturbation_size": 0.005, "optimizer": "FIRE", "found_minima": [[0.6234994049, 0.02803775853], [-0.5582236307644632, 1.4417258480964863]], "found_saddles": [[-0.8188630812788984, 0.638354142001599]], "bias_count": 5000, "energy_calls_at_each_min": [1, 23585], "force_calls_at_each_min": [1, 23585], "min_height_scale": 2.5, "max_height_scale": 2.5, "min_cov_scale": 2.0, "max_cov_scale": 1.5}