{"run_id": 707, "bias_std_dev_scale": 0.244521, "bias_height_fraction": 0.02, "perturbation_size": 0.005, "optimizer": "FIRE", "found_minima": [[0.6234994049, 0.02803775853], [-0.5582235908322086, 1.4417261515094286]], "found_saddles": [[-0.8389904099051614, 0.6403598443828692]], "bias_count": 5000, "energy_calls_at_each_min": [1, 21374], "force_calls_at_each_min": [1, 21374], "min_height_scale": 3.0, "max_height_scale": 1.5, "min_cov_scale": 1.5, "max_cov_scale": 3.0}