{"run_id": 583, "bias_std_dev_scale": 0.244521, "bias_height_fraction": 0.02, "perturbation_size": 0.005, "optimizer": "FIRE", "found_minima": [[0.6234994049, 0.02803775853], [-0.558222653455005, 1.4417272154723038]], "found_saddles": [[-0.8354170893798106, 0.6040299195928982]], "bias_count": 5000, "energy_calls_at_each_min": [1, 25189], "force_calls_at_each_min": [1, 25189], "min_height_scale": 2.0, "max_height_scale": 1.5, "min_cov_scale": 2.0, "max_cov_scale": 3.0}