{"run_id": 995, "bias_std_dev_scale": 0.244521, "bias_height_fraction": 0.02, "perturbation_size": 0.005, "optimizer": "FIRE", "found_minima": [[0.6234994049, 0.02803775853], [-0.5582157702814015, 1.441736447689901]], "found_saddles": [[-0.8483214507763716, 0.5691797145799696]], "bias_count": 5000, "energy_calls_at_each_min": [1, 17677], "force_calls_at_each_min": [1, 17677], "min_height_scale": 3.0, "max_height_scale": 2.5, "min_cov_scale": 1.5, "max_cov_scale": 3.0}