{"run_id": 659, "bias_std_dev_scale": 0.244521, "bias_height_fraction": 0.02, "perturbation_size": 0.005, "optimizer": "FIRE", "found_minima": [[0.6234994049, 0.02803775853], [-0.5582139380240347, 1.4417381525066317]], "found_saddles": [[-0.8366152829966669, 0.5831991151221411]], "bias_count": 5000, "energy_calls_at_each_min": [1, 18353], "force_calls_at_each_min": [1, 18353], "min_height_scale": 2.5, "max_height_scale": 2.0, "min_cov_scale": 1.5, "max_cov_scale": 3.0}