{"run_id": 980, "bias_std_dev_scale": 0.244521, "bias_height_fraction": 0.02, "perturbation_size": 0.005, "optimizer": "FIRE", "found_minima": [[0.6234994049, 0.02803775853], [-0.558223646188968, 1.4417258307070226]], "found_saddles": [[-0.8288972949825851, 0.6138846576039884]], "bias_count": 5000, "energy_calls_at_each_min": [1, 24788], "force_calls_at_each_min": [1, 24788], "min_height_scale": 3.0, "max_height_scale": 2.0, "min_cov_scale": 2.0, "max_cov_scale": 1.5}