{"run_id": 205, "bias_std_dev_scale": 0.244521, "bias_height_fraction": 0.02, "perturbation_size": 0.005, "optimizer": "FIRE", "found_minima": [[0.6234994049, 0.02803775853], [-0.5582236335690346, 1.4417258462811946]], "found_saddles": [[-0.8027717129234432, 0.616761415087692]], "bias_count": 5000, "energy_calls_at_each_min": [1, 37981], "force_calls_at_each_min": [1, 37981], "min_height_scale": 3.0, "max_height_scale": 1.5, "min_cov_scale": 3.0, "max_cov_scale": 2.0}