{"run_id": 170, "bias_std_dev_scale": 0.244521, "bias_height_fraction": 0.02, "perturbation_size": 0.005, "optimizer": "FIRE", "found_minima": [[0.6234994049, 0.02803775853], [-0.558221931746931, 1.4417280404794923]], "found_saddles": [[-0.7861868655316019, 0.6399309141476343]], "bias_count": 5000, "energy_calls_at_each_min": [1, 19447], "force_calls_at_each_min": [1, 19447], "min_height_scale": 2.5, "max_height_scale": 2.5, "min_cov_scale": 2.5, "max_cov_scale": 2.5}