{"run_id": 323, "bias_std_dev_scale": 0.244521, "bias_height_fraction": 0.02, "perturbation_size": 0.005, "optimizer": "FIRE", "found_minima": [[0.6234994049, 0.02803775853], [-0.5582234312619573, 1.4417260813745683]], "found_saddles": [[-0.7971592373476233, 0.6478158848481738]], "bias_count": 5000, "energy_calls_at_each_min": [1, 25454], "force_calls_at_each_min": [1, 25454], "min_height_scale": 2.0, "max_height_scale": 1.5, "min_cov_scale": 1.5, "max_cov_scale": 3.0}