{"run_id": 210, "bias_std_dev_scale": 0.244521, "bias_height_fraction": 0.02, "perturbation_size": 0.005, "optimizer": "FIRE", "found_minima": [[0.6234994049, 0.02803775853], [-0.5582236045993331, 1.4417258818020764]], "found_saddles": [[-0.842830905043421, 0.6284429099859052]], "bias_count": 5000, "energy_calls_at_each_min": [1, 18630], "force_calls_at_each_min": [1, 18630], "min_height_scale": 3.0, "max_height_scale": 2.0, "min_cov_scale": 1.5, "max_cov_scale": 2.5}