{"run_id": 725, "bias_std_dev_scale": 0.244521, "bias_height_fraction": 0.02, "perturbation_size": 0.005, "optimizer": "FIRE", "found_minima": [[0.6234994049, 0.02803775853], [-0.558223603145311, 1.4417258757918667]], "found_saddles": [[-0.811114622109645, 0.6155382595470358]], "bias_count": 5000, "energy_calls_at_each_min": [1, 26332], "force_calls_at_each_min": [1, 26332], "min_height_scale": 3.0, "max_height_scale": 2.0, "min_cov_scale": 2.0, "max_cov_scale": 2.0}