{"run_id": 2372, "bias_std_dev_scale": 0.244521, "bias_height_fraction": 0.02, "perturbation_size": 0.005, "optimizer": "FIRE", "found_minima": [[0.6234994049, 0.02803775853], [-0.5582236383888769, 1.441725839694594]], "found_saddles": [[-0.8701802602626079, 0.5869860921345768]], "bias_count": 5000, "energy_calls_at_each_min": [1, 39424], "force_calls_at_each_min": [1, 39424], "min_height_scale": 2.0, "max_height_scale": 1.5, "min_cov_scale": 2.0, "max_cov_scale": 1.5}