{"run_id": 609, "bias_std_dev_scale": 0.244521, "bias_height_fraction": 0.02, "perturbation_size": 0.005, "optimizer": "FIRE", "found_minima": [[0.6234994049, 0.02803775853], [-0.5582236497202079, 1.441725827335307]], "found_saddles": [[-0.7972981471433749, 0.6206455054145541]], "bias_count": 5000, "energy_calls_at_each_min": [1, 20260], "force_calls_at_each_min": [1, 20260], "min_height_scale": 2.0, "max_height_scale": 2.5, "min_cov_scale": 1.5, "max_cov_scale": 2.0}