{"run_id": 2082, "bias_std_dev_scale": 0.244521, "bias_height_fraction": 0.02, "perturbation_size": 0.005, "optimizer": "FIRE", "found_minima": [[0.6234994049, 0.02803775853], [-0.5582235137648118, 1.441726001936365]], "found_saddles": [[-0.15070442070734164, 0.10435478882283661]], "bias_count": 5000, "energy_calls_at_each_min": [1, 19893], "force_calls_at_each_min": [1, 19893], "min_height_scale": 1.5, "max_height_scale": 2.5, "min_cov_scale": 1.5, "max_cov_scale": 2.5}