{"run_id": 1653, "bias_std_dev_scale": 0.244521, "bias_height_fraction": 0.02, "perturbation_size": 0.005, "optimizer": "FIRE", "found_minima": [[0.6234994049, 0.02803775853], [-0.5582235263406129, 1.4417260563811618]], "found_saddles": [[-0.8577586155314396, 0.5753055916287997]], "bias_count": 5000, "energy_calls_at_each_min": [1, 18229], "force_calls_at_each_min": [1, 18229], "min_height_scale": 2.0, "max_height_scale": 3.0, "min_cov_scale": 2.0, "max_cov_scale": 2.0}