{"run_id": 2558, "bias_std_dev_scale": 0.244521, "bias_height_fraction": 0.02, "perturbation_size": 0.005, "optimizer": "FIRE", "found_minima": [[0.6234994049, 0.02803775853], [-0.5582236294021233, 1.4417258538372237]], "found_saddles": [[-0.8536734020652693, 0.5573930016838591]], "bias_count": 5000, "energy_calls_at_each_min": [1, 17198], "force_calls_at_each_min": [1, 17198], "min_height_scale": 3.0, "max_height_scale": 3.0, "min_cov_scale": 3.0, "max_cov_scale": 2.5}