{"run_id": 1825, "bias_std_dev_scale": 0.244521, "bias_height_fraction": 0.02, "perturbation_size": 0.005, "optimizer": "FIRE", "found_minima": [[0.6234994049, 0.02803775853], [-0.5582236291599358, 1.4417258601830871]], "found_saddles": [[-0.8146680255102573, 0.6131721135219732]], "bias_count": 5000, "energy_calls_at_each_min": [1, 15611], "force_calls_at_each_min": [1, 15611], "min_height_scale": 1.5, "max_height_scale": 2.5, "min_cov_scale": 1.5, "max_cov_scale": 2.0}