{"run_id": 623, "bias_std_dev_scale": 0.244521, "bias_height_fraction": 0.02, "perturbation_size": 0.005, "optimizer": "FIRE", "found_minima": [[0.6234994049, 0.02803775853], [-0.5582043871758438, 1.44175211312182]], "found_saddles": [[-0.8490027726068874, 0.5832857129566933]], "bias_count": 5000, "energy_calls_at_each_min": [1, 24175], "force_calls_at_each_min": [1, 24175], "min_height_scale": 2.0, "max_height_scale": 2.5, "min_cov_scale": 3.0, "max_cov_scale": 3.0}