{"run_id": 2462, "bias_std_dev_scale": 0.244521, "bias_height_fraction": 0.02, "perturbation_size": 0.005, "optimizer": "FIRE", "found_minima": [[0.6234994049, 0.02803775853], [-0.558217280361325, 1.4417337722078303]], "found_saddles": [[-0.810218316515632, 0.6048730624161697]], "bias_count": 5000, "energy_calls_at_each_min": [1, 31903], "force_calls_at_each_min": [1, 31903], "min_height_scale": 2.5, "max_height_scale": 2.0, "min_cov_scale": 3.0, "max_cov_scale": 2.5}