{"run_id": 1652, "bias_std_dev_scale": 0.244521, "bias_height_fraction": 0.02, "perturbation_size": 0.005, "optimizer": "FIRE", "found_minima": [[0.6234994049, 0.02803775853], [-0.5582236482589576, 1.4417258285506536]], "found_saddles": [[-0.8366611397613231, 0.6044581220285304]], "bias_count": 5000, "energy_calls_at_each_min": [1, 17755], "force_calls_at_each_min": [1, 17755], "min_height_scale": 2.0, "max_height_scale": 3.0, "min_cov_scale": 2.0, "max_cov_scale": 1.5}