{"run_id": 1093, "bias_std_dev_scale": 0.244521, "bias_height_fraction": 0.02, "perturbation_size": 0.005, "optimizer": "FIRE", "found_minima": [[0.6234994049, 0.02803775853], [-0.5582232561384654, 1.4417263703263008]], "found_saddles": [[-0.8449275553444928, 0.626112690650616]], "bias_count": 5000, "energy_calls_at_each_min": [1, 28834], "force_calls_at_each_min": [1, 28834], "min_height_scale": 2.0, "max_height_scale": 1.5, "min_cov_scale": 2.0, "max_cov_scale": 2.0}