{"run_id": 1418, "bias_std_dev_scale": 0.244521, "bias_height_fraction": 0.02, "perturbation_size": 0.005, "optimizer": "FIRE", "found_minima": [[0.6234994049, 0.02803775853], [-0.5582217965408961, 1.4417285349252495]], "found_saddles": [[-0.8057764905615734, 0.608167625250579]], "bias_count": 5000, "energy_calls_at_each_min": [1, 28743], "force_calls_at_each_min": [1, 28743], "min_height_scale": 2.5, "max_height_scale": 1.5, "min_cov_scale": 2.5, "max_cov_scale": 2.5}