{"run_id": 698, "bias_std_dev_scale": 0.244521, "bias_height_fraction": 0.02, "perturbation_size": 0.005, "optimizer": "FIRE", "found_minima": [[0.6234994049, 0.02803775853], [-0.5582159521715799, 1.4417367632676716]], "found_saddles": [[-0.8319256308939894, 0.6194764865300948]], "bias_count": 5000, "energy_calls_at_each_min": [1, 13961], "force_calls_at_each_min": [1, 13961], "min_height_scale": 2.5, "max_height_scale": 3.0, "min_cov_scale": 2.5, "max_cov_scale": 2.5}