{"run_id": 344, "bias_std_dev_scale": 0.244521, "bias_height_fraction": 0.02, "perturbation_size": 0.005, "optimizer": "FIRE", "found_minima": [[0.6234994049, 0.02803775853], [-0.5582236103716042, 1.4417258678449516]], "found_saddles": [[-0.8492839013366174, 0.6255035141163009]], "bias_count": 5000, "energy_calls_at_each_min": [1, 29564], "force_calls_at_each_min": [1, 29564], "min_height_scale": 2.0, "max_height_scale": 2.0, "min_cov_scale": 2.5, "max_cov_scale": 1.5}