{"run_id": 1788, "bias_std_dev_scale": 0.244521, "bias_height_fraction": 0.02, "perturbation_size": 0.005, "optimizer": "FIRE", "found_minima": [[0.6234994049, 0.02803775853], [-0.5582236076197457, 1.4417258720065296]], "found_saddles": [[-0.8423573301492914, 0.6157018482659444]], "bias_count": 5000, "energy_calls_at_each_min": [1, 22812], "force_calls_at_each_min": [1, 22812], "min_height_scale": 3.0, "max_height_scale": 3.0, "min_cov_scale": 3.0, "max_cov_scale": 1.5}