{"run_id": 2052, "bias_std_dev_scale": 0.244521, "bias_height_fraction": 0.02, "perturbation_size": 0.005, "optimizer": "FIRE", "found_minima": [[0.6234994049, 0.02803775853], [-0.05055375349758282, 0.46689103158867395], [-0.5582236519167219, 1.441725825131572]], "found_saddles": [[0.2436174122200205, 0.31798164425279235], [-0.8270302213173744, 0.6114748707799693]], "bias_count": 290, "energy_calls_at_each_min": [1, 6085, 32293], "force_calls_at_each_min": [1, 6085, 32293], "min_height_scale": 1.5, "max_height_scale": 1.5, "min_cov_scale": 2.0, "max_cov_scale": 1.5}