{"run_id": 1797, "bias_std_dev_scale": 0.244521, "bias_height_fraction": 0.02, "perturbation_size": 0.005, "optimizer": "FIRE", "found_minima": [[0.6234994049, 0.02803775853], [-0.5582233396623648, 1.4417262872125227]], "found_saddles": [[-0.811144106447345, 0.6116464628937244]], "bias_count": 5000, "energy_calls_at_each_min": [1, 29131], "force_calls_at_each_min": [1, 29131], "min_height_scale": 1.5, "max_height_scale": 1.5, "min_cov_scale": 2.0, "max_cov_scale": 2.0}