{"run_id": 1603, "bias_std_dev_scale": 0.244521, "bias_height_fraction": 0.02, "perturbation_size": 0.005, "optimizer": "FIRE", "found_minima": [[0.6234994049, 0.02803775853], [-0.558223616270422, 1.4417258610693597]], "found_saddles": [[-0.8127908180244046, 0.6212983805640753]], "bias_count": 5000, "energy_calls_at_each_min": [1, 27135], "force_calls_at_each_min": [1, 27135], "min_height_scale": 2.0, "max_height_scale": 1.5, "min_cov_scale": 1.5, "max_cov_scale": 3.0}