{"run_id": 2057, "bias_std_dev_scale": 0.244521, "bias_height_fraction": 0.02, "perturbation_size": 0.005, "optimizer": "FIRE", "found_minima": [[0.6234994049, 0.02803775853], [-0.050442218786286894, 0.4668740584034796], [-0.5582234448440618, 1.4417260850466715]], "found_saddles": [[0.2260403105181296, 0.2903799702376167], [-0.8214315757218501, 0.6097853360399452]], "bias_count": 314, "energy_calls_at_each_min": [1, 7418, 35628], "force_calls_at_each_min": [1, 7418, 35628], "min_height_scale": 1.5, "max_height_scale": 1.5, "min_cov_scale": 2.5, "max_cov_scale": 2.0}