{"run_id": 1510, "bias_std_dev_scale": 0.244521, "bias_height_fraction": 0.02, "perturbation_size": 0.005, "optimizer": "FIRE", "found_minima": [[0.6234994049, 0.02803775853], [-0.5582195500367263, 1.441730832156597]], "found_saddles": [[-0.8119947641158193, 0.61597542036088]], "bias_count": 5000, "energy_calls_at_each_min": [1, 18802], "force_calls_at_each_min": [1, 18802], "min_height_scale": 3.0, "max_height_scale": 2.5, "min_cov_scale": 2.0, "max_cov_scale": 2.5}