{"run_id": 834, "bias_std_dev_scale": 0.244521, "bias_height_fraction": 0.02, "perturbation_size": 0.005, "optimizer": "FIRE", "found_minima": [[0.6234994049, 0.02803775853], [-0.5582236027224954, 1.441725891217356]], "found_saddles": [[-0.8264253245276845, 0.6141561771659461]], "bias_count": 5000, "energy_calls_at_each_min": [1, 24095], "force_calls_at_each_min": [1, 24095], "min_height_scale": 2.0, "max_height_scale": 1.5, "min_cov_scale": 1.5, "max_cov_scale": 2.5}