{"run_id": 2017, "bias_std_dev_scale": 0.244521, "bias_height_fraction": 0.02, "perturbation_size": 0.005, "optimizer": "FIRE", "found_minima": [[0.6234994049, 0.02803775853], [-0.5582230994499745, 1.4417265174172353]], "found_saddles": [[-0.8404451640550984, 0.6316387709315561]], "bias_count": 5000, "energy_calls_at_each_min": [1, 17689], "force_calls_at_each_min": [1, 17689], "min_height_scale": 3.0, "max_height_scale": 2.5, "min_cov_scale": 1.5, "max_cov_scale": 2.0}