{"run_id": 714, "bias_std_dev_scale": 0.244521, "bias_height_fraction": 0.02, "perturbation_size": 0.005, "optimizer": "FIRE", "found_minima": [[0.6234994049, 0.02803775853], [-0.5582232861646549, 1.4417264626220756]], "found_saddles": [[-0.8181638723288216, 0.6166290576486105]], "bias_count": 5000, "energy_calls_at_each_min": [1, 29735], "force_calls_at_each_min": [1, 29735], "min_height_scale": 3.0, "max_height_scale": 1.5, "min_cov_scale": 2.5, "max_cov_scale": 2.5}