{"run_id": 2272, "bias_std_dev_scale": 0.244521, "bias_height_fraction": 0.02, "perturbation_size": 0.005, "optimizer": "FIRE", "found_minima": [[0.6234994049, 0.02803775853], [-0.5582236178539635, 1.4417258732693201]], "found_saddles": [[-0.8741973203296366, 0.6060181025458856]], "bias_count": 5000, "energy_calls_at_each_min": [1, 24168], "force_calls_at_each_min": [1, 24168], "min_height_scale": 3.0, "max_height_scale": 2.5, "min_cov_scale": 1.5, "max_cov_scale": 1.5}