{"run_id": 2022, "bias_std_dev_scale": 0.244521, "bias_height_fraction": 0.02, "perturbation_size": 0.005, "optimizer": "FIRE", "found_minima": [[0.6234994049, 0.02803775853], [-0.5582229166683655, 1.4417273696481596]], "found_saddles": [[-0.849342671382531, 0.6083760513815014]], "bias_count": 5000, "energy_calls_at_each_min": [1, 21569], "force_calls_at_each_min": [1, 21569], "min_height_scale": 3.0, "max_height_scale": 2.5, "min_cov_scale": 2.0, "max_cov_scale": 2.5}