{"run_id": 2467, "bias_std_dev_scale": 0.244521, "bias_height_fraction": 0.02, "perturbation_size": 0.005, "optimizer": "FIRE", "found_minima": [[0.6234994049, 0.02803775853], [-0.5582232873537201, 1.4417266252259653]], "found_saddles": [[-0.8206570707116242, 0.6191417944799938]], "bias_count": 5000, "energy_calls_at_each_min": [1, 16214], "force_calls_at_each_min": [1, 16214], "min_height_scale": 2.5, "max_height_scale": 2.5, "min_cov_scale": 1.5, "max_cov_scale": 3.0}