{"run_id": 808, "bias_std_dev_scale": 0.244521, "bias_height_fraction": 0.02, "perturbation_size": 0.005, "optimizer": "FIRE", "found_minima": [[0.6234994049, 0.02803775853], [-0.050614565657339634, 0.4668889963040464], [-0.558223642627523, 1.4417258366321033]], "found_saddles": [[0.2304979453782582, 0.29302225721361386], [-0.8410802315933164, 0.6200989119821323]], "bias_count": 185, "energy_calls_at_each_min": [1, 4126, 21641], "force_calls_at_each_min": [1, 4126, 21641], "min_height_scale": 1.5, "max_height_scale": 2.5, "min_cov_scale": 2.5, "max_cov_scale": 1.5}