{"run_id": 2404, "bias_std_dev_scale": 0.244521, "bias_height_fraction": 0.02, "perturbation_size": 0.005, "optimizer": "FIRE", "found_minima": [[0.6234994049, 0.02803775853], [-0.558223640556458, 1.4417258375849453]], "found_saddles": [[-0.8152208093086406, 0.541962650379166]], "bias_count": 5000, "energy_calls_at_each_min": [1, 21402], "force_calls_at_each_min": [1, 21402], "min_height_scale": 2.0, "max_height_scale": 2.5, "min_cov_scale": 2.0, "max_cov_scale": 1.5}