{"run_id": 1589, "bias_std_dev_scale": 0.244521, "bias_height_fraction": 0.02, "perturbation_size": 0.005, "optimizer": "FIRE", "found_minima": [[0.6234994049, 0.02803775853], [-0.5582235502136542, 1.4417259567875813]], "found_saddles": [[-0.8441943417311379, 0.6254049809901432]], "bias_count": 5000, "energy_calls_at_each_min": [1, 14387], "force_calls_at_each_min": [1, 14387], "min_height_scale": 1.5, "max_height_scale": 3.0, "min_cov_scale": 2.0, "max_cov_scale": 2.0}