{"run_id": 1943, "bias_std_dev_scale": 0.244521, "bias_height_fraction": 0.02, "perturbation_size": 0.005, "optimizer": "FIRE", "found_minima": [[0.6234994049, 0.02803775853], [-0.558221511468702, 1.4417292977885894]], "found_saddles": [[-0.8136795025739657, 0.6289445227828343]], "bias_count": 5000, "energy_calls_at_each_min": [1, 21035], "force_calls_at_each_min": [1, 21035], "min_height_scale": 2.5, "max_height_scale": 2.0, "min_cov_scale": 2.0, "max_cov_scale": 3.0}