{"run_id": 1911, "bias_std_dev_scale": 0.244521, "bias_height_fraction": 0.02, "perturbation_size": 0.005, "optimizer": "FIRE", "found_minima": [[0.6234994049, 0.02803775853], [-0.05035816874177231, 0.4668152998361398], [-0.5582233597069387, 1.4417263938277725]], "found_saddles": [[0.22234113821806334, 0.29460549541214104], [-0.8158602031192346, 0.6429286878020792]], "bias_count": 122, "energy_calls_at_each_min": [1, 2278, 13940], "force_calls_at_each_min": [1, 2278, 13940], "min_height_scale": 2.0, "max_height_scale": 3.0, "min_cov_scale": 2.0, "max_cov_scale": 3.0}