{"run_id": 38, "bias_std_dev_scale": 0.244521, "bias_height_fraction": 0.02, "perturbation_size": 0.005, "optimizer": "FIRE", "found_minima": [[0.6234994049, 0.02803775853], [-0.5582235352716539, 1.4417259446983668]], "found_saddles": [[-0.8349326555463744, 0.6192565777183792]], "bias_count": 5000, "energy_calls_at_each_min": [1, 18947], "force_calls_at_each_min": [1, 18947], "min_height_scale": 1.5, "max_height_scale": 2.5, "min_cov_scale": 2.0, "max_cov_scale": 2.5}