{"run_id": 16, "bias_std_dev_scale": 0.244521, "bias_height_fraction": 0.02, "perturbation_size": 0.005, "optimizer": "FIRE", "found_minima": [[0.6234994049, 0.02803775853], [-0.5582236178951159, 1.4417258594438496]], "found_saddles": [[-0.8307405686864189, 0.6240215724581158]], "bias_count": 5000, "energy_calls_at_each_min": [1, 17365], "force_calls_at_each_min": [1, 17365], "min_height_scale": 1.5, "max_height_scale": 2.0, "min_cov_scale": 1.5, "max_cov_scale": 1.5}