{"run_id": 1755, "bias_std_dev_scale": 0.244521, "bias_height_fraction": 0.02, "perturbation_size": 0.005, "optimizer": "FIRE", "found_minima": [[0.6234994049, 0.02803775853], [-0.558222069586311, 1.441727884384957]], "found_saddles": [[-0.8489675827369122, 0.6172575942533622]], "bias_count": 5000, "energy_calls_at_each_min": [1, 20769], "force_calls_at_each_min": [1, 20769], "min_height_scale": 3.0, "max_height_scale": 2.0, "min_cov_scale": 2.5, "max_cov_scale": 3.0}