{"run_id": 917, "bias_std_dev_scale": 0.244521, "bias_height_fraction": 0.02, "perturbation_size": 0.005, "optimizer": "FIRE", "found_minima": [[0.6234994049, 0.02803775853], [-0.5582236438112402, 1.4417258339935253]], "found_saddles": [[-0.8114855410177876, 0.6047070821753131]], "bias_count": 5000, "energy_calls_at_each_min": [1, 20535], "force_calls_at_each_min": [1, 20535], "min_height_scale": 2.5, "max_height_scale": 2.0, "min_cov_scale": 2.0, "max_cov_scale": 2.0}