{"run_id": 1851, "bias_std_dev_scale": 0.244521, "bias_height_fraction": 0.02, "perturbation_size": 0.005, "optimizer": "FIRE", "found_minima": [[0.6234994049, 0.02803775853], [-0.558223744707016, 1.4417261640675771]], "found_saddles": [[-0.7062112090929564, 0.7084612678887017]], "bias_count": 5000, "energy_calls_at_each_min": [1, 18396], "force_calls_at_each_min": [1, 18396], "min_height_scale": 1.5, "max_height_scale": 3.0, "min_cov_scale": 2.5, "max_cov_scale": 3.0}