{"run_id": 1730, "bias_std_dev_scale": 0.244521, "bias_height_fraction": 0.02, "perturbation_size": 0.005, "optimizer": "FIRE", "found_minima": [[0.6234994049, 0.02803775853], [-0.5582233882925921, 1.4417262667934305]], "found_saddles": [[-0.8143098491574812, 0.6185399575572272]], "bias_count": 5000, "energy_calls_at_each_min": [1, 26594], "force_calls_at_each_min": [1, 26594], "min_height_scale": 3.0, "max_height_scale": 1.5, "min_cov_scale": 1.5, "max_cov_scale": 2.5}