{"run_id": 386, "bias_std_dev_scale": 0.244521, "bias_height_fraction": 0.02, "perturbation_size": 0.005, "optimizer": "FIRE", "found_minima": [[0.6234994049, 0.02803775853], [-0.5582229683410258, 1.4417266628367162]], "found_saddles": [[-0.8361581473205549, 0.6350524976215468]], "bias_count": 5000, "energy_calls_at_each_min": [1, 24086], "force_calls_at_each_min": [1, 24086], "min_height_scale": 2.5, "max_height_scale": 1.5, "min_cov_scale": 1.5, "max_cov_scale": 2.5}