{"run_id": 2245, "bias_std_dev_scale": 0.244521, "bias_height_fraction": 0.02, "perturbation_size": 0.005, "optimizer": "FIRE", "found_minima": [[0.6234994049, 0.02803775853], [-0.050369961549623615, 0.4668047978713244], [-0.5582231000970213, 1.4417265055015878]], "found_saddles": [[0.19891911664746406, 0.3010967775818468], [-0.8244796960542751, 0.6050647043582403]], "bias_count": 290, "energy_calls_at_each_min": [1, 5268, 32543], "force_calls_at_each_min": [1, 5268, 32543], "min_height_scale": 3.0, "max_height_scale": 1.5, "min_cov_scale": 2.0, "max_cov_scale": 2.0}