{"run_id": 1846, "bias_std_dev_scale": 0.244521, "bias_height_fraction": 0.02, "perturbation_size": 0.005, "optimizer": "FIRE", "found_minima": [[0.6234994049, 0.02803775853], [-0.558221750745414, 1.4417285222167793]], "found_saddles": [[-0.8254866535122976, 0.6131686818967137]], "bias_count": 5000, "energy_calls_at_each_min": [1, 17851], "force_calls_at_each_min": [1, 17851], "min_height_scale": 1.5, "max_height_scale": 3.0, "min_cov_scale": 2.0, "max_cov_scale": 2.5}