{"run_id": 424, "bias_std_dev_scale": 0.244521, "bias_height_fraction": 0.02, "perturbation_size": 0.005, "optimizer": "FIRE", "found_minima": [[0.6234994049, 0.02803775853], [-0.050556080293190524, 0.4668284007206906], [-0.5582236513318817, 1.441725824344078]], "found_saddles": [[0.20236563791543133, 0.2965259414012654], [-0.8127601627256121, 0.5989773789092759]], "bias_count": 185, "energy_calls_at_each_min": [1, 4986, 22530], "force_calls_at_each_min": [1, 4986, 22530], "min_height_scale": 2.5, "max_height_scale": 2.5, "min_cov_scale": 2.5, "max_cov_scale": 1.5}