{"run_id": 1443, "bias_std_dev_scale": 0.244521, "bias_height_fraction": 0.02, "perturbation_size": 0.005, "optimizer": "FIRE", "found_minima": [[0.6234994049, 0.02803775853], [-0.5582210871852694, 1.4417294261706393]], "found_saddles": [[-0.8102578653983019, 0.6013475449066679]], "bias_count": 5000, "energy_calls_at_each_min": [1, 18162], "force_calls_at_each_min": [1, 18162], "min_height_scale": 2.5, "max_height_scale": 2.5, "min_cov_scale": 1.5, "max_cov_scale": 3.0}