{"run_id": 1090, "bias_std_dev_scale": 0.244521, "bias_height_fraction": 0.02, "perturbation_size": 0.005, "optimizer": "FIRE", "found_minima": [[0.6234994049, 0.02803775853], [-0.5582235915049254, 1.4417259185318354]], "found_saddles": [[-0.8137393430981167, 0.6256623213466903]], "bias_count": 5000, "energy_calls_at_each_min": [1, 27673], "force_calls_at_each_min": [1, 27673], "min_height_scale": 2.0, "max_height_scale": 1.5, "min_cov_scale": 1.5, "max_cov_scale": 2.5}