{"run_id": 1741, "bias_std_dev_scale": 0.244521, "bias_height_fraction": 0.02, "perturbation_size": 0.005, "optimizer": "FIRE", "found_minima": [[0.6234994049, 0.02803775853], [-0.5582233115849958, 1.4417262057613804]], "found_saddles": [[-0.8366539796870095, 0.6265169143748027]], "bias_count": 5000, "energy_calls_at_each_min": [1, 36860], "force_calls_at_each_min": [1, 36860], "min_height_scale": 3.0, "max_height_scale": 1.5, "min_cov_scale": 3.0, "max_cov_scale": 2.0}