{"run_id": 209, "bias_std_dev_scale": 0.244521, "bias_height_fraction": 0.02, "perturbation_size": 0.005, "optimizer": "FIRE", "found_minima": [[0.6234994049, 0.02803775853], [-0.5582235811405547, 1.4417259232717137]], "found_saddles": [[-0.8153350941996442, 0.5999477856501194]], "bias_count": 5000, "energy_calls_at_each_min": [1, 19934], "force_calls_at_each_min": [1, 19934], "min_height_scale": 3.0, "max_height_scale": 2.0, "min_cov_scale": 1.5, "max_cov_scale": 2.0}