{"run_id": 919, "bias_std_dev_scale": 0.244521, "bias_height_fraction": 0.02, "perturbation_size": 0.005, "optimizer": "FIRE", "found_minima": [[0.6234994049, 0.02803775853], [-0.5582175729329524, 1.441733305260466]], "found_saddles": [[-0.8261948667235821, 0.6435285668770365]], "bias_count": 5000, "energy_calls_at_each_min": [1, 18723], "force_calls_at_each_min": [1, 18723], "min_height_scale": 2.5, "max_height_scale": 2.0, "min_cov_scale": 2.0, "max_cov_scale": 3.0}