{"run_id": 950, "bias_std_dev_scale": 0.244521, "bias_height_fraction": 0.02, "perturbation_size": 0.005, "optimizer": "FIRE", "found_minima": [[0.6234994049, 0.02803775853], [-0.5582222374413971, 1.4417278202293475]], "found_saddles": [[-0.8584571662863651, 0.595544620922906]], "bias_count": 5000, "energy_calls_at_each_min": [1, 16068], "force_calls_at_each_min": [1, 16068], "min_height_scale": 2.5, "max_height_scale": 3.0, "min_cov_scale": 2.0, "max_cov_scale": 2.5}