{"run_id": 697, "bias_std_dev_scale": 0.244521, "bias_height_fraction": 0.02, "perturbation_size": 0.005, "optimizer": "FIRE", "found_minima": [[0.6234994049, 0.02803775853], [-0.5582235319564889, 1.441725986150972]], "found_saddles": [[-0.8224979690165487, 0.6020627406920424]], "bias_count": 5000, "energy_calls_at_each_min": [1, 16991], "force_calls_at_each_min": [1, 16991], "min_height_scale": 2.5, "max_height_scale": 3.0, "min_cov_scale": 2.5, "max_cov_scale": 2.0}