{"run_id": 1645, "bias_std_dev_scale": 0.244521, "bias_height_fraction": 0.02, "perturbation_size": 0.005, "optimizer": "FIRE", "found_minima": [[0.6234994049, 0.02803775853], [-0.5582235355052753, 1.4417259670308118]], "found_saddles": [[-0.8159385672014248, 0.6102905037744951]], "bias_count": 5000, "energy_calls_at_each_min": [1, 23697], "force_calls_at_each_min": [1, 23697], "min_height_scale": 2.0, "max_height_scale": 2.5, "min_cov_scale": 3.0, "max_cov_scale": 2.0}