{"run_id": 652, "bias_std_dev_scale": 0.244521, "bias_height_fraction": 0.02, "perturbation_size": 0.005, "optimizer": "FIRE", "found_minima": [[0.6234994049, 0.02803775853], [-0.5582236486721315, 1.4417258288096986]], "found_saddles": [[-0.8018573510489245, 0.6196420214984374]], "bias_count": 5000, "energy_calls_at_each_min": [1, 43551], "force_calls_at_each_min": [1, 43551], "min_height_scale": 2.5, "max_height_scale": 1.5, "min_cov_scale": 3.0, "max_cov_scale": 1.5}