{"run_id": 1060, "bias_std_dev_scale": 0.244521, "bias_height_fraction": 0.02, "perturbation_size": 0.005, "optimizer": "FIRE", "found_minima": [[0.6234994049, 0.02803775853], [-0.050678700792552815, 0.4668612042050935], [-0.5582236283131152, 1.4417258459035707]], "found_saddles": [[0.19573458160544696, 0.28826815920396176], [-0.8300713082420257, 0.6187420565337136]], "bias_count": 163, "energy_calls_at_each_min": [1, 4475, 19251], "force_calls_at_each_min": [1, 4475, 19251], "min_height_scale": 1.5, "max_height_scale": 2.5, "min_cov_scale": 2.0, "max_cov_scale": 1.5}