{"run_id": 1115, "bias_std_dev_scale": 0.244521, "bias_height_fraction": 0.02, "perturbation_size": 0.005, "optimizer": "FIRE", "found_minima": [[0.6234994049, 0.02803775853], [-0.558206475597977, 1.4417500224949136]], "found_saddles": [[-0.8535963805573419, 0.6174573018609781]], "bias_count": 5000, "energy_calls_at_each_min": [1, 26596], "force_calls_at_each_min": [1, 26596], "min_height_scale": 2.0, "max_height_scale": 2.0, "min_cov_scale": 2.5, "max_cov_scale": 3.0}