{"run_id": 2043, "bias_std_dev_scale": 0.244521, "bias_height_fraction": 0.02, "perturbation_size": 0.005, "optimizer": "FIRE", "found_minima": [[0.6234994049, 0.02803775853], [-0.5582165314065377, 1.4417350165388456]], "found_saddles": [[-0.815006361525057, 0.6391173518539727]], "bias_count": 5000, "energy_calls_at_each_min": [1, 13346], "force_calls_at_each_min": [1, 13346], "min_height_scale": 3.0, "max_height_scale": 3.0, "min_cov_scale": 2.5, "max_cov_scale": 3.0}