{"run_id": 1860, "bias_std_dev_scale": 0.244521, "bias_height_fraction": 0.02, "perturbation_size": 0.005, "optimizer": "FIRE", "found_minima": [[0.6234994049, 0.02803775853], [-0.5582236527325342, 1.4417258249899065]], "found_saddles": [[-0.8154846355629649, 0.6107831229458965]], "bias_count": 5000, "energy_calls_at_each_min": [1, 29694], "force_calls_at_each_min": [1, 29694], "min_height_scale": 2.0, "max_height_scale": 1.5, "min_cov_scale": 2.0, "max_cov_scale": 1.5}