{"run_id": 627, "bias_std_dev_scale": 0.244521, "bias_height_fraction": 0.02, "perturbation_size": 0.005, "optimizer": "FIRE", "found_minima": [[0.6234994049, 0.02803775853], [-0.5582110260114892, 1.4417417647063673]], "found_saddles": [[-0.8556356771550275, 0.6115529147040523]], "bias_count": 5000, "energy_calls_at_each_min": [1, 10475], "force_calls_at_each_min": [1, 10475], "min_height_scale": 2.0, "max_height_scale": 3.0, "min_cov_scale": 1.5, "max_cov_scale": 3.0}