{"run_id": 849, "bias_std_dev_scale": 0.244521, "bias_height_fraction": 0.02, "perturbation_size": 0.005, "optimizer": "FIRE", "found_minima": [[0.6234994049, 0.02803775853], [-0.5582236272339401, 1.441725855261461]], "found_saddles": [[-0.8428132561581922, 0.6195024814601894]], "bias_count": 5000, "energy_calls_at_each_min": [1, 19882], "force_calls_at_each_min": [1, 19882], "min_height_scale": 2.0, "max_height_scale": 2.0, "min_cov_scale": 1.5, "max_cov_scale": 2.0}