{"run_id": 156, "bias_std_dev_scale": 0.244521, "bias_height_fraction": 0.02, "perturbation_size": 0.005, "optimizer": "FIRE", "found_minima": [[0.6234994049, 0.02803775853], [-0.5582236438353484, 1.441725833086825]], "found_saddles": [[-0.8311929639121125, 0.6082683750688792]], "bias_count": 5000, "energy_calls_at_each_min": [1, 29904], "force_calls_at_each_min": [1, 29904], "min_height_scale": 2.5, "max_height_scale": 2.0, "min_cov_scale": 3.0, "max_cov_scale": 1.5}