{"run_id": 887, "bias_std_dev_scale": 0.244521, "bias_height_fraction": 0.02, "perturbation_size": 0.005, "optimizer": "FIRE", "found_minima": [[0.6234994049, 0.02803775853], [-0.5582113426975179, 1.4417407410312593]], "found_saddles": [[-0.8231702639201113, 0.6175908894019201]], "bias_count": 5000, "energy_calls_at_each_min": [1, 12776], "force_calls_at_each_min": [1, 12776], "min_height_scale": 2.0, "max_height_scale": 3.0, "min_cov_scale": 2.0, "max_cov_scale": 3.0}