{"run_id": 2380, "bias_std_dev_scale": 0.244521, "bias_height_fraction": 0.02, "perturbation_size": 0.005, "optimizer": "FIRE", "found_minima": [[0.6234994049, 0.02803775853], [-0.5582236433358987, 1.4417258337947676]], "found_saddles": [[-0.8623479494446371, 0.5963178302937141]], "bias_count": 5000, "energy_calls_at_each_min": [1, 43370], "force_calls_at_each_min": [1, 43370], "min_height_scale": 2.0, "max_height_scale": 1.5, "min_cov_scale": 3.0, "max_cov_scale": 1.5}