{"run_id": 1623, "bias_std_dev_scale": 0.244521, "bias_height_fraction": 0.02, "perturbation_size": 0.005, "optimizer": "FIRE", "found_minima": [[0.6234994049, 0.02803775853], [-0.5582218027276449, 1.4417285486917013]], "found_saddles": [[-0.8546323512825836, 0.6198235223768069]], "bias_count": 5000, "energy_calls_at_each_min": [1, 21547], "force_calls_at_each_min": [1, 21547], "min_height_scale": 2.0, "max_height_scale": 2.0, "min_cov_scale": 2.0, "max_cov_scale": 3.0}