{"run_id": 2025, "bias_std_dev_scale": 0.244521, "bias_height_fraction": 0.02, "perturbation_size": 0.005, "optimizer": "FIRE", "found_minima": [[0.6234994049, 0.02803775853], [-0.5582234953815407, 1.4417260175060451]], "found_saddles": [[-0.8666885655123763, 0.5746625585691117]], "bias_count": 5000, "energy_calls_at_each_min": [1, 21547], "force_calls_at_each_min": [1, 21547], "min_height_scale": 3.0, "max_height_scale": 2.5, "min_cov_scale": 2.5, "max_cov_scale": 2.0}