{"run_id": 1523, "bias_std_dev_scale": 0.244521, "bias_height_fraction": 0.02, "perturbation_size": 0.005, "optimizer": "FIRE", "found_minima": [[0.6234994049, 0.02803775853], [-0.558222761338696, 1.4417269367600818]], "found_saddles": [[-0.785015147733146, 0.6338482021500841]], "bias_count": 5000, "energy_calls_at_each_min": [1, 12714], "force_calls_at_each_min": [1, 12714], "min_height_scale": 3.0, "max_height_scale": 3.0, "min_cov_scale": 1.5, "max_cov_scale": 3.0}