{"run_id": 2411, "bias_std_dev_scale": 0.244521, "bias_height_fraction": 0.02, "perturbation_size": 0.005, "optimizer": "FIRE", "found_minima": [[0.6234994049, 0.02803775853], [-0.5582228900924159, 1.4417275065426087]], "found_saddles": [[-0.8225975003905677, 0.61840504515051]], "bias_count": 5000, "energy_calls_at_each_min": [1, 19453], "force_calls_at_each_min": [1, 19453], "min_height_scale": 2.0, "max_height_scale": 2.5, "min_cov_scale": 2.5, "max_cov_scale": 3.0}