{"run_id": 2099, "bias_std_dev_scale": 0.244521, "bias_height_fraction": 0.02, "perturbation_size": 0.005, "optimizer": "FIRE", "found_minima": [[0.6234994049, 0.02803775853], [-0.5582211413593297, 1.4417302185263616]], "found_saddles": [[-0.8229224188812869, 0.6017031169887181]], "bias_count": 5000, "energy_calls_at_each_min": [1, 12869], "force_calls_at_each_min": [1, 12869], "min_height_scale": 1.5, "max_height_scale": 3.0, "min_cov_scale": 1.5, "max_cov_scale": 3.0}