{"run_id": 495, "bias_std_dev_scale": 0.244521, "bias_height_fraction": 0.02, "perturbation_size": 0.005, "optimizer": "FIRE", "found_minima": [[0.6234994049, 0.02803775853], [-0.558218377041335, 1.4417320123925776]], "found_saddles": [[-0.8287427589916205, 0.6148939239601637]], "bias_count": 5000, "energy_calls_at_each_min": [1, 20300], "force_calls_at_each_min": [1, 20300], "min_height_scale": 3.0, "max_height_scale": 2.5, "min_cov_scale": 3.0, "max_cov_scale": 3.0}