{"run_id": 2249, "bias_std_dev_scale": 0.244521, "bias_height_fraction": 0.02, "perturbation_size": 0.005, "optimizer": "FIRE", "found_minima": [[0.6234994049, 0.02803775853], [-0.5582236531128285, 1.4417258231161085]], "found_saddles": [[-0.8575050083440467, 0.5901201244597567]], "bias_count": 5000, "energy_calls_at_each_min": [1, 37460], "force_calls_at_each_min": [1, 37460], "min_height_scale": 3.0, "max_height_scale": 1.5, "min_cov_scale": 2.5, "max_cov_scale": 2.0}