{"run_id": 2187, "bias_std_dev_scale": 0.244521, "bias_height_fraction": 0.02, "perturbation_size": 0.005, "optimizer": "FIRE", "found_minima": [[0.6234994049, 0.02803775853], [-0.5582191632046737, 1.4417314520386242]], "found_saddles": [[-0.8497954650926923, 0.5859819270832644]], "bias_count": 5000, "energy_calls_at_each_min": [1, 32714], "force_calls_at_each_min": [1, 32714], "min_height_scale": 2.5, "max_height_scale": 1.5, "min_cov_scale": 2.5, "max_cov_scale": 3.0}