{"run_id": 545, "bias_std_dev_scale": 0.244521, "bias_height_fraction": 0.02, "perturbation_size": 0.005, "optimizer": "FIRE", "found_minima": [[0.6234994049, 0.02803775853], [-0.5582236405672608, 1.4417258381593263]], "found_saddles": [[-0.7924511980980486, 0.6246663661167978]], "bias_count": 5000, "energy_calls_at_each_min": [1, 17828], "force_calls_at_each_min": [1, 17828], "min_height_scale": 1.5, "max_height_scale": 2.5, "min_cov_scale": 1.5, "max_cov_scale": 2.0}