{"run_id": 1494, "bias_std_dev_scale": 0.244521, "bias_height_fraction": 0.02, "perturbation_size": 0.005, "optimizer": "FIRE", "found_minima": [[0.6234994049, 0.02803775853], [-0.5582233836033202, 1.4417262261166994]], "found_saddles": [[-0.8277697002280804, 0.6537925566353943]], "bias_count": 5000, "energy_calls_at_each_min": [1, 25371], "force_calls_at_each_min": [1, 25371], "min_height_scale": 3.0, "max_height_scale": 2.0, "min_cov_scale": 2.0, "max_cov_scale": 2.5}