{"run_id": 2377, "bias_std_dev_scale": 0.244521, "bias_height_fraction": 0.02, "perturbation_size": 0.005, "optimizer": "FIRE", "found_minima": [[0.6234994049, 0.02803775853], [-0.5582232287643046, 1.4417262856936461]], "found_saddles": [[-0.8207567332481939, 0.6034940997181063]], "bias_count": 5000, "energy_calls_at_each_min": [1, 31479], "force_calls_at_each_min": [1, 31479], "min_height_scale": 2.0, "max_height_scale": 1.5, "min_cov_scale": 2.5, "max_cov_scale": 2.0}