{"run_id": 441, "bias_std_dev_scale": 0.244521, "bias_height_fraction": 0.02, "perturbation_size": 0.005, "optimizer": "FIRE", "found_minima": [[0.6234994049, 0.02803775853], [-0.05021202281246328, 0.46678865645750695], [-0.5582236231146138, 1.4417258631851868]], "found_saddles": [[0.22038759494515733, 0.30107670807904185], [-0.836721710005515, 0.6361407818600208]], "bias_count": 154, "energy_calls_at_each_min": [1, 2744, 18653], "force_calls_at_each_min": [1, 2744, 18653], "min_height_scale": 2.5, "max_height_scale": 3.0, "min_cov_scale": 2.5, "max_cov_scale": 2.0}