{"run_id": 2555, "bias_std_dev_scale": 0.244521, "bias_height_fraction": 0.02, "perturbation_size": 0.005, "optimizer": "FIRE", "found_minima": [[0.6234994049, 0.02803775853], [-0.558223034920881, 1.4417268858460939]], "found_saddles": [[-0.8373012609837349, 0.6262228417517182]], "bias_count": 5000, "energy_calls_at_each_min": [1, 16684], "force_calls_at_each_min": [1, 16684], "min_height_scale": 3.0, "max_height_scale": 3.0, "min_cov_scale": 2.5, "max_cov_scale": 3.0}