{"run_id": 22, "bias_std_dev_scale": 0.244521, "bias_height_fraction": 0.02, "perturbation_size": 0.005, "optimizer": "FIRE", "found_minima": [[0.6234994049, 0.02803775853], [-0.558220284772428, 1.441729871966792]], "found_saddles": [[-0.8520544738633646, 0.5903053130349892]], "bias_count": 5000, "energy_calls_at_each_min": [1, 25675], "force_calls_at_each_min": [1, 25675], "min_height_scale": 1.5, "max_height_scale": 2.0, "min_cov_scale": 2.0, "max_cov_scale": 2.5}