{"run_id": 398, "bias_std_dev_scale": 0.244521, "bias_height_fraction": 0.02, "perturbation_size": 0.005, "optimizer": "FIRE", "found_minima": [[0.6234994049, 0.02803775853], [-0.5582235229268325, 1.4417260945095303]], "found_saddles": [[-0.83484669801497, 0.6296085794807785]], "bias_count": 5000, "energy_calls_at_each_min": [1, 35101], "force_calls_at_each_min": [1, 35101], "min_height_scale": 2.5, "max_height_scale": 1.5, "min_cov_scale": 3.0, "max_cov_scale": 2.5}