{"run_id": 2170, "bias_std_dev_scale": 0.244521, "bias_height_fraction": 0.02, "perturbation_size": 0.005, "optimizer": "FIRE", "found_minima": [[0.6234994049, 0.02803775853], [-0.5582154029958427, 1.4417355072516564]], "found_saddles": [[-0.7956010861819244, 0.6179468800089204]], "bias_count": 5000, "energy_calls_at_each_min": [1, 17265], "force_calls_at_each_min": [1, 17265], "min_height_scale": 2.0, "max_height_scale": 3.0, "min_cov_scale": 2.5, "max_cov_scale": 2.5}