{"run_id": 292, "bias_std_dev_scale": 0.244521, "bias_height_fraction": 0.02, "perturbation_size": 0.005, "optimizer": "FIRE", "found_minima": [[0.6234994049, 0.02803775853], [-0.5582235736336705, 1.4417259226758234]], "found_saddles": [[-0.8291033837215107, 0.5920495131024592]], "bias_count": 5000, "energy_calls_at_each_min": [1, 21689], "force_calls_at_each_min": [1, 21689], "min_height_scale": 1.5, "max_height_scale": 2.5, "min_cov_scale": 2.0, "max_cov_scale": 1.5}