{"run_id": 2021, "bias_std_dev_scale": 0.244521, "bias_height_fraction": 0.02, "perturbation_size": 0.005, "optimizer": "FIRE", "found_minima": [[0.6234994049, 0.02803775853], [-0.5582233098085788, 1.4417262472842116]], "found_saddles": [[-0.8198045527416995, 0.5966556641864217]], "bias_count": 5000, "energy_calls_at_each_min": [1, 15472], "force_calls_at_each_min": [1, 15472], "min_height_scale": 3.0, "max_height_scale": 2.5, "min_cov_scale": 2.0, "max_cov_scale": 2.0}