{"run_id": 1519, "bias_std_dev_scale": 0.244521, "bias_height_fraction": 0.02, "perturbation_size": 0.005, "optimizer": "FIRE", "found_minima": [[0.6234994049, 0.02803775853], [-0.5582239617339428, 1.4417258739264187]], "found_saddles": [[-0.8074858239280408, 0.6488948459411146]], "bias_count": 5000, "energy_calls_at_each_min": [1, 14635], "force_calls_at_each_min": [1, 14635], "min_height_scale": 3.0, "max_height_scale": 2.5, "min_cov_scale": 3.0, "max_cov_scale": 3.0}