{"run_id": 410, "bias_std_dev_scale": 0.244521, "bias_height_fraction": 0.02, "perturbation_size": 0.005, "optimizer": "FIRE", "found_minima": [[0.6234994049, 0.02803775853], [-0.5582200000259193, 1.4417311019240897]], "found_saddles": [[-0.8325353579442437, 0.6258531979854433]], "bias_count": 5000, "energy_calls_at_each_min": [1, 24092], "force_calls_at_each_min": [1, 24092], "min_height_scale": 2.5, "max_height_scale": 2.0, "min_cov_scale": 2.5, "max_cov_scale": 2.5}