{"run_id": 1636, "bias_std_dev_scale": 0.244521, "bias_height_fraction": 0.02, "perturbation_size": 0.005, "optimizer": "FIRE", "found_minima": [[0.6234994049, 0.02803775853], [-0.050466169724613666, 0.46680050550004115], [-0.5582236002079245, 1.4417258933950596]], "found_saddles": [[0.1892293898707913, 0.26745447357941743], [-0.8162684916143912, 0.602244242509411]], "bias_count": 174, "energy_calls_at_each_min": [1, 4332, 19702], "force_calls_at_each_min": [1, 4332, 19702], "min_height_scale": 2.0, "max_height_scale": 2.5, "min_cov_scale": 2.0, "max_cov_scale": 1.5}