{"run_id": 2361, "bias_std_dev_scale": 0.244521, "bias_height_fraction": 0.02, "perturbation_size": 0.005, "optimizer": "FIRE", "found_minima": [[0.6234994049, 0.02803775853], [-0.05057828047779817, 0.46685257677706293], [-0.5582235927668546, 1.4417258961472286]], "found_saddles": [[0.21747613334603147, 0.2789119884209752], [-0.7987877065859583, 0.6478819475193469]], "bias_count": 158, "energy_calls_at_each_min": [1, 3630, 19155], "force_calls_at_each_min": [1, 3630, 19155], "min_height_scale": 1.5, "max_height_scale": 3.0, "min_cov_scale": 2.5, "max_cov_scale": 2.0}