{"run_id": 547, "bias_std_dev_scale": 0.244521, "bias_height_fraction": 0.02, "perturbation_size": 0.005, "optimizer": "FIRE", "found_minima": [[0.6234994049, 0.02803775853], [-0.5582235520638036, 1.441725984829685]], "found_saddles": [[-0.8271588065461554, 0.6341752295653468]], "bias_count": 5000, "energy_calls_at_each_min": [1, 16560], "force_calls_at_each_min": [1, 16560], "min_height_scale": 1.5, "max_height_scale": 2.5, "min_cov_scale": 1.5, "max_cov_scale": 3.0}