{"run_id": 1123, "bias_std_dev_scale": 0.244521, "bias_height_fraction": 0.02, "perturbation_size": 0.005, "optimizer": "FIRE", "found_minima": [[0.6234994049, 0.02803775853], [-0.5582235432267025, 1.4417259586366995]], "found_saddles": [[-0.8464680869896396, 0.6303035223798921]], "bias_count": 5000, "energy_calls_at_each_min": [1, 14981], "force_calls_at_each_min": [1, 14981], "min_height_scale": 2.0, "max_height_scale": 2.5, "min_cov_scale": 1.5, "max_cov_scale": 3.0}