{"run_id": 404, "bias_std_dev_scale": 0.244521, "bias_height_fraction": 0.02, "perturbation_size": 0.005, "optimizer": "FIRE", "found_minima": [[0.6234994049, 0.02803775853], [-0.5582236479661775, 1.4417258288580799]], "found_saddles": [[-0.8915127241338134, 0.5800954801231563]], "bias_count": 5000, "energy_calls_at_each_min": [1, 27522], "force_calls_at_each_min": [1, 27522], "min_height_scale": 2.5, "max_height_scale": 2.0, "min_cov_scale": 2.0, "max_cov_scale": 1.5}