{"run_id": 1175, "bias_std_dev_scale": 0.244521, "bias_height_fraction": 0.02, "perturbation_size": 0.005, "optimizer": "FIRE", "found_minima": [[0.6234994049, 0.02803775853], [-0.5582220496194058, 1.4417278957065596]], "found_saddles": [[-0.8104380283803371, 0.6064139871058971]], "bias_count": 5000, "energy_calls_at_each_min": [1, 20068], "force_calls_at_each_min": [1, 20068], "min_height_scale": 2.5, "max_height_scale": 2.0, "min_cov_scale": 2.0, "max_cov_scale": 3.0}