{"run_id": 475, "bias_std_dev_scale": 0.244521, "bias_height_fraction": 0.02, "perturbation_size": 0.005, "optimizer": "FIRE", "found_minima": [[0.6234994049, 0.02803775853], [-0.5582153373957361, 1.4417363701543455]], "found_saddles": [[-0.8114096070917686, 0.6279455400900709]], "bias_count": 5000, "energy_calls_at_each_min": [1, 19311], "force_calls_at_each_min": [1, 19311], "min_height_scale": 3.0, "max_height_scale": 2.0, "min_cov_scale": 2.5, "max_cov_scale": 3.0}