{"run_id": 1622, "bias_std_dev_scale": 0.244521, "bias_height_fraction": 0.02, "perturbation_size": 0.005, "optimizer": "FIRE", "found_minima": [[0.6234994049, 0.02803775853], [-0.5582225645559936, 1.4417273853182762]], "found_saddles": [[-0.8412216885093338, 0.603644507686811]], "bias_count": 5000, "energy_calls_at_each_min": [1, 28668], "force_calls_at_each_min": [1, 28668], "min_height_scale": 2.0, "max_height_scale": 2.0, "min_cov_scale": 2.0, "max_cov_scale": 2.5}