{"run_id": 508, "bias_std_dev_scale": 0.244521, "bias_height_fraction": 0.02, "perturbation_size": 0.005, "optimizer": "FIRE", "found_minima": [[0.6234994049, 0.02803775853], [-0.050152196008429024, 0.46674448426874277], [-0.5582236482073989, 1.4417258305900886]], "found_saddles": [[0.21647073892248136, 0.3024041726664427], [-0.8279229729429207, 0.594554694702555]], "bias_count": 181, "energy_calls_at_each_min": [1, 4032, 21880], "force_calls_at_each_min": [1, 4032, 21880], "min_height_scale": 3.0, "max_height_scale": 3.0, "min_cov_scale": 3.0, "max_cov_scale": 1.5}