{"run_id": 2420, "bias_std_dev_scale": 0.244521, "bias_height_fraction": 0.02, "perturbation_size": 0.005, "optimizer": "FIRE", "found_minima": [[0.6234994049, 0.02803775853], [-0.5582236058264202, 1.4417258731515792]], "found_saddles": [[-0.8439140385497246, 0.6202670519091757]], "bias_count": 5000, "energy_calls_at_each_min": [1, 16557], "force_calls_at_each_min": [1, 16557], "min_height_scale": 2.0, "max_height_scale": 3.0, "min_cov_scale": 2.0, "max_cov_scale": 1.5}