{"run_id": 2098, "bias_std_dev_scale": 0.244521, "bias_height_fraction": 0.02, "perturbation_size": 0.005, "optimizer": "FIRE", "found_minima": [[0.6234994049, 0.02803775853], [-0.050487518954848314, 0.4668155179678746], [-0.5582236473813047, 1.4417258311142813]], "found_saddles": [[0.18915281931347236, 0.2816796646879135], [-0.8558359005753589, 0.616026361585483]], "bias_count": 117, "energy_calls_at_each_min": [1, 2521, 13742], "force_calls_at_each_min": [1, 2521, 13742], "min_height_scale": 1.5, "max_height_scale": 3.0, "min_cov_scale": 1.5, "max_cov_scale": 2.5}