{"run_id": 2, "bias_std_dev_scale": 0.244521, "bias_height_fraction": 0.02, "perturbation_size": 0.005, "optimizer": "FIRE", "found_minima": [[0.6234994049, 0.02803775853], [-0.5582204587509539, 1.4417295607820173]], "found_saddles": [[-0.8700694707763196, 0.609190125244374]], "bias_count": 5000, "energy_calls_at_each_min": [1, 24072], "force_calls_at_each_min": [1, 24072], "min_height_scale": 1.5, "max_height_scale": 1.5, "min_cov_scale": 1.5, "max_cov_scale": 2.5}