{"run_id": 1335, "bias_std_dev_scale": 0.244521, "bias_height_fraction": 0.02, "perturbation_size": 0.005, "optimizer": "FIRE", "found_minima": [[0.6234994049, 0.02803775853], [-0.5582182608191222, 1.4417328913890606]], "found_saddles": [[-0.8175612202861549, 0.6124976079373682]], "bias_count": 5000, "energy_calls_at_each_min": [1, 12101], "force_calls_at_each_min": [1, 12101], "min_height_scale": 1.5, "max_height_scale": 3.0, "min_cov_scale": 2.0, "max_cov_scale": 3.0}