{"run_id": 2545, "bias_std_dev_scale": 0.244521, "bias_height_fraction": 0.02, "perturbation_size": 0.005, "optimizer": "FIRE", "found_minima": [[0.6234994049, 0.02803775853], [-0.5582234922986049, 1.4417260448251836]], "found_saddles": [[-0.8340032335292017, 0.6320430383958747]], "bias_count": 5000, "energy_calls_at_each_min": [1, 13371], "force_calls_at_each_min": [1, 13371], "min_height_scale": 3.0, "max_height_scale": 3.0, "min_cov_scale": 1.5, "max_cov_scale": 2.0}