{"run_id": 252, "bias_std_dev_scale": 0.244521, "bias_height_fraction": 0.02, "perturbation_size": 0.005, "optimizer": "FIRE", "found_minima": [[0.6234994049, 0.02803775853], [-0.5582236293281966, 1.4417258436607876]], "found_saddles": [[-0.8698854319762057, 0.5943053375488092]], "bias_count": 5000, "energy_calls_at_each_min": [1, 24666], "force_calls_at_each_min": [1, 24666], "min_height_scale": 3.0, "max_height_scale": 3.0, "min_cov_scale": 3.0, "max_cov_scale": 1.5}