{"run_id": 1554, "bias_std_dev_scale": 0.244521, "bias_height_fraction": 0.02, "perturbation_size": 0.005, "optimizer": "FIRE", "found_minima": [[0.6234994049, 0.02803775853], [-0.558223580537642, 1.4417259312518869]], "found_saddles": [[-0.8313977589021007, 0.612173537957402]], "bias_count": 5000, "energy_calls_at_each_min": [1, 16480], "force_calls_at_each_min": [1, 16480], "min_height_scale": 1.5, "max_height_scale": 2.0, "min_cov_scale": 1.5, "max_cov_scale": 2.5}