{"run_id": 2090, "bias_std_dev_scale": 0.244521, "bias_height_fraction": 0.02, "perturbation_size": 0.005, "optimizer": "FIRE", "found_minima": [[0.6234994049, 0.02803775853], [-0.558223539792605, 1.4417259649804537]], "found_saddles": [[-0.8304942398240206, 0.5894222694553716]], "bias_count": 5000, "energy_calls_at_each_min": [1, 20516], "force_calls_at_each_min": [1, 20516], "min_height_scale": 1.5, "max_height_scale": 2.5, "min_cov_scale": 2.5, "max_cov_scale": 2.5}