{"run_id": 550, "bias_std_dev_scale": 0.244521, "bias_height_fraction": 0.02, "perturbation_size": 0.005, "optimizer": "FIRE", "found_minima": [[0.6234994049, 0.02803775853], [-0.5582212047386859, 1.4417289311539818]], "found_saddles": [[-0.8073015947337971, 0.6081848664838404]], "bias_count": 5000, "energy_calls_at_each_min": [1, 16886], "force_calls_at_each_min": [1, 16886], "min_height_scale": 1.5, "max_height_scale": 2.5, "min_cov_scale": 2.0, "max_cov_scale": 2.5}