{"run_id": 661, "bias_std_dev_scale": 0.244521, "bias_height_fraction": 0.02, "perturbation_size": 0.005, "optimizer": "FIRE", "found_minima": [[0.6234994049, 0.02803775853], [-0.5582234811979442, 1.4417260386391957]], "found_saddles": [[-0.8270275912613648, 0.6138340632943363]], "bias_count": 5000, "energy_calls_at_each_min": [1, 25692], "force_calls_at_each_min": [1, 25692], "min_height_scale": 2.5, "max_height_scale": 2.0, "min_cov_scale": 2.0, "max_cov_scale": 2.0}