{"run_id": 557, "bias_std_dev_scale": 0.244521, "bias_height_fraction": 0.02, "perturbation_size": 0.005, "optimizer": "FIRE", "found_minima": [[0.6234994049, 0.02803775853], [-0.5582236521968804, 1.441725825004858]], "found_saddles": [[-0.8538939648527415, 0.5730541601926044]], "bias_count": 5000, "energy_calls_at_each_min": [1, 24066], "force_calls_at_each_min": [1, 24066], "min_height_scale": 1.5, "max_height_scale": 2.5, "min_cov_scale": 3.0, "max_cov_scale": 2.0}