{"run_id": 2144, "bias_std_dev_scale": 0.244521, "bias_height_fraction": 0.02, "perturbation_size": 0.005, "optimizer": "FIRE", "found_minima": [[0.6234994049, 0.02803775853], [-0.5582236246083538, 1.4417258551106296]], "found_saddles": [[-0.8351562848435264, 0.6241840494257264]], "bias_count": 5000, "energy_calls_at_each_min": [1, 17191], "force_calls_at_each_min": [1, 17191], "min_height_scale": 2.0, "max_height_scale": 2.5, "min_cov_scale": 1.5, "max_cov_scale": 1.5}