{"run_id": 1890, "bias_std_dev_scale": 0.244521, "bias_height_fraction": 0.02, "perturbation_size": 0.005, "optimizer": "FIRE", "found_minima": [[0.6234994049, 0.02803775853], [-0.5582226662824631, 1.4417270220542537]], "found_saddles": [[-0.8658520932483263, 0.5671976570880525]], "bias_count": 5000, "energy_calls_at_each_min": [1, 18540], "force_calls_at_each_min": [1, 18540], "min_height_scale": 2.0, "max_height_scale": 2.5, "min_cov_scale": 1.5, "max_cov_scale": 2.5}