{"run_id": 2247, "bias_std_dev_scale": 0.244521, "bias_height_fraction": 0.02, "perturbation_size": 0.005, "optimizer": "FIRE", "found_minima": [[0.6234994049, 0.02803775853], [-0.5582231807249151, 1.4417265714184815]], "found_saddles": [[-0.7999829666245069, 0.6286169964199636]], "bias_count": 5000, "energy_calls_at_each_min": [1, 26005], "force_calls_at_each_min": [1, 26005], "min_height_scale": 3.0, "max_height_scale": 1.5, "min_cov_scale": 2.0, "max_cov_scale": 3.0}