{"run_id": 1183, "bias_std_dev_scale": 0.244521, "bias_height_fraction": 0.02, "perturbation_size": 0.005, "optimizer": "FIRE", "found_minima": [[0.6234994049, 0.02803775853], [-0.5582305920244901, 1.441724660181893]], "found_saddles": [[-0.8371799046030817, 0.6255797838588313]], "bias_count": 5000, "energy_calls_at_each_min": [1, 19435], "force_calls_at_each_min": [1, 19435], "min_height_scale": 2.5, "max_height_scale": 2.0, "min_cov_scale": 3.0, "max_cov_scale": 3.0}