{"run_id": 2111, "bias_std_dev_scale": 0.244521, "bias_height_fraction": 0.02, "perturbation_size": 0.005, "optimizer": "FIRE", "found_minima": [[0.6234994049, 0.02803775853], [-0.5582232600157315, 1.4417263645252054]], "found_saddles": [[-0.82039330423778, 0.6269564919029554]], "bias_count": 5000, "energy_calls_at_each_min": [1, 17213], "force_calls_at_each_min": [1, 17213], "min_height_scale": 1.5, "max_height_scale": 3.0, "min_cov_scale": 3.0, "max_cov_scale": 3.0}