{"run_id": 1112, "bias_std_dev_scale": 0.244521, "bias_height_fraction": 0.02, "perturbation_size": 0.005, "optimizer": "FIRE", "found_minima": [[0.6234994049, 0.02803775853], [-0.5582236399842381, 1.4417258384628624]], "found_saddles": [[-0.8194046257547748, 0.600124012262258]], "bias_count": 5000, "energy_calls_at_each_min": [1, 29189], "force_calls_at_each_min": [1, 29189], "min_height_scale": 2.0, "max_height_scale": 2.0, "min_cov_scale": 2.5, "max_cov_scale": 1.5}