{"run_id": 119, "bias_std_dev_scale": 0.244521, "bias_height_fraction": 0.02, "perturbation_size": 0.005, "optimizer": "FIRE", "found_minima": [[0.6234994049, 0.02803775853], [-0.5582196353769192, 1.4417336793555675]], "found_saddles": [[-0.8364742365252278, 0.6083842066891255]], "bias_count": 5000, "energy_calls_at_each_min": [1, 17751], "force_calls_at_each_min": [1, 17751], "min_height_scale": 2.0, "max_height_scale": 3.0, "min_cov_scale": 2.0, "max_cov_scale": 3.0}