{"run_id": 2473, "bias_std_dev_scale": 0.244521, "bias_height_fraction": 0.02, "perturbation_size": 0.005, "optimizer": "FIRE", "found_minima": [[0.6234994049, 0.02803775853], [-0.5582236407354719, 1.4417258338122025]], "found_saddles": [[-0.8865731684562862, 0.6002178503501798]], "bias_count": 5000, "energy_calls_at_each_min": [1, 22329], "force_calls_at_each_min": [1, 22329], "min_height_scale": 2.5, "max_height_scale": 2.5, "min_cov_scale": 2.5, "max_cov_scale": 2.0}