{"run_id": 1425, "bias_std_dev_scale": 0.244521, "bias_height_fraction": 0.02, "perturbation_size": 0.005, "optimizer": "FIRE", "found_minima": [[0.6234994049, 0.02803775853], [-0.558223626549048, 1.4417258523403587]], "found_saddles": [[-0.8083100955231012, 0.6028779680328963]], "bias_count": 5000, "energy_calls_at_each_min": [1, 18635], "force_calls_at_each_min": [1, 18635], "min_height_scale": 2.5, "max_height_scale": 2.0, "min_cov_scale": 1.5, "max_cov_scale": 2.0}