{"run_id": 1506, "bias_std_dev_scale": 0.244521, "bias_height_fraction": 0.02, "perturbation_size": 0.005, "optimizer": "FIRE", "found_minima": [[0.6234994049, 0.02803775853], [-0.5582217268411023, 1.4417282828932378]], "found_saddles": [[-0.8630402898829119, 0.5978081479388944]], "bias_count": 5000, "energy_calls_at_each_min": [1, 20020], "force_calls_at_each_min": [1, 20020], "min_height_scale": 3.0, "max_height_scale": 2.5, "min_cov_scale": 1.5, "max_cov_scale": 2.5}