{"run_id": 1496, "bias_std_dev_scale": 0.244521, "bias_height_fraction": 0.02, "perturbation_size": 0.005, "optimizer": "FIRE", "found_minima": [[0.6234994049, 0.02803775853], [-0.5582236559164442, 1.4417258202921506]], "found_saddles": [[-0.8122885170781657, 0.5985081756401598]], "bias_count": 5000, "energy_calls_at_each_min": [1, 26222], "force_calls_at_each_min": [1, 26222], "min_height_scale": 3.0, "max_height_scale": 2.0, "min_cov_scale": 2.5, "max_cov_scale": 1.5}