{"run_id": 757, "bias_std_dev_scale": 0.244521, "bias_height_fraction": 0.02, "perturbation_size": 0.005, "optimizer": "FIRE", "found_minima": [[0.6234994049, 0.02803775853], [-0.5582236190664308, 1.4417258848563672]], "found_saddles": [[-0.7855922067832737, 0.6294738715483231]], "bias_count": 5000, "energy_calls_at_each_min": [1, 14334], "force_calls_at_each_min": [1, 14334], "min_height_scale": 3.0, "max_height_scale": 3.0, "min_cov_scale": 2.0, "max_cov_scale": 2.0}