{"run_id": 390, "bias_std_dev_scale": 0.244521, "bias_height_fraction": 0.02, "perturbation_size": 0.005, "optimizer": "FIRE", "found_minima": [[0.6234994049, 0.02803775853], [-0.5582232897729251, 1.4417263591049656]], "found_saddles": [[-0.8303545724745406, 0.64117865222314]], "bias_count": 5000, "energy_calls_at_each_min": [1, 27439], "force_calls_at_each_min": [1, 27439], "min_height_scale": 2.5, "max_height_scale": 1.5, "min_cov_scale": 2.0, "max_cov_scale": 2.5}