{"run_id": 2543, "bias_std_dev_scale": 0.244521, "bias_height_fraction": 0.02, "perturbation_size": 0.005, "optimizer": "FIRE", "found_minima": [[0.6234994049, 0.02803775853], [-0.558222664784395, 1.4417273130704558]], "found_saddles": [[-0.840348853963128, 0.6170663234267539]], "bias_count": 5000, "energy_calls_at_each_min": [1, 16606], "force_calls_at_each_min": [1, 16606], "min_height_scale": 3.0, "max_height_scale": 2.5, "min_cov_scale": 3.0, "max_cov_scale": 3.0}