{"run_id": 1796, "bias_std_dev_scale": 0.244521, "bias_height_fraction": 0.02, "perturbation_size": 0.005, "optimizer": "FIRE", "found_minima": [[0.6234994049, 0.02803775853], [-0.5582235988934238, 1.4417258935278094]], "found_saddles": [[-0.8229703565391355, 0.5344781088679016]], "bias_count": 5000, "energy_calls_at_each_min": [1, 33328], "force_calls_at_each_min": [1, 33328], "min_height_scale": 1.5, "max_height_scale": 1.5, "min_cov_scale": 2.0, "max_cov_scale": 1.5}