{"run_id": 1820, "bias_std_dev_scale": 0.244521, "bias_height_fraction": 0.02, "perturbation_size": 0.005, "optimizer": "FIRE", "found_minima": [[0.6234994049, 0.02803775853], [-0.5582236464648032, 1.4417258304658227]], "found_saddles": [[-0.8480551146406003, 0.6220947838156051]], "bias_count": 5000, "energy_calls_at_each_min": [1, 29909], "force_calls_at_each_min": [1, 29909], "min_height_scale": 1.5, "max_height_scale": 2.0, "min_cov_scale": 3.0, "max_cov_scale": 1.5}