{"run_id": 2085, "bias_std_dev_scale": 0.244521, "bias_height_fraction": 0.02, "perturbation_size": 0.005, "optimizer": "FIRE", "found_minima": [[0.6234994049, 0.02803775853], [-0.05052065554904667, 0.4668213884010576], [-0.5582236140744455, 1.441725878066619]], "found_saddles": [[0.2085882370456711, 0.2678719482680766], [-0.8078948235115792, 0.6032767903054542]], "bias_count": 142, "energy_calls_at_each_min": [1, 3235, 16648], "force_calls_at_each_min": [1, 3235, 16648], "min_height_scale": 1.5, "max_height_scale": 2.5, "min_cov_scale": 2.0, "max_cov_scale": 2.0}