{"run_id": 605, "bias_std_dev_scale": 0.244521, "bias_height_fraction": 0.02, "perturbation_size": 0.005, "optimizer": "FIRE", "found_minima": [[0.6234994049, 0.02803775853], [-0.5582235758244595, 1.4417259427719527]], "found_saddles": [[-0.8129115117448305, 0.6696280460604441]], "bias_count": 5000, "energy_calls_at_each_min": [1, 29342], "force_calls_at_each_min": [1, 29342], "min_height_scale": 2.0, "max_height_scale": 2.0, "min_cov_scale": 3.0, "max_cov_scale": 2.0}