{"run_id": 1647, "bias_std_dev_scale": 0.244521, "bias_height_fraction": 0.02, "perturbation_size": 0.005, "optimizer": "FIRE", "found_minima": [[0.6234994049, 0.02803775853], [-0.558223014351389, 1.4417268424935556]], "found_saddles": [[-0.8096864921152984, 0.6512910610954833]], "bias_count": 5000, "energy_calls_at_each_min": [1, 19339], "force_calls_at_each_min": [1, 19339], "min_height_scale": 2.0, "max_height_scale": 2.5, "min_cov_scale": 3.0, "max_cov_scale": 3.0}