{"run_id": 1091, "bias_std_dev_scale": 0.244521, "bias_height_fraction": 0.02, "perturbation_size": 0.005, "optimizer": "FIRE", "found_minima": [[0.6234994049, 0.02803775853], [-0.5582021333157217, 1.4417550993112371]], "found_saddles": [[-0.8166454002307203, 0.5894195712234657]], "bias_count": 5000, "energy_calls_at_each_min": [1, 22752], "force_calls_at_each_min": [1, 22752], "min_height_scale": 2.0, "max_height_scale": 1.5, "min_cov_scale": 1.5, "max_cov_scale": 3.0}