{"run_id": 1309, "bias_std_dev_scale": 0.244521, "bias_height_fraction": 0.02, "perturbation_size": 0.005, "optimizer": "FIRE", "found_minima": [[0.6234994049, 0.02803775853], [-0.5582234408737642, 1.441726080459614]], "found_saddles": [[-0.8181945672410323, 0.6590962743232066]], "bias_count": 5000, "energy_calls_at_each_min": [1, 25868], "force_calls_at_each_min": [1, 25868], "min_height_scale": 1.5, "max_height_scale": 2.0, "min_cov_scale": 3.0, "max_cov_scale": 2.0}