{"run_id": 543, "bias_std_dev_scale": 0.244521, "bias_height_fraction": 0.02, "perturbation_size": 0.005, "optimizer": "FIRE", "found_minima": [[0.6234994049, 0.02803775853], [-0.5582222110005095, 1.4417276752734844]], "found_saddles": [[-0.828701454742147, 0.5954612583447204]], "bias_count": 5000, "energy_calls_at_each_min": [1, 23684], "force_calls_at_each_min": [1, 23684], "min_height_scale": 1.5, "max_height_scale": 2.0, "min_cov_scale": 3.0, "max_cov_scale": 3.0}