{"run_id": 2375, "bias_std_dev_scale": 0.244521, "bias_height_fraction": 0.02, "perturbation_size": 0.005, "optimizer": "FIRE", "found_minima": [[0.6234994049, 0.02803775853], [-0.5582224902103567, 1.4417273145114864]], "found_saddles": [[-0.8202543665504369, 0.6417915057996255]], "bias_count": 5000, "energy_calls_at_each_min": [1, 28309], "force_calls_at_each_min": [1, 28309], "min_height_scale": 2.0, "max_height_scale": 1.5, "min_cov_scale": 2.0, "max_cov_scale": 3.0}