{"run_id": 1740, "bias_std_dev_scale": 0.244521, "bias_height_fraction": 0.02, "perturbation_size": 0.005, "optimizer": "FIRE", "found_minima": [[0.6234994049, 0.02803775853], [-0.5582236303944167, 1.4417258496733691]], "found_saddles": [[-0.8317012907765876, 0.6189013437972101]], "bias_count": 5000, "energy_calls_at_each_min": [1, 45287], "force_calls_at_each_min": [1, 45287], "min_height_scale": 3.0, "max_height_scale": 1.5, "min_cov_scale": 3.0, "max_cov_scale": 1.5}