{"run_id": 1200, "bias_std_dev_scale": 0.244521, "bias_height_fraction": 0.02, "perturbation_size": 0.005, "optimizer": "FIRE", "found_minima": [[0.6234994049, 0.02803775853], [-0.5582236445777657, 1.4417258352131732]], "found_saddles": [[-0.8204410319388481, 0.6136594495455948]], "bias_count": 5000, "energy_calls_at_each_min": [1, 16384], "force_calls_at_each_min": [1, 16384], "min_height_scale": 2.5, "max_height_scale": 3.0, "min_cov_scale": 1.5, "max_cov_scale": 1.5}