{"run_id": 787, "bias_std_dev_scale": 0.244521, "bias_height_fraction": 0.02, "perturbation_size": 0.005, "optimizer": "FIRE", "found_minima": [[0.6234994049, 0.02803775853], [-0.5582235965963591, 1.4417259076349003]], "found_saddles": [[-0.803311326385551, 0.6149072970748747]], "bias_count": 5000, "energy_calls_at_each_min": [1, 15087], "force_calls_at_each_min": [1, 15087], "min_height_scale": 1.5, "max_height_scale": 2.0, "min_cov_scale": 1.5, "max_cov_scale": 3.0}