{"run_id": 520, "bias_std_dev_scale": 0.244521, "bias_height_fraction": 0.02, "perturbation_size": 0.005, "optimizer": "FIRE", "found_minima": [[0.6234994049, 0.02803775853], [-0.558223646061954, 1.4417258327804812]], "found_saddles": [[-0.8115409886228883, 0.5976227138644805]], "bias_count": 5000, "energy_calls_at_each_min": [1, 39441], "force_calls_at_each_min": [1, 39441], "min_height_scale": 1.5, "max_height_scale": 1.5, "min_cov_scale": 2.5, "max_cov_scale": 1.5}