{"run_id": 221, "bias_std_dev_scale": 0.244521, "bias_height_fraction": 0.02, "perturbation_size": 0.005, "optimizer": "FIRE", "found_minima": [[0.6234994049, 0.02803775853], [-0.5582236140394643, 1.4417258634595098]], "found_saddles": [[-0.807433569003787, 0.6232649503983442]], "bias_count": 5000, "energy_calls_at_each_min": [1, 24860], "force_calls_at_each_min": [1, 24860], "min_height_scale": 3.0, "max_height_scale": 2.0, "min_cov_scale": 3.0, "max_cov_scale": 2.0}