{"run_id": 489, "bias_std_dev_scale": 0.244521, "bias_height_fraction": 0.02, "perturbation_size": 0.005, "optimizer": "FIRE", "found_minima": [[0.6234994049, 0.02803775853], [-0.558223647369903, 1.4417258298525837]], "found_saddles": [[-0.8321473427627947, 0.6155363577499355]], "bias_count": 5000, "energy_calls_at_each_min": [1, 24037], "force_calls_at_each_min": [1, 24037], "min_height_scale": 3.0, "max_height_scale": 2.5, "min_cov_scale": 2.5, "max_cov_scale": 2.0}