{"run_id": 2235, "bias_std_dev_scale": 0.244521, "bias_height_fraction": 0.02, "perturbation_size": 0.005, "optimizer": "FIRE", "found_minima": [[0.6234994049, 0.02803775853], [-0.5582107069076977, 1.4417401407212638]], "found_saddles": [[-0.8536408959914485, 0.6023320013059642]], "bias_count": 5000, "energy_calls_at_each_min": [1, 22362], "force_calls_at_each_min": [1, 22362], "min_height_scale": 2.5, "max_height_scale": 3.0, "min_cov_scale": 2.5, "max_cov_scale": 3.0}