{"run_id": 1013, "bias_std_dev_scale": 0.244521, "bias_height_fraction": 0.02, "perturbation_size": 0.005, "optimizer": "FIRE", "found_minima": [[0.6234994049, 0.02803775853], [-0.5582232922518091, 1.4417263838405734]], "found_saddles": [[-0.8647412163267829, 0.5859625216557462]], "bias_count": 5000, "energy_calls_at_each_min": [1, 19643], "force_calls_at_each_min": [1, 19643], "min_height_scale": 3.0, "max_height_scale": 3.0, "min_cov_scale": 2.0, "max_cov_scale": 2.0}