{"run_id": 1927, "bias_std_dev_scale": 0.244521, "bias_height_fraction": 0.02, "perturbation_size": 0.005, "optimizer": "FIRE", "found_minima": [[0.6234994049, 0.02803775853], [-0.5582207302574734, 1.4417303539200494]], "found_saddles": [[-0.8596932484496282, 0.6109112909808345]], "bias_count": 5000, "energy_calls_at_each_min": [1, 22581], "force_calls_at_each_min": [1, 22581], "min_height_scale": 2.5, "max_height_scale": 1.5, "min_cov_scale": 2.0, "max_cov_scale": 3.0}