{"run_id": 1551, "bias_std_dev_scale": 0.244521, "bias_height_fraction": 0.02, "perturbation_size": 0.005, "optimizer": "FIRE", "found_minima": [[0.6234994049, 0.02803775853], [-0.5582223730303989, 1.441727692202253]], "found_saddles": [[-0.7902700026202748, 0.6477954233869047]], "bias_count": 5000, "energy_calls_at_each_min": [1, 30780], "force_calls_at_each_min": [1, 30780], "min_height_scale": 1.5, "max_height_scale": 1.5, "min_cov_scale": 3.0, "max_cov_scale": 3.0}