{"run_id": 2378, "bias_std_dev_scale": 0.244521, "bias_height_fraction": 0.02, "perturbation_size": 0.005, "optimizer": "FIRE", "found_minima": [[0.6234994049, 0.02803775853], [-0.558223503830419, 1.4417260019806277]], "found_saddles": [[-0.8372812372140479, 0.6141675257919451]], "bias_count": 5000, "energy_calls_at_each_min": [1, 32758], "force_calls_at_each_min": [1, 32758], "min_height_scale": 2.0, "max_height_scale": 1.5, "min_cov_scale": 2.5, "max_cov_scale": 2.5}