{"run_id": 2013, "bias_std_dev_scale": 0.244521, "bias_height_fraction": 0.02, "perturbation_size": 0.005, "optimizer": "FIRE", "found_minima": [[0.6234994049, 0.02803775853], [-0.5582235726115118, 1.4417259184174704]], "found_saddles": [[-0.873751429882693, 0.5554641314760469]], "bias_count": 5000, "energy_calls_at_each_min": [1, 29468], "force_calls_at_each_min": [1, 29468], "min_height_scale": 3.0, "max_height_scale": 2.0, "min_cov_scale": 3.0, "max_cov_scale": 2.0}