{"run_id": 2084, "bias_std_dev_scale": 0.244521, "bias_height_fraction": 0.02, "perturbation_size": 0.005, "optimizer": "FIRE", "found_minima": [[0.6234994049, 0.02803775853], [-0.5582236517150214, 1.4417258263350592]], "found_saddles": [[-0.8325463876911307, 0.6356768467988361]], "bias_count": 5000, "energy_calls_at_each_min": [1, 21633], "force_calls_at_each_min": [1, 21633], "min_height_scale": 1.5, "max_height_scale": 2.5, "min_cov_scale": 2.0, "max_cov_scale": 1.5}