{"run_id": 643, "bias_std_dev_scale": 0.244521, "bias_height_fraction": 0.02, "perturbation_size": 0.005, "optimizer": "FIRE", "found_minima": [[0.6234994049, 0.02803775853], [-0.5582139061371861, 1.4417391816220106]], "found_saddles": [[-0.8575231462830557, 0.5776704701185079]], "bias_count": 5000, "energy_calls_at_each_min": [1, 28399], "force_calls_at_each_min": [1, 28399], "min_height_scale": 2.5, "max_height_scale": 1.5, "min_cov_scale": 1.5, "max_cov_scale": 3.0}