{"run_id": 1850, "bias_std_dev_scale": 0.244521, "bias_height_fraction": 0.02, "perturbation_size": 0.005, "optimizer": "FIRE", "found_minima": [[0.6234994049, 0.02803775853], [-0.5582184281687852, 1.4417321678943467]], "found_saddles": [[-0.8212324533602616, 0.5949920414749301]], "bias_count": 5000, "energy_calls_at_each_min": [1, 16931], "force_calls_at_each_min": [1, 16931], "min_height_scale": 1.5, "max_height_scale": 3.0, "min_cov_scale": 2.5, "max_cov_scale": 2.5}