{"run_id": 2081, "bias_std_dev_scale": 0.244521, "bias_height_fraction": 0.02, "perturbation_size": 0.005, "optimizer": "FIRE", "found_minima": [[0.6234994049, 0.02803775853], [-0.5582236465260575, 1.4417258305581921]], "found_saddles": [[-0.8344844456557727, 0.6136348437525845]], "bias_count": 5000, "energy_calls_at_each_min": [1, 16044], "force_calls_at_each_min": [1, 16044], "min_height_scale": 1.5, "max_height_scale": 2.5, "min_cov_scale": 1.5, "max_cov_scale": 2.0}