{"run_id": 55, "bias_std_dev_scale": 0.244521, "bias_height_fraction": 0.02, "perturbation_size": 0.005, "optimizer": "FIRE", "found_minima": [[0.6234994049, 0.02803775853], [-0.5582208350120901, 1.4417295656648381]], "found_saddles": [[-0.8263204166342304, 0.6027611616075153]], "bias_count": 5000, "energy_calls_at_each_min": [1, 14075], "force_calls_at_each_min": [1, 14075], "min_height_scale": 1.5, "max_height_scale": 3.0, "min_cov_scale": 2.0, "max_cov_scale": 3.0}