{"run_id": 2470, "bias_std_dev_scale": 0.244521, "bias_height_fraction": 0.02, "perturbation_size": 0.005, "optimizer": "FIRE", "found_minima": [[0.6234994049, 0.02803775853], [-0.5582232797287635, 1.4417264793659093]], "found_saddles": [[-0.8286874884637663, 0.612034586265454]], "bias_count": 5000, "energy_calls_at_each_min": [1, 17079], "force_calls_at_each_min": [1, 17079], "min_height_scale": 2.5, "max_height_scale": 2.5, "min_cov_scale": 2.0, "max_cov_scale": 2.5}