{"run_id": 2450, "bias_std_dev_scale": 0.244521, "bias_height_fraction": 0.02, "perturbation_size": 0.005, "optimizer": "FIRE", "found_minima": [[0.6234994049, 0.02803775853], [-0.5582219803332809, 1.441727906390646]], "found_saddles": [[-0.8193806693166902, 0.6075669805593317]], "bias_count": 5000, "energy_calls_at_each_min": [1, 22228], "force_calls_at_each_min": [1, 22228], "min_height_scale": 2.5, "max_height_scale": 2.0, "min_cov_scale": 1.5, "max_cov_scale": 2.5}