{"run_id": 799, "bias_std_dev_scale": 0.244521, "bias_height_fraction": 0.02, "perturbation_size": 0.005, "optimizer": "FIRE", "found_minima": [[0.6234994049, 0.02803775853], [-0.5582233860830238, 1.441726183622664]], "found_saddles": [[-0.8173798604758159, 0.5937503146924978]], "bias_count": 5000, "energy_calls_at_each_min": [1, 20990], "force_calls_at_each_min": [1, 20990], "min_height_scale": 1.5, "max_height_scale": 2.0, "min_cov_scale": 3.0, "max_cov_scale": 3.0}