{"run_id": 2190, "bias_std_dev_scale": 0.244521, "bias_height_fraction": 0.02, "perturbation_size": 0.005, "optimizer": "FIRE", "found_minima": [[0.6234994049, 0.02803775853], [-0.5582235544737708, 1.4417259722290032]], "found_saddles": [[-0.831794240085055, 0.624768531945412]], "bias_count": 5000, "energy_calls_at_each_min": [1, 30820], "force_calls_at_each_min": [1, 30820], "min_height_scale": 2.5, "max_height_scale": 1.5, "min_cov_scale": 3.0, "max_cov_scale": 2.5}