{"run_id": 372, "bias_std_dev_scale": 0.244521, "bias_height_fraction": 0.02, "perturbation_size": 0.005, "optimizer": "FIRE", "found_minima": [[0.6234994049, 0.02803775853], [-0.558223611404145, 1.4417258651759304]], "found_saddles": [[-0.8670356719693157, 0.5433173762876367]], "bias_count": 5000, "energy_calls_at_each_min": [1, 18448], "force_calls_at_each_min": [1, 18448], "min_height_scale": 2.0, "max_height_scale": 3.0, "min_cov_scale": 2.0, "max_cov_scale": 1.5}