{"run_id": 107, "bias_std_dev_scale": 0.244521, "bias_height_fraction": 0.02, "perturbation_size": 0.005, "optimizer": "FIRE", "found_minima": [[0.6234994049, 0.02803775853], [-0.5582234150095142, 1.4417262352281388]], "found_saddles": [[-0.8608365093014222, 0.593907603007811]], "bias_count": 5000, "energy_calls_at_each_min": [1, 19395], "force_calls_at_each_min": [1, 19395], "min_height_scale": 2.0, "max_height_scale": 2.5, "min_cov_scale": 2.5, "max_cov_scale": 3.0}