{"run_id": 655, "bias_std_dev_scale": 0.244521, "bias_height_fraction": 0.02, "perturbation_size": 0.005, "optimizer": "FIRE", "found_minima": [[0.6234994049, 0.02803775853], [-0.5582219184471728, 1.4417276952947458]], "found_saddles": [[-0.784175722578313, 0.6323218777347789]], "bias_count": 5000, "energy_calls_at_each_min": [1, 29107], "force_calls_at_each_min": [1, 29107], "min_height_scale": 2.5, "max_height_scale": 1.5, "min_cov_scale": 3.0, "max_cov_scale": 3.0}