{"run_id": 1706, "bias_std_dev_scale": 0.244521, "bias_height_fraction": 0.02, "perturbation_size": 0.005, "optimizer": "FIRE", "found_minima": [[0.6234994049, 0.02803775853], [-0.5582202364914628, 1.4417303204474101]], "found_saddles": [[-0.8353502481548527, 0.5974229003640241]], "bias_count": 5000, "energy_calls_at_each_min": [1, 22047], "force_calls_at_each_min": [1, 22047], "min_height_scale": 2.5, "max_height_scale": 2.5, "min_cov_scale": 2.5, "max_cov_scale": 2.5}