{"run_id": 529, "bias_std_dev_scale": 0.244521, "bias_height_fraction": 0.02, "perturbation_size": 0.005, "optimizer": "FIRE", "found_minima": [[0.6234994049, 0.02803775853], [-0.5582235180026855, 1.441726008716637]], "found_saddles": [[-0.8225808721501287, 0.6086304369202267]], "bias_count": 5000, "energy_calls_at_each_min": [1, 13880], "force_calls_at_each_min": [1, 13880], "min_height_scale": 1.5, "max_height_scale": 2.0, "min_cov_scale": 1.5, "max_cov_scale": 2.0}