{"run_id": 1624, "bias_std_dev_scale": 0.244521, "bias_height_fraction": 0.02, "perturbation_size": 0.005, "optimizer": "FIRE", "found_minima": [[0.6234994049, 0.02803775853], [-0.5582236414188747, 1.4417258366665882]], "found_saddles": [[-0.8734697093077249, 0.5922162566902393]], "bias_count": 5000, "energy_calls_at_each_min": [1, 30866], "force_calls_at_each_min": [1, 30866], "min_height_scale": 2.0, "max_height_scale": 2.0, "min_cov_scale": 2.5, "max_cov_scale": 1.5}