{"run_id": 682, "bias_std_dev_scale": 0.244521, "bias_height_fraction": 0.02, "perturbation_size": 0.005, "optimizer": "FIRE", "found_minima": [[0.6234994049, 0.02803775853], [-0.5582236108198956, 1.4417258776913113]], "found_saddles": [[-0.7700812864943307, 0.6744208590092613]], "bias_count": 5000, "energy_calls_at_each_min": [1, 18482], "force_calls_at_each_min": [1, 18482], "min_height_scale": 2.5, "max_height_scale": 2.5, "min_cov_scale": 2.5, "max_cov_scale": 2.5}