{"run_id": 444, "bias_std_dev_scale": 0.244521, "bias_height_fraction": 0.02, "perturbation_size": 0.005, "optimizer": "FIRE", "found_minima": [[0.6234994049, 0.02803775853], [-0.5582236410068778, 1.4417258390370042]], "found_saddles": [[-0.8365101926920429, 0.627847236190367]], "bias_count": 5000, "energy_calls_at_each_min": [1, 24680], "force_calls_at_each_min": [1, 24680], "min_height_scale": 2.5, "max_height_scale": 3.0, "min_cov_scale": 3.0, "max_cov_scale": 1.5}