{"run_id": 493, "bias_std_dev_scale": 0.244521, "bias_height_fraction": 0.02, "perturbation_size": 0.005, "optimizer": "FIRE", "found_minima": [[0.6234994049, 0.02803775853], [-0.5582234783417441, 1.4417260458437533]], "found_saddles": [[-0.8307183855045401, 0.5898543570755248]], "bias_count": 5000, "energy_calls_at_each_min": [1, 25968], "force_calls_at_each_min": [1, 25968], "min_height_scale": 3.0, "max_height_scale": 2.5, "min_cov_scale": 3.0, "max_cov_scale": 2.0}