{"run_id": 1613, "bias_std_dev_scale": 0.244521, "bias_height_fraction": 0.02, "perturbation_size": 0.005, "optimizer": "FIRE", "found_minima": [[0.6234994049, 0.02803775853], [-0.5582233112473663, 1.4417262266089708]], "found_saddles": [[-0.8225875302391472, 0.6628499701839591]], "bias_count": 5000, "energy_calls_at_each_min": [1, 40961], "force_calls_at_each_min": [1, 40961], "min_height_scale": 2.0, "max_height_scale": 1.5, "min_cov_scale": 3.0, "max_cov_scale": 2.0}