{"run_id": 1503, "bias_std_dev_scale": 0.244521, "bias_height_fraction": 0.02, "perturbation_size": 0.005, "optimizer": "FIRE", "found_minima": [[0.6234994049, 0.02803775853], [-0.5582210449244824, 1.441730209052631]], "found_saddles": [[-0.8326940367336749, 0.5918739152384479]], "bias_count": 5000, "energy_calls_at_each_min": [1, 23438], "force_calls_at_each_min": [1, 23438], "min_height_scale": 3.0, "max_height_scale": 2.0, "min_cov_scale": 3.0, "max_cov_scale": 3.0}