{"run_id": 1124, "bias_std_dev_scale": 0.244521, "bias_height_fraction": 0.02, "perturbation_size": 0.005, "optimizer": "FIRE", "found_minima": [[0.6234994049, 0.02803775853], [-0.558223600724558, 1.4417258775174935]], "found_saddles": [[-0.8428482257031982, 0.617205646043027]], "bias_count": 5000, "energy_calls_at_each_min": [1, 17140], "force_calls_at_each_min": [1, 17140], "min_height_scale": 2.0, "max_height_scale": 2.5, "min_cov_scale": 2.0, "max_cov_scale": 1.5}