{"run_id": 767, "bias_std_dev_scale": 0.244521, "bias_height_fraction": 0.02, "perturbation_size": 0.005, "optimizer": "FIRE", "found_minima": [[0.6234994049, 0.02803775853], [-0.5582195491491644, 1.4417319379658227]], "found_saddles": [[-0.8389141109562668, 0.5946958155029493]], "bias_count": 5000, "energy_calls_at_each_min": [1, 19022], "force_calls_at_each_min": [1, 19022], "min_height_scale": 3.0, "max_height_scale": 3.0, "min_cov_scale": 3.0, "max_cov_scale": 3.0}