{"run_id": 1701, "bias_std_dev_scale": 0.244521, "bias_height_fraction": 0.02, "perturbation_size": 0.005, "optimizer": "FIRE", "found_minima": [[0.6234994049, 0.02803775853], [-0.5582235989184894, 1.4417258919046654]], "found_saddles": [[-0.8623297497387523, 0.5941716659707293]], "bias_count": 5000, "energy_calls_at_each_min": [1, 20350], "force_calls_at_each_min": [1, 20350], "min_height_scale": 2.5, "max_height_scale": 2.5, "min_cov_scale": 2.0, "max_cov_scale": 2.0}