{"run_id": 1479, "bias_std_dev_scale": 0.244521, "bias_height_fraction": 0.02, "perturbation_size": 0.005, "optimizer": "FIRE", "found_minima": [[0.6234994049, 0.02803775853], [-0.5582235691102193, 1.441725933563501]], "found_saddles": [[-0.798900140101123, 0.6177563796114344]], "bias_count": 5000, "energy_calls_at_each_min": [1, 22324], "force_calls_at_each_min": [1, 22324], "min_height_scale": 3.0, "max_height_scale": 1.5, "min_cov_scale": 2.0, "max_cov_scale": 3.0}