{"run_id": 1677, "bias_std_dev_scale": 0.244521, "bias_height_fraction": 0.02, "perturbation_size": 0.005, "optimizer": "FIRE", "found_minima": [[0.6234994049, 0.02803775853], [-0.050480928984428866, 0.46681240959102366], [-0.5582232002753945, 1.441726548100283]], "found_saddles": [[0.24434569204120735, 0.28953727551570774], [-0.83522922879874, 0.6015704300311762]], "bias_count": 336, "energy_calls_at_each_min": [1, 7013, 39956], "force_calls_at_each_min": [1, 7013, 39956], "min_height_scale": 2.5, "max_height_scale": 1.5, "min_cov_scale": 3.0, "max_cov_scale": 2.0}