{"run_id": 2338, "bias_std_dev_scale": 0.244521, "bias_height_fraction": 0.02, "perturbation_size": 0.005, "optimizer": "FIRE", "found_minima": [[0.6234994049, 0.02803775853], [-0.5582219330093701, 1.4417280436107343]], "found_saddles": [[-0.8477050195458906, 0.6130143424873755]], "bias_count": 5000, "energy_calls_at_each_min": [1, 19590], "force_calls_at_each_min": [1, 19590], "min_height_scale": 1.5, "max_height_scale": 2.5, "min_cov_scale": 1.5, "max_cov_scale": 2.5}