{"run_id": 821, "bias_std_dev_scale": 0.244521, "bias_height_fraction": 0.02, "perturbation_size": 0.005, "optimizer": "FIRE", "found_minima": [[0.6234994049, 0.02803775853], [-0.5582234310629041, 1.441726105495505]], "found_saddles": [[-0.8583873251975477, 0.5830709260383774]], "bias_count": 5000, "energy_calls_at_each_min": [1, 19047], "force_calls_at_each_min": [1, 19047], "min_height_scale": 1.5, "max_height_scale": 3.0, "min_cov_scale": 2.0, "max_cov_scale": 2.0}