{"run_id": 1131, "bias_std_dev_scale": 0.244521, "bias_height_fraction": 0.02, "perturbation_size": 0.005, "optimizer": "FIRE", "found_minima": [[0.6234994049, 0.02803775853], [-0.5582032648002919, 1.4417504812087083]], "found_saddles": [[-0.817849168310048, 0.5930413919700541]], "bias_count": 5000, "energy_calls_at_each_min": [1, 16317], "force_calls_at_each_min": [1, 16317], "min_height_scale": 2.0, "max_height_scale": 2.5, "min_cov_scale": 2.5, "max_cov_scale": 3.0}