{"run_id": 1651, "bias_std_dev_scale": 0.244521, "bias_height_fraction": 0.02, "perturbation_size": 0.005, "optimizer": "FIRE", "found_minima": [[0.6234994049, 0.02803775853], [-0.5582216009900998, 1.4417296939416016]], "found_saddles": [[-0.8555025849288312, 0.6106414517779283]], "bias_count": 5000, "energy_calls_at_each_min": [1, 12420], "force_calls_at_each_min": [1, 12420], "min_height_scale": 2.0, "max_height_scale": 3.0, "min_cov_scale": 1.5, "max_cov_scale": 3.0}