{"run_id": 1854, "bias_std_dev_scale": 0.244521, "bias_height_fraction": 0.02, "perturbation_size": 0.005, "optimizer": "FIRE", "found_minima": [[0.6234994049, 0.02803775853], [-0.5582226468615339, 1.4417272307454256]], "found_saddles": [[-0.7938526222577404, 0.6386712615315019]], "bias_count": 5000, "energy_calls_at_each_min": [1, 18704], "force_calls_at_each_min": [1, 18704], "min_height_scale": 1.5, "max_height_scale": 3.0, "min_cov_scale": 3.0, "max_cov_scale": 2.5}