{"run_id": 1004, "bias_std_dev_scale": 0.244521, "bias_height_fraction": 0.02, "perturbation_size": 0.005, "optimizer": "FIRE", "found_minima": [[0.6234994049, 0.02803775853], [-0.5582236273548876, 1.4417258510582847]], "found_saddles": [[-0.8423679535976552, 0.6191341311894614]], "bias_count": 5000, "energy_calls_at_each_min": [1, 26856], "force_calls_at_each_min": [1, 26856], "min_height_scale": 3.0, "max_height_scale": 2.5, "min_cov_scale": 3.0, "max_cov_scale": 1.5}