{"run_id": 2241, "bias_std_dev_scale": 0.244521, "bias_height_fraction": 0.02, "perturbation_size": 0.005, "optimizer": "FIRE", "found_minima": [[0.6234994049, 0.02803775853], [-0.5582236268504633, 1.4417258578448164]], "found_saddles": [[-0.8406356908822329, 0.6349747835516176]], "bias_count": 5000, "energy_calls_at_each_min": [1, 22121], "force_calls_at_each_min": [1, 22121], "min_height_scale": 3.0, "max_height_scale": 1.5, "min_cov_scale": 1.5, "max_cov_scale": 2.0}