{"run_id": 2300, "bias_std_dev_scale": 0.244521, "bias_height_fraction": 0.02, "perturbation_size": 0.005, "optimizer": "FIRE", "found_minima": [[0.6234994049, 0.02803775853], [-0.558223618390136, 1.4417258703649323]], "found_saddles": [[-0.7640167857233643, 0.44417764529798853]], "bias_count": 5000, "energy_calls_at_each_min": [1, 28224], "force_calls_at_each_min": [1, 28224], "min_height_scale": 3.0, "max_height_scale": 3.0, "min_cov_scale": 3.0, "max_cov_scale": 1.5}