{"run_id": 1293, "bias_std_dev_scale": 0.244521, "bias_height_fraction": 0.02, "perturbation_size": 0.005, "optimizer": "FIRE", "found_minima": [[0.6234994049, 0.02803775853], [-0.558223581782559, 1.4417259182012507]], "found_saddles": [[-0.8511412001479781, 0.6141199517683474]], "bias_count": 5000, "energy_calls_at_each_min": [1, 34328], "force_calls_at_each_min": [1, 34328], "min_height_scale": 1.5, "max_height_scale": 1.5, "min_cov_scale": 3.0, "max_cov_scale": 2.0}