{"run_id": 827, "bias_std_dev_scale": 0.244521, "bias_height_fraction": 0.02, "perturbation_size": 0.005, "optimizer": "FIRE", "found_minima": [[0.6234994049, 0.02803775853], [-0.5582136975604258, 1.4417412008222645]], "found_saddles": [[-0.8611450347460723, 0.5937811250940658]], "bias_count": 5000, "energy_calls_at_each_min": [1, 18122], "force_calls_at_each_min": [1, 18122], "min_height_scale": 1.5, "max_height_scale": 3.0, "min_cov_scale": 2.5, "max_cov_scale": 3.0}