{"run_id": 2122, "bias_std_dev_scale": 0.244521, "bias_height_fraction": 0.02, "perturbation_size": 0.005, "optimizer": "FIRE", "found_minima": [[0.6234994049, 0.02803775853], [-0.5582202785848558, 1.4417299830231296]], "found_saddles": [[-0.8111387069659838, 0.6458336033604757]], "bias_count": 5000, "energy_calls_at_each_min": [1, 29994], "force_calls_at_each_min": [1, 29994], "min_height_scale": 2.0, "max_height_scale": 1.5, "min_cov_scale": 2.5, "max_cov_scale": 2.5}