{"run_id": 1460, "bias_std_dev_scale": 0.244521, "bias_height_fraction": 0.02, "perturbation_size": 0.005, "optimizer": "FIRE", "found_minima": [[0.6234994049, 0.02803775853], [-0.05027311486584455, 0.4667752440868558], [-0.5582236509938975, 1.4417258258533412]], "found_saddles": [[0.14826497178292955, 0.23577472761601587], [-0.8365044661183197, 0.6035871263820699]], "bias_count": 141, "energy_calls_at_each_min": [1, 3401, 16733], "force_calls_at_each_min": [1, 3401, 16733], "min_height_scale": 2.5, "max_height_scale": 3.0, "min_cov_scale": 2.0, "max_cov_scale": 1.5}