{"run_id": 1203, "bias_std_dev_scale": 0.244521, "bias_height_fraction": 0.02, "perturbation_size": 0.005, "optimizer": "FIRE", "found_minima": [[0.6234994049, 0.02803775853], [-0.5582235693949827, 1.4417259245477418]], "found_saddles": [[-0.833545057677229, 0.6352295827090215]], "bias_count": 5000, "energy_calls_at_each_min": [1, 12948], "force_calls_at_each_min": [1, 12948], "min_height_scale": 2.5, "max_height_scale": 3.0, "min_cov_scale": 1.5, "max_cov_scale": 3.0}