{"run_id": 1631, "bias_std_dev_scale": 0.244521, "bias_height_fraction": 0.02, "perturbation_size": 0.005, "optimizer": "FIRE", "found_minima": [[0.6234994049, 0.02803775853], [-0.5582231109691634, 1.4417265900831548]], "found_saddles": [[-0.8176417183503562, 0.6434774939372571]], "bias_count": 5000, "energy_calls_at_each_min": [1, 25202], "force_calls_at_each_min": [1, 25202], "min_height_scale": 2.0, "max_height_scale": 2.0, "min_cov_scale": 3.0, "max_cov_scale": 3.0}