{"run_id": 2296, "bias_std_dev_scale": 0.244521, "bias_height_fraction": 0.02, "perturbation_size": 0.005, "optimizer": "FIRE", "found_minima": [[0.6234994049, 0.02803775853], [-0.5582235602320094, 1.4417259492286105]], "found_saddles": [[-0.8293361871452851, 0.6241559884916962]], "bias_count": 5000, "energy_calls_at_each_min": [1, 24301], "force_calls_at_each_min": [1, 24301], "min_height_scale": 3.0, "max_height_scale": 3.0, "min_cov_scale": 2.5, "max_cov_scale": 1.5}