{"run_id": 1687, "bias_std_dev_scale": 0.244521, "bias_height_fraction": 0.02, "perturbation_size": 0.005, "optimizer": "FIRE", "found_minima": [[0.6234994049, 0.02803775853], [-0.5582239160952909, 1.4417258144530782]], "found_saddles": [[-0.8338534668683436, 0.5985689816943369]], "bias_count": 5000, "energy_calls_at_each_min": [1, 18074], "force_calls_at_each_min": [1, 18074], "min_height_scale": 2.5, "max_height_scale": 2.0, "min_cov_scale": 2.0, "max_cov_scale": 3.0}