{"run_id": 464, "bias_std_dev_scale": 0.244521, "bias_height_fraction": 0.02, "perturbation_size": 0.005, "optimizer": "FIRE", "found_minima": [[0.6234994049, 0.02803775853], [-0.5582236503865317, 1.4417258273631286]], "found_saddles": [[-0.8310567960536743, 0.6205589196326969]], "bias_count": 5000, "energy_calls_at_each_min": [1, 22348], "force_calls_at_each_min": [1, 22348], "min_height_scale": 3.0, "max_height_scale": 2.0, "min_cov_scale": 1.5, "max_cov_scale": 1.5}