{"run_id": 1949, "bias_std_dev_scale": 0.244521, "bias_height_fraction": 0.02, "perturbation_size": 0.005, "optimizer": "FIRE", "found_minima": [[0.6234994049, 0.02803775853], [-0.5582233636322416, 1.441726148378926]], "found_saddles": [[-0.8080718844866094, 0.6325711268112992]], "bias_count": 5000, "energy_calls_at_each_min": [1, 31692], "force_calls_at_each_min": [1, 31692], "min_height_scale": 2.5, "max_height_scale": 2.0, "min_cov_scale": 3.0, "max_cov_scale": 2.0}