{"run_id": 989, "bias_std_dev_scale": 0.244521, "bias_height_fraction": 0.02, "perturbation_size": 0.005, "optimizer": "FIRE", "found_minima": [[0.6234994049, 0.02803775853], [-0.5582235918055766, 1.441725906615713]], "found_saddles": [[-0.817871688951565, 0.6006442455214562]], "bias_count": 5000, "energy_calls_at_each_min": [1, 27523], "force_calls_at_each_min": [1, 27523], "min_height_scale": 3.0, "max_height_scale": 2.0, "min_cov_scale": 3.0, "max_cov_scale": 2.0}