{"run_id": 786, "bias_std_dev_scale": 0.244521, "bias_height_fraction": 0.02, "perturbation_size": 0.005, "optimizer": "FIRE", "found_minima": [[0.6234994049, 0.02803775853], [-0.5582232970939227, 1.4417262685210388]], "found_saddles": [[-0.8447575416010725, 0.6235651073094758]], "bias_count": 5000, "energy_calls_at_each_min": [1, 16589], "force_calls_at_each_min": [1, 16589], "min_height_scale": 1.5, "max_height_scale": 2.0, "min_cov_scale": 1.5, "max_cov_scale": 2.5}