{"run_id": 1414, "bias_std_dev_scale": 0.244521, "bias_height_fraction": 0.02, "perturbation_size": 0.005, "optimizer": "FIRE", "found_minima": [[0.6234994049, 0.02803775853], [-0.5582236394413443, 1.4417258393904486]], "found_saddles": [[-0.8519703411687957, 0.6238257102733739]], "bias_count": 5000, "energy_calls_at_each_min": [1, 28527], "force_calls_at_each_min": [1, 28527], "min_height_scale": 2.5, "max_height_scale": 1.5, "min_cov_scale": 2.0, "max_cov_scale": 2.5}