{"run_id": 556, "bias_std_dev_scale": 0.119581, "bias_height_fraction": 0.02, "perturbation_size": 0.005, "optimizer": "FIRE", "found_minima": [[0.6234994049, 0.02803775853], [-0.050040650856506455, 0.466702964239657], [-0.5582236307432353, 1.441725848738224]], "found_saddles": [[0.23905045255872204, 0.2825479947628897], [-0.8113087962069528, 0.6253176023292731]], "bias_count": 141, "energy_calls_at_each_min": [1, 4077, 16964], "force_calls_at_each_min": [1, 4077, 16964], "max_height_scale": 4.5, "max_cov_scale": 4.5}