{"run_id": 33, "bias_std_dev_scale": 0.119581, "bias_height_fraction": 0.02, "perturbation_size": 0.005, "optimizer": "FIRE", "found_minima": [[0.6234994049, 0.02803775853], [-0.05076518847058271, 0.4668784179884751], [-0.5582236542083191, 1.4417258227970084]], "found_saddles": [[0.245821924343668, 0.33378818437944785], [-0.812452266055357, 0.6291967165900669]], "bias_count": 261, "energy_calls_at_each_min": [1, 5808, 31463], "force_calls_at_each_min": [1, 5808, 31463], "max_height_scale": 2.5, "max_cov_scale": 4.0}