{"run_id": 374, "bias_std_dev_scale": 0.119581, "bias_height_fraction": 0.02, "perturbation_size": 0.005, "optimizer": "FIRE", "found_minima": [[0.6234994049, 0.02803775853], [-0.050038921964455085, 0.46670598676724523], [-0.5582236535621827, 1.4417258234198214]], "found_saddles": [[0.18849718755400882, 0.29409594426206087], [-0.8008500963724189, 0.6361417205871239]], "bias_count": 228, "energy_calls_at_each_min": [1, 4999, 27426], "force_calls_at_each_min": [1, 4999, 27426], "max_height_scale": 3.5, "max_cov_scale": 3.5}