{"run_id": 262, "bias_std_dev_scale": 0.119581, "bias_height_fraction": 0.02, "perturbation_size": 0.005, "optimizer": "FIRE", "found_minima": [[0.6234994049, 0.02803775853], [-0.050010849481821926, 0.4666941012995465], [-0.5582236542951595, 1.4417258227206913]], "found_saddles": [[0.21094776415119315, 0.2950408805917188], [-0.8399067036862649, 0.6019977786599924]], "bias_count": 570, "energy_calls_at_each_min": [1, 10919, 67822], "force_calls_at_each_min": [1, 10919, 67822], "max_height_scale": 2.0, "max_cov_scale": 1.5}