{"run_id": 129, "bias_std_dev_scale": 0.119581, "bias_height_fraction": 0.02, "perturbation_size": 0.005, "optimizer": "FIRE", "found_minima": [[0.6234994049, 0.02803775853], [-0.05001106710587164, 0.4666941591418604], [-0.5582236519161429, 1.4417258237454549]], "found_saddles": [[0.2328752251023848, 0.2765949214307365], [-0.8254874525760171, 0.5642328621833456]], "bias_count": 277, "energy_calls_at_each_min": [1, 5167, 34051], "force_calls_at_each_min": [1, 5167, 34051], "max_height_scale": 3.5, "max_cov_scale": 2.5}