{"run_id": 329, "bias_std_dev_scale": 0.119581, "bias_height_fraction": 0.02, "perturbation_size": 0.005, "optimizer": "FIRE", "found_minima": [[0.6234994049, 0.02803775853], [-0.05007894496486355, 0.4667105012997714], [-0.5582236563296149, 1.441725819604477]], "found_saddles": [[0.2505867497321035, 0.30838949186948805], [-0.8187914624595812, 0.5933637163209218]], "bias_count": 687, "energy_calls_at_each_min": [1, 16484, 81273], "force_calls_at_each_min": [1, 16484, 81273], "max_height_scale": 1.0, "max_cov_scale": 3.5}