{"run_id": 388, "bias_std_dev_scale": 0.119581, "bias_height_fraction": 0.02, "perturbation_size": 0.005, "optimizer": "FIRE", "found_minima": [[0.6234994049, 0.02803775853], [-0.050010858166263876, 0.46669410368455977], [-0.5582236547613509, 1.441725821807585]], "found_saddles": [[0.19704089310816206, 0.28349257206343076], [-0.8147172737081102, 0.6553332725077688]], "bias_count": 212, "energy_calls_at_each_min": [1, 5403, 24197], "force_calls_at_each_min": [1, 5403, 24197], "max_height_scale": 4.5, "max_cov_scale": 1.5}