{"run_id": 598, "bias_std_dev_scale": 0.119581, "bias_height_fraction": 0.02, "perturbation_size": 0.005, "optimizer": "FIRE", "found_minima": [[0.6234994049, 0.02803775853], [-0.050027345017351676, 0.4666984736743473], [-0.5582236355457141, 1.4417258380991655]], "found_saddles": [[0.2141143984088118, 0.28070515394262746], [-0.8181278862023418, 0.6215483593307869]], "bias_count": 323, "energy_calls_at_each_min": [1, 6711, 38714], "force_calls_at_each_min": [1, 6711, 38714], "max_height_scale": 2.5, "max_cov_scale": 3.0}