{"run_id": 761, "bias_std_dev_scale": 0.119581, "bias_height_fraction": 0.02, "perturbation_size": 0.005, "optimizer": "FIRE", "found_minima": [[0.6234994049, 0.02803775853], [-0.05011200696957885, 0.4667190280691224], [-0.5582236509381743, 1.4417258269271296]], "found_saddles": [[0.19559499712012407, 0.25349110512208717], [-0.8197382289077026, 0.5827887133389926]], "bias_count": 299, "energy_calls_at_each_min": [1, 6653, 36942], "force_calls_at_each_min": [1, 6653, 36942], "max_height_scale": 2.5, "max_cov_scale": 3.5}