{"run_id": 122, "bias_std_dev_scale": 0.119581, "bias_height_fraction": 0.02, "perturbation_size": 0.005, "optimizer": "FIRE", "found_minima": [[0.6234994049, 0.02803775853], [-0.05018798242925592, 0.46674226067918173], [-0.5582236202327245, 1.441725855874564]], "found_saddles": [[0.24213028883973964, 0.3344935731478585], [-0.8001844293483943, 0.6335525054668399]], "bias_count": 287, "energy_calls_at_each_min": [1, 6250, 35126], "force_calls_at_each_min": [1, 6250, 35126], "max_height_scale": 3.0, "max_cov_scale": 3.5}