{"run_id": 227, "bias_std_dev_scale": 0.119581, "bias_height_fraction": 0.02, "perturbation_size": 0.005, "optimizer": "FIRE", "found_minima": [[0.6234994049, 0.02803775853], [-0.050010886067563376, 0.4666941230921446], [-0.5582236201350246, 1.4417258572357163]], "found_saddles": [[0.1789325831799409, 0.2657148072777564], [-0.8199728532606448, 0.6263058424400265]], "bias_count": 218, "energy_calls_at_each_min": [1, 5297, 26296], "force_calls_at_each_min": [1, 5297, 26296], "max_height_scale": 4.5, "max_cov_scale": 2.0}