{"run_id": 193, "bias_std_dev_scale": 0.119581, "bias_height_fraction": 0.02, "perturbation_size": 0.005, "optimizer": "FIRE", "found_minima": [[0.6234994049, 0.02803775853], [-0.05006365505666359, 0.46670912516429897], [-0.5582236453630233, 1.4417258315519261]], "found_saddles": [[0.22748405020282103, 0.3077629597657657], [-0.8296912434690196, 0.5743493531526667]], "bias_count": 349, "energy_calls_at_each_min": [1, 7741, 42552], "force_calls_at_each_min": [1, 7741, 42552], "max_height_scale": 2.5, "max_cov_scale": 3.0}