{"run_id": 694, "bias_std_dev_scale": 0.119581, "bias_height_fraction": 0.02, "perturbation_size": 0.005, "optimizer": "FIRE", "found_minima": [[0.6234994049, 0.02803775853], [-0.05001079013730913, 0.4666940993373432], [-0.5582236361555765, 1.4417258392943935]], "found_saddles": [[0.25370401942450843, 0.3133990989164446], [-0.8541229939835427, 0.5625050598617812]], "bias_count": 305, "energy_calls_at_each_min": [1, 6336, 37071], "force_calls_at_each_min": [1, 6336, 37071], "max_height_scale": 3.5, "max_cov_scale": 1.5}