{"run_id": 58, "bias_std_dev_scale": 0.119581, "bias_height_fraction": 0.02, "perturbation_size": 0.005, "optimizer": "FIRE", "found_minima": [[0.6234994049, 0.02803775853], [-0.05002683437669637, 0.4666972922791584], [-0.5582236496045372, 1.4417258278154863]], "found_saddles": [[0.23769224311782053, 0.3387033299876381], [-0.8283074260589195, 0.5805360374442831]], "bias_count": 231, "energy_calls_at_each_min": [1, 4916, 29797], "force_calls_at_each_min": [1, 4916, 29797], "max_height_scale": 4.0, "max_cov_scale": 3.0}