{"run_id": 336, "bias_std_dev_scale": 0.119581, "bias_height_fraction": 0.02, "perturbation_size": 0.005, "optimizer": "FIRE", "found_minima": [[0.6234994049, 0.02803775853], [-0.05012042396966288, 0.4667180566702376], [-0.558223655265112, 1.4417258206272385]], "found_saddles": [[0.209784666617481, 0.29691444404922146], [-0.8253199393934694, 0.5869177875033861]], "bias_count": 645, "energy_calls_at_each_min": [1, 10524, 78737], "force_calls_at_each_min": [1, 10524, 78737], "max_height_scale": 1.5, "max_cov_scale": 2.5}