{"run_id": 463, "bias_std_dev_scale": 0.119581, "bias_height_fraction": 0.02, "perturbation_size": 0.005, "optimizer": "FIRE", "found_minima": [[0.6234994049, 0.02803775853], [-0.05001718404827558, 0.4666951873969691], [-0.5582236402266991, 1.4417258381901203]], "found_saddles": [[0.19719536374724422, 0.28305372216953056], [-0.8070199654708733, 0.6312517758142373]], "bias_count": 216, "energy_calls_at_each_min": [1, 4815, 26260], "force_calls_at_each_min": [1, 4815, 26260], "max_height_scale": 4.0, "max_cov_scale": 3.0}