{"run_id": 309, "bias_std_dev_scale": 0.119581, "bias_height_fraction": 0.02, "perturbation_size": 0.005, "optimizer": "FIRE", "found_minima": [[0.6234994049, 0.02803775853], [-0.050011080926139984, 0.46669415303049516], [-0.5582236166028803, 1.441725859073975]], "found_saddles": [[0.20205674155751943, 0.30138914856179294], [-0.7938986360497375, 0.6460906140132409]], "bias_count": 231, "energy_calls_at_each_min": [1, 4907, 27815], "force_calls_at_each_min": [1, 4907, 27815], "max_height_scale": 4.5, "max_cov_scale": 2.5}