{"run_id": 408, "bias_std_dev_scale": 0.119581, "bias_height_fraction": 0.02, "perturbation_size": 0.005, "optimizer": "FIRE", "found_minima": [[0.6234994049, 0.02803775853], [-0.05001436451864091, 0.466695037194369], [-0.5582236286249231, 1.4417258452166373]], "found_saddles": [[0.2176354906720726, 0.301472365711563], [-0.8157388660706905, 0.6045023479469845]], "bias_count": 911, "energy_calls_at_each_min": [1, 16737, 110162], "force_calls_at_each_min": [1, 16737, 110162], "max_height_scale": 1.0, "max_cov_scale": 2.5}