{"run_id": 95, "bias_std_dev_scale": 0.119581, "bias_height_fraction": 0.02, "perturbation_size": 0.005, "optimizer": "FIRE", "found_minima": [[0.6234994049, 0.02803775853], [-0.0501414060086534, 0.4667231598906842], [-0.5582236294989253, 1.4417258447902128]], "found_saddles": [[0.20998925252016468, 0.3065926431392221], [-0.816249791771435, 0.6086059791457892]], "bias_count": 495, "energy_calls_at_each_min": [1, 11789, 60390], "force_calls_at_each_min": [1, 11789, 60390], "max_height_scale": 1.5, "max_cov_scale": 3.5}