{"run_id": 784, "bias_std_dev_scale": 0.119581, "bias_height_fraction": 0.02, "perturbation_size": 0.005, "optimizer": "FIRE", "found_minima": [[0.6234994049, 0.02803775853], [-0.050010795648539004, 0.4666941033313733], [-0.558223623688006, 1.441725854894775]], "found_saddles": [[0.24087181035412056, 0.3211571644982045], [-0.829472756416057, 0.6219624700901232]], "bias_count": 251, "energy_calls_at_each_min": [1, 6330, 29586], "force_calls_at_each_min": [1, 6330, 29586], "max_height_scale": 4.0, "max_cov_scale": 1.5}