{"run_id": 743, "bias_std_dev_scale": 0.119581, "bias_height_fraction": 0.02, "perturbation_size": 0.005, "optimizer": "FIRE", "found_minima": [[0.6234994049, 0.02803775853], [-0.05007390021274872, 0.466711515639033], [-0.5582236296196145, 1.4417258493296525]], "found_saddles": [[0.1434760677994204, 0.26911824367890325], [-0.817685217646455, 0.6197806192535197]], "bias_count": 517, "energy_calls_at_each_min": [1, 10342, 63287], "force_calls_at_each_min": [1, 10342, 63287], "max_height_scale": 1.5, "max_cov_scale": 3.5}