{"run_id": 516, "bias_std_dev_scale": 0.119581, "bias_height_fraction": 0.02, "perturbation_size": 0.005, "optimizer": "FIRE", "found_minima": [[0.6234994049, 0.02803775853], [-0.050037723168878334, 0.4667020054291269], [-0.558223629649579, 1.4417258447519667]], "found_saddles": [[0.23981573026633868, 0.2824163482623867], [-0.8255996990182232, 0.5961232145551216]], "bias_count": 304, "energy_calls_at_each_min": [1, 6626, 37619], "force_calls_at_each_min": [1, 6626, 37619], "max_height_scale": 2.5, "max_cov_scale": 2.5}