{"run_id": 503, "bias_std_dev_scale": 0.119581, "bias_height_fraction": 0.02, "perturbation_size": 0.005, "optimizer": "FIRE", "found_minima": [[0.6234994049, 0.02803775853], [-0.050040594624005605, 0.46670567001087393], [-0.5582236491779412, 1.4417258285707557]], "found_saddles": [[0.21326757149540024, 0.31223105574232746], [-0.8201805100616316, 0.586825160480046]], "bias_count": 462, "energy_calls_at_each_min": [1, 9623, 55769], "force_calls_at_each_min": [1, 9623, 55769], "max_height_scale": 1.5, "max_cov_scale": 5.0}