{"run_id": 67, "bias_std_dev_scale": 0.119581, "bias_height_fraction": 0.02, "perturbation_size": 0.005, "optimizer": "FIRE", "found_minima": [[0.6234994049, 0.02803775853], [-0.05001327331859739, 0.46669487814928584], [-0.5582236279070226, 1.4417258460710771]], "found_saddles": [[0.1839875848548747, 0.24654768133716884], [-0.7817583946834299, 0.6461315265408896]], "bias_count": 203, "energy_calls_at_each_min": [1, 3431, 25180], "force_calls_at_each_min": [1, 3431, 25180], "max_height_scale": 4.5, "max_cov_scale": 3.0}