{"run_id": 544, "bias_std_dev_scale": 0.119581, "bias_height_fraction": 0.02, "perturbation_size": 0.005, "optimizer": "FIRE", "found_minima": [[0.6234994049, 0.02803775853], [-0.05006622931885191, 0.46671007114247515], [-0.5582236229918248, 1.4417258530571146]], "found_saddles": [[0.1920118624455962, 0.2904644311562127], [-0.8466806084892803, 0.5924778035235309]], "bias_count": 207, "energy_calls_at_each_min": [1, 6062, 25812], "force_calls_at_each_min": [1, 6062, 25812], "max_height_scale": 4.0, "max_cov_scale": 3.0}