{"run_id": 143, "bias_std_dev_scale": 0.119581, "bias_height_fraction": 0.02, "perturbation_size": 0.005, "optimizer": "FIRE", "found_minima": [[0.6234994049, 0.02803775853], [-0.050412354825083786, 0.4667936108126125], [-0.5582236475958287, 1.4417258302734155]], "found_saddles": [[0.2141785937114421, 0.289002958467077], [-0.8131414767923427, 0.6346851471613836]], "bias_count": 191, "energy_calls_at_each_min": [1, 3445, 24945], "force_calls_at_each_min": [1, 3445, 24945], "max_height_scale": 4.0, "max_cov_scale": 5.0}