{"run_id": 618, "bias_std_dev_scale": 0.119581, "bias_height_fraction": 0.02, "perturbation_size": 0.005, "optimizer": "FIRE", "found_minima": [[0.6234994049, 0.02803775853], [-0.050025183750986156, 0.4666972092847557], [-0.5582236222650235, 1.4417258538915854]], "found_saddles": [[0.19478127606149973, 0.27421958377726807], [-0.016833729150525015, -0.07022630068689165]], "bias_count": 246, "energy_calls_at_each_min": [1, 5472, 31474], "force_calls_at_each_min": [1, 5472, 31474], "max_height_scale": 3.5, "max_cov_scale": 4.0}