{"run_id": 267, "bias_std_dev_scale": 0.119581, "bias_height_fraction": 0.02, "perturbation_size": 0.005, "optimizer": "FIRE", "found_minima": [[0.6234994049, 0.02803775853], [-0.050197584263036756, 0.46674303082214463], [-0.5582236285705353, 1.4417258452551087]], "found_saddles": [[0.23491517761583522, 0.2999379157191207], [-0.7853675999165166, 0.6329352997364881]], "bias_count": 358, "energy_calls_at_each_min": [1, 7583, 42698], "force_calls_at_each_min": [1, 7583, 42698], "max_height_scale": 2.0, "max_cov_scale": 4.0}