{"run_id": 108, "bias_std_dev_scale": 0.119581, "bias_height_fraction": 0.02, "perturbation_size": 0.005, "optimizer": "FIRE", "found_minima": [[0.6234994049, 0.02803775853], [-0.050010775469450576, 0.46669409486417207], [-0.5582236547117576, 1.4417258211336073]], "found_saddles": [[0.24151159910534098, 0.30101069635302335], [-0.8255203372517299, 0.6394973318068469]], "bias_count": 463, "energy_calls_at_each_min": [1, 10350, 54876], "force_calls_at_each_min": [1, 10350, 54876], "max_height_scale": 2.5, "max_cov_scale": 1.0}