{"run_id": 30, "bias_std_dev_scale": 0.119581, "bias_height_fraction": 0.02, "perturbation_size": 0.005, "optimizer": "FIRE", "found_minima": [[0.6234994049, 0.02803775853], [-0.05001166951311665, 0.46669432402210326], [-0.5582236445977754, 1.4417258298711566]], "found_saddles": [[0.20118377943993862, 0.2789036388048698], [-0.8093674337033883, 0.619819475097351]], "bias_count": 405, "energy_calls_at_each_min": [1, 7041, 48762], "force_calls_at_each_min": [1, 7041, 48762], "max_height_scale": 2.5, "max_cov_scale": 2.5}