{"run_id": 654, "bias_std_dev_scale": 0.119581, "bias_height_fraction": 0.02, "perturbation_size": 0.005, "optimizer": "FIRE", "found_minima": [[0.6234994049, 0.02803775853], [-0.05025149197272185, 0.4667548032254227], [-0.5582236522338433, 1.4417258252290228]], "found_saddles": [[0.23661996691869722, 0.29027038373757885], [-0.8318366761910078, 0.6258145678168717]], "bias_count": 758, "energy_calls_at_each_min": [1, 12878, 89034], "force_calls_at_each_min": [1, 12878, 89034], "max_height_scale": 1.0, "max_cov_scale": 4.0}