{"run_id": 444, "bias_std_dev_scale": 0.119581, "bias_height_fraction": 0.02, "perturbation_size": 0.005, "optimizer": "FIRE", "found_minima": [[0.6234994049, 0.02803775853], [-0.0500150150826622, 0.46669498693093026], [-0.5582236449670115, 1.4417258319534965]], "found_saddles": [[0.20799626623035566, 0.28187790878445423], [-0.8255769368363614, 0.5926757923704866]], "bias_count": 311, "energy_calls_at_each_min": [1, 5198, 38239], "force_calls_at_each_min": [1, 5198, 38239], "max_height_scale": 3.0, "max_cov_scale": 2.5}