{"run_id": 135, "bias_std_dev_scale": 0.119581, "bias_height_fraction": 0.02, "perturbation_size": 0.005, "optimizer": "FIRE", "found_minima": [[0.6234994049, 0.02803775853], [-0.05001079077048434, 0.4666941059653063], [-0.5582236450156584, 1.4417258317028883]], "found_saddles": [[0.9339306621945075, 0.050900163320548863], [-0.8215271678085, 0.5944289350752883]], "bias_count": 340, "energy_calls_at_each_min": [1, 7700, 40615], "force_calls_at_each_min": [1, 7700, 40615], "max_height_scale": 4.0, "max_cov_scale": 1.0}