{"run_id": 228, "bias_std_dev_scale": 0.119581, "bias_height_fraction": 0.02, "perturbation_size": 0.005, "optimizer": "FIRE", "found_minima": [[0.6234994049, 0.02803775853], [-0.050010992730226266, 0.4666941410826725], [-0.5582236316090224, 1.44172584131906]], "found_saddles": [[0.1663796127604448, 0.29271836134799095], [-0.8268727176987654, 0.6082262051309992]], "bias_count": 185, "energy_calls_at_each_min": [1, 4273, 22063], "force_calls_at_each_min": [1, 4273, 22063], "max_height_scale": 4.5, "max_cov_scale": 2.5}