{"run_id": 125, "bias_std_dev_scale": 0.119581, "bias_height_fraction": 0.02, "perturbation_size": 0.005, "optimizer": "FIRE", "found_minima": [[0.6234994049, 0.02803775853], [-0.050597508178212514, 0.46683495257661073], [-0.5582236531635361, 1.4417258243035356]], "found_saddles": [[0.21859612010947455, 0.31056826344485156], [-0.7709132739075134, 0.675343074709607]], "bias_count": 226, "energy_calls_at_each_min": [1, 4422, 28901], "force_calls_at_each_min": [1, 4422, 28901], "max_height_scale": 3.0, "max_cov_scale": 5.0}