{"run_id": 678, "bias_std_dev_scale": 0.119581, "bias_height_fraction": 0.02, "perturbation_size": 0.005, "optimizer": "FIRE", "found_minima": [[0.6234994049, 0.02803775853], [-0.050020120604846736, 0.46669621638926384], [-0.5582236239418481, 1.441725853397638]], "found_saddles": [[0.21583944891090073, 0.28176567705289496], [-0.8316046893051547, 0.6133307127371027]], "bias_count": 388, "energy_calls_at_each_min": [1, 8687, 46760], "force_calls_at_each_min": [1, 8687, 46760], "max_height_scale": 2.5, "max_cov_scale": 2.5}