{"run_id": 92, "bias_std_dev_scale": 0.119581, "bias_height_fraction": 0.02, "perturbation_size": 0.005, "optimizer": "FIRE", "found_minima": [[0.6234994049, 0.02803775853], [-0.050014864588108277, 0.46669504973389775], [-0.5582236180752566, 1.4417258594520694]], "found_saddles": [[0.21005591124888934, 0.2727375286047986], [-0.8258913398597094, 0.6197403252944895]], "bias_count": 668, "energy_calls_at_each_min": [1, 12194, 81248], "force_calls_at_each_min": [1, 12194, 81248], "max_height_scale": 1.5, "max_cov_scale": 2.0}