{"run_id": 579, "bias_std_dev_scale": 0.119581, "bias_height_fraction": 0.02, "perturbation_size": 0.005, "optimizer": "FIRE", "found_minima": [[0.6234994049, 0.02803775853], [-0.05002194054093732, 0.4666967075008063], [-0.558223618083107, 1.441725858443597]], "found_saddles": [[0.2382134180567881, 0.29357048882376946], [-0.8352692436488305, 0.6151456586782458]], "bias_count": 600, "energy_calls_at_each_min": [1, 12085, 72479], "force_calls_at_each_min": [1, 12085, 72479], "max_height_scale": 1.5, "max_cov_scale": 2.5}