{"run_id": 113, "bias_std_dev_scale": 0.119581, "bias_height_fraction": 0.02, "perturbation_size": 0.005, "optimizer": "FIRE", "found_minima": [[0.6234994049, 0.02803775853], [-0.050890664851946564, 0.4668835071154538], [-0.5582236385557001, 1.4417258381224058]], "found_saddles": [[0.2340104222520875, 0.3019315920449014], [-0.8041083538169611, 0.6219557419172645]], "bias_count": 365, "energy_calls_at_each_min": [1, 7515, 44659], "force_calls_at_each_min": [1, 7515, 44659], "max_height_scale": 2.5, "max_cov_scale": 3.5}