{"run_id": 610, "bias_std_dev_scale": 0.119581, "bias_height_fraction": 0.02, "perturbation_size": 0.005, "optimizer": "FIRE", "found_minima": [[0.6234994049, 0.02803775853], [-0.05026916182459263, 0.4667478495611177], [-0.5582236316474936, 1.4417258404336515]], "found_saddles": [[0.1847522909046877, 0.3026289972383749], [-0.7963072110994543, 0.643126131463271]], "bias_count": 253, "energy_calls_at_each_min": [1, 6317, 31378], "force_calls_at_each_min": [1, 6317, 31378], "max_height_scale": 3.0, "max_cov_scale": 4.5}