{"run_id": 136, "bias_std_dev_scale": 0.119581, "bias_height_fraction": 0.02, "perturbation_size": 0.005, "optimizer": "FIRE", "found_minima": [[0.6234994049, 0.02803775853], [-0.05001086052535605, 0.4666941040917912], [-0.5582236254871565, 1.4417258519549068]], "found_saddles": [[0.20131494478012654, 0.27470172389982433], [-0.833551917140755, 0.589602049950912]], "bias_count": 250, "energy_calls_at_each_min": [1, 5378, 30156], "force_calls_at_each_min": [1, 5378, 30156], "max_height_scale": 4.0, "max_cov_scale": 1.5}