{"run_id": 90, "bias_std_dev_scale": 0.119581, "bias_height_fraction": 0.02, "perturbation_size": 0.005, "optimizer": "FIRE", "found_minima": [[0.6234994049, 0.02803775853], [-0.05001084630319517, 0.4666941042756269], [-0.5582236521427641, 1.4417258242722237]], "found_saddles": [[0.16154968152990287, 0.2933441056726556], [-0.8142961601858075, 0.622815227284463]], "bias_count": 926, "energy_calls_at_each_min": [1, 17745, 110399], "force_calls_at_each_min": [1, 17745, 110399], "max_height_scale": 1.5, "max_cov_scale": 1.0}