{"run_id": 437, "bias_std_dev_scale": 0.119581, "bias_height_fraction": 0.02, "perturbation_size": 0.005, "optimizer": "FIRE", "found_minima": [[0.6234994049, 0.02803775853], [-0.05018224560256896, 0.4667364682570849], [-0.55822364303252, 1.4417258364637067]], "found_saddles": [[0.20869287665795333, 0.3126599795472854], [-0.8270845571571199, 0.5799857125325024]], "bias_count": 339, "energy_calls_at_each_min": [1, 6477, 40762], "force_calls_at_each_min": [1, 6477, 40762], "max_height_scale": 2.5, "max_cov_scale": 3.5}