{"run_id": 252, "bias_std_dev_scale": 0.119581, "bias_height_fraction": 0.02, "perturbation_size": 0.005, "optimizer": "FIRE", "found_minima": [[0.6234994049, 0.02803775853], [-0.05001086880528692, 0.46669411218473983], [-0.5582236329145315, 1.441725839267371]], "found_saddles": [[0.2315589714528205, 0.30758553563598645], [-0.8325303532218671, 0.6229604374054464]], "bias_count": 952, "energy_calls_at_each_min": [1, 17459, 115268], "force_calls_at_each_min": [1, 17459, 115268], "max_height_scale": 1.5, "max_cov_scale": 1.0}