{"run_id": 478, "bias_std_dev_scale": 0.119581, "bias_height_fraction": 0.02, "perturbation_size": 0.005, "optimizer": "FIRE", "found_minima": [[0.6234994049, 0.02803775853], [-0.050010853392501144, 0.46669410313776094], [-0.5582236447813371, 1.441725831697213]], "found_saddles": [[0.19046483638550948, 0.2860564436242485], [-0.8246239313740515, 0.6364444339702326]], "bias_count": 165, "energy_calls_at_each_min": [1, 5965, 19250], "force_calls_at_each_min": [1, 5965, 19250], "max_height_scale": 5.0, "max_cov_scale": 1.5}