{"run_id": 542, "bias_std_dev_scale": 0.119581, "bias_height_fraction": 0.02, "perturbation_size": 0.005, "optimizer": "FIRE", "found_minima": [[0.6234994049, 0.02803775853], [-0.05001361208052722, 0.46669477273364657], [-0.5582236235620328, 1.44172585521948]], "found_saddles": [[0.1415227905606101, 0.11907856009742755], [-0.8778498913819888, 0.6108244245925539]], "bias_count": 285, "energy_calls_at_each_min": [1, 6713, 34189], "force_calls_at_each_min": [1, 6713, 34189], "max_height_scale": 4.0, "max_cov_scale": 2.0}