{"run_id": 473, "bias_std_dev_scale": 0.119581, "bias_height_fraction": 0.02, "perturbation_size": 0.005, "optimizer": "FIRE", "found_minima": [[0.6234994049, 0.02803775853], [-0.05009456009923294, 0.4667162591747234], [-0.5582236157775787, 1.4417258608164594]], "found_saddles": [[0.18370935434900665, 0.2898558376175411], [-0.8425234228248841, 0.6150242565094183]], "bias_count": 186, "energy_calls_at_each_min": [1, 4150, 22263], "force_calls_at_each_min": [1, 4150, 22263], "max_height_scale": 4.5, "max_cov_scale": 3.5}