{"run_id": 156, "bias_std_dev_scale": 0.119581, "bias_height_fraction": 0.02, "perturbation_size": 0.005, "optimizer": "FIRE", "found_minima": [[0.6234994049, 0.02803775853], [-0.05004329335782299, 0.46670008935648527], [-0.5582236443931723, 1.4417258324381605]], "found_saddles": [[0.15158397240408802, 0.2499135126582728], [-0.822836973022312, 0.5778741202048772]], "bias_count": 179, "energy_calls_at_each_min": [1, 4294, 22313], "force_calls_at_each_min": [1, 4294, 22313], "max_height_scale": 5.0, "max_cov_scale": 2.5}