{"run_id": 312, "bias_std_dev_scale": 0.119581, "bias_height_fraction": 0.02, "perturbation_size": 0.005, "optimizer": "FIRE", "found_minima": [[0.6234994049, 0.02803775853], [-0.05013682820610177, 0.4667542624140739], [-0.5582236398566517, 1.4417258385252334]], "found_saddles": [[0.27932350424218766, 0.33012404501409676], [-0.8309466367348616, 0.6141800213644752]], "bias_count": 154, "energy_calls_at_each_min": [1, 3311, 19013], "force_calls_at_each_min": [1, 3311, 19013], "max_height_scale": 4.5, "max_cov_scale": 4.0}