{"run_id": 28, "bias_std_dev_scale": 0.119581, "bias_height_fraction": 0.02, "perturbation_size": 0.005, "optimizer": "FIRE", "found_minima": [[0.6234994049, 0.02803775853], [-0.05001108507522239, 0.4666941730332698], [-0.5582236512514269, 1.441725825535894]], "found_saddles": [[0.18916497737464363, 0.26196062419410693], [-0.8166507978233222, 0.5605634222076309]], "bias_count": 457, "energy_calls_at_each_min": [1, 10602, 54703], "force_calls_at_each_min": [1, 10602, 54703], "max_height_scale": 2.5, "max_cov_scale": 1.5}