{"run_id": 809, "bias_std_dev_scale": 0.119581, "bias_height_fraction": 0.02, "perturbation_size": 0.005, "optimizer": "FIRE", "found_minima": [[0.6234994049, 0.02803775853], [-0.05040536745914017, 0.46680466791882097], [-0.5582236226262808, 1.4417258525969068]], "found_saddles": [[0.2127756689766694, 0.28294568749366544], [-0.888517282817938, 0.5984356504766621]], "bias_count": 121, "energy_calls_at_each_min": [1, 2273, 15110], "force_calls_at_each_min": [1, 2273, 15110], "max_height_scale": 5.0, "max_cov_scale": 5.0}