{"run_id": 386, "bias_std_dev_scale": 0.119581, "bias_height_fraction": 0.02, "perturbation_size": 0.005, "optimizer": "FIRE", "found_minima": [[0.6234994049, 0.02803775853], [-0.05050400491056148, 0.466794246863005], [-0.5582236440605256, 1.4417258336335705]], "found_saddles": [[0.17320825043549382, 0.2782385161903947], [-0.836211644676482, 0.6272270402896883]], "bias_count": 171, "energy_calls_at_each_min": [1, 4214, 21044], "force_calls_at_each_min": [1, 4214, 21044], "max_height_scale": 4.0, "max_cov_scale": 5.0}