{"run_id": 467, "bias_std_dev_scale": 0.119581, "bias_height_fraction": 0.02, "perturbation_size": 0.005, "optimizer": "FIRE", "found_minima": [[0.6234994049, 0.02803775853], [-0.5582236446613543, 1.4417258322503415]], "found_saddles": [[0.5326700304363541, 0.4245368323949919]], "bias_count": 5000, "energy_calls_at_each_min": [1, 24176], "force_calls_at_each_min": [1, 24176], "max_height_scale": 4.0, "max_cov_scale": 5.0}