{"run_id": 198, "bias_std_dev_scale": 0.119581, "bias_height_fraction": 0.02, "perturbation_size": 0.005, "optimizer": "FIRE", "found_minima": [[0.6234994049, 0.02803775853], [-0.05001080524148868, 0.46669410432338193], [-0.5582236170130607, 1.4417258605661558]], "found_saddles": [[0.22522099301132084, 0.32066652112476723], [-0.842387053870936, 0.5815406695514717]], "bias_count": 488, "energy_calls_at_each_min": [1, 8311, 57714], "force_calls_at_each_min": [1, 8311, 57714], "max_height_scale": 3.0, "max_cov_scale": 1.0}