{"run_id": 65, "bias_std_dev_scale": 0.119581, "bias_height_fraction": 0.02, "perturbation_size": 0.005, "optimizer": "FIRE", "found_minima": [[0.6234994049, 0.02803775853], [-0.05001118866607634, 0.4666942072166654], [-0.5582236211636001, 1.4417258571706315]], "found_saddles": [[0.22162275642137721, 0.2918542737078732], [-0.7926772182574354, 0.5019842981008842]], "bias_count": 217, "energy_calls_at_each_min": [1, 4655, 25781], "force_calls_at_each_min": [1, 4655, 25781], "max_height_scale": 4.5, "max_cov_scale": 2.0}