{"run_id": 581, "bias_std_dev_scale": 0.119581, "bias_height_fraction": 0.02, "perturbation_size": 0.005, "optimizer": "FIRE", "found_minima": [[0.6234994049, 0.02803775853], [-0.0503687482416648, 0.4667754526241438], [-0.5582236293712385, 1.4417258448809833]], "found_saddles": [[0.2119427779190814, 0.28914155561496285], [-0.8576903513519372, 0.5808224076000797]], "bias_count": 487, "energy_calls_at_each_min": [1, 10745, 58657], "force_calls_at_each_min": [1, 10745, 58657], "max_height_scale": 1.5, "max_cov_scale": 3.5}