{"run_id": 547, "bias_std_dev_scale": 0.119581, "bias_height_fraction": 0.02, "perturbation_size": 0.005, "optimizer": "FIRE", "found_minima": [[0.6234994049, 0.02803775853], [-0.05047569939228169, 0.4668219141697524], [-0.5582236294582626, 1.4417258445256813]], "found_saddles": [[0.2351215900264948, 0.3255005330074958], [-0.8161082596400333, 0.617865522878625]], "bias_count": 184, "energy_calls_at_each_min": [1, 4237, 23663], "force_calls_at_each_min": [1, 4237, 23663], "max_height_scale": 4.0, "max_cov_scale": 4.5}