{"run_id": 502, "bias_std_dev_scale": 0.119581, "bias_height_fraction": 0.02, "perturbation_size": 0.005, "optimizer": "FIRE", "found_minima": [[0.6234994049, 0.02803775853], [-0.05039923729050895, 0.4668046946882163], [-0.5582236230157336, 1.4417258552634136]], "found_saddles": [[0.21672811343615586, 0.3082556960719042], [-0.8615982620973562, 0.6038523691209352]], "bias_count": 466, "energy_calls_at_each_min": [1, 10178, 56667], "force_calls_at_each_min": [1, 10178, 56667], "max_height_scale": 1.5, "max_cov_scale": 4.5}