{"run_id": 507, "bias_std_dev_scale": 0.119581, "bias_height_fraction": 0.02, "perturbation_size": 0.005, "optimizer": "FIRE", "found_minima": [[0.6234994049, 0.02803775853], [-0.050012686135738504, 0.46669461401618834], [-0.5582236291533297, 1.4417258449874781]], "found_saddles": [[0.17967385951403086, 0.26817384500256886], [-0.8323943618436154, 0.6276280793841947]], "bias_count": 462, "energy_calls_at_each_min": [1, 10015, 57453], "force_calls_at_each_min": [1, 10015, 57453], "max_height_scale": 2.0, "max_cov_scale": 2.5}