{"run_id": 288, "bias_std_dev_scale": 0.119581, "bias_height_fraction": 0.02, "perturbation_size": 0.005, "optimizer": "FIRE", "found_minima": [[0.6234994049, 0.02803775853], [-0.05001088035711244, 0.4666941215991837], [-0.5582236193635697, 1.4417258566422166]], "found_saddles": [[0.16002778907611315, 0.25713834265571844], [-0.8195274048662202, 0.6327214044509565]], "bias_count": 371, "energy_calls_at_each_min": [1, 8009, 43410], "force_calls_at_each_min": [1, 8009, 43410], "max_height_scale": 3.5, "max_cov_scale": 1.0}