{"run_id": 712, "bias_std_dev_scale": 0.119581, "bias_height_fraction": 0.02, "perturbation_size": 0.005, "optimizer": "FIRE", "found_minima": [[0.6234994049, 0.02803775853], [-0.05001079605837017, 0.4666940980480083], [-0.5582236296926388, 1.441725849446278]], "found_saddles": [[0.2412953648028167, 0.33192513724113126], [-0.8266418160413916, 0.6094144875269698]], "bias_count": 209, "energy_calls_at_each_min": [1, 4915, 25693], "force_calls_at_each_min": [1, 4915, 25693], "max_height_scale": 4.5, "max_cov_scale": 1.5}