{"run_id": 153, "bias_std_dev_scale": 0.119581, "bias_height_fraction": 0.02, "perturbation_size": 0.005, "optimizer": "FIRE", "found_minima": [[0.6234994049, 0.02803775853], [-0.05001089745094958, 0.46669411912112496], [-0.5582236334034526, 1.4417258404174058]], "found_saddles": [[0.13211904955470283, 0.1297095558088775], [-0.8311692100719796, 0.588243986307362]], "bias_count": 241, "energy_calls_at_each_min": [1, 6543, 28121], "force_calls_at_each_min": [1, 6543, 28121], "max_height_scale": 5.0, "max_cov_scale": 1.0}