{"run_id": 667, "bias_std_dev_scale": 0.119581, "bias_height_fraction": 0.02, "perturbation_size": 0.005, "optimizer": "FIRE", "found_minima": [[0.6234994049, 0.02803775853], [-0.05001086226766475, 0.4666941106651106], [-0.5582236290651471, 1.44172584500925]], "found_saddles": [[0.24211769526991517, 0.31978221906904997], [-0.8453404563068089, 0.5871756773355267]], "bias_count": 615, "energy_calls_at_each_min": [1, 11294, 76091], "force_calls_at_each_min": [1, 11294, 76091], "max_height_scale": 2.0, "max_cov_scale": 1.5}