{"run_id": 511, "bias_std_dev_scale": 0.119581, "bias_height_fraction": 0.02, "perturbation_size": 0.005, "optimizer": "FIRE", "found_minima": [[0.6234994049, 0.02803775853], [-0.050306496968480524, 0.46676358614464747], [-0.5582236532275051, 1.4417258225926273]], "found_saddles": [[0.21623461328844237, 0.27861736413870314], [-0.8102572132900593, 0.6146764389102871]], "bias_count": 339, "energy_calls_at_each_min": [1, 8305, 40149], "force_calls_at_each_min": [1, 8305, 40149], "max_height_scale": 2.0, "max_cov_scale": 4.5}