{"run_id": 406, "bias_std_dev_scale": 0.119581, "bias_height_fraction": 0.02, "perturbation_size": 0.005, "optimizer": "FIRE", "found_minima": [[0.6234994049, 0.02803775853], [-0.05001127619861705, 0.466694215054209], [-0.558223650021888, 1.441725827801343]], "found_saddles": [[0.20015436919465962, 0.29929718080968215], [-0.8602988328558976, 0.611810013497451]], "bias_count": 1164, "energy_calls_at_each_min": [1, 21980, 142982], "force_calls_at_each_min": [1, 21980, 142982], "max_height_scale": 1.0, "max_cov_scale": 1.5}