{"run_id": 258, "bias_std_dev_scale": 0.119581, "bias_height_fraction": 0.02, "perturbation_size": 0.005, "optimizer": "FIRE", "found_minima": [[0.6234994049, 0.02803775853], [-0.05001224639179709, 0.46669447039141265], [-0.5582236420718936, 1.4417258376484987]], "found_saddles": [[0.20879345185308723, 0.29806364302467264], [-0.8161182007141935, 0.6350625986825789]], "bias_count": 471, "energy_calls_at_each_min": [1, 9062, 57586], "force_calls_at_each_min": [1, 9062, 57586], "max_height_scale": 1.5, "max_cov_scale": 4.0}