{"run_id": 783, "bias_std_dev_scale": 0.119581, "bias_height_fraction": 0.02, "perturbation_size": 0.005, "optimizer": "FIRE", "found_minima": [[0.6234994049, 0.02803775853], [-0.05001078731323634, 0.4666940966960863], [-0.5582236245346351, 1.4417258521258327]], "found_saddles": [[0.1752758300115254, 0.27531891078835596], [-0.8205269454701855, 0.6233086329641596]], "bias_count": 393, "energy_calls_at_each_min": [1, 5768, 46039], "force_calls_at_each_min": [1, 5768, 46039], "max_height_scale": 4.0, "max_cov_scale": 1.0}