{"run_id": 347, "bias_std_dev_scale": 0.119581, "bias_height_fraction": 0.02, "perturbation_size": 0.005, "optimizer": "FIRE", "found_minima": [[0.6234994049, 0.02803775853], [-0.05016551614090657, 0.46673900619932884], [-0.558223628407145, 1.4417258453299395]], "found_saddles": [[0.20328918177196456, 0.2821665033991623], [-0.8039270172203934, 0.6135804686116081]], "bias_count": 379, "energy_calls_at_each_min": [1, 8155, 46296], "force_calls_at_each_min": [1, 8155, 46296], "max_height_scale": 2.0, "max_cov_scale": 3.5}