{"run_id": 696, "bias_std_dev_scale": 0.119581, "bias_height_fraction": 0.02, "perturbation_size": 0.005, "optimizer": "FIRE", "found_minima": [[0.6234994049, 0.02803775853], [-0.050017889327828746, 0.46669599666627787], [-0.5582236396464737, 1.4417258386867897]], "found_saddles": [[0.20583990515993625, 0.28624666634500845], [-0.8298425806394247, 0.6301550648315789]], "bias_count": 254, "energy_calls_at_each_min": [1, 5528, 30290], "force_calls_at_each_min": [1, 5528, 30290], "max_height_scale": 3.5, "max_cov_scale": 2.5}