{"run_id": 331, "bias_std_dev_scale": 0.119581, "bias_height_fraction": 0.02, "perturbation_size": 0.005, "optimizer": "FIRE", "found_minima": [[0.6234994049, 0.02803775853], [-0.050217307991580216, 0.4667610114361621], [-0.5582236551383734, 1.441725821160868]], "found_saddles": [[0.2398016257506206, 0.2946867362327284], [-0.8190093813762496, 0.6242797421301608]], "bias_count": 649, "energy_calls_at_each_min": [1, 11560, 78141], "force_calls_at_each_min": [1, 11560, 78141], "max_height_scale": 1.0, "max_cov_scale": 4.5}