{"run_id": 423, "bias_std_dev_scale": 0.119581, "bias_height_fraction": 0.02, "perturbation_size": 0.005, "optimizer": "FIRE", "found_minima": [[0.6234994049, 0.02803775853], [-0.050010828137384965, 0.46669409978694215], [-0.5582236199987116, 1.4417258574276892]], "found_saddles": [[0.2026033214768777, 0.2890763813352852], [-0.8409128923095853, 0.6126902158155046]], "bias_count": 710, "energy_calls_at_each_min": [1, 15918, 88587], "force_calls_at_each_min": [1, 15918, 88587], "max_height_scale": 2.0, "max_cov_scale": 1.0}