{"run_id": 202, "bias_std_dev_scale": 0.119581, "bias_height_fraction": 0.02, "perturbation_size": 0.005, "optimizer": "FIRE", "found_minima": [[0.6234994049, 0.02803775853], [-0.05005211828121301, 0.4667051894497549], [-0.558223626662541, 1.44172584946339]], "found_saddles": [[0.22636456201430283, 0.3108206919185461], [-0.7328642378205363, 0.6498529914524229]], "bias_count": 312, "energy_calls_at_each_min": [1, 6692, 38933], "force_calls_at_each_min": [1, 6692, 38933], "max_height_scale": 3.0, "max_cov_scale": 3.0}