{"run_id": 311, "bias_std_dev_scale": 0.119581, "bias_height_fraction": 0.02, "perturbation_size": 0.005, "optimizer": "FIRE", "found_minima": [[0.6234994049, 0.02803775853], [-0.0500180203536799, 0.46669566494836345], [-0.5582236533178391, 1.441725823631623]], "found_saddles": [[0.17698285464399283, 0.2935265426782625], [-0.80647097104378, 0.6167866494832162]], "bias_count": 169, "energy_calls_at_each_min": [1, 4677, 19863], "force_calls_at_each_min": [1, 4677, 19863], "max_height_scale": 4.5, "max_cov_scale": 3.5}