{"run_id": 154, "bias_std_dev_scale": 0.119581, "bias_height_fraction": 0.02, "perturbation_size": 0.005, "optimizer": "FIRE", "found_minima": [[0.6234994049, 0.02803775853], [-0.050010819975167424, 0.46669410385688415], [-0.5582236389213703, 1.441725834297881]], "found_saddles": [[0.2007799725788112, 0.28718825405166204], [-0.736348426356026, 0.6522525209140807]], "bias_count": 237, "energy_calls_at_each_min": [1, 5601, 27930], "force_calls_at_each_min": [1, 5601, 27930], "max_height_scale": 5.0, "max_cov_scale": 1.5}