{"run_id": 456, "bias_std_dev_scale": 0.119581, "bias_height_fraction": 0.02, "perturbation_size": 0.005, "optimizer": "FIRE", "found_minima": [[0.6234994049, 0.02803775853], [-0.05020842005517075, 0.4667480410551335], [-0.5582236279110431, 1.4417258460285471]], "found_saddles": [[0.22803088782911077, 0.29712089282579657], [-0.8028699369168866, 0.6287532423446882]], "bias_count": 220, "energy_calls_at_each_min": [1, 3958, 27356], "force_calls_at_each_min": [1, 3958, 27356], "max_height_scale": 3.5, "max_cov_scale": 4.0}