{"run_id": 429, "bias_std_dev_scale": 0.119581, "bias_height_fraction": 0.02, "perturbation_size": 0.005, "optimizer": "FIRE", "found_minima": [[0.6234994049, 0.02803775853], [-0.05016924080048137, 0.4667328762502727], [-0.5582236526014012, 1.4417258237818416]], "found_saddles": [[0.1957426943176064, 0.30653624320119177], [-0.8258079166847452, 0.6134871753843322]], "bias_count": 361, "energy_calls_at_each_min": [1, 8468, 43897], "force_calls_at_each_min": [1, 8468, 43897], "max_height_scale": 2.0, "max_cov_scale": 4.0}