{"run_id": 303, "bias_std_dev_scale": 0.119581, "bias_height_fraction": 0.02, "perturbation_size": 0.005, "optimizer": "FIRE", "found_minima": [[0.6234994049, 0.02803775853], [-0.05001385148523073, 0.46669499261293235], [-0.5582236306235072, 1.4417258482810358]], "found_saddles": [[0.2207723353927807, 0.3078525986897046], [-0.8286355450676473, 0.6236936541373442]], "bias_count": 194, "energy_calls_at_each_min": [1, 3656, 23520], "force_calls_at_each_min": [1, 3656, 23520], "max_height_scale": 4.0, "max_cov_scale": 4.0}