{"run_id": 391, "bias_std_dev_scale": 0.119581, "bias_height_fraction": 0.02, "perturbation_size": 0.005, "optimizer": "FIRE", "found_minima": [[0.6234994049, 0.02803775853], [-0.05001782620358519, 0.46669641976458925], [-0.5582236246772778, 1.4417258535347952]], "found_saddles": [[0.925145864750055, -0.03686791771301495], [-0.8308687360156495, 0.6182764604061037]], "bias_count": 155, "energy_calls_at_each_min": [1, 5148, 18752], "force_calls_at_each_min": [1, 5148, 18752], "max_height_scale": 4.5, "max_cov_scale": 3.0}