{"run_id": 171, "bias_std_dev_scale": 0.119581, "bias_height_fraction": 0.02, "perturbation_size": 0.005, "optimizer": "FIRE", "found_minima": [[0.6234994049, 0.02803775853], [-0.050010877084171526, 0.46669410990401367], [-0.5582236289003503, 1.4417258450936776]], "found_saddles": [[0.20808497892166405, 0.2942045564000515], [-0.8332107080871666, 0.6358929816639194]], "bias_count": 869, "energy_calls_at_each_min": [1, 17627, 105829], "force_calls_at_each_min": [1, 17627, 105829], "max_height_scale": 1.5, "max_cov_scale": 1.0}