{"run_id": 133, "bias_std_dev_scale": 0.119581, "bias_height_fraction": 0.02, "perturbation_size": 0.005, "optimizer": "FIRE", "found_minima": [[0.6234994049, 0.02803775853], [-0.5582236522658229, 1.4417258246318931]], "found_saddles": [[-0.8725479026638577, 0.5891637096088994]], "bias_count": 5000, "energy_calls_at_each_min": [1, 27620], "force_calls_at_each_min": [1, 27620], "max_height_scale": 3.5, "max_cov_scale": 4.5}