{"run_id": 493, "bias_std_dev_scale": 0.119581, "bias_height_fraction": 0.02, "perturbation_size": 0.005, "optimizer": "FIRE", "found_minima": [[0.6234994049, 0.02803775853], [-0.05023588926792341, 0.4667599456969064], [-0.558223648936226, 1.4417258286829513]], "found_saddles": [[0.23027293999632875, 0.32925757128054595], [-0.8140932591570773, 0.6235298022221865]], "bias_count": 735, "energy_calls_at_each_min": [1, 16442, 86950], "force_calls_at_each_min": [1, 16442, 86950], "max_height_scale": 1.0, "max_cov_scale": 4.5}