{"run_id": 12, "bias_std_dev_scale": 0.119581, "bias_height_fraction": 0.02, "perturbation_size": 0.005, "optimizer": "FIRE", "found_minima": [[0.6234994049, 0.02803775853], [-0.05001119021592388, 0.46669418797644385], [-0.5582236520098599, 1.4417258248735774]], "found_saddles": [[0.2394690199560241, 0.3148555582453947], [-0.8314860135439047, 0.6314624786338682]], "bias_count": 511, "energy_calls_at_each_min": [1, 11530, 61499], "force_calls_at_each_min": [1, 11530, 61499], "max_height_scale": 1.5, "max_cov_scale": 2.5}