{"run_id": 273, "bias_std_dev_scale": 0.119581, "bias_height_fraction": 0.02, "perturbation_size": 0.005, "optimizer": "FIRE", "found_minima": [[0.6234994049, 0.02803775853], [-0.0500114358506812, 0.4666943109552385], [-0.5582236353971581, 1.4417258403615274]], "found_saddles": [[0.21865199404828073, 0.29690309457614555], [-0.8233425355160606, 0.6237013344637242]], "bias_count": 382, "energy_calls_at_each_min": [1, 7138, 45637], "force_calls_at_each_min": [1, 7138, 45637], "max_height_scale": 2.5, "max_cov_scale": 2.5}