{"run_id": 522, "bias_std_dev_scale": 0.119581, "bias_height_fraction": 0.02, "perturbation_size": 0.005, "optimizer": "FIRE", "found_minima": [[0.6234994049, 0.02803775853], [-0.05001078221171966, 0.46669409961017055], [-0.5582236155097267, 1.4417258616265827]], "found_saddles": [[0.24343254712455706, 0.3157928862308187], [-0.7865995192275135, 0.6316785344488139]], "bias_count": 494, "energy_calls_at_each_min": [1, 9001, 60023], "force_calls_at_each_min": [1, 9001, 60023], "max_height_scale": 3.0, "max_cov_scale": 1.0}