{"run_id": 218, "bias_std_dev_scale": 0.119581, "bias_height_fraction": 0.02, "perturbation_size": 0.005, "optimizer": "FIRE", "found_minima": [[0.6234994049, 0.02803775853], [-0.05005026826154412, 0.4667020931168634], [-0.5582236468495761, 1.4417258288936037]], "found_saddles": [[0.2231433599651632, 0.28464296712124615], [-0.8315849424078239, 0.6300458021985217]], "bias_count": 301, "energy_calls_at_each_min": [1, 5817, 35916], "force_calls_at_each_min": [1, 5817, 35916], "max_height_scale": 4.0, "max_cov_scale": 2.0}