{"run_id": 790, "bias_std_dev_scale": 0.119581, "bias_height_fraction": 0.02, "perturbation_size": 0.005, "optimizer": "FIRE", "found_minima": [[0.6234994049, 0.02803775853], [-0.05119775509564424, 0.4669713379095486], [-0.5582236443478891, 1.4417258343767345]], "found_saddles": [[0.19817513330257433, 0.30445904521870476], [-0.8323266992031478, 0.6143484189978465]], "bias_count": 172, "energy_calls_at_each_min": [1, 3137, 22222], "force_calls_at_each_min": [1, 3137, 22222], "max_height_scale": 4.0, "max_cov_scale": 4.5}