{"run_id": 699, "bias_std_dev_scale": 0.119581, "bias_height_fraction": 0.02, "perturbation_size": 0.005, "optimizer": "FIRE", "found_minima": [[0.6234994049, 0.02803775853], [-0.050660215323453044, 0.4668408417585847], [-0.5582236285436993, 1.4417258452611303]], "found_saddles": [[0.15615534282841265, 0.214129869580434], [-0.8332485513923514, 0.6372755204620751]], "bias_count": 230, "energy_calls_at_each_min": [1, 5496, 28993], "force_calls_at_each_min": [1, 5496, 28993], "max_height_scale": 3.5, "max_cov_scale": 4.0}