{"run_id": 589, "bias_std_dev_scale": 0.119581, "bias_height_fraction": 0.02, "perturbation_size": 0.005, "optimizer": "FIRE", "found_minima": [[0.6234994049, 0.02803775853], [-0.05004299078245088, 0.46670184734455217], [-0.5582236503131237, 1.4417258265121686]], "found_saddles": [[0.17904992228815927, 0.2932386592570453], [-0.8237035467961348, 0.6553799408645702]], "bias_count": 406, "energy_calls_at_each_min": [1, 9328, 48830], "force_calls_at_each_min": [1, 9328, 48830], "max_height_scale": 2.0, "max_cov_scale": 3.0}