{"run_id": 489, "bias_std_dev_scale": 0.119581, "bias_height_fraction": 0.02, "perturbation_size": 0.005, "optimizer": "FIRE", "found_minima": [[0.6234994049, 0.02803775853], [-0.050072870941637926, 0.4667083620368159], [-0.5582236567070007, 1.4417258193147244]], "found_saddles": [[0.16635483506306176, 0.24665986044884178], [-0.8456790691200756, 0.6334451293612372]], "bias_count": 833, "energy_calls_at_each_min": [1, 17925, 99268], "force_calls_at_each_min": [1, 17925, 99268], "max_height_scale": 1.0, "max_cov_scale": 2.5}