{"run_id": 280, "bias_std_dev_scale": 0.119581, "bias_height_fraction": 0.02, "perturbation_size": 0.005, "optimizer": "FIRE", "found_minima": [[0.6234994049, 0.02803775853], [-0.05001448359586604, 0.46669491936071994], [-0.5582236292228755, 1.4417258449579482]], "found_saddles": [[0.23091799101981852, 0.2973001553773336], [-0.8327263704215748, 0.5641116910273108]], "bias_count": 398, "energy_calls_at_each_min": [1, 9318, 48750], "force_calls_at_each_min": [1, 9318, 48750], "max_height_scale": 3.0, "max_cov_scale": 1.5}