{"run_id": 150, "bias_std_dev_scale": 0.119581, "bias_height_fraction": 0.02, "perturbation_size": 0.005, "optimizer": "FIRE", "found_minima": [[0.6234994049, 0.02803775853], [-0.050169782148399115, 0.4667489991580623], [-0.5582236485991271, 1.4417258282041783]], "found_saddles": [[0.20167684493503263, 0.26713447334366114], [-0.8101211862432811, 0.6180391552131108]], "bias_count": 177, "energy_calls_at_each_min": [1, 3862, 21650], "force_calls_at_each_min": [1, 3862, 21650], "max_height_scale": 4.5, "max_cov_scale": 4.0}