{"run_id": 31, "bias_std_dev_scale": 0.119581, "bias_height_fraction": 0.02, "perturbation_size": 0.005, "optimizer": "FIRE", "found_minima": [[0.6234994049, 0.02803775853], [-0.050083625206852424, 0.46671250839187783], [-0.5582236495661768, 1.4417258280227583]], "found_saddles": [[0.16451778790295932, 0.2554922764062106], [-0.825272015414223, 0.6145932893394332]], "bias_count": 310, "energy_calls_at_each_min": [1, 6495, 37946], "force_calls_at_each_min": [1, 6495, 37946], "max_height_scale": 2.5, "max_cov_scale": 3.0}