{"run_id": 342, "bias_std_dev_scale": 0.119581, "bias_height_fraction": 0.02, "perturbation_size": 0.005, "optimizer": "FIRE", "found_minima": [[0.6234994049, 0.02803775853], [-0.050010788592617046, 0.4666941013854064], [-0.558223635513176, 1.4417258427149426]], "found_saddles": [[0.2273599255393838, 0.32652347240462587], [-0.8235589644808932, 0.6158420375861231]], "bias_count": 692, "energy_calls_at_each_min": [1, 12885, 84225], "force_calls_at_each_min": [1, 12885, 84225], "max_height_scale": 2.0, "max_cov_scale": 1.0}