{"run_id": 568, "bias_std_dev_scale": 0.119581, "bias_height_fraction": 0.02, "perturbation_size": 0.005, "optimizer": "FIRE", "found_minima": [[0.6234994049, 0.02803775853], [-0.05001181268409232, 0.4666943118038023], [-0.5582236482122007, 1.4417258287070553]], "found_saddles": [[0.22744836003216937, 0.2937174993798527], [-0.8204039130294888, 0.6166198990497779]], "bias_count": 1065, "energy_calls_at_each_min": [1, 24554, 130008], "force_calls_at_each_min": [1, 24554, 130008], "max_height_scale": 1.0, "max_cov_scale": 1.5}