{"run_id": 495, "bias_std_dev_scale": 0.119581, "bias_height_fraction": 0.02, "perturbation_size": 0.005, "optimizer": "FIRE", "found_minima": [[0.6234994049, 0.02803775853], [-0.05001080712861624, 0.46669410232478564], [-0.5582236338728997, 1.4417258385611986]], "found_saddles": [[0.21092763243531443, 0.29542102702999934], [-0.8414408176489789, 0.6003455491689292]], "bias_count": 868, "energy_calls_at_each_min": [1, 17453, 105647], "force_calls_at_each_min": [1, 17453, 105647], "max_height_scale": 1.5, "max_cov_scale": 1.0}