{"run_id": 689, "bias_std_dev_scale": 0.119581, "bias_height_fraction": 0.02, "perturbation_size": 0.005, "optimizer": "FIRE", "found_minima": [[0.6234994049, 0.02803775853], [-0.05024783801188258, 0.46675599609952445], [-0.5582236405931469, 1.4417258360950171]], "found_saddles": [[0.21653690254608507, 0.30114053127769463], [-0.8207454226763075, 0.6349034197210024]], "bias_count": 290, "energy_calls_at_each_min": [1, 5993, 36032], "force_calls_at_each_min": [1, 5993, 36032], "max_height_scale": 3.0, "max_cov_scale": 3.5}