{"run_id": 101, "bias_std_dev_scale": 0.119581, "bias_height_fraction": 0.02, "perturbation_size": 0.005, "optimizer": "FIRE", "found_minima": [[0.6234994049, 0.02803775853], [-0.050010927879813066, 0.4666941353862152], [-0.5582236521942672, 1.4417258235061312]], "found_saddles": [[0.21783034540104101, 0.2998237907788498], [-0.815602236036836, 0.6503471746842692]], "bias_count": 448, "energy_calls_at_each_min": [1, 8979, 54772], "force_calls_at_each_min": [1, 8979, 54772], "max_height_scale": 2.0, "max_cov_scale": 2.0}