{"run_id": 284, "bias_std_dev_scale": 0.119581, "bias_height_fraction": 0.02, "perturbation_size": 0.005, "optimizer": "FIRE", "found_minima": [[0.6234994049, 0.02803775853], [-0.05074139914899331, 0.4668743249604008], [-0.5582236223953357, 1.441725853499053]], "found_saddles": [[0.22202999427117587, 0.27781012934010024], [-0.801275987371039, 0.6511613825814165]], "bias_count": 272, "energy_calls_at_each_min": [1, 6866, 33989], "force_calls_at_each_min": [1, 6866, 33989], "max_height_scale": 3.0, "max_cov_scale": 3.5}