{"run_id": 205, "bias_std_dev_scale": 0.119581, "bias_height_fraction": 0.02, "perturbation_size": 0.005, "optimizer": "FIRE", "found_minima": [[0.6234994049, 0.02803775853], [-0.05033722125539044, 0.46679636639837535], [-0.5582236456055496, 1.4417258313860006]], "found_saddles": [[0.23848640620616104, 0.3011773932895264], [-0.8388389330660674, 0.5882580730161227]], "bias_count": 211, "energy_calls_at_each_min": [1, 5475, 26887], "force_calls_at_each_min": [1, 5475, 26887], "max_height_scale": 3.0, "max_cov_scale": 4.5}