{"run_id": 71, "bias_std_dev_scale": 0.119581, "bias_height_fraction": 0.02, "perturbation_size": 0.005, "optimizer": "FIRE", "found_minima": [[0.6234994049, 0.02803775853], [-0.05077492197387404, 0.46700612684453857], [-0.5582236354664816, 1.4417258437869631]], "found_saddles": [[0.26657094633310213, 0.3152249502636788], [-0.8253251368214227, 0.6166538702635586]], "bias_count": 167, "energy_calls_at_each_min": [1, 3515, 20578], "force_calls_at_each_min": [1, 3515, 20578], "max_height_scale": 4.5, "max_cov_scale": 5.0}