{"run_id": 779, "bias_std_dev_scale": 0.119581, "bias_height_fraction": 0.02, "perturbation_size": 0.005, "optimizer": "FIRE", "found_minima": [[0.6234994049, 0.02803775853], [-0.05002720449975012, 0.4666980478572675], [-0.5582236161631766, 1.4417258594486444]], "found_saddles": [[0.21678726978718818, 0.2912020342722843], [-0.8217413427435402, 0.6172937296535002]], "bias_count": 214, "energy_calls_at_each_min": [1, 4700, 27116], "force_calls_at_each_min": [1, 4700, 27116], "max_height_scale": 3.5, "max_cov_scale": 3.5}