{"run_id": 405, "bias_std_dev_scale": 0.119581, "bias_height_fraction": 0.02, "perturbation_size": 0.005, "optimizer": "FIRE", "found_minima": [[0.6234994049, 0.02803775853], [-0.050010841534832935, 0.4666941075115693], [-0.558223644287149, 1.441725832494641]], "found_saddles": [[0.2060406634775622, 0.3026811510393941], [-0.8044519240655277, 0.6325086105544251]], "bias_count": 1368, "energy_calls_at_each_min": [1, 25882, 171195], "force_calls_at_each_min": [1, 25882, 171195], "max_height_scale": 1.0, "max_cov_scale": 1.0}