{"run_id": 807, "bias_std_dev_scale": 0.119581, "bias_height_fraction": 0.02, "perturbation_size": 0.005, "optimizer": "FIRE", "found_minima": [[0.6234994049, 0.02803775853], [-0.05093086013753064, 0.4668486167709563], [-0.5582236211182989, 1.441725853875063]], "found_saddles": [[0.4349446984032979, 0.27092867004163057], [-0.858242732586124, 0.6074607901691871]], "bias_count": 151, "energy_calls_at_each_min": [1, 4019, 18634], "force_calls_at_each_min": [1, 4019, 18634], "max_height_scale": 5.0, "max_cov_scale": 4.0}