{"run_id": 346, "bias_std_dev_scale": 0.119581, "bias_height_fraction": 0.02, "perturbation_size": 0.005, "optimizer": "FIRE", "found_minima": [[0.6234994049, 0.02803775853], [-0.05002221804278448, 0.4666962882103788], [-0.5582236281207961, 1.4417258454739983]], "found_saddles": [[0.21837382422313237, 0.29114055933787225], [-0.8187598479037368, 0.5963265490772572]], "bias_count": 442, "energy_calls_at_each_min": [1, 8071, 54025], "force_calls_at_each_min": [1, 8071, 54025], "max_height_scale": 2.0, "max_cov_scale": 3.0}