{"run_id": 680, "bias_std_dev_scale": 0.119581, "bias_height_fraction": 0.02, "perturbation_size": 0.005, "optimizer": "FIRE", "found_minima": [[0.6234994049, 0.02803775853], [-0.050988255757677715, 0.4669148514772967], [-0.5582236447877361, 1.4417258321253275]], "found_saddles": [[0.16938950122493207, 0.23653969248564494], [-0.8448411965635183, 0.5925083334804759]], "bias_count": 343, "energy_calls_at_each_min": [1, 8842, 43528], "force_calls_at_each_min": [1, 8842, 43528], "max_height_scale": 2.5, "max_cov_scale": 3.5}