{"run_id": 608, "bias_std_dev_scale": 0.119581, "bias_height_fraction": 0.02, "perturbation_size": 0.005, "optimizer": "FIRE", "found_minima": [[0.6234994049, 0.02803775853], [-0.050033547029583424, 0.4666995919450085], [-0.5582236150030372, 1.4417258604293786]], "found_saddles": [[0.2133352800703189, 0.30293053484208204], [-0.8324093647585938, 0.5697060792200327]], "bias_count": 288, "energy_calls_at_each_min": [1, 5670, 34790], "force_calls_at_each_min": [1, 5670, 34790], "max_height_scale": 3.0, "max_cov_scale": 3.5}