{"run_id": 72, "bias_std_dev_scale": 0.119581, "bias_height_fraction": 0.02, "perturbation_size": 0.005, "optimizer": "FIRE", "found_minima": [[0.6234994049, 0.02803775853], [-0.05001086803341686, 0.4666941092693282], [-0.5582236208856646, 1.4417258551324423]], "found_saddles": [[0.20622244150834446, 0.2978464408737991], [-0.21009769024789365, 0.15309206543185652]], "bias_count": 323, "energy_calls_at_each_min": [1, 6053, 37845], "force_calls_at_each_min": [1, 6053, 37845], "max_height_scale": 5.0, "max_cov_scale": 1.0}