{"run_id": 104, "bias_std_dev_scale": 0.119581, "bias_height_fraction": 0.02, "perturbation_size": 0.005, "optimizer": "FIRE", "found_minima": [[0.6234994049, 0.02803775853], [-0.050020308465858844, 0.4666969274226643], [-0.5582236492762717, 1.4417258275286224]], "found_saddles": [[0.16823705030516214, 0.26440127810141245], [-0.8515058264357112, 0.6125185342086092]], "bias_count": 378, "energy_calls_at_each_min": [1, 9071, 46096], "force_calls_at_each_min": [1, 9071, 46096], "max_height_scale": 2.0, "max_cov_scale": 3.5}