{"run_id": 66, "bias_std_dev_scale": 0.119581, "bias_height_fraction": 0.02, "perturbation_size": 0.005, "optimizer": "FIRE", "found_minima": [[0.6234994049, 0.02803775853], [-0.05001626371581156, 0.4666951169122813], [-0.5582236234880171, 1.4417258525658998]], "found_saddles": [[0.2305380808482808, 0.29579998283683234], [-0.8367323561283135, 0.6177505709242359]], "bias_count": 191, "energy_calls_at_each_min": [1, 3915, 23173], "force_calls_at_each_min": [1, 3915, 23173], "max_height_scale": 4.5, "max_cov_scale": 2.5}