{"run_id": 212, "bias_std_dev_scale": 0.119581, "bias_height_fraction": 0.02, "perturbation_size": 0.005, "optimizer": "FIRE", "found_minima": [[0.6234994049, 0.02803775853], [-0.05002659589378991, 0.46669813083435246], [-0.5582236487156074, 1.4417258280901544]], "found_saddles": [[0.19147192829949625, 0.29300758611094013], [-0.8421980226983257, 0.5994575053751591]], "bias_count": 240, "energy_calls_at_each_min": [1, 5872, 30024], "force_calls_at_each_min": [1, 5872, 30024], "max_height_scale": 3.5, "max_cov_scale": 3.5}