{"run_id": 116, "bias_std_dev_scale": 0.119581, "bias_height_fraction": 0.02, "perturbation_size": 0.005, "optimizer": "FIRE", "found_minima": [[0.6234994049, 0.02803775853], [-0.05035033560566016, 0.4667901631772319], [-0.5582236369574995, 1.4417258439909941]], "found_saddles": [[0.20098735145049684, 0.2617480994189507], [-0.8708313325913694, 0.5862280305515429]], "bias_count": 313, "energy_calls_at_each_min": [1, 5499, 37617], "force_calls_at_each_min": [1, 5499, 37617], "max_height_scale": 2.5, "max_cov_scale": 5.0}