{"run_id": 549, "bias_std_dev_scale": 0.119581, "bias_height_fraction": 0.02, "perturbation_size": 0.005, "optimizer": "FIRE", "found_minima": [[0.6234994049, 0.02803775853], [-0.05001085195185316, 0.4666941124784359], [-0.5582236421270292, 1.4417258371556632]], "found_saddles": [[0.1554759259904933, 0.24703165071751224], [-0.7473150047638161, 0.6657926022757293]], "bias_count": 369, "energy_calls_at_each_min": [1, 5720, 43450], "force_calls_at_each_min": [1, 5720, 43450], "max_height_scale": 4.5, "max_cov_scale": 1.0}