{"run_id": 354, "bias_std_dev_scale": 0.119581, "bias_height_fraction": 0.02, "perturbation_size": 0.005, "optimizer": "FIRE", "found_minima": [[0.6234994049, 0.02803775853], [-0.050032789035314426, 0.4666991069755923], [-0.5582236551314234, 1.441725821934802]], "found_saddles": [[0.23418895982373297, 0.3060342376027592], [-0.8256798928528633, 0.6357392558435122]], "bias_count": 334, "energy_calls_at_each_min": [1, 8331, 39588], "force_calls_at_each_min": [1, 8331, 39588], "max_height_scale": 2.5, "max_cov_scale": 2.5}