{"run_id": 586, "bias_std_dev_scale": 0.119581, "bias_height_fraction": 0.02, "perturbation_size": 0.005, "optimizer": "FIRE", "found_minima": [[0.6234994049, 0.02803775853], [-0.05001258608690304, 0.46669448039040684], [-0.5582236175366599, 1.4417258584567134]], "found_saddles": [[0.2702472619989632, 0.33311729268430557], [-0.8385777410701921, 0.6196877131548999]], "bias_count": 531, "energy_calls_at_each_min": [1, 12789, 64233], "force_calls_at_each_min": [1, 12789, 64233], "max_height_scale": 2.0, "max_cov_scale": 1.5}