{"run_id": 139, "bias_std_dev_scale": 0.119581, "bias_height_fraction": 0.02, "perturbation_size": 0.005, "optimizer": "FIRE", "found_minima": [[0.6234994049, 0.02803775853], [-0.050011985449449556, 0.4666945390186026], [-0.5582236155893436, 1.4417258596888884]], "found_saddles": [[0.21057098155509726, 0.29604361659302114], [-0.7990049441986391, 0.6577989838768806]], "bias_count": 207, "energy_calls_at_each_min": [1, 4045, 24243], "force_calls_at_each_min": [1, 4045, 24243], "max_height_scale": 4.0, "max_cov_scale": 3.0}