{"run_id": 625, "bias_std_dev_scale": 0.119581, "bias_height_fraction": 0.02, "perturbation_size": 0.005, "optimizer": "FIRE", "found_minima": [[0.6234994049, 0.02803775853], [-0.05006991414135553, 0.466707210506766], [-0.5582236564398453, 1.4417258195944145]], "found_saddles": [[0.12877781405916702, 0.116220119509756], [-0.832288614318486, 0.5770035451773157]], "bias_count": 236, "energy_calls_at_each_min": [1, 4734, 28118], "force_calls_at_each_min": [1, 4734, 28118], "max_height_scale": 4.0, "max_cov_scale": 3.0}