{"run_id": 517, "bias_std_dev_scale": 0.119581, "bias_height_fraction": 0.02, "perturbation_size": 0.005, "optimizer": "FIRE", "found_minima": [[0.6234994049, 0.02803775853], [-0.05002857712549793, 0.4666992494637108], [-0.558223631364303, 1.441725847888187]], "found_saddles": [[0.1779503161158406, 0.2812412414037462], [-0.8186296427167681, 0.6261824630834065]], "bias_count": 321, "energy_calls_at_each_min": [1, 8568, 39152], "force_calls_at_each_min": [1, 8568, 39152], "max_height_scale": 2.5, "max_cov_scale": 3.0}