{"run_id": 553, "bias_std_dev_scale": 0.119581, "bias_height_fraction": 0.02, "perturbation_size": 0.005, "optimizer": "FIRE", "found_minima": [[0.6234994049, 0.02803775853], [-0.05001144389521788, 0.4666942262262984], [-0.5582236267780835, 1.441725846307191]], "found_saddles": [[0.2217125640911698, 0.2852747717502612], [-0.8344507062441456, 0.5886222825940235]], "bias_count": 216, "energy_calls_at_each_min": [1, 4174, 26122], "force_calls_at_each_min": [1, 4174, 26122], "max_height_scale": 4.5, "max_cov_scale": 3.0}