{"run_id": 294, "bias_std_dev_scale": 0.119581, "bias_height_fraction": 0.02, "perturbation_size": 0.005, "optimizer": "FIRE", "found_minima": [[0.6234994049, 0.02803775853], [-0.0501529356924655, 0.46674396078674185], [-0.5582236446957659, 1.4417258322071997]], "found_saddles": [[0.22373083817875, 0.2925995425213728], [-0.8227297790362968, 0.6036870124953756]], "bias_count": 192, "energy_calls_at_each_min": [1, 3804, 23205], "force_calls_at_each_min": [1, 3804, 23205], "max_height_scale": 3.5, "max_cov_scale": 4.0}