{"run_id": 775, "bias_std_dev_scale": 0.119581, "bias_height_fraction": 0.02, "perturbation_size": 0.005, "optimizer": "FIRE", "found_minima": [[0.6234994049, 0.02803775853], [-0.05001492663012783, 0.4666950081784768], [-0.5582236455641344, 1.441725831345401]], "found_saddles": [[0.2557652452984259, 0.28854524163033135], [-0.82510878433703, 0.6139690052351713]], "bias_count": 323, "energy_calls_at_each_min": [1, 7535, 38483], "force_calls_at_each_min": [1, 7535, 38483], "max_height_scale": 3.5, "max_cov_scale": 1.5}