{"run_id": 359, "bias_std_dev_scale": 0.119581, "bias_height_fraction": 0.02, "perturbation_size": 0.005, "optimizer": "FIRE", "found_minima": [[0.6234994049, 0.02803775853], [-0.05070798611651218, 0.4668449540511706], [-0.558223627391875, 1.4417258466359792]], "found_saddles": [[0.2012271172265702, 0.31450908485886037], [-0.8214431770578875, 0.6119493001141787]], "bias_count": 255, "energy_calls_at_each_min": [1, 6138, 31005], "force_calls_at_each_min": [1, 6138, 31005], "max_height_scale": 2.5, "max_cov_scale": 5.0}