{"run_id": 253, "bias_std_dev_scale": 0.119581, "bias_height_fraction": 0.02, "perturbation_size": 0.005, "optimizer": "FIRE", "found_minima": [[0.6234994049, 0.02803775853], [-0.05001087732167597, 0.466694116765861], [-0.5582236474939671, 1.4417258293105113]], "found_saddles": [[0.1714449809360863, 0.25664154254563026], [-0.8188812667446844, 0.6126806844355019]], "bias_count": 742, "energy_calls_at_each_min": [1, 15863, 89916], "force_calls_at_each_min": [1, 15863, 89916], "max_height_scale": 1.5, "max_cov_scale": 1.5}