{"run_id": 523, "bias_std_dev_scale": 0.119581, "bias_height_fraction": 0.02, "perturbation_size": 0.005, "optimizer": "FIRE", "found_minima": [[0.6234994049, 0.02803775853], [-0.05001086353707187, 0.4666941167874901], [-0.5582236193190252, 1.4417258581176864]], "found_saddles": [[0.2305041251712332, 0.2890517065469994], [-0.826370299114884, 0.6203595739321243]], "bias_count": 378, "energy_calls_at_each_min": [1, 8344, 45361], "force_calls_at_each_min": [1, 8344, 45361], "max_height_scale": 3.0, "max_cov_scale": 1.5}