{"run_id": 426, "bias_std_dev_scale": 0.119581, "bias_height_fraction": 0.02, "perturbation_size": 0.005, "optimizer": "FIRE", "found_minima": [[0.6234994049, 0.02803775853], [-0.05001324500873408, 0.4666947188884896], [-0.5582236213771925, 1.4417258546304925]], "found_saddles": [[0.1644757912327513, 0.26906741469936085], [-0.8340741753878104, 0.6165259909224304]], "bias_count": 468, "energy_calls_at_each_min": [1, 8924, 57132], "force_calls_at_each_min": [1, 8924, 57132], "max_height_scale": 2.0, "max_cov_scale": 2.5}