{"run_id": 750, "bias_std_dev_scale": 0.119581, "bias_height_fraction": 0.02, "perturbation_size": 0.005, "optimizer": "FIRE", "found_minima": [[0.6234994049, 0.02803775853], [-0.05001114066963842, 0.466694183729859], [-0.5582236486962655, 1.4417258281103964]], "found_saddles": [[0.20856860333171232, 0.26728048530971593], [-0.8257876845817731, 0.6072411721575701]], "bias_count": 385, "energy_calls_at_each_min": [1, 8960, 47517], "force_calls_at_each_min": [1, 8960, 47517], "max_height_scale": 2.0, "max_cov_scale": 2.5}