{"run_id": 337, "bias_std_dev_scale": 0.119581, "bias_height_fraction": 0.02, "perturbation_size": 0.005, "optimizer": "FIRE", "found_minima": [[0.6234994049, 0.02803775853], [-0.0500315133548306, 0.466698709192107], [-0.5582236452050994, 1.4417258317130999]], "found_saddles": [[0.2703315492095749, 0.31629529320738703], [-0.8273382396104819, 0.6031929650089876]], "bias_count": 581, "energy_calls_at_each_min": [1, 12535, 70986], "force_calls_at_each_min": [1, 12535, 70986], "max_height_scale": 1.5, "max_cov_scale": 3.0}