{"run_id": 508, "bias_std_dev_scale": 0.119581, "bias_height_fraction": 0.02, "perturbation_size": 0.005, "optimizer": "FIRE", "found_minima": [[0.6234994049, 0.02803775853], [-0.05003182101917254, 0.4667002022848255], [-0.5582236458110623, 1.4417258310855965]], "found_saddles": [[0.2242754851734512, 0.29280088466509824], [-0.8008951526954234, 0.6131425941630364]], "bias_count": 405, "energy_calls_at_each_min": [1, 8476, 49497], "force_calls_at_each_min": [1, 8476, 49497], "max_height_scale": 2.0, "max_cov_scale": 3.0}