{"run_id": 690, "bias_std_dev_scale": 0.119581, "bias_height_fraction": 0.02, "perturbation_size": 0.005, "optimizer": "FIRE", "found_minima": [[0.6234994049, 0.02803775853], [-0.05030597390021952, 0.4667704501650972], [-0.5582236318220734, 1.4417258402160622]], "found_saddles": [[0.20764662186483296, 0.28997724373708994], [-0.8087325282886223, 0.6413972659753959]], "bias_count": 266, "energy_calls_at_each_min": [1, 5947, 33195], "force_calls_at_each_min": [1, 5947, 33195], "max_height_scale": 3.0, "max_cov_scale": 4.0}