{"run_id": 730, "bias_std_dev_scale": 0.119581, "bias_height_fraction": 0.02, "perturbation_size": 0.005, "optimizer": "FIRE", "found_minima": [[0.6234994049, 0.02803775853], [-0.05001092035923796, 0.46669412542374444], [-0.5582236520641519, 1.4417258248653986]], "found_saddles": [[0.21764137134000774, 0.29072108314205375], [-0.8404776611128427, 0.5842968957111049]], "bias_count": 1103, "energy_calls_at_each_min": [1, 20639, 136494], "force_calls_at_each_min": [1, 20639, 136494], "max_height_scale": 1.0, "max_cov_scale": 1.5}