{"run_id": 497, "bias_std_dev_scale": 0.119581, "bias_height_fraction": 0.02, "perturbation_size": 0.005, "optimizer": "FIRE", "found_minima": [[0.6234994049, 0.02803775853], [-0.05001115176490014, 0.46669417418674203], [-0.5582236293769236, 1.441725842870082]], "found_saddles": [[0.21146175651161497, 0.29145604041634515], [-0.8157189460535507, 0.6301610144942895]], "bias_count": 663, "energy_calls_at_each_min": [1, 13474, 82280], "force_calls_at_each_min": [1, 13474, 82280], "max_height_scale": 1.5, "max_cov_scale": 2.0}