{"run_id": 409, "bias_std_dev_scale": 0.119581, "bias_height_fraction": 0.02, "perturbation_size": 0.005, "optimizer": "FIRE", "found_minima": [[0.6234994049, 0.02803775853], [-0.050024349279366366, 0.46669723072277], [-0.5582236575503015, 1.4417258188193374]], "found_saddles": [[0.17857898080695064, 0.24429180713974566], [-0.8240108886772495, 0.6174678348755416]], "bias_count": 718, "energy_calls_at_each_min": [1, 17538, 88399], "force_calls_at_each_min": [1, 17538, 88399], "max_height_scale": 1.0, "max_cov_scale": 3.0}