{"run_id": 735, "bias_std_dev_scale": 0.119581, "bias_height_fraction": 0.02, "perturbation_size": 0.005, "optimizer": "FIRE", "found_minima": [[0.6234994049, 0.02803775853], [-0.05021024022333274, 0.46674339979263885], [-0.5582236290640923, 1.4417258450269297]], "found_saddles": [[0.1670108226648002, 0.26842136942219424], [-0.8395183619557395, 0.602272591634814]], "bias_count": 765, "energy_calls_at_each_min": [1, 16156, 90615], "force_calls_at_each_min": [1, 16156, 90615], "max_height_scale": 1.0, "max_cov_scale": 4.0}