{"run_id": 100, "bias_std_dev_scale": 0.119581, "bias_height_fraction": 0.02, "perturbation_size": 0.005, "optimizer": "FIRE", "found_minima": [[0.6234994049, 0.02803775853], [-0.050011472144777504, 0.466694256473982], [-0.5582236333075213, 1.441725839083979]], "found_saddles": [[0.20610778229215895, 0.30272657480371296], [-0.846766984779624, 0.6159974833319285]], "bias_count": 592, "energy_calls_at_each_min": [1, 11053, 70398], "force_calls_at_each_min": [1, 11053, 70398], "max_height_scale": 2.0, "max_cov_scale": 1.5}