{"run_id": 415, "bias_std_dev_scale": 0.119581, "bias_height_fraction": 0.02, "perturbation_size": 0.005, "optimizer": "FIRE", "found_minima": [[0.6234994049, 0.02803775853], [-0.050010872491059385, 0.4666941114521397], [-0.5582236177446376, 1.441725858120571]], "found_saddles": [[0.20805677925169194, 0.2908169875055272], [-0.812192036883278, 0.6308372616594129]], "bias_count": 753, "energy_calls_at_each_min": [1, 14511, 88571], "force_calls_at_each_min": [1, 14511, 88571], "max_height_scale": 1.5, "max_cov_scale": 1.5}