{"run_id": 278, "bias_std_dev_scale": 0.119581, "bias_height_fraction": 0.02, "perturbation_size": 0.005, "optimizer": "FIRE", "found_minima": [[0.6234994049, 0.02803775853], [-0.05089581026934946, 0.46691172739340725], [-0.5582236532800144, 1.4417258225257121]], "found_saddles": [[0.14925155498875162, 0.16515105967987587], [-0.8122902813639848, 0.6008562031627401]], "bias_count": 273, "energy_calls_at_each_min": [1, 6299, 33634], "force_calls_at_each_min": [1, 6299, 33634], "max_height_scale": 2.5, "max_cov_scale": 5.0}