{"run_id": 686, "bias_std_dev_scale": 0.119581, "bias_height_fraction": 0.02, "perturbation_size": 0.005, "optimizer": "FIRE", "found_minima": [[0.6234994049, 0.02803775853], [-0.05001124977282923, 0.4666942002128064], [-0.5582236517524515, 1.4417258244171298]], "found_saddles": [[0.16150673636846405, 0.29403719804067296], [-0.8387036739945258, 0.5726830387465103]], "bias_count": 374, "energy_calls_at_each_min": [1, 6915, 44649], "force_calls_at_each_min": [1, 6915, 44649], "max_height_scale": 3.0, "max_cov_scale": 2.0}