{"run_id": 199, "bias_std_dev_scale": 0.119581, "bias_height_fraction": 0.02, "perturbation_size": 0.005, "optimizer": "FIRE", "found_minima": [[0.6234994049, 0.02803775853], [-0.050010780548910984, 0.46669409646117155], [-0.5582236132609704, 1.4417258627022802]], "found_saddles": [[0.2135570362143905, 0.286939467790119], [-0.8249524905636658, 0.6095221246527274]], "bias_count": 314, "energy_calls_at_each_min": [1, 7315, 37654], "force_calls_at_each_min": [1, 7315, 37654], "max_height_scale": 3.0, "max_cov_scale": 1.5}