{"run_id": 535, "bias_std_dev_scale": 0.119581, "bias_height_fraction": 0.02, "perturbation_size": 0.005, "optimizer": "FIRE", "found_minima": [[0.6234994049, 0.02803775853], [-0.050029123672496095, 0.4666987566269369], [-0.558223620541991, 1.441725857653592]], "found_saddles": [[0.21483403824602681, 0.3129607525518649], [-0.8660380704163166, 0.6062418435626827]], "bias_count": 238, "energy_calls_at_each_min": [1, 5291, 28772], "force_calls_at_each_min": [1, 5291, 28772], "max_height_scale": 3.5, "max_cov_scale": 3.0}