{"run_id": 792, "bias_std_dev_scale": 0.119581, "bias_height_fraction": 0.02, "perturbation_size": 0.005, "optimizer": "FIRE", "found_minima": [[0.6234994049, 0.02803775853], [-0.05001078329725349, 0.46669409463913153], [-0.558223649238349, 1.4417258265595385]], "found_saddles": [[0.19832450841394328, 0.2796587549739958], [-0.15610487705047618, 0.1050593177449415]], "bias_count": 366, "energy_calls_at_each_min": [1, 6259, 42423], "force_calls_at_each_min": [1, 6259, 42423], "max_height_scale": 4.5, "max_cov_scale": 1.0}