{"run_id": 97, "bias_std_dev_scale": 0.119581, "bias_height_fraction": 0.02, "perturbation_size": 0.005, "optimizer": "FIRE", "found_minima": [[0.6234994049, 0.02803775853], [-0.05054751006128026, 0.4668252347492347], [-0.5582236441748132, 1.4417258343304806]], "found_saddles": [[0.21434979300427198, 0.2819189231185065], [-0.8310837783882067, 0.6128413874644411]], "bias_count": 484, "energy_calls_at_each_min": [1, 7818, 60497], "force_calls_at_each_min": [1, 7818, 60497], "max_height_scale": 1.5, "max_cov_scale": 4.5}