{"run_id": 404, "bias_std_dev_scale": 0.119581, "bias_height_fraction": 0.02, "perturbation_size": 0.005, "optimizer": "FIRE", "found_minima": [[0.6234994049, 0.02803775853], [-0.050129785818749946, 0.46672650514272923], [-0.5582236541921252, 1.44172582330811]], "found_saddles": [[0.21838064472573812, 0.2873011181731133], [-0.8589179821311721, 0.513122189184464]], "bias_count": 166, "energy_calls_at_each_min": [1, 3230, 20636], "force_calls_at_each_min": [1, 3230, 20636], "max_height_scale": 5.0, "max_cov_scale": 5.0}