{"run_id": 281, "bias_std_dev_scale": 0.119581, "bias_height_fraction": 0.02, "perturbation_size": 0.005, "optimizer": "FIRE", "found_minima": [[0.6234994049, 0.02803775853], [-0.05001138447164359, 0.4666942267451874], [-0.558223628538636, 1.4417258452724278]], "found_saddles": [[0.24973227160715944, 0.33989566710456554], [-0.8225320534221806, 0.6161619046406961]], "bias_count": 354, "energy_calls_at_each_min": [1, 6370, 42748], "force_calls_at_each_min": [1, 6370, 42748], "max_height_scale": 3.0, "max_cov_scale": 2.0}