{"run_id": 7, "bias_std_dev_scale": 0.119581, "bias_height_fraction": 0.02, "perturbation_size": 0.005, "optimizer": "FIRE", "found_minima": [[0.6234994049, 0.02803775853], [-0.05035951731092975, 0.4668012488747998], [-0.5582236497212646, 1.4417258280888867]], "found_saddles": [[0.25342790029477946, 0.28661391111199785], [-0.8381266909243743, 0.6335066278372565]], "bias_count": 739, "energy_calls_at_each_min": [1, 13274, 87211], "force_calls_at_each_min": [1, 13274, 87211], "max_height_scale": 1.0, "max_cov_scale": 4.5}