{"run_id": 733, "bias_std_dev_scale": 0.119581, "bias_height_fraction": 0.02, "perturbation_size": 0.005, "optimizer": "FIRE", "found_minima": [[0.6234994049, 0.02803775853], [-0.05004395235957854, 0.4667037242009928], [-0.5582236270609043, 1.441725850871613]], "found_saddles": [[0.21641334949151844, 0.30829905425499055], [-0.8345183723111574, 0.615381323077582]], "bias_count": 852, "energy_calls_at_each_min": [1, 18595, 102876], "force_calls_at_each_min": [1, 18595, 102876], "max_height_scale": 1.0, "max_cov_scale": 3.0}