{"run_id": 530, "bias_std_dev_scale": 0.119581, "bias_height_fraction": 0.02, "perturbation_size": 0.005, "optimizer": "FIRE", "found_minima": [[0.6234994049, 0.02803775853], [-0.050061636769104266, 0.46670746223719234], [-0.5582236437678754, 1.4417258327481393]], "found_saddles": [[0.13949948491494296, 0.2898331969280422], [-0.876429701789635, 0.5983199958269062]], "bias_count": 257, "energy_calls_at_each_min": [1, 5710, 31885], "force_calls_at_each_min": [1, 5710, 31885], "max_height_scale": 3.0, "max_cov_scale": 5.0}