{"run_id": 651, "bias_std_dev_scale": 0.119581, "bias_height_fraction": 0.02, "perturbation_size": 0.005, "optimizer": "FIRE", "found_minima": [[0.6234994049, 0.02803775853], [-0.050038630442338056, 0.46670169180458504], [-0.5582236387347566, 1.4417258413496088]], "found_saddles": [[0.20359512842470773, 0.3165897330050137], [-0.8210671492019005, 0.6272083195517263]], "bias_count": 851, "energy_calls_at_each_min": [1, 17602, 103932], "force_calls_at_each_min": [1, 17602, 103932], "max_height_scale": 1.0, "max_cov_scale": 2.5}