{"run_id": 389, "bias_std_dev_scale": 0.119581, "bias_height_fraction": 0.02, "perturbation_size": 0.005, "optimizer": "FIRE", "found_minima": [[0.6234994049, 0.02803775853], [-0.05001087530019821, 0.4666941195800306], [-0.5582236192735074, 1.4417258565500217]], "found_saddles": [[0.23597323599324665, 0.29396596237029676], [-0.7940049779860944, 0.6332999326807546]], "bias_count": 176, "energy_calls_at_each_min": [1, 5139, 20914], "force_calls_at_each_min": [1, 5139, 20914], "max_height_scale": 4.5, "max_cov_scale": 2.0}