{"run_id": 802, "bias_std_dev_scale": 0.119581, "bias_height_fraction": 0.02, "perturbation_size": 0.005, "optimizer": "FIRE", "found_minima": [[0.6234994049, 0.02803775853], [-0.0500109192951776, 0.4666941188214797], [-0.55822361868614, 1.4417258589379127]], "found_saddles": [[0.24928574165760192, 0.28865999140949267], [-0.827728188102711, 0.6230487397977054]], "bias_count": 183, "energy_calls_at_each_min": [1, 4903, 21238], "force_calls_at_each_min": [1, 4903, 21238], "max_height_scale": 5.0, "max_cov_scale": 1.5}