{"run_id": 488, "bias_std_dev_scale": 0.119581, "bias_height_fraction": 0.02, "perturbation_size": 0.005, "optimizer": "FIRE", "found_minima": [[0.6234994049, 0.02803775853], [-0.05001133168722525, 0.4666942118729297], [-0.5582236370696313, 1.4417258439393592]], "found_saddles": [[0.19764970924241393, 0.2951092600882753], [-0.8565867557813875, 0.5821436376449909]], "bias_count": 964, "energy_calls_at_each_min": [1, 20526, 117056], "force_calls_at_each_min": [1, 20526, 117056], "max_height_scale": 1.0, "max_cov_scale": 2.0}