{"run_id": 677, "bias_std_dev_scale": 0.119581, "bias_height_fraction": 0.02, "perturbation_size": 0.005, "optimizer": "FIRE", "found_minima": [[0.6234994049, 0.02803775853], [-0.05001080627708771, 0.46669410832525493], [-0.558223624308638, 1.4417258510764166]], "found_saddles": [[0.2259680939627967, 0.32540045226646175], [-0.8219709001409997, 0.613914981664592]], "bias_count": 408, "energy_calls_at_each_min": [1, 7962, 49218], "force_calls_at_each_min": [1, 7962, 49218], "max_height_scale": 2.5, "max_cov_scale": 2.0}