{"run_id": 800, "bias_std_dev_scale": 0.119581, "bias_height_fraction": 0.02, "perturbation_size": 0.005, "optimizer": "FIRE", "found_minima": [[0.6234994049, 0.02803775853], [-0.05068329690202956, 0.4668805549496087], [-0.558223648594827, 1.441725827791939]], "found_saddles": [[0.26239019885242626, 0.35463979341306956], [-0.8418304750346384, 0.5475269402950103]], "bias_count": 168, "energy_calls_at_each_min": [1, 2938, 21366], "force_calls_at_each_min": [1, 2938, 21366], "max_height_scale": 4.5, "max_cov_scale": 5.0}