{"run_id": 731, "bias_std_dev_scale": 0.119581, "bias_height_fraction": 0.02, "perturbation_size": 0.005, "optimizer": "FIRE", "found_minima": [[0.6234994049, 0.02803775853], [-0.050018710338897175, 0.4666958622412381], [-0.558223649550436, 1.4417258270985729]], "found_saddles": [[0.19648612036977026, 0.29446095779915804], [-0.8163380580309056, 0.6180455595005033]], "bias_count": 980, "energy_calls_at_each_min": [1, 19520, 120921], "force_calls_at_each_min": [1, 19520, 120921], "max_height_scale": 1.0, "max_cov_scale": 2.0}