{"run_id": 319, "bias_std_dev_scale": 0.119581, "bias_height_fraction": 0.02, "perturbation_size": 0.005, "optimizer": "FIRE", "found_minima": [[0.6234994049, 0.02803775853], [-0.050011002637775845, 0.46669414559147], [-0.5582236354320211, 1.4417258403140463]], "found_saddles": [[0.2044357116366199, 0.29210890520003896], [-0.8319579870990378, 0.560607212766842]], "bias_count": 180, "energy_calls_at_each_min": [1, 3902, 22788], "force_calls_at_each_min": [1, 3902, 22788], "max_height_scale": 5.0, "max_cov_scale": 3.0}