{"run_id": 788, "bias_std_dev_scale": 0.119581, "bias_height_fraction": 0.02, "perturbation_size": 0.005, "optimizer": "FIRE", "found_minima": [[0.6234994049, 0.02803775853], [-0.05003197830491433, 0.46669922274781334], [-0.5582236546701529, 1.4417258219796247]], "found_saddles": [[0.2109091656145129, 0.30014571226986536], [-0.8251909469329964, 0.6098653670595678]], "bias_count": 205, "energy_calls_at_each_min": [1, 4323, 25189], "force_calls_at_each_min": [1, 4323, 25189], "max_height_scale": 4.0, "max_cov_scale": 3.5}