{"run_id": 358, "bias_std_dev_scale": 0.119581, "bias_height_fraction": 0.02, "perturbation_size": 0.005, "optimizer": "FIRE", "found_minima": [[0.6234994049, 0.02803775853], [-0.05011388973123667, 0.4667289564127809], [-0.5582236283660847, 1.4417258453571686]], "found_saddles": [[0.21822812020349197, 0.2929467170467208], [-0.7958316773046036, 0.4887244250435472]], "bias_count": 293, "energy_calls_at_each_min": [1, 5290, 36267], "force_calls_at_each_min": [1, 5290, 36267], "max_height_scale": 2.5, "max_cov_scale": 4.5}