{"run_id": 452, "bias_std_dev_scale": 0.119581, "bias_height_fraction": 0.02, "perturbation_size": 0.005, "optimizer": "FIRE", "found_minima": [[0.6234994049, 0.02803775853], [-0.05001441121078691, 0.46669484255232413], [-0.5582236520605671, 1.4417258248367815]], "found_saddles": [[0.21357782421453173, 0.2838860876452152], [-0.8185906780129938, 0.645492455609547]], "bias_count": 292, "energy_calls_at_each_min": [1, 5984, 34884], "force_calls_at_each_min": [1, 5984, 34884], "max_height_scale": 3.5, "max_cov_scale": 2.0}