{"run_id": 0, "bias_std_dev_scale": 0.119581, "bias_height_fraction": 0.02, "perturbation_size": 0.005, "optimizer": "FIRE", "found_minima": [[0.6234994049, 0.02803775853], [-0.050010860748232515, 0.4666941086449767], [-0.5582236449272082, 1.4417258307448535]], "found_saddles": [[0.21070856087913634, 0.2990684185732138], [-0.8197975772677434, 0.6148785653632383]], "bias_count": 1280, "energy_calls_at_each_min": [1, 24811, 161098], "force_calls_at_each_min": [1, 24811, 161098], "max_height_scale": 1.0, "max_cov_scale": 1.0}