{"run_id": 17, "bias_std_dev_scale": 0.119581, "bias_height_fraction": 0.02, "perturbation_size": 0.005, "optimizer": "FIRE", "found_minima": [[0.6234994049, 0.02803775853], [-0.050949537822452734, 0.46691295338794847], [-0.5582236509607752, 1.441725825677341]], "found_saddles": [[0.16771810937753084, 0.23986652838797706], [-0.8249896863614156, 0.6139705602517876]], "bias_count": 406, "energy_calls_at_each_min": [1, 10017, 47934], "force_calls_at_each_min": [1, 10017, 47934], "max_height_scale": 1.5, "max_cov_scale": 5.0}