{"run_id": 537, "bias_std_dev_scale": 0.119581, "bias_height_fraction": 0.02, "perturbation_size": 0.005, "optimizer": "FIRE", "found_minima": [[0.6234994049, 0.02803775853], [-0.050127336120291764, 0.4667234152433885], [-0.5582236248595409, 1.4417258529449812]], "found_saddles": [[0.15352104855381093, 0.2455117897598913], [-0.82949360543818, 0.6163027977930471]], "bias_count": 214, "energy_calls_at_each_min": [1, 4888, 26075], "force_calls_at_each_min": [1, 4888, 26075], "max_height_scale": 3.5, "max_cov_scale": 4.0}