{"run_id": 382, "bias_std_dev_scale": 0.119581, "bias_height_fraction": 0.02, "perturbation_size": 0.005, "optimizer": "FIRE", "found_minima": [[0.6234994049, 0.02803775853], [-0.05006105897982792, 0.46670774668881426], [-0.5582236321407203, 1.4417258394724328]], "found_saddles": [[0.16537478742274903, 0.26409483455927013], [-0.8425146452697949, 0.6263249773201963]], "bias_count": 213, "energy_calls_at_each_min": [1, 4528, 25709], "force_calls_at_each_min": [1, 4528, 25709], "max_height_scale": 4.0, "max_cov_scale": 3.0}