{"run_id": 362, "bias_std_dev_scale": 0.119581, "bias_height_fraction": 0.02, "perturbation_size": 0.005, "optimizer": "FIRE", "found_minima": [[0.6234994049, 0.02803775853], [-0.050030550244426965, 0.4666988609114935], [-0.5582236263491486, 1.4417258472848096]], "found_saddles": [[0.1992486248003204, 0.2783275149188313], [-0.8249875334052494, 0.5972405409242991]], "bias_count": 326, "energy_calls_at_each_min": [1, 8322, 39485], "force_calls_at_each_min": [1, 8322, 39485], "max_height_scale": 3.0, "max_cov_scale": 2.0}