{"run_id": 490, "bias_std_dev_scale": 0.119581, "bias_height_fraction": 0.02, "perturbation_size": 0.005, "optimizer": "FIRE", "found_minima": [[0.6234994049, 0.02803775853], [-0.050050206202658466, 0.46670448109615903], [-0.5582236223455206, 1.4417258554925414]], "found_saddles": [[0.22843566029500925, 0.2978771148671817], [-0.8436793363815086, 0.5792374386874283]], "bias_count": 811, "energy_calls_at_each_min": [1, 15405, 100023], "force_calls_at_each_min": [1, 15405, 100023], "max_height_scale": 1.0, "max_cov_scale": 3.0}