{"run_id": 197, "bias_std_dev_scale": 0.119581, "bias_height_fraction": 0.02, "perturbation_size": 0.005, "optimizer": "FIRE", "found_minima": [[0.6234994049, 0.02803775853], [-0.05059162795879019, 0.4668312741600472], [-0.5582236500480618, 1.4417258265939152]], "found_saddles": [[0.23629845683745812, 0.31068622499097354], [-0.8063895236260866, 0.6448251096731032]], "bias_count": 253, "energy_calls_at_each_min": [1, 5941, 31266], "force_calls_at_each_min": [1, 5941, 31266], "max_height_scale": 2.5, "max_cov_scale": 5.0}