{"run_id": 178, "bias_std_dev_scale": 0.119581, "bias_height_fraction": 0.02, "perturbation_size": 0.005, "optimizer": "FIRE", "found_minima": [[0.6234994049, 0.02803775853], [-0.05044099073019983, 0.46681393931544146], [-0.5582236545480382, 1.4417258213193522]], "found_saddles": [[0.23890202031486613, 0.28957575852429734], [-0.8328514708727603, 0.5888110400640303]], "bias_count": 487, "energy_calls_at_each_min": [1, 11074, 58594], "force_calls_at_each_min": [1, 11074, 58594], "max_height_scale": 1.5, "max_cov_scale": 4.5}