{"run_id": 398, "bias_std_dev_scale": 0.119581, "bias_height_fraction": 0.02, "perturbation_size": 0.005, "optimizer": "FIRE", "found_minima": [[0.6234994049, 0.02803775853], [-0.05001239506791674, 0.4666945343314283], [-0.5582236209029396, 1.4417258570255451]], "found_saddles": [[0.15229092593069984, 0.1138970428113982], [-0.15250988996666676, 0.07797225572741373]], "bias_count": 274, "energy_calls_at_each_min": [1, 4655, 32559], "force_calls_at_each_min": [1, 4655, 32559], "max_height_scale": 5.0, "max_cov_scale": 2.0}