{"run_id": 433, "bias_std_dev_scale": 0.119581, "bias_height_fraction": 0.02, "perturbation_size": 0.005, "optimizer": "FIRE", "found_minima": [[0.6234994049, 0.02803775853], [-0.05001085226381772, 0.4666941135594119], [-0.5582236225901355, 1.441725852624817]], "found_saddles": [[0.2144423571862463, 0.2725581720145216], [-0.8270572102959913, 0.6236944871498946]], "bias_count": 389, "energy_calls_at_each_min": [1, 8629, 45784], "force_calls_at_each_min": [1, 8629, 45784], "max_height_scale": 2.5, "max_cov_scale": 1.5}