{"run_id": 529, "bias_std_dev_scale": 0.119581, "bias_height_fraction": 0.02, "perturbation_size": 0.005, "optimizer": "FIRE", "found_minima": [[0.6234994049, 0.02803775853], [-0.0501993169581896, 0.46673672268069194], [-0.5582236472718902, 1.441725829562533]], "found_saddles": [[0.2509203772346834, 0.30015141759077046], [-0.806503098229999, 0.6397361038164512]], "bias_count": 216, "energy_calls_at_each_min": [1, 4807, 26308], "force_calls_at_each_min": [1, 4807, 26308], "max_height_scale": 3.0, "max_cov_scale": 4.5}