{"run_id": 318, "bias_std_dev_scale": 0.119581, "bias_height_fraction": 0.02, "perturbation_size": 0.005, "optimizer": "FIRE", "found_minima": [[0.6234994049, 0.02803775853], [-0.05001123490003744, 0.4666942388326131], [-0.5582236396879359, 1.4417258385821436]], "found_saddles": [[0.1369620321522994, 0.10794165809006247], [-0.819191584441555, 0.5792616624372507]], "bias_count": 168, "energy_calls_at_each_min": [1, 3691, 20569], "force_calls_at_each_min": [1, 3691, 20569], "max_height_scale": 5.0, "max_cov_scale": 2.5}