{"run_id": 501, "bias_std_dev_scale": 0.119581, "bias_height_fraction": 0.02, "perturbation_size": 0.005, "optimizer": "FIRE", "found_minima": [[0.6234994049, 0.02803775853], [-0.0500353954810518, 0.46670441741184243], [-0.5582236194972993, 1.4417258561556354]], "found_saddles": [[0.20580842904544827, 0.31281646927512813], [-0.8367554815961387, 0.6231157841464819]], "bias_count": 461, "energy_calls_at_each_min": [1, 8970, 55258], "force_calls_at_each_min": [1, 8970, 55258], "max_height_scale": 1.5, "max_cov_scale": 4.0}