{"run_id": 706, "bias_std_dev_scale": 0.119581, "bias_height_fraction": 0.02, "perturbation_size": 0.005, "optimizer": "FIRE", "found_minima": [[0.6234994049, 0.02803775853], [-0.05002781538231235, 0.4666982847861538], [-0.5582236520450675, 1.4417258231646812]], "found_saddles": [[0.18485463395704593, 0.2776056797186012], [-0.8511016334200562, 0.5860207258038268]], "bias_count": 175, "energy_calls_at_each_min": [1, 3421, 20114], "force_calls_at_each_min": [1, 3421, 20114], "max_height_scale": 4.0, "max_cov_scale": 3.0}