{"run_id": 715, "bias_std_dev_scale": 0.119581, "bias_height_fraction": 0.02, "perturbation_size": 0.005, "optimizer": "FIRE", "found_minima": [[0.6234994049, 0.02803775853], [-0.050043076014552657, 0.4667019115124981], [-0.5582236215643311, 1.4417258533520583]], "found_saddles": [[0.19285095521069184, 0.29462221541851946], [-0.8223059341833462, 0.61188719046724]], "bias_count": 184, "energy_calls_at_each_min": [1, 4959, 22568], "force_calls_at_each_min": [1, 4959, 22568], "max_height_scale": 4.5, "max_cov_scale": 3.0}