{"run_id": 709, "bias_std_dev_scale": 0.119581, "bias_height_fraction": 0.02, "perturbation_size": 0.005, "optimizer": "FIRE", "found_minima": [[0.6234994049, 0.02803775853], [-0.05041458999296414, 0.4668113842419141], [-0.5582236308934467, 1.4417258486354874]], "found_saddles": [[0.2562775726434138, 0.3479816188958863], [-0.8522132050346433, 0.5897517426514884]], "bias_count": 183, "energy_calls_at_each_min": [1, 4061, 23275], "force_calls_at_each_min": [1, 4061, 23275], "max_height_scale": 4.0, "max_cov_scale": 4.5}