{"run_id": 441, "bias_std_dev_scale": 0.119581, "bias_height_fraction": 0.02, "perturbation_size": 0.005, "optimizer": "FIRE", "found_minima": [[0.6234994049, 0.02803775853], [-0.05001079281688206, 0.46669410392463606], [-0.5582236497898925, 1.4417258266530557]], "found_saddles": [[0.1613898236399565, 0.27813528645090685], [-0.8259169267707166, 0.6219435103919604]], "bias_count": 488, "energy_calls_at_each_min": [1, 9056, 58057], "force_calls_at_each_min": [1, 9056, 58057], "max_height_scale": 3.0, "max_cov_scale": 1.0}