{"run_id": 648, "bias_std_dev_scale": 0.119581, "bias_height_fraction": 0.02, "perturbation_size": 0.005, "optimizer": "FIRE", "found_minima": [[0.6234994049, 0.02803775853], [-0.050010813376482895, 0.4666941083996984], [-0.5582236512958997, 1.4417258255627015]], "found_saddles": [[0.21363702649551058, 0.3022935114833376], [-0.8013867325295391, 0.6142974263420763]], "bias_count": 1399, "energy_calls_at_each_min": [1, 27731, 177158], "force_calls_at_each_min": [1, 27731, 177158], "max_height_scale": 1.0, "max_cov_scale": 1.0}