{"run_id": 660, "bias_std_dev_scale": 0.119581, "bias_height_fraction": 0.02, "perturbation_size": 0.005, "optimizer": "FIRE", "found_minima": [[0.6234994049, 0.02803775853], [-0.050018316323259614, 0.4666961546307345], [-0.5582236544147382, 1.4417258214361095]], "found_saddles": [[0.20708331150198292, 0.299335663204465], [-0.8249173226071054, 0.5901326016277662]], "bias_count": 590, "energy_calls_at_each_min": [1, 11107, 74149], "force_calls_at_each_min": [1, 11107, 74149], "max_height_scale": 1.5, "max_cov_scale": 2.5}