{"run_id": 86, "bias_std_dev_scale": 0.119581, "bias_height_fraction": 0.02, "perturbation_size": 0.005, "optimizer": "FIRE", "found_minima": [[0.6234994049, 0.02803775853], [-0.05003894735864914, 0.46670267502617163], [-0.5582236488926973, 1.4417258272537217]], "found_saddles": [[0.22721474324778543, 0.32665031143421686], [-0.861812667661904, 0.6076346140579224]], "bias_count": 749, "energy_calls_at_each_min": [1, 15742, 90033], "force_calls_at_each_min": [1, 15742, 90033], "max_height_scale": 1.0, "max_cov_scale": 3.5}