{"run_id": 245, "bias_std_dev_scale": 0.119581, "bias_height_fraction": 0.02, "perturbation_size": 0.005, "optimizer": "FIRE", "found_minima": [[0.6234994049, 0.02803775853], [-0.05001101927306877, 0.4666941393475148], [-0.5582236446558368, 1.4417258294252735]], "found_saddles": [[0.2059586728813168, 0.27367368826277644], [-0.8308830680719291, 0.5775876665454599]], "bias_count": 924, "energy_calls_at_each_min": [1, 19654, 111400], "force_calls_at_each_min": [1, 19654, 111400], "max_height_scale": 1.0, "max_cov_scale": 2.0}