{"run_id": 79, "bias_std_dev_scale": 0.119581, "bias_height_fraction": 0.02, "perturbation_size": 0.005, "optimizer": "FIRE", "found_minima": [[0.6234994049, 0.02803775853], [-0.050012469110757546, 0.4666944580224331], [-0.5582236193337967, 1.441725856754554]], "found_saddles": [[0.17783546528400507, 0.2638895881322614], [-0.8091588253589554, 0.6125171768598734]], "bias_count": 138, "energy_calls_at_each_min": [1, 3292, 17676], "force_calls_at_each_min": [1, 3292, 17676], "max_height_scale": 5.0, "max_cov_scale": 4.5}