{"run_id": 780, "bias_std_dev_scale": 0.119581, "bias_height_fraction": 0.02, "perturbation_size": 0.005, "optimizer": "FIRE", "found_minima": [[0.6234994049, 0.02803775853], [-0.050636927897286015, 0.46687524654709484], [-0.5582236449984556, 1.4417258319235666]], "found_saddles": [[0.3087382363752021, 0.30768647396044646], [-0.8078108553734624, 0.6074370857418222]], "bias_count": 212, "energy_calls_at_each_min": [1, 6043, 26031], "force_calls_at_each_min": [1, 6043, 26031], "max_height_scale": 3.5, "max_cov_scale": 4.0}