{"run_id": 240, "bias_std_dev_scale": 0.119581, "bias_height_fraction": 0.02, "perturbation_size": 0.005, "optimizer": "FIRE", "found_minima": [[0.6234994049, 0.02803775853], [-0.0500409006090145, 0.46670152830938166], [-0.5582236443357534, 1.4417258325063733]], "found_saddles": [[0.13548212693870046, 0.2211931924002709], [-0.17690345746808914, 0.12218359077417079]], "bias_count": 162, "energy_calls_at_each_min": [1, 3690, 19871], "force_calls_at_each_min": [1, 3690, 19871], "max_height_scale": 5.0, "max_cov_scale": 4.0}