{"run_id": 443, "bias_std_dev_scale": 0.119581, "bias_height_fraction": 0.02, "perturbation_size": 0.005, "optimizer": "FIRE", "found_minima": [[0.6234994049, 0.02803775853], [-0.0500108431601017, 0.4666941140473305], [-0.5582236405846295, 1.4417258336854517]], "found_saddles": [[0.24084577253351339, 0.3553339632711026], [-0.8324856194732161, 0.6086087301022577]], "bias_count": 307, "energy_calls_at_each_min": [1, 6833, 36416], "force_calls_at_each_min": [1, 6833, 36416], "max_height_scale": 3.0, "max_cov_scale": 2.0}