{"run_id": 81, "bias_std_dev_scale": 0.119581, "bias_height_fraction": 0.02, "perturbation_size": 0.005, "optimizer": "FIRE", "found_minima": [[0.6234994049, 0.02803775853], [-0.0500108635437281, 0.4666941121574365], [-0.5582236301812117, 1.4417258484685191]], "found_saddles": [[0.2095129904628013, 0.29755879847447825], [-0.8210655281177023, 0.5790964442090091]], "bias_count": 1369, "energy_calls_at_each_min": [1, 26529, 170360], "force_calls_at_each_min": [1, 26529, 170360], "max_height_scale": 1.0, "max_cov_scale": 1.0}