{"run_id": 675, "bias_std_dev_scale": 0.119581, "bias_height_fraction": 0.02, "perturbation_size": 0.005, "optimizer": "FIRE", "found_minima": [[0.6234994049, 0.02803775853], [-0.05001086961873936, 0.46669411403359345], [-0.5582236549978062, 1.4417258220943427]], "found_saddles": [[0.23611067516405615, 0.29141899992276654], [-0.8202677404856065, 0.5936783808709085]], "bias_count": 586, "energy_calls_at_each_min": [1, 9643, 71248], "force_calls_at_each_min": [1, 9643, 71248], "max_height_scale": 2.5, "max_cov_scale": 1.0}