{"run_id": 470, "bias_std_dev_scale": 0.119581, "bias_height_fraction": 0.02, "perturbation_size": 0.005, "optimizer": "FIRE", "found_minima": [[0.6234994049, 0.02803775853], [-0.05001264323368754, 0.4666946070187405], [-0.5582236240911596, 1.4417258545465246]], "found_saddles": [[0.2230043254652693, 0.2934111663806084], [-0.8104766334136364, 0.6185835893643777]], "bias_count": 210, "energy_calls_at_each_min": [1, 4511, 24790], "force_calls_at_each_min": [1, 4511, 24790], "max_height_scale": 4.5, "max_cov_scale": 2.0}