{"run_id": 59, "bias_std_dev_scale": 0.119581, "bias_height_fraction": 0.02, "perturbation_size": 0.005, "optimizer": "FIRE", "found_minima": [[0.6234994049, 0.02803775853], [-0.05002399151581843, 0.4666982835447361], [-0.5582236414369195, 1.4417258352339501]], "found_saddles": [[0.20549202097072702, 0.3023886941809913], [-0.8239631831990178, 0.6140081004323626]], "bias_count": 221, "energy_calls_at_each_min": [1, 4494, 26924], "force_calls_at_each_min": [1, 4494, 26924], "max_height_scale": 4.0, "max_cov_scale": 3.5}