{"run_id": 436, "bias_std_dev_scale": 0.119581, "bias_height_fraction": 0.02, "perturbation_size": 0.005, "optimizer": "FIRE", "found_minima": [[0.6234994049, 0.02803775853], [-0.0500203753296221, 0.4666968387337589], [-0.5582236351006074, 1.441725837352286]], "found_saddles": [[0.19278242302790397, 0.2969613262871672], [-0.832196112232619, 0.617518213461351]], "bias_count": 388, "energy_calls_at_each_min": [1, 6919, 47119], "force_calls_at_each_min": [1, 6919, 47119], "max_height_scale": 2.5, "max_cov_scale": 3.0}