{"run_id": 646, "bias_std_dev_scale": 0.119581, "bias_height_fraction": 0.02, "perturbation_size": 0.005, "optimizer": "FIRE", "found_minima": [[0.6234994049, 0.02803775853], [-0.05093436100310078, 0.46698546100378463], [-0.5582236248226866, 1.4417258506103912]], "found_saddles": [[0.13186406813242751, 0.26630445616940374], [-0.1928501446273826, 0.0896404509583896]], "bias_count": 188, "energy_calls_at_each_min": [1, 3323, 23783], "force_calls_at_each_min": [1, 3323, 23783], "max_height_scale": 5.0, "max_cov_scale": 4.5}