{"run_id": 127, "bias_std_dev_scale": 0.119581, "bias_height_fraction": 0.02, "perturbation_size": 0.005, "optimizer": "FIRE", "found_minima": [[0.6234994049, 0.02803775853], [-0.050010870272179465, 0.46669411669289906], [-0.5582236399207914, 1.4417258382843705]], "found_saddles": [[0.21368298109920164, 0.29278245152573923], [-0.8361853266124966, 0.6238577784780275]], "bias_count": 322, "energy_calls_at_each_min": [1, 6673, 38885], "force_calls_at_each_min": [1, 6673, 38885], "max_height_scale": 3.5, "max_cov_scale": 1.5}