{"run_id": 55, "bias_std_dev_scale": 0.119581, "bias_height_fraction": 0.02, "perturbation_size": 0.005, "optimizer": "FIRE", "found_minima": [[0.6234994049, 0.02803775853], [-0.05001078318732696, 0.4666940976171908], [-0.5582236286729589, 1.4417258494040912]], "found_saddles": [[0.17320673018307342, 0.2920126179742673], [-0.8122176948589197, 0.6144286600671643]], "bias_count": 264, "energy_calls_at_each_min": [1, 6073, 31375], "force_calls_at_each_min": [1, 6073, 31375], "max_height_scale": 4.0, "max_cov_scale": 1.5}