{"run_id": 434, "bias_std_dev_scale": 0.119581, "bias_height_fraction": 0.02, "perturbation_size": 0.005, "optimizer": "FIRE", "found_minima": [[0.6234994049, 0.02803775853], [-0.050010960442414744, 0.46669413182932384], [-0.5582236228992882, 1.4417258531385433]], "found_saddles": [[0.19006759511160337, 0.2640288707165889], [-0.8361833613803832, 0.6077331748223296]], "bias_count": 402, "energy_calls_at_each_min": [1, 7235, 48542], "force_calls_at_each_min": [1, 7235, 48542], "max_height_scale": 2.5, "max_cov_scale": 2.0}