{"run_id": 210, "bias_std_dev_scale": 0.119581, "bias_height_fraction": 0.02, "perturbation_size": 0.005, "optimizer": "FIRE", "found_minima": [[0.6234994049, 0.02803775853], [-0.05001868555173605, 0.4666963906150748], [-0.558223653395818, 1.44172582355745]], "found_saddles": [[0.19691039943606015, 0.27255066925538757], [-0.809823653620256, 0.6095151280462247]], "bias_count": 279, "energy_calls_at_each_min": [1, 6193, 33862], "force_calls_at_each_min": [1, 6193, 33862], "max_height_scale": 3.5, "max_cov_scale": 2.5}