{"run_id": 714, "bias_std_dev_scale": 0.119581, "bias_height_fraction": 0.02, "perturbation_size": 0.005, "optimizer": "FIRE", "found_minima": [[0.6234994049, 0.02803775853], [-0.050011752775540146, 0.4666943466217642], [-0.5582236295564701, 1.441725844778253]], "found_saddles": [[0.21606343148787677, 0.29959422727960205], [-0.841139336811481, 0.5786325657687498]], "bias_count": 199, "energy_calls_at_each_min": [1, 3808, 23889], "force_calls_at_each_min": [1, 3808, 23889], "max_height_scale": 4.5, "max_cov_scale": 2.5}