{"run_id": 51, "bias_std_dev_scale": 0.119581, "bias_height_fraction": 0.02, "perturbation_size": 0.005, "optimizer": "FIRE", "found_minima": [[0.6234994049, 0.02803775853], [-0.0507656937662565, 0.4668556439117502], [-0.5582236367625656, 1.4417258423043562]], "found_saddles": [[0.16152762239648494, 0.21925654982601145], [-0.8194975527119835, 0.6144044145953208]], "bias_count": 151, "energy_calls_at_each_min": [1, 5975, 18650], "force_calls_at_each_min": [1, 5975, 18650], "max_height_scale": 3.5, "max_cov_scale": 4.0}