{"run_id": 98, "bias_std_dev_scale": 0.119581, "bias_height_fraction": 0.02, "perturbation_size": 0.005, "optimizer": "FIRE", "found_minima": [[0.6234994049, 0.02803775853], [-0.05065586569041184, 0.4668327268632988], [-0.5582236149433699, 1.4417258623317442]], "found_saddles": [[0.16821033990844514, 0.2581364255829967], [-0.820836072608981, 0.6443212870933237]], "bias_count": 460, "energy_calls_at_each_min": [1, 11580, 54626], "force_calls_at_each_min": [1, 11580, 54626], "max_height_scale": 1.5, "max_cov_scale": 5.0}