{"run_id": 175, "bias_std_dev_scale": 0.119581, "bias_height_fraction": 0.02, "perturbation_size": 0.005, "optimizer": "FIRE", "found_minima": [[0.6234994049, 0.02803775853], [-0.050014231020744385, 0.46669486511620634], [-0.5582236489776126, 1.4417258287673538]], "found_saddles": [[0.2006736300840291, 0.27816778107739976], [-0.814977508516138, 0.5998150235385061]], "bias_count": 494, "energy_calls_at_each_min": [1, 11077, 60416], "force_calls_at_each_min": [1, 11077, 60416], "max_height_scale": 1.5, "max_cov_scale": 3.0}