{"run_id": 533, "bias_std_dev_scale": 0.119581, "bias_height_fraction": 0.02, "perturbation_size": 0.005, "optimizer": "FIRE", "found_minima": [[0.6234994049, 0.02803775853], [-0.05001083970099123, 0.4666941099388831], [-0.5582236536116868, 1.44172582330858]], "found_saddles": [[0.16279359896731255, 0.26563254245388734], [-0.8041279691723392, 0.6473080329595072]], "bias_count": 305, "energy_calls_at_each_min": [1, 4979, 36294], "force_calls_at_each_min": [1, 4979, 36294], "max_height_scale": 3.5, "max_cov_scale": 2.0}