{"run_id": 165, "bias_std_dev_scale": 0.119581, "bias_height_fraction": 0.02, "perturbation_size": 0.005, "optimizer": "FIRE", "found_minima": [[0.6234994049, 0.02803775853], [-0.050050016083044255, 0.46670411719457583], [-0.558223645028192, 1.4417258294725899]], "found_saddles": [[0.20678071679586651, 0.3025180959378463], [-0.8337304856588108, 0.6103822260574131]], "bias_count": 931, "energy_calls_at_each_min": [1, 18675, 113730], "force_calls_at_each_min": [1, 18675, 113730], "max_height_scale": 1.0, "max_cov_scale": 2.5}