{"run_id": 13, "bias_std_dev_scale": 0.119581, "bias_height_fraction": 0.02, "perturbation_size": 0.005, "optimizer": "FIRE", "found_minima": [[0.6234994049, 0.02803775853], [-0.05004686322612525, 0.4667031133424787], [-0.558223634908255, 1.4417258375408373]], "found_saddles": [[0.21088929989331828, 0.31880369622224725], [-0.8663060974753618, 0.5940424681598563]], "bias_count": 572, "energy_calls_at_each_min": [1, 10437, 72621], "force_calls_at_each_min": [1, 10437, 72621], "max_height_scale": 1.5, "max_cov_scale": 3.0}