{"run_id": 188, "bias_std_dev_scale": 0.119581, "bias_height_fraction": 0.02, "perturbation_size": 0.005, "optimizer": "FIRE", "found_minima": [[0.6234994049, 0.02803775853], [-0.5582236320634127, 1.4417258422343622]], "found_saddles": [[-0.8282282862878667, 0.6269477828776433]], "bias_count": 5000, "energy_calls_at_each_min": [1, 37539], "force_calls_at_each_min": [1, 37539], "max_height_scale": 2.0, "max_cov_scale": 5.0}