{"run_id": 16, "bias_std_dev_scale": 0.119581, "bias_height_fraction": 0.02, "perturbation_size": 0.005, "optimizer": "FIRE", "found_minima": [[0.6234994049, 0.02803775853], [-0.05058030566177002, 0.46684196662827065], [-0.558223629514582, 1.4417258448738544]], "found_saddles": [[0.24807844193898923, 0.2904417077466035], [-0.8162823582083353, 0.6025322186904452]], "bias_count": 496, "energy_calls_at_each_min": [1, 9067, 60673], "force_calls_at_each_min": [1, 9067, 60673], "max_height_scale": 1.5, "max_cov_scale": 4.5}