{"run_id": 571, "bias_std_dev_scale": 0.119581, "bias_height_fraction": 0.02, "perturbation_size": 0.005, "optimizer": "FIRE", "found_minima": [[0.6234994049, 0.02803775853], [-0.05001500911139627, 0.466694927971772], [-0.558223648137829, 1.4417258286560193]], "found_saddles": [[0.17703936699933684, 0.27406564569353214], [-0.8290222303010303, 0.6032105597058732]], "bias_count": 719, "energy_calls_at_each_min": [1, 15603, 87324], "force_calls_at_each_min": [1, 15603, 87324], "max_height_scale": 1.0, "max_cov_scale": 3.0}