{"run_id": 771, "bias_std_dev_scale": 0.119581, "bias_height_fraction": 0.02, "perturbation_size": 0.005, "optimizer": "FIRE", "found_minima": [[0.6234994049, 0.02803775853], [-0.05015993598020268, 0.46673238220150626], [-0.5582236173925706, 1.4417258600918539]], "found_saddles": [[0.22467883624763532, 0.3214890898109889], [-0.8142264337827395, 0.5200955130258137]], "bias_count": 225, "energy_calls_at_each_min": [1, 5393, 27905], "force_calls_at_each_min": [1, 5393, 27905], "max_height_scale": 3.0, "max_cov_scale": 4.0}