{"run_id": 528, "bias_std_dev_scale": 0.119581, "bias_height_fraction": 0.02, "perturbation_size": 0.005, "optimizer": "FIRE", "found_minima": [[0.6234994049, 0.02803775853], [-0.05078966500569486, 0.4668949503957193], [-0.5582236261275842, 1.4417258519378762]], "found_saddles": [[0.2513564595831983, 0.29801111687612025], [-0.8226977642959441, 0.6142511375924657]], "bias_count": 270, "energy_calls_at_each_min": [1, 5421, 33657], "force_calls_at_each_min": [1, 5421, 33657], "max_height_scale": 3.0, "max_cov_scale": 4.0}