{"run_id": 18, "bias_std_dev_scale": 0.119581, "bias_height_fraction": 0.02, "perturbation_size": 0.005, "optimizer": "FIRE", "found_minima": [[0.6234994049, 0.02803775853], [-0.05001081415296097, 0.4666941046342439], [-0.5582236540482645, 1.4417258233520562]], "found_saddles": [[0.16885590950757887, 0.2787591204401381], [-0.8097861828438796, 0.6188707955776709]], "bias_count": 688, "energy_calls_at_each_min": [1, 14821, 82538], "force_calls_at_each_min": [1, 14821, 82538], "max_height_scale": 2.0, "max_cov_scale": 1.0}