{"run_id": 562, "bias_std_dev_scale": 0.119581, "bias_height_fraction": 0.02, "perturbation_size": 0.005, "optimizer": "FIRE", "found_minima": [[0.6234994049, 0.02803775853], [-0.050117569031035765, 0.4667223701506292], [-0.5582236263858206, 1.4417258512795248]], "found_saddles": [[0.18902817743535094, 0.30045504308841214], [-0.8334211410795616, 0.5598527354024125]], "bias_count": 172, "energy_calls_at_each_min": [1, 3974, 21231], "force_calls_at_each_min": [1, 3974, 21231], "max_height_scale": 5.0, "max_cov_scale": 3.0}