{"run_id": 332, "bias_std_dev_scale": 0.119581, "bias_height_fraction": 0.02, "perturbation_size": 0.005, "optimizer": "FIRE", "found_minima": [[0.6234994049, 0.02803775853], [-0.05018627480257635, 0.4667374512548979], [-0.5582236558352098, 1.4417258201636958]], "found_saddles": [[0.19662201554617362, 0.27212862476808575], [-0.8410232843353221, 0.5759408211196807]], "bias_count": 638, "energy_calls_at_each_min": [1, 15976, 77629], "force_calls_at_each_min": [1, 15976, 77629], "max_height_scale": 1.0, "max_cov_scale": 5.0}