{"run_id": 20, "bias_std_dev_scale": 0.119581, "bias_height_fraction": 0.02, "perturbation_size": 0.005, "optimizer": "FIRE", "found_minima": [[0.6234994049, 0.02803775853], [-0.05001091126520905, 0.4666941264666087], [-0.5582236533973629, 1.441725823511479]], "found_saddles": [[0.21149139461780683, 0.30953916424971817], [-0.8233811059381887, 0.6100381554946954]], "bias_count": 437, "energy_calls_at_each_min": [1, 10874, 53205], "force_calls_at_each_min": [1, 10874, 53205], "max_height_scale": 2.0, "max_cov_scale": 2.0}