{"run_id": 471, "bias_std_dev_scale": 0.119581, "bias_height_fraction": 0.02, "perturbation_size": 0.005, "optimizer": "FIRE", "found_minima": [[0.6234994049, 0.02803775853], [-0.05002317275242323, 0.46669763658820684], [-0.558223629573707, 1.4417258447895778]], "found_saddles": [[0.2561292497908992, 0.28444208529551523], [-0.8313183655668581, 0.6261133086547856]], "bias_count": 212, "energy_calls_at_each_min": [1, 4655, 26153], "force_calls_at_each_min": [1, 4655, 26153], "max_height_scale": 4.5, "max_cov_scale": 2.5}