{"run_id": 14, "bias_std_dev_scale": 0.119581, "bias_height_fraction": 0.02, "perturbation_size": 0.005, "optimizer": "FIRE", "found_minima": [[0.6234994049, 0.02803775853], [-0.050040165769478284, 0.46670099733028503], [-0.5582236498204673, 1.4417258272218143]], "found_saddles": [[0.2233390618392302, 0.289695966571028], [-0.8156485252006735, 0.5889380467706942]], "bias_count": 567, "energy_calls_at_each_min": [1, 9641, 69000], "force_calls_at_each_min": [1, 9641, 69000], "max_height_scale": 1.5, "max_cov_scale": 3.5}