{"run_id": 345, "bias_std_dev_scale": 0.119581, "bias_height_fraction": 0.02, "perturbation_size": 0.005, "optimizer": "FIRE", "found_minima": [[0.6234994049, 0.02803775853], [-0.05001366078605749, 0.466694824096631], [-0.5582236382067006, 1.441725835842874]], "found_saddles": [[0.19862659015471323, 0.30757617117340275], [-0.8191557359797993, 0.6200569384256693]], "bias_count": 453, "energy_calls_at_each_min": [1, 8953, 55439], "force_calls_at_each_min": [1, 8953, 55439], "max_height_scale": 2.0, "max_cov_scale": 2.5}