{"run_id": 75, "bias_std_dev_scale": 0.119581, "bias_height_fraction": 0.02, "perturbation_size": 0.005, "optimizer": "FIRE", "found_minima": [[0.6234994049, 0.02803775853], [-0.05001508458154849, 0.4666951874026901], [-0.5582236159863286, 1.441725859225143]], "found_saddles": [[0.1483356037693575, 0.17580013444555112], [-0.8319584934511319, 0.6154488449093258]], "bias_count": 179, "energy_calls_at_each_min": [1, 5894, 22522], "force_calls_at_each_min": [1, 5894, 22522], "max_height_scale": 5.0, "max_cov_scale": 2.5}