{"run_id": 277, "bias_std_dev_scale": 0.119581, "bias_height_fraction": 0.02, "perturbation_size": 0.005, "optimizer": "FIRE", "found_minima": [[0.6234994049, 0.02803775853], [-0.05039920660909424, 0.46680585356045723], [-0.5582236474754884, 1.4417258296975797]], "found_saddles": [[0.2089481503397876, 0.29733967434384206], [-0.801603966341217, 0.6196932791257977]], "bias_count": 285, "energy_calls_at_each_min": [1, 6735, 35820], "force_calls_at_each_min": [1, 6735, 35820], "max_height_scale": 2.5, "max_cov_scale": 4.5}