{"run_id": 1060, "bias_std_dev_scale": 0.244521, "bias_height_fraction": 0.02, "perturbation_size": 0.005, "optimizer": "FIRE", "found_minima": [[0.6234994049, 0.02803775853], [-0.0507337262194221, 0.46689336996911196], [-0.5582236192459936, 1.4417258571976677]], "found_saddles": [[0.18517404054236955, 0.2892194088602861], [-0.8155890295105694, 0.60516904349066]], "bias_count": 216, "energy_calls_at_each_min": [1, 4056, 21723], "force_calls_at_each_min": [1, 4056, 21723]}