{"run_id": 955, "bias_std_dev_scale": 0.244521, "bias_height_fraction": 0.02, "perturbation_size": 0.005, "optimizer": "FIRE", "found_minima": [[0.6234994049, 0.02803775853], [-0.558223551028734, 1.4417259529681699]], "found_saddles": [[-0.8298217870381619, 0.6152292409996065]], "bias_count": 5000, "energy_calls_at_each_min": [1, 19708], "force_calls_at_each_min": [1, 19708]}