{"run_id": 659, "bias_std_dev_scale": 0.244521, "bias_height_fraction": 0.02, "perturbation_size": 0.005, "optimizer": "FIRE", "found_minima": [[0.6234994049, 0.02803775853], [-0.5582235350767635, 1.4417259670057956]], "found_saddles": [[-0.8280179850251761, 0.6114774523658316]], "bias_count": 5000, "energy_calls_at_each_min": [1, 26298], "force_calls_at_each_min": [1, 26298]}