{"run_id": 856, "bias_std_dev_scale": 0.244521, "bias_height_fraction": 0.02, "perturbation_size": 0.005, "optimizer": "FIRE", "found_minima": [[0.6234994049, 0.02803775853], [-0.5582235311631025, 1.4417259800128106]], "found_saddles": [[-0.8415326323690275, 0.6110261672908027]], "bias_count": 5000, "energy_calls_at_each_min": [1, 37365], "force_calls_at_each_min": [1, 37365]}