{"run_id": 208, "bias_std_dev_scale": 0.244521, "bias_height_fraction": 0.02, "perturbation_size": 0.005, "optimizer": "FIRE", "found_minima": [[0.6234994049, 0.02803775853], [-0.558223624024386, 1.4417258542546285]], "found_saddles": [[-0.8184435666559412, 0.5963809330073307]], "bias_count": 5000, "energy_calls_at_each_min": [1, 27527], "force_calls_at_each_min": [1, 27527]}