{"run_id": 108, "bias_std_dev_scale": 0.244521, "bias_height_fraction": 0.02, "perturbation_size": 0.005, "optimizer": "FIRE", "found_minima": [[0.6234994049, 0.02803775853], [-0.5582235650621021, 1.441725938101434]], "found_saddles": [[-0.8454592106770813, 0.6343181223280674]], "bias_count": 5000, "energy_calls_at_each_min": [1, 16215], "force_calls_at_each_min": [1, 16215]}