{"run_id": 550, "bias_std_dev_scale": 0.244521, "bias_height_fraction": 0.02, "perturbation_size": 0.005, "optimizer": "FIRE", "found_minima": [[0.6234994049, 0.02803775853], [-0.5582236569033261, 1.4417258195905498]], "found_saddles": [[-0.8526836670625035, 0.6213761664006375]], "bias_count": 5000, "energy_calls_at_each_min": [1, 23658], "force_calls_at_each_min": [1, 23658]}