{"run_id": 361, "bias_std_dev_scale": 0.244521, "bias_height_fraction": 0.02, "perturbation_size": 0.005, "optimizer": "FIRE", "found_minima": [[0.6234994049, 0.02803775853], [-0.5582234309418611, 1.4417261110102366]], "found_saddles": [[-0.812649850540537, 0.6186790357610258]], "bias_count": 5000, "energy_calls_at_each_min": [1, 15558], "force_calls_at_each_min": [1, 15558]}