{"run_id": 184, "bias_std_dev_scale": 0.244521, "bias_height_fraction": 0.02, "perturbation_size": 0.005, "optimizer": "FIRE", "found_minima": [[0.6234994049, 0.02803775853], [-0.050950242764301885, 0.46692345633018056], [-0.5582235833118049, 1.4417259209616333]], "found_saddles": [[0.1769732870940004, 0.26011855789965405], [-0.8188244462911339, 0.6286482338730449]], "bias_count": 276, "energy_calls_at_each_min": [1, 5032, 25437], "force_calls_at_each_min": [1, 5032, 25437]}