{"run_id": 153, "bias_std_dev_scale": 0.244521, "bias_height_fraction": 0.02, "perturbation_size": 0.005, "optimizer": "FIRE", "found_minima": [[0.6234994049, 0.02803775853], [-0.5582236230717821, 1.4417258663004626]], "found_saddles": [[-0.8029357205232323, 0.6336161140502865]], "bias_count": 5000, "energy_calls_at_each_min": [1, 32210], "force_calls_at_each_min": [1, 32210]}