{"run_id": 747, "bias_std_dev_scale": 0.244521, "bias_height_fraction": 0.02, "perturbation_size": 0.005, "optimizer": "FIRE", "found_minima": [[0.6234994049, 0.02803775853], [-0.5582234872695019, 1.4417260528167344]], "found_saddles": [[-0.8245525230003893, 0.6095318362460395]], "bias_count": 5000, "energy_calls_at_each_min": [1, 36275], "force_calls_at_each_min": [1, 36275]}