{"run_id": 685, "bias_std_dev_scale": 0.244521, "bias_height_fraction": 0.02, "perturbation_size": 0.005, "optimizer": "FIRE", "found_minima": [[0.6234994049, 0.02803775853], [-0.05142360911692551, 0.4669943304385543], [-0.5582236300679799, 1.4417258420459962]], "found_saddles": [[0.23889478373506834, 0.3179860873556823], [-0.8491016816056041, 0.62753910853101]], "bias_count": 203, "energy_calls_at_each_min": [1, 5261, 19251], "force_calls_at_each_min": [1, 5261, 19251]}