{"run_id": 861, "bias_std_dev_scale": 0.244521, "bias_height_fraction": 0.02, "perturbation_size": 0.005, "optimizer": "FIRE", "found_minima": [[0.6234994049, 0.02803775853], [-0.5582236417113289, 1.4417258332344598]], "found_saddles": [[-0.8531035462902485, 0.6061112625925001]], "bias_count": 5000, "energy_calls_at_each_min": [1, 35336], "force_calls_at_each_min": [1, 35336]}