{"run_id": 1064, "bias_std_dev_scale": 0.244521, "bias_height_fraction": 0.02, "perturbation_size": 0.005, "optimizer": "FIRE", "found_minima": [[0.6234994049, 0.02803775853], [-0.5582234184909097, 1.441726091728901]], "found_saddles": [[-0.8747158840818947, 0.5778589304641777]], "bias_count": 5000, "energy_calls_at_each_min": [1, 23741], "force_calls_at_each_min": [1, 23741]}