{"run_id": 306, "bias_std_dev_scale": 0.244521, "bias_height_fraction": 0.02, "perturbation_size": 0.005, "optimizer": "FIRE", "found_minima": [[0.6234994049, 0.02803775853], [-0.558223551998592, 1.4417259488721696]], "found_saddles": [[-0.8441189472133179, 0.5620191824356509]], "bias_count": 5000, "energy_calls_at_each_min": [1, 27533], "force_calls_at_each_min": [1, 27533]}