{"run_id": 823, "bias_std_dev_scale": 0.244521, "bias_height_fraction": 0.02, "perturbation_size": 0.005, "optimizer": "FIRE", "found_minima": [[0.6234994049, 0.02803775853], [-0.5582234999674557, 1.4417260125456324]], "found_saddles": [[-0.8311473105435522, 0.6118655466509363]], "bias_count": 5000, "energy_calls_at_each_min": [1, 20551], "force_calls_at_each_min": [1, 20551]}