{"run_id": 855, "bias_std_dev_scale": 0.244521, "bias_height_fraction": 0.02, "perturbation_size": 0.005, "optimizer": "FIRE", "found_minima": [[0.6234994049, 0.02803775853], [-0.5582236124614399, 1.4417258757112223]], "found_saddles": [[-0.8360073287196922, 0.5360125681252834]], "bias_count": 5000, "energy_calls_at_each_min": [1, 41679], "force_calls_at_each_min": [1, 41679]}