{"run_id": 330, "bias_std_dev_scale": 0.244521, "bias_height_fraction": 0.02, "perturbation_size": 0.005, "optimizer": "FIRE", "found_minima": [[0.6234994049, 0.02803775853], [-0.05090638189454079, 0.4669325440141352], [-0.5582236548584767, 1.441725820989592]], "found_saddles": [[0.13794568503437887, 0.15984370842214563], [-0.8210881672899035, 0.5945985753222405]], "bias_count": 225, "energy_calls_at_each_min": [1, 5581, 21569], "force_calls_at_each_min": [1, 5581, 21569]}