{"run_id": 477, "bias_std_dev_scale": 0.244521, "bias_height_fraction": 0.02, "perturbation_size": 0.005, "optimizer": "FIRE", "found_minima": [[0.6234994049, 0.02803775853], [-0.051008218192361954, 0.4669590808784781], [-0.5582236479195919, 1.441725828957881]], "found_saddles": [[0.23043863285564514, 0.30879027021828653], [-0.8253763119511146, 0.6170984371677332]], "bias_count": 224, "energy_calls_at_each_min": [1, 3884, 21231], "force_calls_at_each_min": [1, 3884, 21231]}