{"run_id": 1151, "bias_std_dev_scale": 0.244521, "bias_height_fraction": 0.02, "perturbation_size": 0.005, "optimizer": "FIRE", "found_minima": [[0.6234994049, 0.02803775853], [-0.558223551352004, 1.4417259409504304]], "found_saddles": [[-0.8318964958652797, 0.6089761162205112]], "bias_count": 5000, "energy_calls_at_each_min": [1, 26020], "force_calls_at_each_min": [1, 26020]}