{"run_id": 793, "bias_std_dev_scale": 0.244521, "bias_height_fraction": 0.02, "perturbation_size": 0.005, "optimizer": "FIRE", "found_minima": [[0.6234994049, 0.02803775853], [-0.5582236467899547, 1.4417258311021053]], "found_saddles": [[-0.8309993446180499, 0.5779667126124977]], "bias_count": 5000, "energy_calls_at_each_min": [1, 26831], "force_calls_at_each_min": [1, 26831]}