{"run_id": 771, "bias_std_dev_scale": 0.244521, "bias_height_fraction": 0.02, "perturbation_size": 0.005, "optimizer": "FIRE", "found_minima": [[0.6234994049, 0.02803775853], [-0.051277487041124205, 0.46702692422884934], [-0.5582236494120257, 1.4417258274049267]], "found_saddles": [[0.143320749441122, 0.19805006814173043], [-0.8169844162664847, 0.6000969895337891]], "bias_count": 285, "energy_calls_at_each_min": [1, 7185, 27817], "force_calls_at_each_min": [1, 7185, 27817]}