{"run_id": 607, "bias_std_dev_scale": 0.244521, "bias_height_fraction": 0.02, "perturbation_size": 0.005, "optimizer": "FIRE", "found_minima": [[0.6234994049, 0.02803775853], [-0.050865401702556934, 0.4669342087433423], [-0.5582236559679739, 1.4417258200544245]], "found_saddles": [[0.211472634553475, 0.2651491375064535], [-0.8186695875718403, 0.6017803510689071]], "bias_count": 369, "energy_calls_at_each_min": [1, 9493, 35420], "force_calls_at_each_min": [1, 9493, 35420]}