{"run_id": 37, "bias_std_dev_scale": 0.244521, "bias_height_fraction": 0.02, "perturbation_size": 0.005, "optimizer": "FIRE", "found_minima": [[0.6234994049, 0.02803775853], [-0.5582236412209961, 1.4417258388196454]], "found_saddles": [[-0.8429736449325519, 0.6199068836947048]], "bias_count": 5000, "energy_calls_at_each_min": [1, 29051], "force_calls_at_each_min": [1, 29051]}