{"run_id": 263, "bias_std_dev_scale": 0.244521, "bias_height_fraction": 0.02, "perturbation_size": 0.005, "optimizer": "FIRE", "found_minima": [[0.6234994049, 0.02803775853], [-0.5582236397125022, 1.441725845480698]], "found_saddles": [[-0.8376766564902773, 0.619821305521405]], "bias_count": 5000, "energy_calls_at_each_min": [1, 32595], "force_calls_at_each_min": [1, 32595]}