{"run_id": 1184, "bias_std_dev_scale": 0.244521, "bias_height_fraction": 0.02, "perturbation_size": 0.005, "optimizer": "FIRE", "found_minima": [[0.6234994049, 0.02803775853], [-0.050964899963823515, 0.466911988928993], [-0.5582235979371328, 1.4417258950433123]], "found_saddles": [[0.20187213225749345, 0.26416131978473545], [-0.7974921378504107, 0.628786373941068]], "bias_count": 221, "energy_calls_at_each_min": [1, 4101, 21538], "force_calls_at_each_min": [1, 4101, 21538]}