{"run_id": 876, "bias_std_dev_scale": 0.244521, "bias_height_fraction": 0.02, "perturbation_size": 0.005, "optimizer": "FIRE", "found_minima": [[0.6234994049, 0.02803775853], [-0.558223595876281, 1.4417258871225176]], "found_saddles": [[-0.8398521464481801, 0.6330043804889657]], "bias_count": 5000, "energy_calls_at_each_min": [1, 32337], "force_calls_at_each_min": [1, 32337]}