{"run_id": 655, "bias_std_dev_scale": 0.244521, "bias_height_fraction": 0.02, "perturbation_size": 0.005, "optimizer": "FIRE", "found_minima": [[0.6234994049, 0.02803775853], [-0.05113486431616244, 0.46697535871922796], [-0.558223595670769, 1.4417258965697721]], "found_saddles": [[0.20733042939334298, 0.26237719228730944], [-0.8492513918352678, 0.6255525689909387]], "bias_count": 276, "energy_calls_at_each_min": [1, 5272, 25603], "force_calls_at_each_min": [1, 5272, 25603]}