{"run_id": 494, "bias_std_dev_scale": 0.244521, "bias_height_fraction": 0.02, "perturbation_size": 0.005, "optimizer": "FIRE", "found_minima": [[0.6234994049, 0.02803775853], [-0.5582235869227539, 1.441725897262188]], "found_saddles": [[-0.8227904438342164, 0.6069939218843509]], "bias_count": 5000, "energy_calls_at_each_min": [1, 38547], "force_calls_at_each_min": [1, 38547]}