{"run_id": 818, "bias_std_dev_scale": 0.244521, "bias_height_fraction": 0.02, "perturbation_size": 0.005, "optimizer": "FIRE", "found_minima": [[0.6234994049, 0.02803775853], [-0.05055108867312432, 0.4668455351472193], [-0.5582236480974268, 1.4417258296118565]], "found_saddles": [[0.23072944017346983, 0.2953058498943912], [-0.8140299860771941, 0.5969281148702074]], "bias_count": 224, "energy_calls_at_each_min": [1, 4146, 22415], "force_calls_at_each_min": [1, 4146, 22415]}