{"run_id": 624, "bias_std_dev_scale": 0.244521, "bias_height_fraction": 0.02, "perturbation_size": 0.005, "optimizer": "FIRE", "found_minima": [[0.6234994049, 0.02803775853], [-0.558223573350279, 1.441725930197041]], "found_saddles": [[-0.8311349294745984, 0.6144377276216043]], "bias_count": 5000, "energy_calls_at_each_min": [1, 30833], "force_calls_at_each_min": [1, 30833]}