{"run_id": 378, "bias_std_dev_scale": 0.244521, "bias_height_fraction": 0.02, "perturbation_size": 0.005, "optimizer": "FIRE", "found_minima": [[0.6234994049, 0.02803775853], [-0.05061302041253461, 0.46686853785514976], [-0.5582236461118129, 1.4417258315488939]], "found_saddles": [[0.1779654310147617, 0.2901143061465066], [-0.8108469276686353, 0.6100865837896945]], "bias_count": 380, "energy_calls_at_each_min": [1, 7174, 36189], "force_calls_at_each_min": [1, 7174, 36189]}