{"run_id": 859, "bias_std_dev_scale": 0.244521, "bias_height_fraction": 0.02, "perturbation_size": 0.005, "optimizer": "FIRE", "found_minima": [[0.6234994049, 0.02803775853], [-0.05040013247625188, 0.4667987135104085], [-0.5582236473242047, 1.4417258312043293]], "found_saddles": [[0.19887463326206636, 0.2655696872769443], [-0.8345275222972378, 0.6112674302172787]], "bias_count": 388, "energy_calls_at_each_min": [1, 7623, 35984], "force_calls_at_each_min": [1, 7623, 35984]}