{"run_id": 390, "bias_std_dev_scale": 0.244521, "bias_height_fraction": 0.02, "perturbation_size": 0.005, "optimizer": "FIRE", "found_minima": [[0.6234994049, 0.02803775853], [-0.05070523069704227, 0.46688594270670014], [-0.5582236283771812, 1.441725849945111]], "found_saddles": [[0.2222755913970617, 0.29948893024585727], [-0.8333046982084211, 0.6207934459193974]], "bias_count": 353, "energy_calls_at_each_min": [1, 6134, 32671], "force_calls_at_each_min": [1, 6134, 32671]}