{"run_id": 800, "bias_std_dev_scale": 0.244521, "bias_height_fraction": 0.02, "perturbation_size": 0.005, "optimizer": "FIRE", "found_minima": [[0.6234994049, 0.02803775853], [-0.5582236012973832, 1.441725890253365]], "found_saddles": [[-0.8397612525365084, 0.611346147496459]], "bias_count": 5000, "energy_calls_at_each_min": [1, 22249], "force_calls_at_each_min": [1, 22249]}