{"run_id": 559, "bias_std_dev_scale": 0.244521, "bias_height_fraction": 0.02, "perturbation_size": 0.005, "optimizer": "FIRE", "found_minima": [[0.6234994049, 0.02803775853], [-0.5582236053272164, 1.44172587626656]], "found_saddles": [[-0.8377719347376105, 0.623710186763333]], "bias_count": 5000, "energy_calls_at_each_min": [1, 22801], "force_calls_at_each_min": [1, 22801]}