{"run_id": 289, "bias_std_dev_scale": 0.244521, "bias_height_fraction": 0.02, "perturbation_size": 0.005, "optimizer": "FIRE", "found_minima": [[0.6234994049, 0.02803775853], [-0.05139186605491602, 0.4670102669927315], [-0.5582236520995392, 1.4417258237356678]], "found_saddles": [[0.2236248206241421, 0.3013393287179757], [-0.8171055555522481, 0.5995579482250428]], "bias_count": 300, "energy_calls_at_each_min": [1, 5349, 28005], "force_calls_at_each_min": [1, 5349, 28005]}