{"run_id": 908, "bias_std_dev_scale": 0.244521, "bias_height_fraction": 0.02, "perturbation_size": 0.005, "optimizer": "FIRE", "found_minima": [[0.6234994049, 0.02803775853], [-0.05086097184512875, 0.4669339089346342], [-0.5582236302012241, 1.4417258518376839]], "found_saddles": [[0.22541879136011378, 0.2805264954019646], [-0.8361610639218905, 0.6185958273476232]], "bias_count": 294, "energy_calls_at_each_min": [1, 5382, 28673], "force_calls_at_each_min": [1, 5382, 28673]}