{"run_id": 277, "bias_std_dev_scale": 0.244521, "bias_height_fraction": 0.02, "perturbation_size": 0.005, "optimizer": "FIRE", "found_minima": [[0.6234994049, 0.02803775853], [-0.05114666050467241, 0.4669965583190438], [-0.5582236508694727, 1.4417258259889323]], "found_saddles": [[0.21440463530367582, 0.29560947515913844], [-0.8123333580474958, 0.6264431042900769]], "bias_count": 311, "energy_calls_at_each_min": [1, 5982, 29367], "force_calls_at_each_min": [1, 5982, 29367]}