{"run_id": 465, "bias_std_dev_scale": 0.244521, "bias_height_fraction": 0.02, "perturbation_size": 0.005, "optimizer": "FIRE", "found_minima": [[0.6234994049, 0.02803775853], [-0.05041190084489083, 0.46680223572945573], [-0.5582236159616967, 1.4417258619018558]], "found_saddles": [[0.14129923674116313, 0.2811839746767118], [-0.8322074193455531, 0.5890315277143783]], "bias_count": 234, "energy_calls_at_each_min": [1, 4351, 23085], "force_calls_at_each_min": [1, 4351, 23085]}