{"run_id": 787, "bias_std_dev_scale": 0.244521, "bias_height_fraction": 0.02, "perturbation_size": 0.005, "optimizer": "FIRE", "found_minima": [[0.6234994049, 0.02803775853], [-0.5582235853005455, 1.4417259209608928]], "found_saddles": [[-0.8246732536456031, 0.6141730252380693]], "bias_count": 5000, "energy_calls_at_each_min": [1, 26497], "force_calls_at_each_min": [1, 26497]}