{"run_id": 1188, "bias_std_dev_scale": 0.244521, "bias_height_fraction": 0.02, "perturbation_size": 0.005, "optimizer": "FIRE", "found_minima": [[0.6234994049, 0.02803775853], [-0.05061360766916374, 0.4668515555453666], [-0.5582236499662957, 1.441725827929102]], "found_saddles": [[0.1388506847965447, 0.19481554169353124], [-0.8423494258688995, 0.6121521414141614]], "bias_count": 195, "energy_calls_at_each_min": [1, 5167, 18956], "force_calls_at_each_min": [1, 5167, 18956]}