{"run_id": 970, "bias_std_dev_scale": 0.244521, "bias_height_fraction": 0.02, "perturbation_size": 0.005, "optimizer": "FIRE", "found_minima": [[0.6234994049, 0.02803775853], [-0.05135030977526133, 0.46700881672687583], [-0.5582236164924028, 1.4417258607972605]], "found_saddles": [[0.21536485322274007, 0.31991596035803394], [-0.8471596751307793, 0.6203941396095293]], "bias_count": 407, "energy_calls_at_each_min": [1, 8767, 38946], "force_calls_at_each_min": [1, 8767, 38946]}