{"run_id": 584, "bias_std_dev_scale": 0.244521, "bias_height_fraction": 0.02, "perturbation_size": 0.005, "optimizer": "FIRE", "found_minima": [[0.6234994049, 0.02803775853], [-0.0508850154881, 0.46693360846059206], [-0.5582236495421904, 1.4417258274736273]], "found_saddles": [[0.21177109285949036, 0.3141150050114313], [-0.8458861892156642, 0.6141982152780899]], "bias_count": 217, "energy_calls_at_each_min": [1, 3858, 21497], "force_calls_at_each_min": [1, 3858, 21497]}