{"run_id": 490, "bias_std_dev_scale": 0.244521, "bias_height_fraction": 0.02, "perturbation_size": 0.005, "optimizer": "FIRE", "found_minima": [[0.6234994049, 0.02803775853], [-0.05099295335883107, 0.4669770947022754], [-0.5582236011582911, 1.441725878478567]], "found_saddles": [[0.2196975695882104, 0.3242974936732634], [-0.8468290330346235, 0.6314588648854973]], "bias_count": 397, "energy_calls_at_each_min": [1, 6509, 36069], "force_calls_at_each_min": [1, 6509, 36069]}