{"run_id": 680, "bias_std_dev_scale": 0.244521, "bias_height_fraction": 0.02, "perturbation_size": 0.005, "optimizer": "FIRE", "found_minima": [[0.6234994049, 0.02803775853], [-0.5582232688342652, 1.4417262943154183]], "found_saddles": [[-0.8448585443034545, 0.6102326834822348]], "bias_count": 5000, "energy_calls_at_each_min": [1, 27471], "force_calls_at_each_min": [1, 27471]}