{"run_id": 704, "bias_std_dev_scale": 0.244521, "bias_height_fraction": 0.02, "perturbation_size": 0.005, "optimizer": "FIRE", "found_minima": [[0.6234994049, 0.02803775853], [-0.050762818577309896, 0.46689277349563585], [-0.5582236534902466, 1.4417258222803588]], "found_saddles": [[0.11763197455699391, 0.1842018856916611], [-0.8496383427788885, 0.6018050953537152]], "bias_count": 243, "energy_calls_at_each_min": [1, 7230, 27053], "force_calls_at_each_min": [1, 7230, 27053]}