{"run_id": 1081, "bias_std_dev_scale": 0.244521, "bias_height_fraction": 0.02, "perturbation_size": 0.005, "optimizer": "FIRE", "found_minima": [[0.6234994049, 0.02803775853], [-0.05062073473356534, 0.4668760045935656], [-0.558223645926026, 1.4417258313424577]], "found_saddles": [[0.18034113592833326, 0.2904513273815373], [-0.8333350006341586, 0.6131558060131514]], "bias_count": 194, "energy_calls_at_each_min": [1, 3592, 18640], "force_calls_at_each_min": [1, 3592, 18640]}