{"run_id": 1146, "bias_std_dev_scale": 0.244521, "bias_height_fraction": 0.02, "perturbation_size": 0.005, "optimizer": "FIRE", "found_minima": [[0.6234994049, 0.02803775853], [-0.050471611673640615, 0.46681908678960365], [-0.5582236141072765, 1.4417258621184355]], "found_saddles": [[0.21706722285492716, 0.2682327154859424], [-0.8439697270439884, 0.6145247568832696]], "bias_count": 279, "energy_calls_at_each_min": [1, 6540, 28151], "force_calls_at_each_min": [1, 6540, 28151]}