{"run_id": 952, "bias_std_dev_scale": 0.244521, "bias_height_fraction": 0.02, "perturbation_size": 0.005, "optimizer": "FIRE", "found_minima": [[0.6234994049, 0.02803775853], [-0.5582236066444657, 1.4417258736440155]], "found_saddles": [[-0.8336664234173788, 0.6353897507214706]], "bias_count": 5000, "energy_calls_at_each_min": [1, 21905], "force_calls_at_each_min": [1, 21905]}