{"run_id": 175, "bias_std_dev_scale": 0.244521, "bias_height_fraction": 0.02, "perturbation_size": 0.005, "optimizer": "FIRE", "found_minima": [[0.6234994049, 0.02803775853], [-0.5582235556378469, 1.4417259556066924]], "found_saddles": [[-0.8392108368180433, 0.5858235609229743]], "bias_count": 5000, "energy_calls_at_each_min": [1, 28068], "force_calls_at_each_min": [1, 28068]}