{"run_id": 438, "bias_std_dev_scale": 0.244521, "bias_height_fraction": 0.02, "perturbation_size": 0.005, "optimizer": "FIRE", "found_minima": [[0.6234994049, 0.02803775853], [-0.5582236061484019, 1.4417258730650049]], "found_saddles": [[-0.8414263130551923, 0.6251091899036834]], "bias_count": 5000, "energy_calls_at_each_min": [1, 24878], "force_calls_at_each_min": [1, 24878]}