{"run_id": 316, "bias_std_dev_scale": 0.244521, "bias_height_fraction": 0.02, "perturbation_size": 0.005, "optimizer": "FIRE", "found_minima": [[0.6234994049, 0.02803775853], [-0.5582235488285274, 1.4417259511709049]], "found_saddles": [[-0.8314304664277226, 0.6160403275146015]], "bias_count": 5000, "energy_calls_at_each_min": [1, 21282], "force_calls_at_each_min": [1, 21282]}