{"run_id": 842, "bias_std_dev_scale": 0.244521, "bias_height_fraction": 0.02, "perturbation_size": 0.005, "optimizer": "FIRE", "found_minima": [[0.6234994049, 0.02803775853], [-0.5582236167186342, 1.4417258594593765]], "found_saddles": [[-0.8314198400420204, 0.6209074231711702]], "bias_count": 5000, "energy_calls_at_each_min": [1, 17355], "force_calls_at_each_min": [1, 17355]}