{"run_id": 999, "bias_std_dev_scale": 0.244521, "bias_height_fraction": 0.02, "perturbation_size": 0.005, "optimizer": "FIRE", "found_minima": [[0.6234994049, 0.02803775853], [-0.558223311746006, 1.441726277457471]], "found_saddles": [[-0.8355367597897083, 0.6243969277853143]], "bias_count": 5000, "energy_calls_at_each_min": [1, 34338], "force_calls_at_each_min": [1, 34338]}