{"run_id": 1207, "bias_std_dev_scale": 0.244521, "bias_height_fraction": 0.02, "perturbation_size": 0.005, "optimizer": "FIRE", "found_minima": [[0.6234994049, 0.02803775853], [-0.5582232500757087, 1.4417263431611058]], "found_saddles": [[-0.8222990273285379, 0.6082405217821332]], "bias_count": 5000, "energy_calls_at_each_min": [1, 18691], "force_calls_at_each_min": [1, 18691]}