{"run_id": 775, "bias_std_dev_scale": 0.244521, "bias_height_fraction": 0.02, "perturbation_size": 0.005, "optimizer": "FIRE", "found_minima": [[0.6234994049, 0.02803775853], [-0.050708355013737445, 0.46689295772795], [-0.558223640210571, 1.4417258401915725]], "found_saddles": [[0.2134184600014186, 0.28400292770671576], [-0.8516976027366935, 0.5997898567574504]], "bias_count": 296, "energy_calls_at_each_min": [1, 5750, 27907], "force_calls_at_each_min": [1, 5750, 27907]}