{"run_id": 486, "bias_std_dev_scale": 0.244521, "bias_height_fraction": 0.02, "perturbation_size": 0.005, "optimizer": "FIRE", "found_minima": [[0.6234994049, 0.02803775853], [-0.05035282234993606, 0.46678773462680645], [-0.5582236538137563, 1.4417258220403415]], "found_saddles": [[0.2177002759583354, 0.2836520719502446], [-0.8131664503145855, 0.5953421741871072]], "bias_count": 405, "energy_calls_at_each_min": [1, 7495, 38102], "force_calls_at_each_min": [1, 7495, 38102]}