{"run_id": 79, "bias_std_dev_scale": 0.244521, "bias_height_fraction": 0.02, "perturbation_size": 0.005, "optimizer": "FIRE", "found_minima": [[0.6234994049, 0.02803775853], [-0.05074272979818872, 0.46689551432030246], [-0.5582236375502486, 1.4417258408065277]], "found_saddles": [[0.1849692374696087, 0.27922756992061637], [-0.8359151084390141, 0.6031307039971954]], "bias_count": 266, "energy_calls_at_each_min": [1, 5178, 26223], "force_calls_at_each_min": [1, 5178, 26223]}