{"run_id": 70, "bias_std_dev_scale": 0.244521, "bias_height_fraction": 0.02, "perturbation_size": 0.005, "optimizer": "FIRE", "found_minima": [[0.6234994049, 0.02803775853], [-0.050408001200032825, 0.4668100474020685], [-0.5582236443971655, 1.4417258347417037]], "found_saddles": [[0.1703409390894817, 0.2593526233342228], [-0.8228958545444359, 0.6029176611282144]], "bias_count": 261, "energy_calls_at_each_min": [1, 4831, 25025], "force_calls_at_each_min": [1, 4831, 25025]}