{"run_id": 94, "bias_std_dev_scale": 0.244521, "bias_height_fraction": 0.02, "perturbation_size": 0.005, "optimizer": "FIRE", "found_minima": [[0.6234994049, 0.02803775853], [-0.5582236156412337, 1.4417258714156438]], "found_saddles": [[-0.8113097824388243, 0.598958544491617]], "bias_count": 5000, "energy_calls_at_each_min": [1, 22561], "force_calls_at_each_min": [1, 22561]}