{"run_id": 650, "bias_std_dev_scale": 0.244521, "bias_height_fraction": 0.02, "perturbation_size": 0.005, "optimizer": "FIRE", "found_minima": [[0.6234994049, 0.02803775853], [-0.051253930655570254, 0.46702002236770757], [-0.558223617473984, 1.441725859322999]], "found_saddles": [[0.13930067842246333, 0.16387159604196325], [-0.8410554067452374, 0.6143503448782777]], "bias_count": 270, "energy_calls_at_each_min": [1, 7658, 27298], "force_calls_at_each_min": [1, 7658, 27298]}