{"run_id": 169, "bias_std_dev_scale": 0.244521, "bias_height_fraction": 0.02, "perturbation_size": 0.005, "optimizer": "FIRE", "found_minima": [[0.6234994049, 0.02803775853], [-0.05083945305748878, 0.4669312604902424], [-0.5582236382222913, 1.4417258371155395]], "found_saddles": [[0.20639611173788414, 0.27782336150851344], [-0.828449790692093, 0.5569894779321494]], "bias_count": 309, "energy_calls_at_each_min": [1, 5358, 29646], "force_calls_at_each_min": [1, 5358, 29646]}