{"run_id": 509, "bias_std_dev_scale": 0.244521, "bias_height_fraction": 0.02, "perturbation_size": 0.005, "optimizer": "FIRE", "found_minima": [[0.6234994049, 0.02803775853], [-0.558223615309891, 1.4417258619669198]], "found_saddles": [[-0.8227938295437355, 0.6042478130622959]], "bias_count": 5000, "energy_calls_at_each_min": [1, 34186], "force_calls_at_each_min": [1, 34186]}