{"run_id": 1077, "bias_std_dev_scale": 0.244521, "bias_height_fraction": 0.02, "perturbation_size": 0.005, "optimizer": "FIRE", "found_minima": [[0.6234994049, 0.02803775853], [-0.5582234568177011, 1.4417261040190834]], "found_saddles": [[-0.8302804497733384, 0.6276403829014876]], "bias_count": 5000, "energy_calls_at_each_min": [1, 17459], "force_calls_at_each_min": [1, 17459]}