{"run_id": 805, "bias_std_dev_scale": 0.244521, "bias_height_fraction": 0.02, "perturbation_size": 0.005, "optimizer": "FIRE", "found_minima": [[0.6234994049, 0.02803775853], [-0.050388859462603075, 0.46680520376335044], [-0.5582236318071067, 1.4417258478611787]], "found_saddles": [[0.16073731365064686, 0.29148131707824354], [-0.8456556281903257, 0.6221333117321513]], "bias_count": 223, "energy_calls_at_each_min": [1, 5491, 22436], "force_calls_at_each_min": [1, 5491, 22436]}