{"run_id": 773, "bias_std_dev_scale": 0.244521, "bias_height_fraction": 0.02, "perturbation_size": 0.005, "optimizer": "FIRE", "found_minima": [[0.6234994049, 0.02803775853], [-0.5582236281452522, 1.4417258518860723]], "found_saddles": [[-0.8481431039931622, 0.6236244536982373]], "bias_count": 5000, "energy_calls_at_each_min": [1, 24454], "force_calls_at_each_min": [1, 24454]}