{"run_id": 30, "bias_std_dev_scale": 0.244521, "bias_height_fraction": 0.02, "perturbation_size": 0.005, "optimizer": "FIRE", "found_minima": [[0.6234994049, 0.02803775853], [-0.5582234489471445, 1.441726064792158]], "found_saddles": [[-0.8430945985168957, 0.6161241703971511]], "bias_count": 5000, "energy_calls_at_each_min": [1, 33349], "force_calls_at_each_min": [1, 33349]}