{"run_id": 863, "bias_std_dev_scale": 0.244521, "bias_height_fraction": 0.02, "perturbation_size": 0.005, "optimizer": "FIRE", "found_minima": [[0.6234994049, 0.02803775853], [-0.05056566468619282, 0.4668424250197079], [-0.5582236119562785, 1.4417258650472646]], "found_saddles": [[0.2151313505045349, 0.2991029789233983], [-0.8430132630577784, 0.624794660781502]], "bias_count": 347, "energy_calls_at_each_min": [1, 5795, 32328], "force_calls_at_each_min": [1, 5795, 32328]}