{"run_id": 720, "bias_std_dev_scale": 0.244521, "bias_height_fraction": 0.02, "perturbation_size": 0.005, "optimizer": "FIRE", "found_minima": [[0.6234994049, 0.02803775853], [-0.05098962502259981, 0.46691176656111], [-0.5582236211742375, 1.4417258553834067]], "found_saddles": [[0.23590265263519677, 0.33540760387473334], [-0.8210929121804487, 0.6058400740770693]], "bias_count": 192, "energy_calls_at_each_min": [1, 3516, 19125], "force_calls_at_each_min": [1, 3516, 19125]}