{"run_id": 986, "bias_std_dev_scale": 0.244521, "bias_height_fraction": 0.02, "perturbation_size": 0.005, "optimizer": "FIRE", "found_minima": [[0.6234994049, 0.02803775853], [-0.5582235800264723, 1.4417259124612944]], "found_saddles": [[-0.8238733097780574, 0.6268341072839376]], "bias_count": 5000, "energy_calls_at_each_min": [1, 34172], "force_calls_at_each_min": [1, 34172]}