{"run_id": 935, "bias_std_dev_scale": 0.244521, "bias_height_fraction": 0.02, "perturbation_size": 0.005, "optimizer": "FIRE", "found_minima": [[0.6234994049, 0.02803775853], [-0.05131351283087999, 0.467046527954356], [-0.5582236360840043, 1.441725839823167]], "found_saddles": [[0.19943966466372356, 0.2629445884971591], [-0.8181135985501268, 0.5913135180815068]], "bias_count": 223, "energy_calls_at_each_min": [1, 4944, 22797], "force_calls_at_each_min": [1, 4944, 22797]}