{"run_id": 442, "bias_std_dev_scale": 0.244521, "bias_height_fraction": 0.02, "perturbation_size": 0.005, "optimizer": "FIRE", "found_minima": [[0.6234994049, 0.02803775853], [-0.5582236496994111, 1.4417258281773437]], "found_saddles": [[-0.8214118448520513, 0.5908086690058382]], "bias_count": 5000, "energy_calls_at_each_min": [1, 26352], "force_calls_at_each_min": [1, 26352]}