{"run_id": 740, "bias_std_dev_scale": 0.244521, "bias_height_fraction": 0.02, "perturbation_size": 0.005, "optimizer": "FIRE", "found_minima": [[0.6234994049, 0.02803775853], [-0.05126279901976281, 0.467007391091464], [-0.558223638056326, 1.441725841051623]], "found_saddles": [[0.2514727943373701, 0.2905438352798597], [-0.8189481979001592, 0.6010097595069126]], "bias_count": 376, "energy_calls_at_each_min": [1, 7031, 36296], "force_calls_at_each_min": [1, 7031, 36296]}