{"run_id": 544, "bias_std_dev_scale": 0.244521, "bias_height_fraction": 0.02, "perturbation_size": 0.005, "optimizer": "FIRE", "found_minima": [[0.6234994049, 0.02803775853], [-0.5582236132226835, 1.44172587160106]], "found_saddles": [[-0.8219923898455966, 0.5941208020023951]], "bias_count": 5000, "energy_calls_at_each_min": [1, 25318], "force_calls_at_each_min": [1, 25318]}