{"run_id": 422, "bias_std_dev_scale": 0.244521, "bias_height_fraction": 0.02, "perturbation_size": 0.005, "optimizer": "FIRE", "found_minima": [[0.6234994049, 0.02803775853], [-0.050641318199602374, 0.46688116404497154], [-0.5582236133771106, 1.441725862778364]], "found_saddles": [[0.1922683573260932, 0.2545619127041596], [-0.8420734141132381, 0.6232182125832215]], "bias_count": 238, "energy_calls_at_each_min": [1, 5009, 23058], "force_calls_at_each_min": [1, 5009, 23058]}