{"run_id": 867, "bias_std_dev_scale": 0.244521, "bias_height_fraction": 0.02, "perturbation_size": 0.005, "optimizer": "FIRE", "found_minima": [[0.6234994049, 0.02803775853], [-0.5582235704217989, 1.4417259291467968]], "found_saddles": [[-0.8213717047598073, 0.6160489438297271]], "bias_count": 5000, "energy_calls_at_each_min": [1, 29332], "force_calls_at_each_min": [1, 29332]}