{"run_id": 848, "bias_std_dev_scale": 0.244521, "bias_height_fraction": 0.02, "perturbation_size": 0.005, "optimizer": "FIRE", "found_minima": [[0.6234994049, 0.02803775853], [-0.05046893624729663, 0.4668182670534681], [-0.5582236218630727, 1.4417258557968924]], "found_saddles": [[0.19303122829584093, 0.28698795668433624], [-0.8413565495061108, 0.6158436427676385]], "bias_count": 389, "energy_calls_at_each_min": [1, 8473, 36424], "force_calls_at_each_min": [1, 8473, 36424]}