{"run_id": 824, "bias_std_dev_scale": 0.244521, "bias_height_fraction": 0.02, "perturbation_size": 0.005, "optimizer": "FIRE", "found_minima": [[0.6234994049, 0.02803775853], [-0.558223246668607, 1.4417263792561]], "found_saddles": [[-0.8394579233820064, 0.6120529879620078]], "bias_count": 5000, "energy_calls_at_each_min": [1, 24500], "force_calls_at_each_min": [1, 24500]}