{"run_id": 821, "bias_std_dev_scale": 0.244521, "bias_height_fraction": 0.02, "perturbation_size": 0.005, "optimizer": "FIRE", "found_minima": [[0.6234994049, 0.02803775853], [-0.5582235904114734, 1.4417259128207363]], "found_saddles": [[-0.8229822687502911, 0.6136035897052451]], "bias_count": 5000, "energy_calls_at_each_min": [1, 21624], "force_calls_at_each_min": [1, 21624]}