{"run_id": 26, "bias_std_dev_scale": 0.244521, "bias_height_fraction": 0.02, "perturbation_size": 0.005, "optimizer": "FIRE", "found_minima": [[0.6234994049, 0.02803775853], [-0.0503717371884564, 0.46679659360705955], [-0.5582236436461648, 1.4417258326442655]], "found_saddles": [[0.21380077831605776, 0.305956302628749], [-0.8416026480466586, 0.6232429337684166]], "bias_count": 353, "energy_calls_at_each_min": [1, 6562, 33061], "force_calls_at_each_min": [1, 6562, 33061]}