{"run_id": 993, "bias_std_dev_scale": 0.244521, "bias_height_fraction": 0.02, "perturbation_size": 0.005, "optimizer": "FIRE", "found_minima": [[0.6234994049, 0.02803775853], [-0.5758934610555247, 1.4586067135321683]], "found_saddles": [[-0.8115833319420558, 0.5983049527732837]], "bias_count": 5000, "energy_calls_at_each_min": [1, 32029], "force_calls_at_each_min": [1, 32029]}