{"run_id": 1090, "bias_std_dev_scale": 0.244521, "bias_height_fraction": 0.02, "perturbation_size": 0.005, "optimizer": "FIRE", "found_minima": [[0.6234994049, 0.02803775853], [-0.05045664958681201, 0.46681339204830957], [-0.5582236167556968, 1.4417258584066523]], "found_saddles": [[0.19334111314177815, 0.3002632191346788], [-0.8524920593516809, 0.6243020195032604]], "bias_count": 408, "energy_calls_at_each_min": [1, 8356, 37917], "force_calls_at_each_min": [1, 8356, 37917]}