{"run_id": 674, "bias_std_dev_scale": 0.244521, "bias_height_fraction": 0.02, "perturbation_size": 0.005, "optimizer": "FIRE", "found_minima": [[0.6234994049, 0.02803775853], [-0.050504345691886, 0.4668455720962329], [-0.5582236266183217, 1.4417258473171821]], "found_saddles": [[0.15424113699822714, 0.15324285657605768], [-0.825537741083618, 0.6029871269663307]], "bias_count": 251, "energy_calls_at_each_min": [1, 5890, 25364], "force_calls_at_each_min": [1, 5890, 25364]}