{"run_id": 107, "bias_std_dev_scale": 0.244521, "bias_height_fraction": 0.02, "perturbation_size": 0.005, "optimizer": "FIRE", "found_minima": [[0.6234994049, 0.02803775853], [-0.5582236209759247, 1.4417258671085156]], "found_saddles": [[-0.8268455345008663, 0.5914466728359971]], "bias_count": 5000, "energy_calls_at_each_min": [1, 22430], "force_calls_at_each_min": [1, 22430]}