{"run_id": 654, "bias_std_dev_scale": 0.244521, "bias_height_fraction": 0.02, "perturbation_size": 0.005, "optimizer": "FIRE", "found_minima": [[0.6234994049, 0.02803775853], [-0.5582236458449245, 1.441725832181462]], "found_saddles": [[-0.8243417748474811, 0.604624477023525]], "bias_count": 5000, "energy_calls_at_each_min": [1, 23344], "force_calls_at_each_min": [1, 23344]}