{"run_id": 269, "bias_std_dev_scale": 0.244521, "bias_height_fraction": 0.02, "perturbation_size": 0.005, "optimizer": "FIRE", "found_minima": [[0.6234994049, 0.02803775853], [-0.050835836893223275, 0.466930126572233], [-0.5582236469161347, 1.4417258307681422]], "found_saddles": [[0.2250305721671931, 0.2872859301684578], [-0.8308233623510765, 0.6122054399212481]], "bias_count": 344, "energy_calls_at_each_min": [1, 5558, 30780], "force_calls_at_each_min": [1, 5558, 30780]}