{"run_id": 87, "bias_std_dev_scale": 0.244521, "bias_height_fraction": 0.02, "perturbation_size": 0.005, "optimizer": "FIRE", "found_minima": [[0.6234994049, 0.02803775853], [-0.5582234910847776, 1.441726095617848]], "found_saddles": [[-0.8326471006830993, 0.6241908800268218]], "bias_count": 5000, "energy_calls_at_each_min": [1, 21182], "force_calls_at_each_min": [1, 21182]}