{"run_id": 1009, "bias_std_dev_scale": 0.244521, "bias_height_fraction": 0.02, "perturbation_size": 0.005, "optimizer": "FIRE", "found_minima": [[0.6234994049, 0.02803775853], [-0.5582231644566443, 1.4417264838293058]], "found_saddles": [[-0.8641828378118422, 0.5697577651778999]], "bias_count": 5000, "energy_calls_at_each_min": [1, 27828], "force_calls_at_each_min": [1, 27828]}