{"run_id": 48, "bias_std_dev_scale": 0.244521, "bias_height_fraction": 0.02, "perturbation_size": 0.005, "optimizer": "FIRE", "found_minima": [[0.6234994049, 0.02803775853], [-0.050517612563796166, 0.46682802271661683], [-0.5582236202706945, 1.4417258561866877]], "found_saddles": [[0.21117861005546806, 0.29213476440159725], [-0.8390254309460762, 0.6186151220491144]], "bias_count": 271, "energy_calls_at_each_min": [1, 4919, 26521], "force_calls_at_each_min": [1, 4919, 26521]}