{"run_id": 1107, "bias_std_dev_scale": 0.244521, "bias_height_fraction": 0.02, "perturbation_size": 0.005, "optimizer": "FIRE", "found_minima": [[0.6234994049, 0.02803775853], [-0.5582236217309392, 1.4417258613216148]], "found_saddles": [[-0.8164112095490567, 0.6070838436548007]], "bias_count": 5000, "energy_calls_at_each_min": [1, 33852], "force_calls_at_each_min": [1, 33852]}