{"run_id": 427, "bias_std_dev_scale": 0.244521, "bias_height_fraction": 0.02, "perturbation_size": 0.005, "optimizer": "FIRE", "found_minima": [[0.6234994049, 0.02803775853], [-0.5582235455517327, 1.4417259578791968]], "found_saddles": [[-0.8708746920583628, 0.5777406728008336]], "bias_count": 5000, "energy_calls_at_each_min": [1, 26454], "force_calls_at_each_min": [1, 26454]}