{"run_id": 606, "bias_std_dev_scale": 0.244521, "bias_height_fraction": 0.02, "perturbation_size": 0.005, "optimizer": "FIRE", "found_minima": [[0.6234994049, 0.02803775853], [-0.05056589101417551, 0.4668465430034438], [-0.5582236117784501, 1.4417258647853124]], "found_saddles": [[0.19889392735513303, 0.3090477915159663], [-0.8474662592149079, 0.6212981309993232]], "bias_count": 377, "energy_calls_at_each_min": [1, 8117, 35525], "force_calls_at_each_min": [1, 8117, 35525]}