{"run_id": 1142, "bias_std_dev_scale": 0.244521, "bias_height_fraction": 0.02, "perturbation_size": 0.005, "optimizer": "FIRE", "found_minima": [[0.6234994049, 0.02803775853], [-0.5582233950690036, 1.441726139856502]], "found_saddles": [[-0.8479643090578702, 0.5589487762032603]], "bias_count": 5000, "energy_calls_at_each_min": [1, 28968], "force_calls_at_each_min": [1, 28968]}