{"run_id": 869, "bias_std_dev_scale": 0.244521, "bias_height_fraction": 0.02, "perturbation_size": 0.005, "optimizer": "FIRE", "found_minima": [[0.6234994049, 0.02803775853], [-0.05046021631652066, 0.4668102933583699], [-0.5582236178612983, 1.4417258570504357]], "found_saddles": [[0.18500631250043217, 0.2831419621099433], [-0.8396284160083752, 0.6132611045056969]], "bias_count": 355, "energy_calls_at_each_min": [1, 7800, 34564], "force_calls_at_each_min": [1, 7800, 34564]}