{"run_id": 643, "bias_std_dev_scale": 0.244521, "bias_height_fraction": 0.02, "perturbation_size": 0.005, "optimizer": "FIRE", "found_minima": [[0.6234994049, 0.02803775853], [-0.5582236335756753, 1.4417258463639182]], "found_saddles": [[-0.8341399881138479, 0.6144013890420934]], "bias_count": 5000, "energy_calls_at_each_min": [1, 28189], "force_calls_at_each_min": [1, 28189]}