{"run_id": 200, "bias_std_dev_scale": 0.244521, "bias_height_fraction": 0.02, "perturbation_size": 0.005, "optimizer": "FIRE", "found_minima": [[0.6234994049, 0.02803775853], [-0.5582236454645202, 1.4417258288628756]], "found_saddles": [[-0.8419204421282097, 0.6202988894545439]], "bias_count": 5000, "energy_calls_at_each_min": [1, 25657], "force_calls_at_each_min": [1, 25657]}