{"run_id": 51, "bias_std_dev_scale": 0.244521, "bias_height_fraction": 0.02, "perturbation_size": 0.005, "optimizer": "FIRE", "found_minima": [[0.6234994049, 0.02803775853], [-0.5582236019406335, 1.4417258821010113]], "found_saddles": [[-0.8308843819751074, 0.6154226687229459]], "bias_count": 5000, "energy_calls_at_each_min": [1, 27401], "force_calls_at_each_min": [1, 27401]}