{"run_id": 300, "bias_std_dev_scale": 0.244521, "bias_height_fraction": 0.02, "perturbation_size": 0.005, "optimizer": "FIRE", "found_minima": [[0.6234994049, 0.02803775853], [-0.5582236376496538, 1.4417258414290461]], "found_saddles": [[-0.8278822055850116, 0.5887439055097149]], "bias_count": 5000, "energy_calls_at_each_min": [1, 28510], "force_calls_at_each_min": [1, 28510]}