{"run_id": 476, "bias_std_dev_scale": 0.244521, "bias_height_fraction": 0.02, "perturbation_size": 0.005, "optimizer": "FIRE", "found_minima": [[0.6234994049, 0.02803775853], [-0.050845128929381776, 0.4669235853012935], [-0.5582236540934156, 1.4417258231607546]], "found_saddles": [[0.23649044704008948, 0.3195363966716641], [-0.8215638385082784, 0.6054505802802324]], "bias_count": 171, "energy_calls_at_each_min": [1, 3284, 16582], "force_calls_at_each_min": [1, 3284, 16582]}