{"run_id": 159, "bias_std_dev_scale": 0.244521, "bias_height_fraction": 0.02, "perturbation_size": 0.005, "optimizer": "FIRE", "found_minima": [[0.6234994049, 0.02803775853], [-0.05079949849944946, 0.4669121326381181], [-0.5582236203584466, 1.441725855184315]], "found_saddles": [[0.16496190400270314, 0.26735826761097004], [-0.820176619296514, 0.63074028677445]], "bias_count": 311, "energy_calls_at_each_min": [1, 5330, 28579], "force_calls_at_each_min": [1, 5330, 28579]}