{"run_id": 627, "bias_std_dev_scale": 0.244521, "bias_height_fraction": 0.02, "perturbation_size": 0.005, "optimizer": "FIRE", "found_minima": [[0.6234994049, 0.02803775853], [-0.05105153251585697, 0.46697356956887737], [-0.5582236398257392, 1.4417258400482256]], "found_saddles": [[0.1960387466023506, 0.30873732245520635], [-0.8315502220436581, 0.6233459816715103]], "bias_count": 349, "energy_calls_at_each_min": [1, 6959, 33803], "force_calls_at_each_min": [1, 6959, 33803]}