{"run_id": 91, "bias_std_dev_scale": 0.244521, "bias_height_fraction": 0.02, "perturbation_size": 0.005, "optimizer": "FIRE", "found_minima": [[0.6234994049, 0.02803775853], [-0.05053354750481376, 0.466851838501988], [-0.5582236442292495, 1.4417258328230727]], "found_saddles": [[0.23774724117403545, 0.29997995437627], [-0.8346230575358439, 0.6108812823534627]], "bias_count": 237, "energy_calls_at_each_min": [1, 4150, 22757], "force_calls_at_each_min": [1, 4150, 22757]}