{"run_id": 530, "bias_std_dev_scale": 0.244521, "bias_height_fraction": 0.02, "perturbation_size": 0.005, "optimizer": "FIRE", "found_minima": [[0.6234994049, 0.02803775853], [-0.5582236292233819, 1.4417258450826704]], "found_saddles": [[-0.8212135526737684, 0.6045929167091071]], "bias_count": 5000, "energy_calls_at_each_min": [1, 22432], "force_calls_at_each_min": [1, 22432]}