{"run_id": 118, "bias_std_dev_scale": 0.244521, "bias_height_fraction": 0.02, "perturbation_size": 0.005, "optimizer": "FIRE", "found_minima": [[0.6234994049, 0.02803775853], [-0.5582234977118578, 1.4417260047091307]], "found_saddles": [[-0.8364402320885538, 0.6201319373384466]], "bias_count": 5000, "energy_calls_at_each_min": [1, 17017], "force_calls_at_each_min": [1, 17017]}