{"run_id": 240, "bias_std_dev_scale": 0.244521, "bias_height_fraction": 0.02, "perturbation_size": 0.005, "optimizer": "FIRE", "found_minima": [[0.6234994049, 0.02803775853], [-0.050323238934160165, 0.46677153667893856], [-0.5582235762590653, 1.4417259179096795]], "found_saddles": [[0.20538507609876827, 0.2658672946139528], [-0.8434188458367502, 0.6056202778228763]], "bias_count": 222, "energy_calls_at_each_min": [1, 3516, 22132], "force_calls_at_each_min": [1, 3516, 22132]}