{"run_id": 57, "bias_std_dev_scale": 0.244521, "bias_height_fraction": 0.02, "perturbation_size": 0.005, "optimizer": "FIRE", "found_minima": [[0.6234994049, 0.02803775853], [-0.5582236293277366, 1.4417258458164832]], "found_saddles": [[-0.8122855484811772, 0.5972375957458335]], "bias_count": 5000, "energy_calls_at_each_min": [1, 24611], "force_calls_at_each_min": [1, 24611]}