{"run_id": 423, "bias_std_dev_scale": 0.244521, "bias_height_fraction": 0.02, "perturbation_size": 0.005, "optimizer": "FIRE", "found_minima": [[0.6234994049, 0.02803775853], [-0.5582236299240554, 1.4417258437768115]], "found_saddles": [[-0.8310254132053959, 0.6214990026938196]], "bias_count": 5000, "energy_calls_at_each_min": [1, 22874], "force_calls_at_each_min": [1, 22874]}