{"run_id": 160, "bias_std_dev_scale": 0.244521, "bias_height_fraction": 0.02, "perturbation_size": 0.005, "optimizer": "FIRE", "found_minima": [[0.6234994049, 0.02803775853], [-0.05127541663947454, 0.4669822204759836], [-0.5582236277927161, 1.441725856306886]], "found_saddles": [[0.20655709805659922, 0.27230885915291714], [-0.8386550190844073, 0.6250781261317501]], "bias_count": 319, "energy_calls_at_each_min": [1, 5519, 29870], "force_calls_at_each_min": [1, 5519, 29870]}