{"run_id": 387, "bias_std_dev_scale": 0.244521, "bias_height_fraction": 0.02, "perturbation_size": 0.005, "optimizer": "FIRE", "found_minima": [[0.6234994049, 0.02803775853], [-0.05100854130889438, 0.4669646572851888], [-0.5582236108734526, 1.4417258654916996]], "found_saddles": [[0.20747146299135308, 0.2950488501142081], [-0.8562353210088014, 0.6154011649485078]], "bias_count": 346, "energy_calls_at_each_min": [1, 7127, 32491], "force_calls_at_each_min": [1, 7127, 32491]}