{"run_id": 857, "bias_std_dev_scale": 0.244521, "bias_height_fraction": 0.02, "perturbation_size": 0.005, "optimizer": "FIRE", "found_minima": [[0.6234994049, 0.02803775853], [-0.558223432583702, 1.4417261213180768]], "found_saddles": [[-0.8479856380747196, 0.5396366643145278]], "bias_count": 5000, "energy_calls_at_each_min": [1, 38895], "force_calls_at_each_min": [1, 38895]}