{"run_id": 878, "bias_std_dev_scale": 0.244521, "bias_height_fraction": 0.02, "perturbation_size": 0.005, "optimizer": "FIRE", "found_minima": [[0.6234994049, 0.02803775853], [-0.5582234273273791, 1.441726097806114]], "found_saddles": [[-0.8195340000664563, 0.6132566450690169]], "bias_count": 5000, "energy_calls_at_each_min": [1, 26448], "force_calls_at_each_min": [1, 26448]}