{"run_id": 873, "bias_std_dev_scale": 0.244521, "bias_height_fraction": 0.02, "perturbation_size": 0.005, "optimizer": "FIRE", "found_minima": [[0.6234994049, 0.02803775853], [-0.05054025663834376, 0.46684391287788907], [-0.5582236502432767, 1.4417258263958495]], "found_saddles": [[0.18271666451341717, 0.2706519815676341], [-0.8279352013465882, 0.6062917005215581]], "bias_count": 346, "energy_calls_at_each_min": [1, 6819, 32853], "force_calls_at_each_min": [1, 6819, 32853]}