{"run_id": 905, "bias_std_dev_scale": 0.244521, "bias_height_fraction": 0.02, "perturbation_size": 0.005, "optimizer": "FIRE", "found_minima": [[0.6234994049, 0.02803775853], [-0.05081973825643067, 0.4668761063715832], [-0.5582236273266777, 1.441725850409348]], "found_saddles": [[0.23634613636908985, 0.293515116415238], [-0.843847005929026, 0.6198972614500554]], "bias_count": 276, "energy_calls_at_each_min": [1, 4761, 26411], "force_calls_at_each_min": [1, 4761, 26411]}