{"run_id": 421, "bias_std_dev_scale": 0.244521, "bias_height_fraction": 0.02, "perturbation_size": 0.005, "optimizer": "FIRE", "found_minima": [[0.6234994049, 0.02803775853], [-0.05049345178343475, 0.46682422343195723], [-0.5582236127858273, 1.441725863997736]], "found_saddles": [[0.20944880709701122, 0.307499217748697], [-0.8466131035890603, 0.6238874831394967]], "bias_count": 256, "energy_calls_at_each_min": [1, 5643, 25021], "force_calls_at_each_min": [1, 5643, 25021]}