{"run_id": 926, "bias_std_dev_scale": 0.244521, "bias_height_fraction": 0.02, "perturbation_size": 0.005, "optimizer": "FIRE", "found_minima": [[0.6234994049, 0.02803775853], [-0.0512456274129069, 0.46699519606550033], [-0.5582236531039196, 1.4417258238484874]], "found_saddles": [[0.21847398184920394, 0.31799299239349144], [-0.8266421620276021, 0.606680761702042]], "bias_count": 234, "energy_calls_at_each_min": [1, 5048, 22512], "force_calls_at_each_min": [1, 5048, 22512]}