{"run_id": 433, "bias_std_dev_scale": 0.244521, "bias_height_fraction": 0.02, "perturbation_size": 0.005, "optimizer": "FIRE", "found_minima": [[0.6234994049, 0.02803775853], [-0.5582236235983233, 1.4417258510830722]], "found_saddles": [[-0.812950313591399, 0.6466154012438656]], "bias_count": 5000, "energy_calls_at_each_min": [1, 25310], "force_calls_at_each_min": [1, 25310]}