{"run_id": 176, "bias_std_dev_scale": 0.244521, "bias_height_fraction": 0.02, "perturbation_size": 0.005, "optimizer": "FIRE", "found_minima": [[0.6234994049, 0.02803775853], [-0.05058242229911477, 0.4668425171624123], [-0.5582236540066695, 1.441725823404302]], "found_saddles": [[0.13042748402342386, 0.19899799264909412], [-0.8418598776563941, 0.6098673168196368]], "bias_count": 309, "energy_calls_at_each_min": [1, 6387, 29350], "force_calls_at_each_min": [1, 6387, 29350]}