{"run_id": 843, "bias_std_dev_scale": 0.244521, "bias_height_fraction": 0.02, "perturbation_size": 0.005, "optimizer": "FIRE", "found_minima": [[0.6234994049, 0.02803775853], [-0.55822356614322, 1.4417259285448865]], "found_saddles": [[-0.8510409664005724, 0.6220537170036273]], "bias_count": 5000, "energy_calls_at_each_min": [1, 22804], "force_calls_at_each_min": [1, 22804]}