{"run_id": 451, "bias_std_dev_scale": 0.244521, "bias_height_fraction": 0.02, "perturbation_size": 0.005, "optimizer": "FIRE", "found_minima": [[0.6234994049, 0.02803775853], [-0.05084862842321239, 0.46691700644524636], [-0.5582236536381707, 1.4417258237374073]], "found_saddles": [[0.13416135776747826, 0.18533687415014236], [-0.8481146653239916, 0.6123669705596285]], "bias_count": 247, "energy_calls_at_each_min": [1, 5587, 24243], "force_calls_at_each_min": [1, 5587, 24243]}