{"run_id": 446, "bias_std_dev_scale": 0.244521, "bias_height_fraction": 0.02, "perturbation_size": 0.005, "optimizer": "FIRE", "found_minima": [[0.6234994049, 0.02803775853], [-0.5582236397303796, 1.4417258395977466]], "found_saddles": [[-0.8249620302611175, 0.6225096755206805]], "bias_count": 5000, "energy_calls_at_each_min": [1, 24615], "force_calls_at_each_min": [1, 24615]}