{"run_id": 764, "bias_std_dev_scale": 0.244521, "bias_height_fraction": 0.02, "perturbation_size": 0.005, "optimizer": "FIRE", "found_minima": [[0.6234994049, 0.02803775853], [-0.05076533720140063, 0.46690801413099564], [-0.5582236184389483, 1.4417258582615131]], "found_saddles": [[0.20962108930736995, 0.28694027664026117], [-0.8213966683057901, 0.6074012017263533]], "bias_count": 257, "energy_calls_at_each_min": [1, 5849, 24709], "force_calls_at_each_min": [1, 5849, 24709]}