{"run_id": 38, "bias_std_dev_scale": 0.244521, "bias_height_fraction": 0.02, "perturbation_size": 0.005, "optimizer": "FIRE", "found_minima": [[0.6234994049, 0.02803775853], [-0.5582236108224331, 1.4417258694474033]], "found_saddles": [[-0.8229976864419363, 0.5960896732609064]], "bias_count": 5000, "energy_calls_at_each_min": [1, 29129], "force_calls_at_each_min": [1, 29129]}