{"run_id": 702, "bias_std_dev_scale": 0.244521, "bias_height_fraction": 0.02, "perturbation_size": 0.005, "optimizer": "FIRE", "found_minima": [[0.6234994049, 0.02803775853], [-0.5582233876893788, 1.4417261560382548]], "found_saddles": [[-0.832431495030451, 0.6185501890831537]], "bias_count": 5000, "energy_calls_at_each_min": [1, 22377], "force_calls_at_each_min": [1, 22377]}