{"run_id": 676, "bias_std_dev_scale": 0.244521, "bias_height_fraction": 0.02, "perturbation_size": 0.005, "optimizer": "FIRE", "found_minima": [[0.6234994049, 0.02803775853], [-0.05112529077769616, 0.4670035830096155], [-0.5582236263126226, 1.4417258555290775]], "found_saddles": [[0.16911678250440526, 0.24238714644358655], [-0.844509372851638, 0.6206063237552099]], "bias_count": 258, "energy_calls_at_each_min": [1, 6710, 25763], "force_calls_at_each_min": [1, 6710, 25763]}