{"run_id": 255, "bias_std_dev_scale": 0.244521, "bias_height_fraction": 0.02, "perturbation_size": 0.005, "optimizer": "FIRE", "found_minima": [[0.6234994049, 0.02803775853], [-0.050824464830590416, 0.4669210685888408], [-0.5582236450186303, 1.4417258295832742]], "found_saddles": [[0.224860451913194, 0.3120858767748363], [-0.8416937048202052, 0.6183990285838434]], "bias_count": 366, "energy_calls_at_each_min": [1, 6972, 35127], "force_calls_at_each_min": [1, 6972, 35127]}