{"run_id": 588, "bias_std_dev_scale": 0.244521, "bias_height_fraction": 0.02, "perturbation_size": 0.005, "optimizer": "FIRE", "found_minima": [[0.6234994049, 0.02803775853], [-0.05112827517221693, 0.46700310924674054], [-0.5582236385830716, 1.4417258402371966]], "found_saddles": [[0.18605158882878714, 0.27980983761533973], [-0.7878454966227088, 0.635473038719252]], "bias_count": 250, "energy_calls_at_each_min": [1, 3912, 24999], "force_calls_at_each_min": [1, 3912, 24999]}