{"run_id": 278, "bias_std_dev_scale": 0.244521, "bias_height_fraction": 0.02, "perturbation_size": 0.005, "optimizer": "FIRE", "found_minima": [[0.6234994049, 0.02803775853], [-0.05098062956327182, 0.4669114467583965], [-0.5582236304409904, 1.4417258479927533]], "found_saddles": [[0.233535470678833, 0.2813920387408665], [-0.850015996756276, 0.6237863100960103]], "bias_count": 293, "energy_calls_at_each_min": [1, 5215, 26691], "force_calls_at_each_min": [1, 5215, 26691]}