{"run_id": 274, "bias_std_dev_scale": 0.244521, "bias_height_fraction": 0.02, "perturbation_size": 0.005, "optimizer": "FIRE", "found_minima": [[0.6234994049, 0.02803775853], [-0.5582235532986696, 1.4417259527758084]], "found_saddles": [[-0.8248934690041796, 0.6108862375213647]], "bias_count": 5000, "energy_calls_at_each_min": [1, 27096], "force_calls_at_each_min": [1, 27096]}