{"run_id": 29, "bias_std_dev_scale": 0.244521, "bias_height_fraction": 0.02, "perturbation_size": 0.005, "optimizer": "FIRE", "found_minima": [[0.6234994049, 0.02803775853], [-0.5582235965768626, 1.4417258919857094]], "found_saddles": [[-0.8198993672294406, 0.5937654142943377]], "bias_count": 5000, "energy_calls_at_each_min": [1, 25627], "force_calls_at_each_min": [1, 25627]}