{"run_id": 354, "bias_std_dev_scale": 0.244521, "bias_height_fraction": 0.02, "perturbation_size": 0.005, "optimizer": "FIRE", "found_minima": [[0.6234994049, 0.02803775853], [-0.5582236446187171, 1.4417258311463101]], "found_saddles": [[-0.8291682321018686, 0.6112045299977462]], "bias_count": 5000, "energy_calls_at_each_min": [1, 21202], "force_calls_at_each_min": [1, 21202]}