{"run_id": 158, "bias_std_dev_scale": 0.244521, "bias_height_fraction": 0.02, "perturbation_size": 0.005, "optimizer": "FIRE", "found_minima": [[0.6234994049, 0.02803775853], [-0.05098312660291109, 0.46694786135270355], [-0.5582236381087448, 1.441725841005008]], "found_saddles": [[0.21047666839955342, 0.3167395773087074], [-0.8169706206935542, 0.5987190715854441]], "bias_count": 258, "energy_calls_at_each_min": [1, 5582, 23793], "force_calls_at_each_min": [1, 5582, 23793]}