{"run_id": 475, "bias_std_dev_scale": 0.244521, "bias_height_fraction": 0.02, "perturbation_size": 0.005, "optimizer": "FIRE", "found_minima": [[0.6234994049, 0.02803775853], [-0.05023691732587388, 0.4667573095960268], [-0.5582236362072452, 1.441725840267531]], "found_saddles": [[0.20672547252011536, 0.30347220911176825], [-0.8251406739832593, 0.5981890932753776]], "bias_count": 219, "energy_calls_at_each_min": [1, 3885, 21885], "force_calls_at_each_min": [1, 3885, 21885]}