{"run_id": 1057, "bias_std_dev_scale": 0.244521, "bias_height_fraction": 0.02, "perturbation_size": 0.005, "optimizer": "FIRE", "found_minima": [[0.6234994049, 0.02803775853], [-0.05041376937670626, 0.4668016907085748], [-0.5582236368482352, 1.4417258439850367]], "found_saddles": [[0.19665414196582873, 0.30904471961961877], [-0.853497164629277, 0.596498237449349]], "bias_count": 240, "energy_calls_at_each_min": [1, 5985, 23525], "force_calls_at_each_min": [1, 5985, 23525]}