{"run_id": 1182, "bias_std_dev_scale": 0.244521, "bias_height_fraction": 0.02, "perturbation_size": 0.005, "optimizer": "FIRE", "found_minima": [[0.6234994049, 0.02803775853], [-0.558223639951103, 1.4417258385880038]], "found_saddles": [[-0.828225997216836, 0.611612923301166]], "bias_count": 5000, "energy_calls_at_each_min": [1, 18343], "force_calls_at_each_min": [1, 18343]}