{"run_id": 290, "bias_std_dev_scale": 0.244521, "bias_height_fraction": 0.02, "perturbation_size": 0.005, "optimizer": "FIRE", "found_minima": [[0.6234994049, 0.02803775853], [-0.5582236364139745, 1.4417258424366755]], "found_saddles": [[-0.8450758936754986, 0.622623081004712]], "bias_count": 5000, "energy_calls_at_each_min": [1, 29182], "force_calls_at_each_min": [1, 29182]}