{"run_id": 1055, "bias_std_dev_scale": 0.244521, "bias_height_fraction": 0.02, "perturbation_size": 0.005, "optimizer": "FIRE", "found_minima": [[0.6234994049, 0.02803775853], [-0.5582234728779198, 1.4417260503245735]], "found_saddles": [[-0.8454384169638326, 0.6285693575514254]], "bias_count": 5000, "energy_calls_at_each_min": [1, 22970], "force_calls_at_each_min": [1, 22970]}