{"run_id": 557, "bias_std_dev_scale": 0.244521, "bias_height_fraction": 0.02, "perturbation_size": 0.005, "optimizer": "FIRE", "found_minima": [[0.6234994049, 0.02803775853], [-0.5582236381184422, 1.4417258446601164]], "found_saddles": [[-0.8090291797184997, 0.6143685144788286]], "bias_count": 5000, "energy_calls_at_each_min": [1, 24830], "force_calls_at_each_min": [1, 24830]}