{"run_id": 156, "bias_std_dev_scale": 0.244521, "bias_height_fraction": 0.02, "perturbation_size": 0.005, "optimizer": "FIRE", "found_minima": [[0.6234994049, 0.02803775853], [-0.051004747932077356, 0.4669331492064024], [-0.5582236115636457, 1.4417258651779357]], "found_saddles": [[0.22631696264354825, 0.2870571029123192], [-0.802567666035641, 0.6124713580269183]], "bias_count": 324, "energy_calls_at_each_min": [1, 6702, 30899], "force_calls_at_each_min": [1, 6702, 30899]}