{"run_id": 786, "bias_std_dev_scale": 0.244521, "bias_height_fraction": 0.02, "perturbation_size": 0.005, "optimizer": "FIRE", "found_minima": [[0.6234994049, 0.02803775853], [-0.558223621004008, 1.4417258557541357]], "found_saddles": [[-0.821838533876159, 0.6088682825092192]], "bias_count": 5000, "energy_calls_at_each_min": [1, 18799], "force_calls_at_each_min": [1, 18799]}