{"run_id": 672, "bias_std_dev_scale": 0.244521, "bias_height_fraction": 0.02, "perturbation_size": 0.005, "optimizer": "FIRE", "found_minima": [[0.6234994049, 0.02803775853], [-0.05034836575099869, 0.4667824960783285], [-0.5582236305496963, 1.4417258426026383]], "found_saddles": [[0.2017441016388134, 0.29266166027805857], [-0.8270294990068251, 0.6109128894832617]], "bias_count": 267, "energy_calls_at_each_min": [1, 5461, 26108], "force_calls_at_each_min": [1, 5461, 26108]}