{"run_id": 194, "bias_std_dev_scale": 0.244521, "bias_height_fraction": 0.02, "perturbation_size": 0.005, "optimizer": "FIRE", "found_minima": [[0.6234994049, 0.02803775853], [-0.5582235708378162, 1.441725927493338]], "found_saddles": [[-0.8189862882038197, 0.6083937710854175]], "bias_count": 5000, "energy_calls_at_each_min": [1, 14549], "force_calls_at_each_min": [1, 14549]}