{"run_id": 1095, "bias_std_dev_scale": 0.244521, "bias_height_fraction": 0.02, "perturbation_size": 0.005, "optimizer": "FIRE", "found_minima": [[0.6234994049, 0.02803775853], [-0.05104657153217404, 0.46698476742188677], [-0.5582235968010503, 1.4417258851492105]], "found_saddles": [[0.1542445170947961, 0.278006002748008], [-0.834409539635371, 0.6216506665034554]], "bias_count": 367, "energy_calls_at_each_min": [1, 6628, 34702], "force_calls_at_each_min": [1, 6628, 34702]}