{"run_id": 103, "bias_std_dev_scale": 0.244521, "bias_height_fraction": 0.02, "perturbation_size": 0.005, "optimizer": "FIRE", "found_minima": [[0.6234994049, 0.02803775853], [-0.0508604296462062, 0.46693734654650326], [-0.558223626829317, 1.4417258467733505]], "found_saddles": [[0.2325814558276659, 0.2974803005054448], [-0.8533869516414758, 0.6241393509417129]], "bias_count": 207, "energy_calls_at_each_min": [1, 4049, 21212], "force_calls_at_each_min": [1, 4049, 21212]}