{"run_id": 304, "bias_std_dev_scale": 0.244521, "bias_height_fraction": 0.02, "perturbation_size": 0.005, "optimizer": "FIRE", "found_minima": [[0.6234994049, 0.02803775853], [-0.0504720699336372, 0.46682730257222615], [-0.5582236279997346, 1.4417258571449887]], "found_saddles": [[0.21557049925400407, 0.27845456520584144], [-0.8202253663413758, 0.6092793797300795]], "bias_count": 256, "energy_calls_at_each_min": [1, 4595, 23853], "force_calls_at_each_min": [1, 4595, 23853]}