{"run_id": 711, "bias_std_dev_scale": 0.244521, "bias_height_fraction": 0.02, "perturbation_size": 0.005, "optimizer": "FIRE", "found_minima": [[0.6234994049, 0.02803775853], [-0.5582235942208162, 1.441725904889633]], "found_saddles": [[-0.8215220873136356, 0.6253016104784163]], "bias_count": 5000, "energy_calls_at_each_min": [1, 22231], "force_calls_at_each_min": [1, 22231]}