{"run_id": 154, "bias_std_dev_scale": 0.244521, "bias_height_fraction": 0.02, "perturbation_size": 0.005, "optimizer": "FIRE", "found_minima": [[0.6234994049, 0.02803775853], [-0.050889635752321555, 0.4669282271451872], [-0.5582236270763636, 1.4417258509125404]], "found_saddles": [[0.15407353668061474, 0.22104604258372124], [-0.8450710145923204, 0.6191607454253497]], "bias_count": 323, "energy_calls_at_each_min": [1, 8189, 32836], "force_calls_at_each_min": [1, 8189, 32836]}