{"run_id": 143, "bias_std_dev_scale": 0.244521, "bias_height_fraction": 0.02, "perturbation_size": 0.005, "optimizer": "FIRE", "found_minima": [[0.6234994049, 0.02803775853], [-0.050894552087156535, 0.46692963775844054], [-0.5582236469817987, 1.4417258312026588]], "found_saddles": [[0.1550975522981208, 0.2176418845104562], [-0.8417488126800396, 0.6274101374206498]], "bias_count": 367, "energy_calls_at_each_min": [1, 8583, 36188], "force_calls_at_each_min": [1, 8583, 36188]}