{"run_id": 618, "bias_std_dev_scale": 0.244521, "bias_height_fraction": 0.02, "perturbation_size": 0.005, "optimizer": "FIRE", "found_minima": [[0.6234994049, 0.02803775853], [-0.05109412761698512, 0.466967386635903], [-0.558223625119545, 1.4417258537509148]], "found_saddles": [[0.15325678619432107, 0.18797193797559195], [-0.8416691257762975, 0.620987207360902]], "bias_count": 386, "energy_calls_at_each_min": [1, 7763, 36036], "force_calls_at_each_min": [1, 7763, 36036]}