{"run_id": 554, "bias_std_dev_scale": 0.244521, "bias_height_fraction": 0.02, "perturbation_size": 0.005, "optimizer": "FIRE", "found_minima": [[0.6234994049, 0.02803775853], [-0.050486819461832866, 0.4668376687529523], [-0.5582236487797696, 1.4417258305826766]], "found_saddles": [[0.17060156666418075, 0.27269178798020405], [-0.8224515847654613, 0.6104152209847978]], "bias_count": 274, "energy_calls_at_each_min": [1, 4988, 26312], "force_calls_at_each_min": [1, 4988, 26312]}