{"run_id": 32, "bias_std_dev_scale": 0.244521, "bias_height_fraction": 0.02, "perturbation_size": 0.005, "optimizer": "FIRE", "found_minima": [[0.6234994049, 0.02803775853], [-0.558223555845458, 1.4417259593567398]], "found_saddles": [[-0.8174164403183284, 0.6013229514411027]], "bias_count": 5000, "energy_calls_at_each_min": [1, 30057], "force_calls_at_each_min": [1, 30057]}