{"run_id": 1193, "bias_std_dev_scale": 0.244521, "bias_height_fraction": 0.02, "perturbation_size": 0.005, "optimizer": "FIRE", "found_minima": [[0.6234994049, 0.02803775853], [-0.05065379750288365, 0.46683066052231564], [-0.5582236475778888, 1.4417258302913987]], "found_saddles": [[0.21490837531295406, 0.31569942751754715], [-0.8139877208563477, 0.6055933822569064]], "bias_count": 191, "energy_calls_at_each_min": [1, 4232, 18906], "force_calls_at_each_min": [1, 4232, 18906]}