{"run_id": 810, "bias_std_dev_scale": 0.244521, "bias_height_fraction": 0.02, "perturbation_size": 0.005, "optimizer": "FIRE", "found_minima": [[0.6234994049, 0.02803775853], [-0.5582236382121526, 1.4417258355726932]], "found_saddles": [[-0.8373071213477202, 0.629455816878185]], "bias_count": 5000, "energy_calls_at_each_min": [1, 22663], "force_calls_at_each_min": [1, 22663]}