{"run_id": 408, "bias_std_dev_scale": 0.244521, "bias_height_fraction": 0.02, "perturbation_size": 0.005, "optimizer": "FIRE", "found_minima": [[0.6234994049, 0.02803775853], [-0.051043562065213176, 0.4669697566571783], [-0.5582236284162205, 1.4417258453865613]], "found_saddles": [[0.20746633305031847, 0.3109522058875672], [-0.8231180236845341, 0.6030644336121969]], "bias_count": 283, "energy_calls_at_each_min": [1, 6277, 27472], "force_calls_at_each_min": [1, 6277, 27472]}