{"run_id": 470, "bias_std_dev_scale": 0.244521, "bias_height_fraction": 0.02, "perturbation_size": 0.005, "optimizer": "FIRE", "found_minima": [[0.6234994049, 0.02803775853], [-0.5582236468306334, 1.4417258309920538]], "found_saddles": [[-0.8489206295862437, 0.6183048936092448]], "bias_count": 5000, "energy_calls_at_each_min": [1, 21100], "force_calls_at_each_min": [1, 21100]}