{"run_id": 42, "bias_std_dev_scale": 0.244521, "bias_height_fraction": 0.02, "perturbation_size": 0.005, "optimizer": "FIRE", "found_minima": [[0.6234994049, 0.02803775853], [-0.5582233611028041, 1.4417262199663365]], "found_saddles": [[-0.8559795672164157, 0.6107442894179359]], "bias_count": 5000, "energy_calls_at_each_min": [1, 32758], "force_calls_at_each_min": [1, 32758]}