{"run_id": 188, "bias_std_dev_scale": 0.244521, "bias_height_fraction": 0.02, "perturbation_size": 0.005, "optimizer": "FIRE", "found_minima": [[0.6234994049, 0.02803775853], [-0.051195515904552846, 0.4670078782735211], [-0.5582236445457958, 1.441725831837405]], "found_saddles": [[0.1746814154015784, 0.24463285407304522], [-0.8400295547116666, 0.6138671787706621]], "bias_count": 268, "energy_calls_at_each_min": [1, 6135, 27190], "force_calls_at_each_min": [1, 6135, 27190]}