{"run_id": 715, "bias_std_dev_scale": 0.244521, "bias_height_fraction": 0.02, "perturbation_size": 0.005, "optimizer": "FIRE", "found_minima": [[0.6234994049, 0.02803775853], [-0.050877156487559826, 0.46692372171338004], [-0.5582236507490546, 1.4417258261057055]], "found_saddles": [[0.1914141746109188, 0.2750461565091095], [-0.8426551175769879, 0.600182993141444]], "bias_count": 217, "energy_calls_at_each_min": [1, 4102, 22473], "force_calls_at_each_min": [1, 4102, 22473]}