{"run_id": 258, "bias_std_dev_scale": 0.244521, "bias_height_fraction": 0.02, "perturbation_size": 0.005, "optimizer": "FIRE", "found_minima": [[0.6234994049, 0.02803775853], [-0.05042223947997131, 0.46681582295487106], [-0.5582236200647172, 1.441725860452057]], "found_saddles": [[0.21175788174515456, 0.3012124996014862], [-0.8440010059777275, 0.6228448485888138]], "bias_count": 335, "energy_calls_at_each_min": [1, 5912, 31576], "force_calls_at_each_min": [1, 5912, 31576]}