{"run_id": 414, "bias_std_dev_scale": 0.244521, "bias_height_fraction": 0.02, "perturbation_size": 0.005, "optimizer": "FIRE", "found_minima": [[0.6234994049, 0.02803775853], [-0.5582235564930937, 1.4417259457557163]], "found_saddles": [[-0.8300165536674898, 0.6351102380230572]], "bias_count": 5000, "energy_calls_at_each_min": [1, 28951], "force_calls_at_each_min": [1, 28951]}