{"run_id": 501, "bias_std_dev_scale": 0.244521, "bias_height_fraction": 0.02, "perturbation_size": 0.005, "optimizer": "FIRE", "found_minima": [[0.6234994049, 0.02803775853], [-0.5582236269415694, 1.4417258553430787]], "found_saddles": [[-0.8284433640779821, 0.6356802716799668]], "bias_count": 5000, "energy_calls_at_each_min": [1, 33920], "force_calls_at_each_min": [1, 33920]}