{"run_id": 366, "bias_std_dev_scale": 0.244521, "bias_height_fraction": 0.02, "perturbation_size": 0.005, "optimizer": "FIRE", "found_minima": [[0.6234994049, 0.02803775853], [-0.5582236397304841, 1.441725838718719]], "found_saddles": [[-0.826600346235922, 0.5986731080652051]], "bias_count": 5000, "energy_calls_at_each_min": [1, 38979], "force_calls_at_each_min": [1, 38979]}