{"run_id": 576, "bias_std_dev_scale": 0.244521, "bias_height_fraction": 0.02, "perturbation_size": 0.005, "optimizer": "FIRE", "found_minima": [[0.6234994049, 0.02803775853], [-0.05087129397949773, 0.4668957761090621], [-0.5582236108071252, 1.441725867317786]], "found_saddles": [[0.22200318035926134, 0.2877061396255083], [-0.8486342245241348, 0.6226801795935929]], "bias_count": 221, "energy_calls_at_each_min": [1, 4795, 21906], "force_calls_at_each_min": [1, 4795, 21906]}