{"run_id": 900, "bias_std_dev_scale": 0.244521, "bias_height_fraction": 0.02, "perturbation_size": 0.005, "optimizer": "FIRE", "found_minima": [[0.6234994049, 0.02803775853], [-0.5582235539201462, 1.4417259407230039]], "found_saddles": [[-0.8396416939718631, 0.6203405369816135]], "bias_count": 5000, "energy_calls_at_each_min": [1, 20535], "force_calls_at_each_min": [1, 20535]}