{"run_id": 755, "bias_std_dev_scale": 0.244521, "bias_height_fraction": 0.02, "perturbation_size": 0.005, "optimizer": "FIRE", "found_minima": [[0.6234994049, 0.02803775853], [-0.5582236129780904, 1.4417258734065155]], "found_saddles": [[-0.8328320096065323, 0.6182911245805295]], "bias_count": 5000, "energy_calls_at_each_min": [1, 33775], "force_calls_at_each_min": [1, 33775]}