{"run_id": 229, "bias_std_dev_scale": 0.244521, "bias_height_fraction": 0.02, "perturbation_size": 0.005, "optimizer": "FIRE", "found_minima": [[0.6234994049, 0.02803775853], [-0.5582234311212854, 1.4417261020238055]], "found_saddles": [[-0.8146855960339289, 0.5995792548506472]], "bias_count": 5000, "energy_calls_at_each_min": [1, 21542], "force_calls_at_each_min": [1, 21542]}