{"run_id": 733, "bias_std_dev_scale": 0.244521, "bias_height_fraction": 0.02, "perturbation_size": 0.005, "optimizer": "FIRE", "found_minima": [[0.6234994049, 0.02803775853], [-0.5582236107934525, 1.4417258770994754]], "found_saddles": [[-0.8122695428719791, 0.612273084140475]], "bias_count": 5000, "energy_calls_at_each_min": [1, 38184], "force_calls_at_each_min": [1, 38184]}