{"run_id": 802, "bias_std_dev_scale": 0.244521, "bias_height_fraction": 0.02, "perturbation_size": 0.005, "optimizer": "FIRE", "found_minima": [[0.6234994049, 0.02803775853], [-0.5582235678158479, 1.441725930049877]], "found_saddles": [[-0.8516841131552823, 0.618793404574177]], "bias_count": 5000, "energy_calls_at_each_min": [1, 21868], "force_calls_at_each_min": [1, 21868]}