{"run_id": 723, "bias_std_dev_scale": 0.244521, "bias_height_fraction": 0.02, "perturbation_size": 0.005, "optimizer": "FIRE", "found_minima": [[0.6234994049, 0.02803775853], [-0.5582235317015465, 1.4417259917664504]], "found_saddles": [[-0.8131284648611213, 0.6046996252023249]], "bias_count": 5000, "energy_calls_at_each_min": [1, 24049], "force_calls_at_each_min": [1, 24049]}