{"run_id": 668, "bias_std_dev_scale": 0.244521, "bias_height_fraction": 0.02, "perturbation_size": 0.005, "optimizer": "FIRE", "found_minima": [[0.6234994049, 0.02803775853], [-0.5582235887656325, 1.4417259095329098]], "found_saddles": [[-0.8453849159160356, 0.6321915429393469]], "bias_count": 5000, "energy_calls_at_each_min": [1, 26381], "force_calls_at_each_min": [1, 26381]}