{"run_id": 0, "bias_std_dev_scale": 0.244521, "bias_height_fraction": 0.02, "perturbation_size": 0.005, "optimizer": "FIRE", "found_minima": [[0.6234994049, 0.02803775853], [-0.05071119757530024, 0.46687865582143734], [-0.5582236401194745, 1.4417258381678242]], "found_saddles": [[0.1268284712818606, 0.19201002441150397], [-0.8158654630734617, 0.5965968845128169]], "bias_count": 328, "energy_calls_at_each_min": [1, 9802, 30524], "force_calls_at_each_min": [1, 9802, 30524]}