{"run_id": 703, "bias_std_dev_scale": 0.244521, "bias_height_fraction": 0.02, "perturbation_size": 0.005, "optimizer": "FIRE", "found_minima": [[0.6234994049, 0.02803775853], [-0.5582234112038313, 1.441726120001261]], "found_saddles": [[-0.8350893453333643, 0.616180685963516]], "bias_count": 5000, "energy_calls_at_each_min": [1, 18945], "force_calls_at_each_min": [1, 18945]}