{"run_id": 264, "bias_std_dev_scale": 0.244521, "bias_height_fraction": 0.02, "perturbation_size": 0.005, "optimizer": "FIRE", "found_minima": [[0.6234994049, 0.02803775853], [-0.050739854314670464, 0.4668861756797157], [-0.558223649676425, 1.44172582714479]], "found_saddles": [[0.19439834700032887, 0.2845877894059046], [-0.8511795096358212, 0.5913267317865695]], "bias_count": 372, "energy_calls_at_each_min": [1, 7896, 36788], "force_calls_at_each_min": [1, 7896, 36788]}