{"run_id": 489, "bias_std_dev_scale": 0.244521, "bias_height_fraction": 0.02, "perturbation_size": 0.005, "optimizer": "FIRE", "found_minima": [[0.6234994049, 0.02803775853], [-0.5582236343558049, 1.4417258459168107]], "found_saddles": [[-0.8355735599672222, 0.6139235385557835]], "bias_count": 5000, "energy_calls_at_each_min": [1, 38106], "force_calls_at_each_min": [1, 38106]}