{"run_id": 109, "bias_std_dev_scale": 0.244521, "bias_height_fraction": 0.02, "perturbation_size": 0.005, "optimizer": "FIRE", "found_minima": [[0.6234994049, 0.02803775853], [-0.5582233423034588, 1.4417261919676032]], "found_saddles": [[-0.83532386678395, 0.6275536478818079]], "bias_count": 5000, "energy_calls_at_each_min": [1, 15771], "force_calls_at_each_min": [1, 15771]}