{"run_id": 11, "bias_std_dev_scale": 0.244521, "bias_height_fraction": 0.02, "perturbation_size": 0.005, "optimizer": "FIRE", "found_minima": [[0.6234994049, 0.02803775853], [-0.05074968018351299, 0.46688888903433134], [-0.5582236401994259, 1.4417258381929134]], "found_saddles": [[0.14479142769099426, 0.21403839269647826], [-0.8145352595482993, 0.5946902735392327]], "bias_count": 339, "energy_calls_at_each_min": [1, 9730, 32187], "force_calls_at_each_min": [1, 9730, 32187]}