{"run_id": 998, "bias_std_dev_scale": 0.244521, "bias_height_fraction": 0.02, "perturbation_size": 0.005, "optimizer": "FIRE", "found_minima": [[0.6234994049, 0.02803775853], [-0.5582235221399535, 1.4417259879140492]], "found_saddles": [[-0.8136402884081526, 0.6075765277193491]], "bias_count": 5000, "energy_calls_at_each_min": [1, 28215], "force_calls_at_each_min": [1, 28215]}