{"run_id": 84, "bias_std_dev_scale": 0.244521, "bias_height_fraction": 0.02, "perturbation_size": 0.005, "optimizer": "FIRE", "found_minima": [[0.6234994049, 0.02803775853], [-0.5582236033891633, 1.4417258832276205]], "found_saddles": [[-0.8116092040532809, 0.5999938324015747]], "bias_count": 5000, "energy_calls_at_each_min": [1, 22154], "force_calls_at_each_min": [1, 22154]}