{"run_id": 862, "bias_std_dev_scale": 0.244521, "bias_height_fraction": 0.02, "perturbation_size": 0.005, "optimizer": "FIRE", "found_minima": [[0.6234994049, 0.02803775853], [-0.0509983541541757, 0.46692001901344904], [-0.5582236518449121, 1.4417258259063648]], "found_saddles": [[0.20409343366460875, 0.27804878768978064], [-0.8514066704620091, 0.6266908737203829]], "bias_count": 378, "energy_calls_at_each_min": [1, 7578, 35746], "force_calls_at_each_min": [1, 7578, 35746]}