{"run_id": 917, "bias_std_dev_scale": 0.244521, "bias_height_fraction": 0.02, "perturbation_size": 0.005, "optimizer": "FIRE", "found_minima": [[0.6234994049, 0.02803775853], [-0.05040715499232543, 0.4668091637604111], [-0.5582236256879215, 1.4417258543315041]], "found_saddles": [[0.21786379711469345, 0.3057879052381489], [-0.831419488292232, 0.6324018604054542]], "bias_count": 262, "energy_calls_at_each_min": [1, 4522, 25299], "force_calls_at_each_min": [1, 4522, 25299]}