{"run_id": 731, "bias_std_dev_scale": 0.244521, "bias_height_fraction": 0.02, "perturbation_size": 0.005, "optimizer": "FIRE", "found_minima": [[0.6234994049, 0.02803775853], [-0.05099034216737718, 0.4669527952924552], [-0.558223632606128, 1.4417258487623654]], "found_saddles": [[0.18358017393196274, 0.25713632446377654], [-0.8155550782097299, 0.603166837227728]], "bias_count": 385, "energy_calls_at_each_min": [1, 8010, 36527], "force_calls_at_each_min": [1, 8010, 36527]}