{"run_id": 293, "bias_std_dev_scale": 0.244521, "bias_height_fraction": 0.02, "perturbation_size": 0.005, "optimizer": "FIRE", "found_minima": [[0.6234994049, 0.02803775853], [-0.5582235993556682, 1.4417258915340103]], "found_saddles": [[-0.8445940989667545, 0.5988130042587646]], "bias_count": 5000, "energy_calls_at_each_min": [1, 27450], "force_calls_at_each_min": [1, 27450]}