{"run_id": 196, "bias_std_dev_scale": 0.244521, "bias_height_fraction": 0.02, "perturbation_size": 0.005, "optimizer": "FIRE", "found_minima": [[0.6234994049, 0.02803775853], [-0.5582235968146475, 1.4417258903738612]], "found_saddles": [[-0.8316312158773287, 0.6204011209654399]], "bias_count": 5000, "energy_calls_at_each_min": [1, 21956], "force_calls_at_each_min": [1, 21956]}