{"run_id": 1003, "bias_std_dev_scale": 0.244521, "bias_height_fraction": 0.02, "perturbation_size": 0.005, "optimizer": "FIRE", "found_minima": [[0.6234994049, 0.02803775853], [-0.05068830423449899, 0.4668857127848385], [-0.5582236542481873, 1.4417258216099118]], "found_saddles": [[0.21153892020834605, 0.302527630582562], [-0.8139734258914465, 0.6177765006428736]], "bias_count": 333, "energy_calls_at_each_min": [1, 7393, 31963], "force_calls_at_each_min": [1, 7393, 31963]}