{"run_id": 526, "bias_std_dev_scale": 0.244521, "bias_height_fraction": 0.02, "perturbation_size": 0.005, "optimizer": "FIRE", "found_minima": [[0.6234994049, 0.02803775853], [-0.5582235581495336, 1.4417259503496458]], "found_saddles": [[-0.8177935985257865, 0.6257759450410179]], "bias_count": 5000, "energy_calls_at_each_min": [1, 26074], "force_calls_at_each_min": [1, 26074]}