{"run_id": 246, "bias_std_dev_scale": 0.244521, "bias_height_fraction": 0.02, "perturbation_size": 0.005, "optimizer": "FIRE", "found_minima": [[0.6234994049, 0.02803775853], [-0.05101759972481497, 0.46694784506996695], [-0.5582236431369301, 1.441725837035348]], "found_saddles": [[0.21173338450126272, 0.3177914284242403], [-0.8424493540815441, 0.6143452922011662]], "bias_count": 412, "energy_calls_at_each_min": [1, 7291, 38040], "force_calls_at_each_min": [1, 7291, 38040]}