{"run_id": 742, "bias_std_dev_scale": 0.244521, "bias_height_fraction": 0.02, "perturbation_size": 0.005, "optimizer": "FIRE", "found_minima": [[0.6234994049, 0.02803775853], [-0.050750101338211596, 0.46689959609030207], [-0.5582235896849775, 1.441725895751107]], "found_saddles": [[0.19293089392263404, 0.25802970622949756], [-0.8398466760749245, 0.6263636345185669]], "bias_count": 381, "energy_calls_at_each_min": [1, 5679, 35956], "force_calls_at_each_min": [1, 5679, 35956]}