{"run_id": 1044, "bias_std_dev_scale": 0.244521, "bias_height_fraction": 0.02, "perturbation_size": 0.005, "optimizer": "FIRE", "found_minima": [[0.6234994049, 0.02803775853], [-0.558223383165113, 1.4417262094216765]], "found_saddles": [[-0.8172890868172973, 0.6116717198517413]], "bias_count": 5000, "energy_calls_at_each_min": [1, 23973], "force_calls_at_each_min": [1, 23973]}