{"run_id": 249, "bias_std_dev_scale": 0.244521, "bias_height_fraction": 0.02, "perturbation_size": 0.005, "optimizer": "FIRE", "found_minima": [[0.6234994049, 0.02803775853], [-0.5582236213609827, 1.4417258711078136]], "found_saddles": [[-0.845619028589194, 0.6274508743344294]], "bias_count": 5000, "energy_calls_at_each_min": [1, 31175], "force_calls_at_each_min": [1, 31175]}