{"run_id": 521, "bias_std_dev_scale": 0.244521, "bias_height_fraction": 0.02, "perturbation_size": 0.005, "optimizer": "FIRE", "found_minima": [[0.6234994049, 0.02803775853], [-0.050866327234741264, 0.4669250749510553], [-0.5582236460546225, 1.4417258318172161]], "found_saddles": [[0.19337530243059192, 0.28813968573710536], [-0.8467061914271073, 0.6204379249394893]], "bias_count": 342, "energy_calls_at_each_min": [1, 6147, 33267], "force_calls_at_each_min": [1, 6147, 33267]}