{"run_id": 134, "bias_std_dev_scale": 0.244521, "bias_height_fraction": 0.02, "perturbation_size": 0.005, "optimizer": "FIRE", "found_minima": [[0.6234994049, 0.02803775853], [-0.0510435960704533, 0.46694020512070195], [-0.5582236263259532, 1.4417258476708126]], "found_saddles": [[0.2250762563729229, 0.309950698266144], [-0.8357797029551753, 0.6151552129465052]], "bias_count": 322, "energy_calls_at_each_min": [1, 8023, 30074], "force_calls_at_each_min": [1, 8023, 30074]}