{"run_id": 612, "bias_std_dev_scale": 0.244521, "bias_height_fraction": 0.02, "perturbation_size": 0.005, "optimizer": "FIRE", "found_minima": [[0.6234994049, 0.02803775853], [-0.558223600658633, 1.441725887701802]], "found_saddles": [[-0.8433530088050064, 0.6264913775041528]], "bias_count": 5000, "energy_calls_at_each_min": [1, 31579], "force_calls_at_each_min": [1, 31579]}