{"run_id": 311, "bias_std_dev_scale": 0.244521, "bias_height_fraction": 0.02, "perturbation_size": 0.005, "optimizer": "FIRE", "found_minima": [[0.6234994049, 0.02803775853], [-0.050699289239541145, 0.4668981439288879], [-0.5582236393258311, 1.4417258393457197]], "found_saddles": [[0.19753497787159624, 0.2748602978507957], [-0.8176677612209778, 0.5981728046684287]], "bias_count": 260, "energy_calls_at_each_min": [1, 4836, 24836], "force_calls_at_each_min": [1, 4836, 24836]}