{"run_id": 1097, "bias_std_dev_scale": 0.244521, "bias_height_fraction": 0.02, "perturbation_size": 0.005, "optimizer": "FIRE", "found_minima": [[0.6234994049, 0.02803775853], [-0.5582235330307469, 1.441725971422876]], "found_saddles": [[-0.8444062020248218, 0.6258924144924577]], "bias_count": 5000, "energy_calls_at_each_min": [1, 37379], "force_calls_at_each_min": [1, 37379]}