{"run_id": 266, "bias_std_dev_scale": 0.244521, "bias_height_fraction": 0.02, "perturbation_size": 0.005, "optimizer": "FIRE", "found_minima": [[0.6234994049, 0.02803775853], [-0.05087408848202532, 0.4669333761729379], [-0.5582236479932703, 1.441725830143369]], "found_saddles": [[0.23018742955324695, 0.29866746411544387], [-0.8479500909423927, 0.6217530340541133]], "bias_count": 358, "energy_calls_at_each_min": [1, 5794, 35529], "force_calls_at_each_min": [1, 5794, 35529]}