{"run_id": 35, "bias_std_dev_scale": 0.244521, "bias_height_fraction": 0.02, "perturbation_size": 0.005, "optimizer": "FIRE", "found_minima": [[0.6234994049, 0.02803775853], [-0.05051815172923237, 0.4668403886855204], [-0.5582236528389904, 1.4417258230283483]], "found_saddles": [[0.20550573525813726, 0.3124410808924192], [-0.8282391927902584, 0.5934535725424258]], "bias_count": 342, "energy_calls_at_each_min": [1, 5728, 32436], "force_calls_at_each_min": [1, 5728, 32436]}