{"run_id": 1168, "bias_std_dev_scale": 0.244521, "bias_height_fraction": 0.02, "perturbation_size": 0.005, "optimizer": "FIRE", "found_minima": [[0.6234994049, 0.02803775853], [-0.05075190212638675, 0.4668963764323099], [-0.5582236205843262, 1.4417258555576022]], "found_saddles": [[0.21656324250909517, 0.2943357022436667], [-0.814917289921827, 0.5960132783268617]], "bias_count": 246, "energy_calls_at_each_min": [1, 5415, 24247], "force_calls_at_each_min": [1, 5415, 24247]}