{"run_id": 939, "bias_std_dev_scale": 0.244521, "bias_height_fraction": 0.02, "perturbation_size": 0.005, "optimizer": "FIRE", "found_minima": [[0.6234994049, 0.02803775853], [-0.0505909513896702, 0.4668702137058704], [-0.5582236388727915, 1.4417258401668454]], "found_saddles": [[0.20956966302390156, 0.2620615094714495], [-0.8132635181726939, 0.5992485999098774]], "bias_count": 202, "energy_calls_at_each_min": [1, 4075, 19815], "force_calls_at_each_min": [1, 4075, 19815]}