{"run_id": 218, "bias_std_dev_scale": 0.244521, "bias_height_fraction": 0.02, "perturbation_size": 0.005, "optimizer": "FIRE", "found_minima": [[0.6234994049, 0.02803775853], [-0.5582233855564619, 1.4417261805957955]], "found_saddles": [[-0.8185083616897181, 0.6158300952490391]], "bias_count": 5000, "energy_calls_at_each_min": [1, 23452], "force_calls_at_each_min": [1, 23452]}