{"run_id": 943, "bias_std_dev_scale": 0.244521, "bias_height_fraction": 0.02, "perturbation_size": 0.005, "optimizer": "FIRE", "found_minima": [[0.6234994049, 0.02803775853], [-0.5582234912192174, 1.4417260376243461]], "found_saddles": [[-0.8421299746507823, 0.6307347803639326]], "bias_count": 5000, "energy_calls_at_each_min": [1, 17957], "force_calls_at_each_min": [1, 17957]}