{"run_id": 275, "bias_std_dev_scale": 0.244521, "bias_height_fraction": 0.02, "perturbation_size": 0.005, "optimizer": "FIRE", "found_minima": [[0.6234994049, 0.02803775853], [-0.05066688750020812, 0.46686637995476954], [-0.5582236468968388, 1.4417258299505888]], "found_saddles": [[0.20020331824312992, 0.27813877978199897], [-0.8331952032292153, 0.609762582100535]], "bias_count": 296, "energy_calls_at_each_min": [1, 6481, 28713], "force_calls_at_each_min": [1, 6481, 28713]}