{"run_id": 100, "bias_std_dev_scale": 0.244521, "bias_height_fraction": 0.02, "perturbation_size": 0.005, "optimizer": "FIRE", "found_minima": [[0.6234994049, 0.02803775853], [-0.5582236449299662, 1.4417258320125184]], "found_saddles": [[-0.829838998444827, 0.6232877646225126]], "bias_count": 5000, "energy_calls_at_each_min": [1, 22984], "force_calls_at_each_min": [1, 22984]}