{"run_id": 336, "bias_std_dev_scale": 0.244521, "bias_height_fraction": 0.02, "perturbation_size": 0.005, "optimizer": "FIRE", "found_minima": [[0.6234994049, 0.02803775853], [-0.5582236151559813, 1.4417258653220162]], "found_saddles": [[-0.8396476385726224, 0.5649877970788981]], "bias_count": 5000, "energy_calls_at_each_min": [1, 23382], "force_calls_at_each_min": [1, 23382]}