{"run_id": 343, "bias_std_dev_scale": 0.244521, "bias_height_fraction": 0.02, "perturbation_size": 0.005, "optimizer": "FIRE", "found_minima": [[0.6234994049, 0.02803775853], [-0.558223616533844, 1.441725861108727]], "found_saddles": [[-0.8291176424727078, 0.5969173903143878]], "bias_count": 5000, "energy_calls_at_each_min": [1, 24467], "force_calls_at_each_min": [1, 24467]}