{"run_id": 1166, "bias_std_dev_scale": 0.244521, "bias_height_fraction": 0.02, "perturbation_size": 0.005, "optimizer": "FIRE", "found_minima": [[0.6234994049, 0.02803775853], [-0.05104817596114499, 0.4669722848123581], [-0.5582236538687407, 1.441725821961551]], "found_saddles": [[0.2007469211262058, 0.2860237114701963], [-0.8206945573652721, 0.5952447525142488]], "bias_count": 237, "energy_calls_at_each_min": [1, 5273, 22970], "force_calls_at_each_min": [1, 5273, 22970]}