{"run_id": 487, "bias_std_dev_scale": 0.244521, "bias_height_fraction": 0.02, "perturbation_size": 0.005, "optimizer": "FIRE", "found_minima": [[0.6234994049, 0.02803775853], [-0.050938555866876234, 0.46692119499349105], [-0.5582236515180012, 1.4417258255798528]], "found_saddles": [[0.2309419975529738, 0.28937760970454823], [-0.8487011350885114, 0.6314254159438942]], "bias_count": 385, "energy_calls_at_each_min": [1, 6972, 36817], "force_calls_at_each_min": [1, 6972, 36817]}