{"run_id": 85, "bias_std_dev_scale": 0.244521, "bias_height_fraction": 0.02, "perturbation_size": 0.005, "optimizer": "FIRE", "found_minima": [[0.6234994049, 0.02803775853], [-0.5582235563284877, 1.441725964931556]], "found_saddles": [[-0.8083880289038633, 0.6014506745842233]], "bias_count": 5000, "energy_calls_at_each_min": [1, 19299], "force_calls_at_each_min": [1, 19299]}