{"run_id": 924, "bias_std_dev_scale": 0.244521, "bias_height_fraction": 0.02, "perturbation_size": 0.005, "optimizer": "FIRE", "found_minima": [[0.6234994049, 0.02803775853], [-0.050294173971230774, 0.4667655037973205], [-0.5582236509524098, 1.441725826960657]], "found_saddles": [[0.20161424117943197, 0.2627068136505115], [-0.8140710831659197, 0.595018385856009]], "bias_count": 197, "energy_calls_at_each_min": [1, 5739, 19743], "force_calls_at_each_min": [1, 5739, 19743]}