{"run_id": 653, "bias_std_dev_scale": 0.244521, "bias_height_fraction": 0.02, "perturbation_size": 0.005, "optimizer": "FIRE", "found_minima": [[0.6234994049, 0.02803775853], [-0.05070940504656823, 0.46689775287751173], [-0.5582236227806983, 1.441725857082697]], "found_saddles": [[0.25068579354967824, 0.3010177026405157], [-0.8363245527564561, 0.621876049789364]], "bias_count": 307, "energy_calls_at_each_min": [1, 4886, 29346], "force_calls_at_each_min": [1, 4886, 29346]}