{"run_id": 776, "bias_std_dev_scale": 0.244521, "bias_height_fraction": 0.02, "perturbation_size": 0.005, "optimizer": "FIRE", "found_minima": [[0.6234994049, 0.02803775853], [-0.5582236257978253, 1.4417258561221693]], "found_saddles": [[-0.8288339799482374, 0.6147681620448074]], "bias_count": 5000, "energy_calls_at_each_min": [1, 26171], "force_calls_at_each_min": [1, 26171]}