{"run_id": 71, "bias_std_dev_scale": 0.244521, "bias_height_fraction": 0.02, "perturbation_size": 0.005, "optimizer": "FIRE", "found_minima": [[0.6234994049, 0.02803775853], [-0.558223608509525, 1.441725883667729]], "found_saddles": [[-0.8274596543793445, 0.6142598754545192]], "bias_count": 5000, "energy_calls_at_each_min": [1, 24246], "force_calls_at_each_min": [1, 24246]}