{"run_id": 721, "bias_std_dev_scale": 0.244521, "bias_height_fraction": 0.02, "perturbation_size": 0.005, "optimizer": "FIRE", "found_minima": [[0.6234994049, 0.02803775853], [-0.5582235672638423, 1.4417259384457533]], "found_saddles": [[-0.8234900944883218, 0.6231670338219688]], "bias_count": 5000, "energy_calls_at_each_min": [1, 20523], "force_calls_at_each_min": [1, 20523]}