{"run_id": 1172, "bias_std_dev_scale": 0.244521, "bias_height_fraction": 0.02, "perturbation_size": 0.005, "optimizer": "FIRE", "found_minima": [[0.6234994049, 0.02803775853], [-0.5582236339994382, 1.4417258470251446]], "found_saddles": [[-0.8301959920482732, 0.6057306621480908]], "bias_count": 5000, "energy_calls_at_each_min": [1, 24435], "force_calls_at_each_min": [1, 24435]}