{"run_id": 754, "bias_std_dev_scale": 0.244521, "bias_height_fraction": 0.02, "perturbation_size": 0.005, "optimizer": "FIRE", "found_minima": [[0.6234994049, 0.02803775853], [-0.05099067211056929, 0.4669725723513295], [-0.558223612818736, 1.4417258737271366]], "found_saddles": [[0.2172311024109226, 0.3056597130581584], [-0.8115123262502525, 0.597741292593434]], "bias_count": 346, "energy_calls_at_each_min": [1, 6292, 32079], "force_calls_at_each_min": [1, 6292, 32079]}