{"run_id": 92, "bias_std_dev_scale": 0.244521, "bias_height_fraction": 0.02, "perturbation_size": 0.005, "optimizer": "FIRE", "found_minima": [[0.6234994049, 0.02803775853], [-0.05082504803313678, 0.46694693031341555], [-0.5582236361688376, 1.4417258399243815]], "found_saddles": [[0.26554802974033387, 0.29588944277959095], [-0.8428572981610293, 0.6229357844261785]], "bias_count": 225, "energy_calls_at_each_min": [1, 4185, 22106], "force_calls_at_each_min": [1, 4185, 22106]}