{"run_id": 1091, "bias_std_dev_scale": 0.244521, "bias_height_fraction": 0.02, "perturbation_size": 0.005, "optimizer": "FIRE", "found_minima": [[0.6234994049, 0.02803775853], [-0.05062147163702315, 0.4668659988184571], [-0.5582236257037599, 1.4417258526506882]], "found_saddles": [[0.21812208500559668, 0.2781692502245109], [-0.8458389861427584, 0.6235094146520026]], "bias_count": 366, "energy_calls_at_each_min": [1, 7673, 33407], "force_calls_at_each_min": [1, 7673, 33407]}