{"run_id": 384, "bias_std_dev_scale": 0.244521, "bias_height_fraction": 0.02, "perturbation_size": 0.005, "optimizer": "FIRE", "found_minima": [[0.6234994049, 0.02803775853], [-0.5582234174561349, 1.441726100839091]], "found_saddles": [[-0.8268384992419426, 0.6030203036189684]], "bias_count": 5000, "energy_calls_at_each_min": [1, 29851], "force_calls_at_each_min": [1, 29851]}