{"run_id": 561, "bias_std_dev_scale": 0.244521, "bias_height_fraction": 0.02, "perturbation_size": 0.005, "optimizer": "FIRE", "found_minima": [[0.6234994049, 0.02803775853], [-0.050960411641001076, 0.4669476763171617], [-0.5582236242210988, 1.4417258511709719]], "found_saddles": [[0.14191412845687137, 0.17454509917865413], [-0.8496693500367162, 0.6183569947797602]], "bias_count": 249, "energy_calls_at_each_min": [1, 6311, 24692], "force_calls_at_each_min": [1, 6311, 24692]}