{"run_id": 739, "bias_std_dev_scale": 0.244521, "bias_height_fraction": 0.02, "perturbation_size": 0.005, "optimizer": "FIRE", "found_minima": [[0.6234994049, 0.02803775853], [-0.050786011748992374, 0.4669179563128353], [-0.5582236163168982, 1.4417258609491928]], "found_saddles": [[0.1890062341083428, 0.29490952299729917], [-0.843048984020052, 0.6205944552501946]], "bias_count": 393, "energy_calls_at_each_min": [1, 8249, 37173], "force_calls_at_each_min": [1, 8249, 37173]}