{"run_id": 880, "bias_std_dev_scale": 0.244521, "bias_height_fraction": 0.02, "perturbation_size": 0.005, "optimizer": "FIRE", "found_minima": [[0.6234994049, 0.02803775853], [-0.05128319345194509, 0.46703864462588524], [-0.5582236534519879, 1.441725823514511]], "found_saddles": [[0.1985845103750251, 0.2981480015117311], [-0.8196170073194147, 0.6015522544286527]], "bias_count": 313, "energy_calls_at_each_min": [1, 7460, 32766], "force_calls_at_each_min": [1, 7460, 32766]}