{"run_id": 1054, "bias_std_dev_scale": 0.244521, "bias_height_fraction": 0.02, "perturbation_size": 0.005, "optimizer": "FIRE", "found_minima": [[0.6234994049, 0.02803775853], [-0.5582235587575596, 1.4417259502848303]], "found_saddles": [[-0.842156168808556, 0.6280154768018953]], "bias_count": 5000, "energy_calls_at_each_min": [1, 20899], "force_calls_at_each_min": [1, 20899]}