{"run_id": 528, "bias_std_dev_scale": 0.244521, "bias_height_fraction": 0.02, "perturbation_size": 0.005, "optimizer": "FIRE", "found_minima": [[0.6234994049, 0.02803775853], [-0.050557953798537725, 0.46683639485153483], [-0.5582236219536906, 1.441725853442221]], "found_saddles": [[0.19071490418838388, 0.3055232332901516], [-0.8040147710852725, 0.6095068806124817]], "bias_count": 315, "energy_calls_at_each_min": [1, 6622, 30648], "force_calls_at_each_min": [1, 6622, 30648]}