{"run_id": 616, "bias_std_dev_scale": 0.244521, "bias_height_fraction": 0.02, "perturbation_size": 0.005, "optimizer": "FIRE", "found_minima": [[0.6234994049, 0.02803775853], [-0.05047483617908833, 0.466813818750553], [-0.5582236397321375, 1.4417258389022252]], "found_saddles": [[0.1876920364922027, 0.2700512557904765], [-0.8213633468865928, 0.5992219763289163]], "bias_count": 346, "energy_calls_at_each_min": [1, 9272, 34964], "force_calls_at_each_min": [1, 9272, 34964]}