{"run_id": 741, "bias_std_dev_scale": 0.244521, "bias_height_fraction": 0.02, "perturbation_size": 0.005, "optimizer": "FIRE", "found_minima": [[0.6234994049, 0.02803775853], [-0.5582236230352264, 1.4417258521524465]], "found_saddles": [[-0.8492025346930414, 0.5850304415909583]], "bias_count": 5000, "energy_calls_at_each_min": [1, 34616], "force_calls_at_each_min": [1, 34616]}