{"run_id": 231, "bias_std_dev_scale": 0.244521, "bias_height_fraction": 0.02, "perturbation_size": 0.005, "optimizer": "FIRE", "found_minima": [[0.6234994049, 0.02803775853], [-0.05033867413530876, 0.4667772948857385], [-0.5582236448277992, 1.441725832617305]], "found_saddles": [[0.19421699787212232, 0.2925955862149838], [-0.8272560696849367, 0.6062792273343985]], "bias_count": 217, "energy_calls_at_each_min": [1, 4710, 21386], "force_calls_at_each_min": [1, 4710, 21386]}