{"run_id": 781, "bias_std_dev_scale": 0.244521, "bias_height_fraction": 0.02, "perturbation_size": 0.005, "optimizer": "FIRE", "found_minima": [[0.6234994049, 0.02803775853], [-0.05088029791747418, 0.4669248646518012], [-0.5582236555083693, 1.4417258203780972]], "found_saddles": [[0.18824267634421385, 0.2984512427856255], [-0.8216370602167069, 0.5978676840688465]], "bias_count": 278, "energy_calls_at_each_min": [1, 5988, 26881], "force_calls_at_each_min": [1, 5988, 26881]}