{"run_id": 381, "bias_std_dev_scale": 0.244521, "bias_height_fraction": 0.02, "perturbation_size": 0.005, "optimizer": "FIRE", "found_minima": [[0.6234994049, 0.02803775853], [-0.5582235525241844, 1.4417259366825028]], "found_saddles": [[-0.8400108871660791, 0.6197799699452535]], "bias_count": 5000, "energy_calls_at_each_min": [1, 29779], "force_calls_at_each_min": [1, 29779]}