{"run_id": 614, "bias_std_dev_scale": 0.244521, "bias_height_fraction": 0.02, "perturbation_size": 0.005, "optimizer": "FIRE", "found_minima": [[0.6234994049, 0.02803775853], [-0.5582234320471792, 1.4417260982213769]], "found_saddles": [[-0.8211688385933865, 0.601286356032027]], "bias_count": 5000, "energy_calls_at_each_min": [1, 29445], "force_calls_at_each_min": [1, 29445]}