{"run_id": 1006, "bias_std_dev_scale": 0.244521, "bias_height_fraction": 0.02, "perturbation_size": 0.005, "optimizer": "FIRE", "found_minima": [[0.6234994049, 0.02803775853], [-0.050977669788811145, 0.4669633543484328], [-0.5582236390949992, 1.4417258397456396]], "found_saddles": [[0.2213361121741226, 0.29813867015746204], [-0.8125877571199873, 0.6089161766078884]], "bias_count": 355, "energy_calls_at_each_min": [1, 6006, 34910], "force_calls_at_each_min": [1, 6006, 34910]}