{"run_id": 538, "bias_std_dev_scale": 0.244521, "bias_height_fraction": 0.02, "perturbation_size": 0.005, "optimizer": "FIRE", "found_minima": [[0.6234994049, 0.02803775853], [-0.558223349235006, 1.4417262121652337]], "found_saddles": [[-0.8263801453806606, 0.5663409434851087]], "bias_count": 5000, "energy_calls_at_each_min": [1, 25115], "force_calls_at_each_min": [1, 25115]}