{"run_id": 190, "bias_std_dev_scale": 0.244521, "bias_height_fraction": 0.02, "perturbation_size": 0.005, "optimizer": "FIRE", "found_minima": [[0.6234994049, 0.02803775853], [-0.05035829570797572, 0.46679032338109266], [-0.5582236225215415, 1.4417258542673745]], "found_saddles": [[0.22906262557434323, 0.3015656721825731], [-0.8415119865978731, 0.6211182442655299]], "bias_count": 208, "energy_calls_at_each_min": [1, 5274, 19680], "force_calls_at_each_min": [1, 5274, 19680]}