{"run_id": 635, "bias_std_dev_scale": 0.244521, "bias_height_fraction": 0.02, "perturbation_size": 0.005, "optimizer": "FIRE", "found_minima": [[0.6234994049, 0.02803775853], [-0.5582235510629592, 1.4417259654884258]], "found_saddles": [[-0.8395446703245826, 0.626958348505373]], "bias_count": 5000, "energy_calls_at_each_min": [1, 32613], "force_calls_at_each_min": [1, 32613]}