{"run_id": 510, "bias_std_dev_scale": 0.244521, "bias_height_fraction": 0.02, "perturbation_size": 0.005, "optimizer": "FIRE", "found_minima": [[0.6234994049, 0.02803775853], [-0.051421723817080836, 0.4669962051181918], [-0.5582236258974055, 1.4417258490973246]], "found_saddles": [[0.2437951078753846, 0.32854754789648366], [-0.8541169387473383, 0.5761106999344717]], "bias_count": 347, "energy_calls_at_each_min": [1, 6311, 33029], "force_calls_at_each_min": [1, 6311, 33029]}