{"run_id": 276, "bias_std_dev_scale": 0.244521, "bias_height_fraction": 0.02, "perturbation_size": 0.005, "optimizer": "FIRE", "found_minima": [[0.6234994049, 0.02803775853], [-0.0509953651246096, 0.4669563199861553], [-0.5582236460247583, 1.4417258308683296]], "found_saddles": [[0.2006467069568388, 0.3097286199497596], [-0.8366878002833792, 0.6104782583692637]], "bias_count": 316, "energy_calls_at_each_min": [1, 7249, 29782], "force_calls_at_each_min": [1, 7249, 29782]}