{"run_id": 1016, "bias_std_dev_scale": 0.244521, "bias_height_fraction": 0.02, "perturbation_size": 0.005, "optimizer": "FIRE", "found_minima": [[0.6234994049, 0.02803775853], [-0.5582236432082482, 1.4417258343285577]], "found_saddles": [[-0.8286860278578041, 0.6133617786613895]], "bias_count": 5000, "energy_calls_at_each_min": [1, 25803], "force_calls_at_each_min": [1, 25803]}