{"run_id": 978, "bias_std_dev_scale": 0.244521, "bias_height_fraction": 0.02, "perturbation_size": 0.005, "optimizer": "FIRE", "found_minima": [[0.6234994049, 0.02803775853], [-0.5582234946072154, 1.4417260264546623]], "found_saddles": [[-0.8287894463877591, 0.6162591763957266]], "bias_count": 5000, "energy_calls_at_each_min": [1, 36002], "force_calls_at_each_min": [1, 36002]}