{"run_id": 1103, "bias_std_dev_scale": 0.244521, "bias_height_fraction": 0.02, "perturbation_size": 0.005, "optimizer": "FIRE", "found_minima": [[0.6234994049, 0.02803775853], [-0.050879420017146376, 0.46688943800232224], [-0.5582236163407477, 1.4417258593499032]], "found_saddles": [[0.25039010704439546, 0.2918815126313934], [-0.8355764893755269, 0.6155495814520804]], "bias_count": 353, "energy_calls_at_each_min": [1, 6899, 34459], "force_calls_at_each_min": [1, 6899, 34459]}