{"run_id": 910, "bias_std_dev_scale": 0.244521, "bias_height_fraction": 0.02, "perturbation_size": 0.005, "optimizer": "FIRE", "found_minima": [[0.6234994049, 0.02803775853], [-0.5582233370014149, 1.4417262489762193]], "found_saddles": [[-0.8652758029376576, 0.555524540805492]], "bias_count": 5000, "energy_calls_at_each_min": [1, 28397], "force_calls_at_each_min": [1, 28397]}