{"run_id": 652, "bias_std_dev_scale": 0.244521, "bias_height_fraction": 0.02, "perturbation_size": 0.005, "optimizer": "FIRE", "found_minima": [[0.6234994049, 0.02803775853], [-0.05036947816439018, 0.4667942012832331], [-0.5582236440955298, 1.4417258329876668]], "found_saddles": [[0.14338762773933567, 0.27622314738623477], [-0.8336286233054754, 0.6127751622157042]], "bias_count": 275, "energy_calls_at_each_min": [1, 6480, 28168], "force_calls_at_each_min": [1, 6480, 28168]}