{"run_id": 197, "bias_std_dev_scale": 0.244521, "bias_height_fraction": 0.02, "perturbation_size": 0.005, "optimizer": "FIRE", "found_minima": [[0.6234994049, 0.02803775853], [-0.5582235654451906, 1.4417259307050443]], "found_saddles": [[-0.8129581214092015, 0.6102167981907863]], "bias_count": 5000, "energy_calls_at_each_min": [1, 25816], "force_calls_at_each_min": [1, 25816]}