{"run_id": 163, "bias_std_dev_scale": 0.244521, "bias_height_fraction": 0.02, "perturbation_size": 0.005, "optimizer": "FIRE", "found_minima": [[0.6234994049, 0.02803775853], [-0.558223472080474, 1.4417260602625468]], "found_saddles": [[-0.814015774949449, 0.6119905946926388]], "bias_count": 5000, "energy_calls_at_each_min": [1, 30648], "force_calls_at_each_min": [1, 30648]}