{"run_id": 763, "bias_std_dev_scale": 0.244521, "bias_height_fraction": 0.02, "perturbation_size": 0.005, "optimizer": "FIRE", "found_minima": [[0.6234994049, 0.02803775853], [-0.05036488458022189, 0.4667994805618614], [-0.5582236395337262, 1.4417258409148914]], "found_saddles": [[0.2209077034283687, 0.29027348563121574], [-0.842866085945973, 0.6168507298797029]], "bias_count": 307, "energy_calls_at_each_min": [1, 5168, 29239], "force_calls_at_each_min": [1, 5168, 29239]}