{"run_id": 965, "bias_std_dev_scale": 0.244521, "bias_height_fraction": 0.02, "perturbation_size": 0.005, "optimizer": "FIRE", "found_minima": [[0.6234994049, 0.02803775853], [-0.5582235577863158, 1.4417259358573966]], "found_saddles": [[-0.7890532907408764, 0.6361128548866049]], "bias_count": 5000, "energy_calls_at_each_min": [1, 20469], "force_calls_at_each_min": [1, 20469]}