{"run_id": 441, "bias_std_dev_scale": 0.244521, "bias_height_fraction": 0.02, "perturbation_size": 0.005, "optimizer": "FIRE", "found_minima": [[0.6234994049, 0.02803775853], [-0.05081268636008719, 0.4669106614336394], [-0.5582236411418668, 1.441725835419911]], "found_saddles": [[0.2133543580269923, 0.2928662858365818], [-0.8431235307382183, 0.6117942493995812]], "bias_count": 263, "energy_calls_at_each_min": [1, 4262, 26000], "force_calls_at_each_min": [1, 4262, 26000]}