{"run_id": 374, "bias_std_dev_scale": 0.244521, "bias_height_fraction": 0.02, "perturbation_size": 0.005, "optimizer": "FIRE", "found_minima": [[0.6234994049, 0.02803775853], [-0.05129570098473499, 0.4670388636455878], [-0.5582236337300132, 1.441725839369089]], "found_saddles": [[0.20238645903774483, 0.2640632676464022], [-0.8174773281920401, 0.5956325394823417]], "bias_count": 357, "energy_calls_at_each_min": [1, 8593, 34646], "force_calls_at_each_min": [1, 8593, 34646]}