{"run_id": 144, "bias_std_dev_scale": 0.244521, "bias_height_fraction": 0.02, "perturbation_size": 0.005, "optimizer": "FIRE", "found_minima": [[0.6234994049, 0.02803775853], [-0.05099841882284854, 0.46696143974166304], [-0.558223649389909, 1.4417258291417985]], "found_saddles": [[0.20119857190177667, 0.3031748659326036], [-0.8261833291862691, 0.6206744259021026]], "bias_count": 344, "energy_calls_at_each_min": [1, 8154, 33941], "force_calls_at_each_min": [1, 8154, 33941]}