{"run_id": 232, "bias_std_dev_scale": 0.244521, "bias_height_fraction": 0.02, "perturbation_size": 0.005, "optimizer": "FIRE", "found_minima": [[0.6234994049, 0.02803775853], [-0.05103879820752599, 0.466969291706066], [-0.5582236449549816, 1.441725831981888]], "found_saddles": [[0.21161670005271857, 0.30638104670856836], [-0.8254009588845108, 0.601373327350269]], "bias_count": 237, "energy_calls_at_each_min": [1, 3897, 22972], "force_calls_at_each_min": [1, 3897, 22972]}