{"run_id": 12, "bias_std_dev_scale": 0.244521, "bias_height_fraction": 0.02, "perturbation_size": 0.005, "optimizer": "FIRE", "found_minima": [[0.6234994049, 0.02803775853], [-0.05054188435428828, 0.4668383712428276], [-0.5582236225897046, 1.441725855657722]], "found_saddles": [[0.20120309193031613, 0.27751907895529765], [-0.8429608091706601, 0.6157199050874054]], "bias_count": 399, "energy_calls_at_each_min": [1, 8488, 38252], "force_calls_at_each_min": [1, 8488, 38252]}