{"run_id": 967, "bias_std_dev_scale": 0.244521, "bias_height_fraction": 0.02, "perturbation_size": 0.005, "optimizer": "FIRE", "found_minima": [[0.6234994049, 0.02803775853], [-0.5582236076866203, 1.4417258833057423]], "found_saddles": [[-0.8238651564636591, 0.6052669811817906]], "bias_count": 5000, "energy_calls_at_each_min": [1, 17655], "force_calls_at_each_min": [1, 17655]}