{"run_id": 436, "bias_std_dev_scale": 0.244521, "bias_height_fraction": 0.02, "perturbation_size": 0.005, "optimizer": "FIRE", "found_minima": [[0.6234994049, 0.02803775853], [-0.5582236009513145, 1.4417258935809885]], "found_saddles": [[-0.8269151755085171, 0.626625347158095]], "bias_count": 5000, "energy_calls_at_each_min": [1, 25408], "force_calls_at_each_min": [1, 25408]}