{"run_id": 424, "bias_std_dev_scale": 0.244521, "bias_height_fraction": 0.02, "perturbation_size": 0.005, "optimizer": "FIRE", "found_minima": [[0.6234994049, 0.02803775853], [-0.05103012176806018, 0.46696822005255056], [-0.5582236167123568, 1.4417258590127942]], "found_saddles": [[0.21520655768759794, 0.2997887373135874], [-0.8352296112329953, 0.6242986333942537]], "bias_count": 260, "energy_calls_at_each_min": [1, 5156, 24920], "force_calls_at_each_min": [1, 5156, 24920]}