{"run_id": 1058, "bias_std_dev_scale": 0.244521, "bias_height_fraction": 0.02, "perturbation_size": 0.005, "optimizer": "FIRE", "found_minima": [[0.6234994049, 0.02803775853], [-0.050241576842221136, 0.4667596207750014], [-0.5582236283326806, 1.4417258456683855]], "found_saddles": [[0.2030515905189334, 0.31586503295050083], [-0.8365175794437151, 0.6251468691770514]], "bias_count": 246, "energy_calls_at_each_min": [1, 5325, 24578], "force_calls_at_each_min": [1, 5325, 24578]}