{"run_id": 110, "bias_std_dev_scale": 0.244521, "bias_height_fraction": 0.02, "perturbation_size": 0.005, "optimizer": "FIRE", "found_minima": [[0.6234994049, 0.02803775853], [-0.050636567740083016, 0.4668580124924522], [-0.5582236402659059, 1.441725838116978]], "found_saddles": [[0.1433087031977909, 0.20621137075196647], [-0.8200584509989142, 0.5950012075164731]], "bias_count": 209, "energy_calls_at_each_min": [1, 5271, 20316], "force_calls_at_each_min": [1, 5271, 20316]}