{"run_id": 1065, "bias_std_dev_scale": 0.244521, "bias_height_fraction": 0.02, "perturbation_size": 0.005, "optimizer": "FIRE", "found_minima": [[0.6234994049, 0.02803775853], [-0.5582236161585985, 1.4417258833836708]], "found_saddles": [[-0.8052118866164847, 0.6064537080176724]], "bias_count": 5000, "energy_calls_at_each_min": [1, 18857], "force_calls_at_each_min": [1, 18857]}