{"run_id": 539, "bias_std_dev_scale": 0.244521, "bias_height_fraction": 0.02, "perturbation_size": 0.005, "optimizer": "FIRE", "found_minima": [[0.6234994049, 0.02803775853], [-0.05099378919159754, 0.46695666757318344], [-0.5582236307191121, 1.4417258426952435]], "found_saddles": [[0.19349159622537326, 0.29480122428322014], [-0.8441360917354537, 0.6169834934539009]], "bias_count": 262, "energy_calls_at_each_min": [1, 5789, 24447], "force_calls_at_each_min": [1, 5789, 24447]}