{"run_id": 827, "bias_std_dev_scale": 0.244521, "bias_height_fraction": 0.02, "perturbation_size": 0.005, "optimizer": "FIRE", "found_minima": [[0.6234994049, 0.02803775853], [-0.051028037572806384, 0.466968714316693], [-0.5582236303422067, 1.4417258491825335]], "found_saddles": [[0.20038218038051875, 0.2893453830954674], [-0.8502443331011623, 0.6232018968743765]], "bias_count": 224, "energy_calls_at_each_min": [1, 4696, 21833], "force_calls_at_each_min": [1, 4696, 21833]}