{"run_id": 854, "bias_std_dev_scale": 0.244521, "bias_height_fraction": 0.02, "perturbation_size": 0.005, "optimizer": "FIRE", "found_minima": [[0.6234994049, 0.02803775853], [-0.5582235877955418, 1.44172589932215]], "found_saddles": [[-0.8477051550037366, 0.5585589639524114]], "bias_count": 5000, "energy_calls_at_each_min": [1, 37092], "force_calls_at_each_min": [1, 37092]}