{"run_id": 729, "bias_std_dev_scale": 0.244521, "bias_height_fraction": 0.02, "perturbation_size": 0.005, "optimizer": "FIRE", "found_minima": [[0.6234994049, 0.02803775853], [-0.5582236432325949, 1.4417258352919555]], "found_saddles": [[-0.8383617393731781, 0.618470942960951]], "bias_count": 5000, "energy_calls_at_each_min": [1, 38144], "force_calls_at_each_min": [1, 38144]}