{"run_id": 669, "bias_std_dev_scale": 0.244521, "bias_height_fraction": 0.02, "perturbation_size": 0.005, "optimizer": "FIRE", "found_minima": [[0.6234994049, 0.02803775853], [-0.5582236116639592, 1.441725868295025]], "found_saddles": [[-0.8427812859569941, 0.6017688406059621]], "bias_count": 5000, "energy_calls_at_each_min": [1, 24461], "force_calls_at_each_min": [1, 24461]}