{"run_id": 173, "bias_std_dev_scale": 0.244521, "bias_height_fraction": 0.02, "perturbation_size": 0.005, "optimizer": "FIRE", "found_minima": [[0.6234994049, 0.02803775853], [-0.5582236375962314, 1.4417258493547846]], "found_saddles": [[-0.7999980461983703, 0.6116398938288982]], "bias_count": 5000, "energy_calls_at_each_min": [1, 23883], "force_calls_at_each_min": [1, 23883]}