{"run_id": 1198, "bias_std_dev_scale": 0.244521, "bias_height_fraction": 0.02, "perturbation_size": 0.005, "optimizer": "FIRE", "found_minima": [[0.6234994049, 0.02803775853], [-0.5582230894988428, 1.4417265176235408]], "found_saddles": [[-0.8110967921390858, 0.6003510700238894]], "bias_count": 5000, "energy_calls_at_each_min": [1, 21785], "force_calls_at_each_min": [1, 21785]}