{"run_id": 257, "bias_std_dev_scale": 0.244521, "bias_height_fraction": 0.02, "perturbation_size": 0.005, "optimizer": "FIRE", "found_minima": [[0.6234994049, 0.02803775853], [-0.051204539664783305, 0.46694692491772993], [-0.5582236474150905, 1.44172583123096]], "found_saddles": [[0.2397234233657965, 0.31620116953444305], [-0.8138417240105885, 0.5986188187462872]], "bias_count": 341, "energy_calls_at_each_min": [1, 6062, 31531], "force_calls_at_each_min": [1, 6062, 31531]}