{"run_id": 488, "bias_std_dev_scale": 0.244521, "bias_height_fraction": 0.02, "perturbation_size": 0.005, "optimizer": "FIRE", "found_minima": [[0.6234994049, 0.02803775853], [-0.5582236121025185, 1.441725865026532]], "found_saddles": [[-0.8403143805065705, 0.6196733813530895]], "bias_count": 5000, "energy_calls_at_each_min": [1, 39100], "force_calls_at_each_min": [1, 39100]}