{"run_id": 46, "bias_std_dev_scale": 0.244521, "bias_height_fraction": 0.02, "perturbation_size": 0.005, "optimizer": "FIRE", "found_minima": [[0.6234994049, 0.02803775853], [-0.050994590345016404, 0.46696844458595704], [-0.5582236562007405, 1.4417258197723746]], "found_saddles": [[0.2179582939628143, 0.3217505404473664], [-0.8033031534705527, 0.6139994704612646]], "bias_count": 308, "energy_calls_at_each_min": [1, 5226, 30148], "force_calls_at_each_min": [1, 5226, 30148]}