{"run_id": 104, "bias_std_dev_scale": 0.244521, "bias_height_fraction": 0.02, "perturbation_size": 0.005, "optimizer": "FIRE", "found_minima": [[0.6234994049, 0.02803775853], [-0.05081294268377355, 0.46691580145036893], [-0.5582236366614031, 1.44172584339159]], "found_saddles": [[0.2050559137352416, 0.2894975173019627], [-0.8362781312444395, 0.6228373208422512]], "bias_count": 204, "energy_calls_at_each_min": [1, 3775, 19945], "force_calls_at_each_min": [1, 3775, 19945]}