{"run_id": 389, "bias_std_dev_scale": 0.244521, "bias_height_fraction": 0.02, "perturbation_size": 0.005, "optimizer": "FIRE", "found_minima": [[0.6234994049, 0.02803775853], [-0.05139177987320218, 0.46699705227931115], [-0.5582236124213527, 1.4417258646442241]], "found_saddles": [[0.23642495451993942, 0.3000322313413855], [-0.8311322465932746, 0.6137012746657499]], "bias_count": 332, "energy_calls_at_each_min": [1, 6757, 30264], "force_calls_at_each_min": [1, 6757, 30264]}