{"run_id": 221, "bias_std_dev_scale": 0.244521, "bias_height_fraction": 0.02, "perturbation_size": 0.005, "optimizer": "FIRE", "found_minima": [[0.6234994049, 0.02803775853], [-0.050642102005611866, 0.4668683689661033], [-0.5582236505947235, 1.4417258272949645]], "found_saddles": [[0.21826773810227243, 0.27595201961687793], [-0.8170638396775848, 0.5981925792521444]], "bias_count": 210, "energy_calls_at_each_min": [1, 4915, 21339], "force_calls_at_each_min": [1, 4915, 21339]}