{"run_id": 946, "bias_std_dev_scale": 0.244521, "bias_height_fraction": 0.02, "perturbation_size": 0.005, "optimizer": "FIRE", "found_minima": [[0.6234994049, 0.02803775853], [-0.05081269624879378, 0.466906204244765], [-0.5582236468403051, 1.4417258274976057]], "found_saddles": [[0.1976203769266383, 0.26811463128677127], [-0.834056791343228, 0.6077345440736669]], "bias_count": 196, "energy_calls_at_each_min": [1, 4735, 20395], "force_calls_at_each_min": [1, 4735, 20395]}