{"run_id": 1186, "bias_std_dev_scale": 0.244521, "bias_height_fraction": 0.02, "perturbation_size": 0.005, "optimizer": "FIRE", "found_minima": [[0.6234994049, 0.02803775853], [-0.5582234987917131, 1.441726056004476]], "found_saddles": [[-0.867517598494406, 0.573589192192841]], "bias_count": 5000, "energy_calls_at_each_min": [1, 23984], "force_calls_at_each_min": [1, 23984]}