{"run_id": 531, "bias_std_dev_scale": 0.244521, "bias_height_fraction": 0.02, "perturbation_size": 0.005, "optimizer": "FIRE", "found_minima": [[0.6234994049, 0.02803775853], [-0.0513343405819458, 0.46698606236767437], [-0.5582236453850404, 1.441725831855246]], "found_saddles": [[0.22834577857445554, 0.3037069375062223], [-0.8327470458641605, 0.609161598043019]], "bias_count": 271, "energy_calls_at_each_min": [1, 5121, 25505], "force_calls_at_each_min": [1, 5121, 25505]}