{"run_id": 405, "bias_std_dev_scale": 0.244521, "bias_height_fraction": 0.02, "perturbation_size": 0.005, "optimizer": "FIRE", "found_minima": [[0.6234994049, 0.02803775853], [-0.558223394059081, 1.4417261379168331]], "found_saddles": [[-0.8360293580901365, 0.622332314957936]], "bias_count": 5000, "energy_calls_at_each_min": [1, 22913], "force_calls_at_each_min": [1, 22913]}