{"run_id": 234, "bias_std_dev_scale": 0.244521, "bias_height_fraction": 0.02, "perturbation_size": 0.005, "optimizer": "FIRE", "found_minima": [[0.6234994049, 0.02803775853], [-0.05052958491597286, 0.46684424550310194], [-0.5582236386891548, 1.4417258403291546]], "found_saddles": [[0.21678305829040412, 0.32523118000798984], [-0.8406862540914313, 0.5967861787194249]], "bias_count": 223, "energy_calls_at_each_min": [1, 3328, 22086], "force_calls_at_each_min": [1, 3328, 22086]}