{"run_id": 1075, "bias_std_dev_scale": 0.244521, "bias_height_fraction": 0.02, "perturbation_size": 0.005, "optimizer": "FIRE", "found_minima": [[0.6234994049, 0.02803775853], [-0.5582235683011435, 1.4417259334611634]], "found_saddles": [[-0.8245594066834379, 0.605937808679019]], "bias_count": 5000, "energy_calls_at_each_min": [1, 19742], "force_calls_at_each_min": [1, 19742]}