{"run_id": 829, "bias_std_dev_scale": 0.244521, "bias_height_fraction": 0.02, "perturbation_size": 0.005, "optimizer": "FIRE", "found_minima": [[0.6234994049, 0.02803775853], [-0.051094912371604455, 0.46693462847193057], [-0.5582236511792192, 1.4417258268841966]], "found_saddles": [[0.2299409753242739, 0.2969765643064089], [-0.827878062616125, 0.6049712875118215]], "bias_count": 206, "energy_calls_at_each_min": [1, 4020, 20131], "force_calls_at_each_min": [1, 4020, 20131]}