{"run_id": 761, "bias_std_dev_scale": 0.244521, "bias_height_fraction": 0.02, "perturbation_size": 0.005, "optimizer": "FIRE", "found_minima": [[0.6234994049, 0.02803775853], [-0.05065070607100508, 0.466878824921717], [-0.558223647920859, 1.441725829112895]], "found_saddles": [[0.24058139994455224, 0.2940742055243082], [-0.8204739656841449, 0.5842289321378229]], "bias_count": 309, "energy_calls_at_each_min": [1, 6164, 29520], "force_calls_at_each_min": [1, 6164, 29520]}