{"run_id": 177, "bias_std_dev_scale": 0.244521, "bias_height_fraction": 0.02, "perturbation_size": 0.005, "optimizer": "FIRE", "found_minima": [[0.6234994049, 0.02803775853], [-0.050984692231918476, 0.46695642235367524], [-0.5582236127200104, 1.4417258638585106]], "found_saddles": [[0.21828937847691007, 0.2843858490360382], [-0.8476086211292435, 0.621885443637344]], "bias_count": 236, "energy_calls_at_each_min": [1, 5069, 22396], "force_calls_at_each_min": [1, 5069, 22396]}