{"run_id": 56, "bias_std_dev_scale": 0.244521, "bias_height_fraction": 0.02, "perturbation_size": 0.005, "optimizer": "FIRE", "found_minima": [[0.6234994049, 0.02803775853], [-0.050731792684522006, 0.46689204294694264], [-0.5582236133502374, 1.4417258632261825]], "found_saddles": [[0.13557628913344089, 0.19567124268635194], [-0.8494421950272485, 0.6248649477951841]], "bias_count": 275, "energy_calls_at_each_min": [1, 5922, 25868], "force_calls_at_each_min": [1, 5922, 25868]}