{"run_id": 1398, "bias_std_dev_scale": 0.1, "bias_height_fraction": 0.02, "perturbation_size": 0.005, "optimizer": "FIRE", "found_minima": [[0.6234994049, 0.02803775853], [-0.05001084917876596, 0.466694109899687], [-0.5582236399528314, 1.441725838506966]], "found_saddles": [[0.20800709729383512, 0.2866307018143307], [-0.8134127801368582, 0.6522755529710826]], "bias_count": 1823, "energy_calls_at_each_min": [1, 34511, 226112], "force_calls_at_each_min": [1, 34511, 226112]}