{"run_id": 1797, "bias_std_dev_scale": 0.1, "bias_height_fraction": 0.025831, "perturbation_size": 0.005, "optimizer": "Scipy", "found_minima": [[0.6234994049, 0.02803775853], [-0.5582236342135783, 1.4417258414951617], [-0.05001082156032484, 0.4666941034755409]], "found_saddles": [[0.4346379293267126, 0.12283046612163034], [-0.14433442536238572, 0.45915789249026917]], "bias_count": 842, "energy_calls_at_each_min": [1, 1177, 16921], "force_calls_at_each_min": [1, 1177, 16921]}