{"run_id": 361, "bias_std_dev_scale": 0.119581, "bias_height_fraction": 0.2, "perturbation_size": 0.005, "optimizer": "Scipy", "found_minima": [[0.6234994049, 0.02803775853], [-0.050010823883628645, 0.46669410524912325], [-0.5582236369299775, 1.441725843726082]], "found_saddles": [[0.30070110521242166, 0.27067412243739836], [0.040234337216601024, 0.5442154173266794]], "bias_count": 32, "energy_calls_at_each_min": [1, 598, 662], "force_calls_at_each_min": [1, 598, 662]}