{"run_id": 388, "bias_std_dev_scale": 0.1, "bias_height_fraction": 0.071876, "perturbation_size": 0.005, "optimizer": "FIRE", "found_minima": [[0.6234994049, 0.02803775853], [-0.05001079048303903, 0.4666940978961565], [-0.5582236193748247, 1.441725856641853]], "found_saddles": [[0.21065725907461705, 0.2794667270664364], [-0.8380459577943038, 0.5591208144694083]], "bias_count": 476, "energy_calls_at_each_min": [1, 12270, 55940], "force_calls_at_each_min": [1, 12270, 55940]}