{"run_id": 716, "bias_std_dev_scale": 0.204481, "bias_height_fraction": 0.025831, "perturbation_size": 0.005, "optimizer": "FIRE", "found_minima": [[0.6234994049, 0.02803775853], [-0.05009303854689678, 0.46671401613200447], [-0.5582236157287362, 1.4417258617045854]], "found_saddles": [[0.2355638503898911, 0.28438331034071557], [-0.8189742943799629, 0.5878492574833856]], "bias_count": 428, "energy_calls_at_each_min": [1, 8736, 49141], "force_calls_at_each_min": [1, 8736, 49141]}