{"run_id": 1020, "bias_std_dev_scale": 0.418126, "bias_height_fraction": 0.2, "perturbation_size": 0.005, "optimizer": "FIRE", "found_minima": [[0.6234994049, 0.02803775853], [-0.5581167809915569, 1.4418627033688436]], "found_saddles": [[-0.8302997100303733, 0.5809249566265025]], "bias_count": 5000, "energy_calls_at_each_min": [1, 3463], "force_calls_at_each_min": [1, 3463]}