{"run_id": 1829, "bias_std_dev_scale": 0.418126, "bias_height_fraction": 0.071876, "perturbation_size": 0.005, "optimizer": "Scipy", "found_minima": [[0.6234994049, 0.02803775853], [-0.5582168043840376, 1.4417366977054833]], "found_saddles": [[-0.31204058807041124, 0.48783507973414786]], "bias_count": 5000, "energy_calls_at_each_min": [1, 431], "force_calls_at_each_min": [1, 431]}