{"run_id": 50, "bias_std_dev_scale": 0.349658, "bias_height_fraction": 0.055651, "perturbation_size": 0.005, "optimizer": "FIRE", "found_minima": [[0.6234994049, 0.02803775853], [-0.5582207475156259, 1.4417295832992367]], "found_saddles": [[-0.8370743082573496, 0.5963536126355479]], "bias_count": 5000, "energy_calls_at_each_min": [1, 9681], "force_calls_at_each_min": [1, 9681]}