{"run_id": 1973, "bias_std_dev_scale": 0.119581, "bias_height_fraction": 0.043089, "perturbation_size": 0.005, "optimizer": "Scipy", "found_minima": [[0.6234994049, 0.02803775853], [-0.05001082079803686, 0.4666941024997376], [-0.5582236346372004, 1.4417258417987155]], "found_saddles": [[-0.15913450949175723, 0.4180474349737359], [0.17192493968147832, 0.25165160691746635]], "bias_count": 128, "energy_calls_at_each_min": [1, 1795, 2455], "force_calls_at_each_min": [1, 1795, 2455]}