{"run_id": 1625, "bias_std_dev_scale": 0.418126, "bias_height_fraction": 0.119897, "perturbation_size": 0.005, "optimizer": "Scipy", "found_minima": [[0.6234994049, 0.02803775853], [-0.5582227222201014, 1.441727459241705]], "found_saddles": [[-0.35366510502436266, 0.4095269810117536]], "bias_count": 5000, "energy_calls_at_each_min": [1, 274], "force_calls_at_each_min": [1, 274]}