{"run_id": 1862, "bias_std_dev_scale": 0.292402, "bias_height_fraction": 0.154853, "perturbation_size": 0.005, "optimizer": "FIRE", "found_minima": [[0.6234994049, 0.02803775853], [-0.05480882618060939, 0.4679257617280311], [-0.5582236251998828, 1.4417258599387297]], "found_saddles": [[0.07671693295768345, 0.18305494256162883], [-0.8294488210414328, 0.5932888358416163]], "bias_count": 45, "energy_calls_at_each_min": [1, 1681, 4997], "force_calls_at_each_min": [1, 1681, 4997]}