{"run_id": 141, "bias_std_dev_scale": 0.142997, "bias_height_fraction": 0.2, "perturbation_size": 0.005, "optimizer": "Scipy", "found_minima": [[0.6234994049, 0.02803775853], [-0.0500111243487629, 0.46669417179471834], [-0.5582236358816005, 1.4417258420458794]], "found_saddles": [[-0.30109787270159416, 0.36021430082010686], [0.11597928541042866, 0.2461329855661685]], "bias_count": 24, "energy_calls_at_each_min": [1, 360, 504], "force_calls_at_each_min": [1, 360, 504]}