{"run_id": 1600, "bias_std_dev_scale": 0.5, "bias_height_fraction": 0.2, "perturbation_size": 0.005, "optimizer": "FIRE", "found_minima": [[0.6234994049, 0.02803775853], [-0.5575242552495926, 1.4426817820955669]], "found_saddles": [[-0.8441046221820342, 0.5609492607296624]], "bias_count": 5000, "energy_calls_at_each_min": [1, 2650], "force_calls_at_each_min": [1, 2650]}