{"run_id": 1659, "bias_std_dev_scale": 0.349658, "bias_height_fraction": 0.02, "perturbation_size": 0.005, "optimizer": "Scipy", "found_minima": [[0.6234994049, 0.02803775853], [-0.5582236318863605, 1.4417258470097356]], "found_saddles": [[-0.37484771390525756, 0.3654362514984994]], "bias_count": 5000, "energy_calls_at_each_min": [1, 1032], "force_calls_at_each_min": [1, 1032]}