{"run_id": 731, "bias_std_dev_scale": 0.170998, "bias_height_fraction": 0.055651, "perturbation_size": 0.005, "optimizer": "Scipy", "found_minima": [[0.6234994049, 0.02803775853], [-0.050013659068424345, 0.46669472939430867], [-0.558223634470913, 1.4417258416948182]], "found_saddles": [[0.24671314896170843, 0.19377551464546353], [0.10961053372201023, 0.4363957455204795]], "bias_count": 48, "energy_calls_at_each_min": [1, 665, 762], "force_calls_at_each_min": [1, 665, 762]}