{"run_id": 588, "bias_std_dev_scale": 0.1, "bias_height_fraction": 0.071876, "perturbation_size": 0.005, "optimizer": "FIRE", "found_minima": [[0.6234994049, 0.02803775853], [-0.05001080858573955, 0.4666941020778153], [-0.5582236481516347, 1.4417258290093566]], "found_saddles": [[0.26038859968376443, 0.332214613863232], [-0.84461047546378, 0.6116812617670287]], "bias_count": 527, "energy_calls_at_each_min": [1, 10690, 60915], "force_calls_at_each_min": [1, 10690, 60915]}