{"run_id": 831, "bias_std_dev_scale": 0.418126, "bias_height_fraction": 0.055651, "perturbation_size": 0.005, "optimizer": "Scipy", "found_minima": [[0.6234994049, 0.02803775853], [-0.5582116849801403, 1.4417436629366798]], "found_saddles": [[-0.3684224701201901, 0.4907250412291042]], "bias_count": 5000, "energy_calls_at_each_min": [1, 677], "force_calls_at_each_min": [1, 677]}