{"run_id": 284, "bias_std_dev_scale": 0.244521, "bias_height_fraction": 0.119897, "perturbation_size": 0.005, "optimizer": "FIRE", "found_minima": [[0.6234994049, 0.02803775853], [-0.050340315089306, 0.4667774464820609], [-0.5582236534142117, 1.441725822290954]], "found_saddles": [[0.14995086954232414, 0.10347935275593936], [-0.8228464716225251, 0.6108054447592778]], "bias_count": 75, "energy_calls_at_each_min": [1, 2058, 8535], "force_calls_at_each_min": [1, 2058, 8535]}