{"run_id": 435, "bias_std_dev_scale": 0.418126, "bias_height_fraction": 0.033362, "perturbation_size": 0.005, "optimizer": "Scipy", "found_minima": [[0.6234994049, 0.02803775853], [-0.5582230466680557, 1.4417269099729495]], "found_saddles": [[-0.3297042534683299, 0.29391182834958174]], "bias_count": 5000, "energy_calls_at_each_min": [1, 585], "force_calls_at_each_min": [1, 585]}