{"run_id": 29, "bias_std_dev_scale": 0.418126, "bias_height_fraction": 0.071876, "perturbation_size": 0.005, "optimizer": "Scipy", "found_minima": [[0.6234994049, 0.02803775853], [-0.55822363467689, 1.4417258417089014]], "found_saddles": [[0.19341387712433417, 0.0638867684995522]], "bias_count": 5000, "energy_calls_at_each_min": [1, 377], "force_calls_at_each_min": [1, 377]}