{"run_id": 317, "bias_std_dev_scale": 0.204481, "bias_height_fraction": 0.025831, "perturbation_size": 0.005, "optimizer": "Scipy", "found_minima": [[0.6234994049, 0.02803775853], [-0.05005145790941783, 0.46670474620269814], [-0.5582236341317711, 1.4417258411731189]], "found_saddles": [[0.26194734129263786, 0.3698029898662002], [-0.3514522437686455, 0.48909890097497377]], "bias_count": 138, "energy_calls_at_each_min": [1, 1031, 1883], "force_calls_at_each_min": [1, 1031, 1883]}