{"run_id": 1624, "bias_std_dev_scale": 0.418126, "bias_height_fraction": 0.119897, "perturbation_size": 0.005, "optimizer": "FIRE", "found_minima": [[0.6234994049, 0.02803775853], [-0.5581289774457269, 1.4418482713301755]], "found_saddles": [[-0.8277581581058148, 0.5849198476585059]], "bias_count": 5000, "energy_calls_at_each_min": [1, 4185], "force_calls_at_each_min": [1, 4185]}