{"run_id": 1705, "bias_std_dev_scale": 0.204481, "bias_height_fraction": 0.119897, "perturbation_size": 0.005, "optimizer": "Scipy", "found_minima": [[0.6234994049, 0.02803775853], [-0.05002543677289043, 0.46669782163844875], [-0.5582236346756253, 1.441725841863532]], "found_saddles": [[0.09690839674787977, 0.4890045263378527], [-0.23339864825505938, 0.48289616179572054]], "bias_count": 27, "energy_calls_at_each_min": [1, 331, 416], "force_calls_at_each_min": [1, 331, 416]}