{"run_id": 998, "bias_std_dev_scale": 0.1, "bias_height_fraction": 0.02, "perturbation_size": 0.005, "optimizer": "FIRE", "found_minima": [[0.6234994049, 0.02803775853], [-0.05001085914622228, 0.46669410443276094], [-0.5582236441171885, 1.4417258326918994]], "found_saddles": [[0.2266371442101439, 0.2941786068445589], [-0.8366779674273954, 0.5969816558613369]], "bias_count": 1867, "energy_calls_at_each_min": [1, 34190, 228465], "force_calls_at_each_min": [1, 34190, 228465]}