{"run_id": 411, "bias_std_dev_scale": 0.5, "bias_height_fraction": 0.055651, "perturbation_size": 0.005, "optimizer": "Scipy", "found_minima": [[0.6234994049, 0.02803775853], [-0.558056978906885, 1.4419899925340263]], "found_saddles": [[-0.4479943842453952, 0.49027490753930275]], "bias_count": 5000, "energy_calls_at_each_min": [1, 562], "force_calls_at_each_min": [1, 562]}