{"run_id": 1135, "bias_std_dev_scale": 0.170998, "bias_height_fraction": 0.033362, "perturbation_size": 0.005, "optimizer": "Scipy", "found_minima": [[0.6234994049, 0.02803775853], [-0.05001110976698378, 0.46669417796391], [-0.5582236515589252, 1.4417258241576274]], "found_saddles": [[0.031001840135959857, 0.47566179521591406], [-0.32731134556765656, 0.4886203327789316]], "bias_count": 125, "energy_calls_at_each_min": [1, 1548, 2524], "force_calls_at_each_min": [1, 1548, 2524]}