{"run_id": 631, "bias_std_dev_scale": 0.418126, "bias_height_fraction": 0.055651, "perturbation_size": 0.005, "optimizer": "Scipy", "found_minima": [[0.6234994049, 0.02803775853], [-0.5582176759932234, 1.4417352493700588]], "found_saddles": [[-0.34178715881665434, 0.4894084253978045]], "bias_count": 5000, "energy_calls_at_each_min": [1, 515], "force_calls_at_each_min": [1, 515]}