{"run_id": 480, "bias_std_dev_scale": 0.244521, "bias_height_fraction": 0.2, "perturbation_size": 0.005, "optimizer": "FIRE", "found_minima": [[0.6234994049, 0.02803775853], [-0.05244816868410349, 0.4673612768158026], [-0.558223627921441, 1.4417258490338523]], "found_saddles": [[0.31278879700400086, 0.29589419772316294], [-0.23087863723175403, 0.1431597742684926]], "bias_count": 52, "energy_calls_at_each_min": [1, 1659, 5951], "force_calls_at_each_min": [1, 1659, 5951]}