{"run_id": 907, "bias_std_dev_scale": 0.204481, "bias_height_fraction": 0.092832, "perturbation_size": 0.005, "optimizer": "Scipy", "found_minima": [[0.6234994049, 0.02803775853], [-0.5582236346127939, 1.4417258418146437], [-0.050039446717848615, 0.4667015904146303]], "found_saddles": [[0.09089351930911407, 0.46075482121856826], [0.06568286636292864, 0.46594102588228825]], "bias_count": 105, "energy_calls_at_each_min": [1, 305, 1766], "force_calls_at_each_min": [1, 305, 1766]}