{"run_id": 582, "bias_std_dev_scale": 0.1, "bias_height_fraction": 0.154853, "perturbation_size": 0.005, "optimizer": "FIRE", "found_minima": [[0.6234994049, 0.02803775853], [-0.05001084335047105, 0.46669410424394625], [-0.5582236481060936, 1.4417258268527282]], "found_saddles": [[0.26819457944305053, 0.304969953772888], [-0.39183246559920343, 0.19674361468895613]], "bias_count": 373, "energy_calls_at_each_min": [1, 4233, 44164], "force_calls_at_each_min": [1, 4233, 44164]}