{"run_id": 602, "bias_std_dev_scale": 0.5, "bias_height_fraction": 0.154853, "perturbation_size": 0.005, "optimizer": "FIRE", "found_minima": [[0.6234994049, 0.02803775853], [-0.5572158879930538, 1.443061559141681]], "found_saddles": [[-0.8902629958185684, 0.5824496905028655]], "bias_count": 5000, "energy_calls_at_each_min": [1, 4168], "force_calls_at_each_min": [1, 4168]}