{"run_id": 1515, "bias_std_dev_scale": 0.204481, "bias_height_fraction": 0.033362, "perturbation_size": 0.005, "optimizer": "Scipy", "found_minima": [[0.6234994049, 0.02803775853], [-0.05003831632674702, 0.46670117678702033], [-0.5582236448058536, 1.4417258301529363]], "found_saddles": [[0.20023686599925042, 0.4260474959870537], [-0.2927762585563535, 0.48625245222418884]], "bias_count": 84, "energy_calls_at_each_min": [1, 855, 1095], "force_calls_at_each_min": [1, 855, 1095]}