{"run_id": 1089, "bias_std_dev_scale": 0.244521, "bias_height_fraction": 0.071876, "perturbation_size": 0.005, "optimizer": "Scipy", "found_minima": [[0.6234994049, 0.02803775853], [-0.05090803297049845, 0.4669323306967122], [-0.5582236339429024, 1.4417258419263088]], "found_saddles": [[-0.0830918484333878, 0.46513506504049157], [-0.3658276176138415, 0.4885445895332774]], "bias_count": 38, "energy_calls_at_each_min": [1, 324, 483], "force_calls_at_each_min": [1, 324, 483]}