{"run_id": 258, "bias_std_dev_scale": 0.349658, "bias_height_fraction": 0.02, "perturbation_size": 0.005, "optimizer": "FIRE", "found_minima": [[0.6234994049, 0.02803775853], [-0.5582202954504057, 1.441730119833592]], "found_saddles": [[-0.8412714465813818, 0.5980561082865735]], "bias_count": 5000, "energy_calls_at_each_min": [1, 31554], "force_calls_at_each_min": [1, 31554]}