{"run_id": 1079, "bias_std_dev_scale": 0.292402, "bias_height_fraction": 0.02, "perturbation_size": 0.005, "optimizer": "Scipy", "found_minima": [[0.6234994049, 0.02803775853], [-0.05057814039731868, 0.4668239270460107], [-0.5582236344379937, 1.4417258421599952]], "found_saddles": [[0.00661389158591319, 0.47931403034419917], [-0.2987498020679458, 0.5001732671324358]], "bias_count": 92, "energy_calls_at_each_min": [1, 609, 927], "force_calls_at_each_min": [1, 609, 927]}