{"run_id": 1575, "bias_std_dev_scale": 0.119581, "bias_height_fraction": 0.033362, "perturbation_size": 0.005, "optimizer": "Scipy", "found_minima": [[0.6234994049, 0.02803775853], [-0.5582236343624392, 1.441725841704488], [-0.05001082212426151, 0.46669410370836883]], "found_saddles": [[0.21176481724049528, 0.11346245814002535], [-0.08530046083922527, 0.4669001365620976]], "bias_count": 516, "energy_calls_at_each_min": [1, 2159, 9576], "force_calls_at_each_min": [1, 2159, 9576]}