{"run_id": 163, "bias_std_dev_scale": 0.119581, "bias_height_fraction": 0.154853, "perturbation_size": 0.005, "optimizer": "Scipy", "found_minima": [[0.6234994049, 0.02803775853], [-0.05001082372345353, 0.4666941052557865], [-0.5582236346940964, 1.4417258417436611]], "found_saddles": [[0.08634513261619373, 0.20349667386981235], [0.10347787635065478, 0.2565271576718412]], "bias_count": 51, "energy_calls_at_each_min": [1, 898, 1141], "force_calls_at_each_min": [1, 898, 1141]}