{"run_id": 1231, "bias_std_dev_scale": 0.418126, "bias_height_fraction": 0.055651, "perturbation_size": 0.005, "optimizer": "Scipy", "found_minima": [[0.6234994049, 0.02803775853], [-0.5582236351717776, 1.4417258412388154]], "found_saddles": [[0.17866595916417827, 0.11974294407475083]], "bias_count": 5000, "energy_calls_at_each_min": [1, 416], "force_calls_at_each_min": [1, 416]}