{"run_id": 1695, "bias_std_dev_scale": 0.244521, "bias_height_fraction": 0.033362, "perturbation_size": 0.005, "optimizer": "Scipy", "found_minima": [[0.6234994049, 0.02803775853], [-0.050679073771947934, 0.46686919843657904], [-0.5582236275923259, 1.4417258491235228]], "found_saddles": [[0.24770651377925784, 0.41403244718346377], [0.2482280809152848, 0.3468353367786574]], "bias_count": 105, "energy_calls_at_each_min": [1, 583, 1272], "force_calls_at_each_min": [1, 583, 1272]}