{"run_id": 929, "bias_std_dev_scale": 0.170998, "bias_height_fraction": 0.071876, "perturbation_size": 0.005, "optimizer": "Scipy", "found_minima": [[0.6234994049, 0.02803775853], [-0.05002000706578711, 0.4666961634093625], [-0.558223634676408, 1.4417258418184757]], "found_saddles": [[0.1758175978597192, 0.12198576430319241], [0.12338960201634541, 0.13238268565470226]], "bias_count": 69, "energy_calls_at_each_min": [1, 593, 1272], "force_calls_at_each_min": [1, 593, 1272]}