{"run_id": 156, "bias_std_dev_scale": 0.142997, "bias_height_fraction": 0.025831, "perturbation_size": 0.005, "optimizer": "FIRE", "found_minima": [[0.6234994049, 0.02803775853], [-0.05001111330184487, 0.46669416526363544], [-0.5582236177463233, 1.4417258570977074]], "found_saddles": [[0.225471418789999, 0.28648980515802236], [-0.8239167934466551, 0.6141773841077857]], "bias_count": 673, "energy_calls_at_each_min": [1, 15972, 80873], "force_calls_at_each_min": [1, 15972, 80873]}