{"run_id": 747, "bias_std_dev_scale": 0.142997, "bias_height_fraction": 0.092832, "perturbation_size": 0.005, "optimizer": "Scipy", "found_minima": [[0.6234994049, 0.02803775853], [-0.05001089323023882, 0.466694125287537], [-0.5582236346232626, 1.441725841814328]], "found_saddles": [[0.2308393386440849, 0.3684404151435681], [-0.22681447318659476, 0.2943586587807871]], "bias_count": 121, "energy_calls_at_each_min": [1, 791, 2670], "force_calls_at_each_min": [1, 791, 2670]}