{"run_id": 1658, "bias_std_dev_scale": 0.349658, "bias_height_fraction": 0.02, "perturbation_size": 0.005, "optimizer": "FIRE", "found_minima": [[0.6234994049, 0.02803775853], [-0.5582203829720794, 1.4417299997554076]], "found_saddles": [[-0.855609053821626, 0.6121606877635881]], "bias_count": 5000, "energy_calls_at_each_min": [1, 36285], "force_calls_at_each_min": [1, 36285]}