{"run_id": 1751, "bias_std_dev_scale": 0.142997, "bias_height_fraction": 0.055651, "perturbation_size": 0.005, "optimizer": "Scipy", "found_minima": [[0.6234994049, 0.02803775853], [-0.05001082350917539, 0.46669410486738466], [-0.5582236346553876, 1.4417258418237917]], "found_saddles": [[-0.09758235914267177, 0.4504309765102658], [-0.22243196713673677, 0.5198959373953984]], "bias_count": 53, "energy_calls_at_each_min": [1, 717, 864], "force_calls_at_each_min": [1, 717, 864]}