{"run_id": 1531, "bias_std_dev_scale": 0.170998, "bias_height_fraction": 0.055651, "perturbation_size": 0.005, "optimizer": "Scipy", "found_minima": [[0.6234994049, 0.02803775853], [-0.050011044931576536, 0.4666941621827034], [-0.558223634027079, 1.4417258423449364]], "found_saddles": [[-0.16197290483293736, 0.39518867448910855], [0.17227228427837518, 0.2232663551743879]], "bias_count": 78, "energy_calls_at_each_min": [1, 764, 1337], "force_calls_at_each_min": [1, 764, 1337]}