{"run_id": 59, "bias_std_dev_scale": 0.349658, "bias_height_fraction": 0.02, "perturbation_size": 0.005, "optimizer": "Scipy", "found_minima": [[0.6234994049, 0.02803775853], [-0.558223543565732, 1.44172598190661]], "found_saddles": [[-0.3580250783345826, 0.4004024224151934]], "bias_count": 5000, "energy_calls_at_each_min": [1, 1816], "force_calls_at_each_min": [1, 1816]}