{"run_id": 1700, "bias_std_dev_scale": 0.204481, "bias_height_fraction": 0.2, "perturbation_size": 0.005, "optimizer": "FIRE", "found_minima": [[0.6234994049, 0.02803775853], [-0.05004393927855892, 0.4667026645242252], [-0.5582236351394534, 1.4417258398579333]], "found_saddles": [[0.24601253480286395, 0.289859249948522], [-0.8129634120454561, 0.6271153638105535]], "bias_count": 71, "energy_calls_at_each_min": [1, 1592, 7805], "force_calls_at_each_min": [1, 1592, 7805]}