{"run_id": 862, "bias_std_dev_scale": 0.292402, "bias_height_fraction": 0.154853, "perturbation_size": 0.005, "optimizer": "FIRE", "found_minima": [[0.6234994049, 0.02803775853], [-0.5582236027112858, 1.44172587763957]], "found_saddles": [[-0.8391091599676886, 0.610755219333506]], "bias_count": 5000, "energy_calls_at_each_min": [1, 2600], "force_calls_at_each_min": [1, 2600]}