{"run_id": 1730, "bias_std_dev_scale": 0.170998, "bias_height_fraction": 0.055651, "perturbation_size": 0.005, "optimizer": "FIRE", "found_minima": [[0.6234994049, 0.02803775853], [-0.05003342986124693, 0.4666991060421688], [-0.5582236174611698, 1.4417258574611325]], "found_saddles": [[0.20838222592968994, 0.29207890771531586], [-0.8683026445599968, 0.5817162904295923]], "bias_count": 282, "energy_calls_at_each_min": [1, 5216, 33450], "force_calls_at_each_min": [1, 5216, 33450]}