{"run_id": 134, "bias_std_dev_scale": 0.170998, "bias_height_fraction": 0.033362, "perturbation_size": 0.005, "optimizer": "FIRE", "found_minima": [[0.6234994049, 0.02803775853], [-0.05001149039239776, 0.46669427617561543], [-0.5582236542114101, 1.4417258216203273]], "found_saddles": [[0.21571679010601372, 0.28443219962376987], [-0.8079029810439435, 0.6106879410204078]], "bias_count": 437, "energy_calls_at_each_min": [1, 8982, 51654], "force_calls_at_each_min": [1, 8982, 51654]}