{"run_id": 658, "bias_std_dev_scale": 0.349658, "bias_height_fraction": 0.02, "perturbation_size": 0.005, "optimizer": "FIRE", "found_minima": [[0.6234994049, 0.02803775853], [-0.5582202407209405, 1.4417301794689676]], "found_saddles": [[-0.8473719555828668, 0.6056477248414622]], "bias_count": 5000, "energy_calls_at_each_min": [1, 31282], "force_calls_at_each_min": [1, 31282]}