{"run_id": 1017, "bias_std_dev_scale": 0.5, "bias_height_fraction": 0.025831, "perturbation_size": 0.005, "optimizer": "Scipy", "found_minima": [[0.6234994049, 0.02803775853], [-0.5581871838320023, 1.441792485114845]], "found_saddles": [[0.17341340655531878, 0.12479948856410741]], "bias_count": 5000, "energy_calls_at_each_min": [1, 791], "force_calls_at_each_min": [1, 791]}