{"run_id": 1942, "bias_std_dev_scale": 0.142997, "bias_height_fraction": 0.154853, "perturbation_size": 0.005, "optimizer": "FIRE", "found_minima": [[0.6234994049, 0.02803775853], [-0.05001233304700926, 0.46669454972704555], [-0.5582236252192875, 1.4417258521050986]], "found_saddles": [[0.09678701704168688, 0.18082440864265034], [-0.8623840018141646, 0.5607890456246014]], "bias_count": 134, "energy_calls_at_each_min": [1, 3195, 15181], "force_calls_at_each_min": [1, 3195, 15181]}