{"run_id": 538, "bias_std_dev_scale": 0.170998, "bias_height_fraction": 0.02, "perturbation_size": 0.005, "optimizer": "FIRE", "found_minima": [[0.6234994049, 0.02803775853], [-0.05001153505384482, 0.4666942740325688], [-0.5582236279169498, 1.4417258472478542]], "found_saddles": [[0.21186624329980783, 0.28889445967206173], [-0.8239474908439242, 0.6038268575809911]], "bias_count": 703, "energy_calls_at_each_min": [1, 14152, 83890], "force_calls_at_each_min": [1, 14152, 83890]}