{"run_id": 790, "bias_std_dev_scale": 0.1, "bias_height_fraction": 0.055651, "perturbation_size": 0.005, "optimizer": "FIRE", "found_minima": [[0.6234994049, 0.02803775853], [-0.0500108593177221, 0.4666941061554332], [-0.5582236472484503, 1.441725829236468]], "found_saddles": [[0.25363550104190546, 0.30708511941945044], [-0.8395938106913551, 0.6168271410816394]], "bias_count": 688, "energy_calls_at_each_min": [1, 12841, 80344], "force_calls_at_each_min": [1, 12841, 80344]}