{"run_id": 442, "bias_std_dev_scale": 0.349658, "bias_height_fraction": 0.154853, "perturbation_size": 0.005, "optimizer": "FIRE", "found_minima": [[0.6234994049, 0.02803775853], [-0.5582184590873035, 1.4417323456452116]], "found_saddles": [[-0.8677588409927824, 0.5835670570102495]], "bias_count": 5000, "energy_calls_at_each_min": [1, 5950], "force_calls_at_each_min": [1, 5950]}