{"run_id": 1798, "bias_std_dev_scale": 0.1, "bias_height_fraction": 0.02, "perturbation_size": 0.005, "optimizer": "FIRE", "found_minima": [[0.6234994049, 0.02803775853], [-0.050010840696847594, 0.46669410211264095], [-0.558223629045927, 1.44172584503991]], "found_saddles": [[0.24150697264916524, 0.31952190991008733], [-0.8467400727426876, 0.6162679551768158]], "bias_count": 1891, "energy_calls_at_each_min": [1, 40144, 238213], "force_calls_at_each_min": [1, 40144, 238213]}