{"run_id": 1065, "bias_std_dev_scale": 0.292402, "bias_height_fraction": 0.119897, "perturbation_size": 0.005, "optimizer": "Scipy", "found_minima": [[0.6234994049, 0.02803775853], [-0.05285546056721448, 0.46738923034651225], [-0.558223614811895, 1.44172586477758]], "found_saddles": [[0.17269977634561284, 0.10911132525026773], [-0.5647165228952294, 0.5338193967801]], "bias_count": 42, "energy_calls_at_each_min": [1, 238, 660], "force_calls_at_each_min": [1, 238, 660]}