{"run_id": 1247, "bias_std_dev_scale": 0.349658, "bias_height_fraction": 0.092832, "perturbation_size": 0.005, "optimizer": "Scipy", "found_minima": [[0.6234994049, 0.02803775853], [-0.5582236367407288, 1.441725840103619]], "found_saddles": [[0.11438036461855294, 0.13446802647148798]], "bias_count": 5000, "energy_calls_at_each_min": [1, 308], "force_calls_at_each_min": [1, 308]}