{"run_id": 1323, "bias_std_dev_scale": 0.170998, "bias_height_fraction": 0.154853, "perturbation_size": 0.005, "optimizer": "Scipy", "found_minima": [[0.6234994049, 0.02803775853], [-0.05001083224957738, 0.4666941071066132], [-0.5582236346340801, 1.441725841803304]], "found_saddles": [[0.0340648114521801, 0.4877482785858639], [-0.5105134088214739, 0.4994399331526431]], "bias_count": 46, "energy_calls_at_each_min": [1, 261, 960], "force_calls_at_each_min": [1, 261, 960]}