{"run_id": 568, "bias_std_dev_scale": 0.119581, "bias_height_fraction": 0.071876, "perturbation_size": 0.005, "optimizer": "FIRE", "found_minima": [[0.6234994049, 0.02803775853], [-0.05001077873246866, 0.4666940999949566], [-0.5582236222618194, 1.4417258537627686]], "found_saddles": [[0.20697057669499558, 0.2929458651955439], [-0.7875849453770207, 0.6445391155337995]], "bias_count": 475, "energy_calls_at_each_min": [1, 6828, 56993], "force_calls_at_each_min": [1, 6828, 56993]}