{"run_id": 1771, "bias_std_dev_scale": 0.119581, "bias_height_fraction": 0.055651, "perturbation_size": 0.005, "optimizer": "Scipy", "found_minima": [[0.6234994049, 0.02803775853], [-0.05001082465077744, 0.4666941039988473], [-0.5582236486636598, 1.441725827042626]], "found_saddles": [[0.01857982147393955, 0.4825306484903325], [-0.2310002124150853, 0.4752230426627103]], "bias_count": 51, "energy_calls_at_each_min": [1, 780, 882], "force_calls_at_each_min": [1, 780, 882]}