{"run_id": 126, "bias_std_dev_scale": 0.170998, "bias_height_fraction": 0.092832, "perturbation_size": 0.005, "optimizer": "FIRE", "found_minima": [[0.6234994049, 0.02803775853], [-0.05001862427378462, 0.4666960564957063], [-0.5582236264013194, 1.4417258475341819]], "found_saddles": [[0.1718730141599114, 0.29439153417511327], [-0.8217119358626338, 0.590193851303548]], "bias_count": 129, "energy_calls_at_each_min": [1, 3323, 14530], "force_calls_at_each_min": [1, 3323, 14530]}