{"run_id": 1176, "bias_std_dev_scale": 0.119581, "bias_height_fraction": 0.025831, "perturbation_size": 0.005, "optimizer": "FIRE", "found_minima": [[0.6234994049, 0.02803775853], [-0.050010780902643576, 0.4666940940846181], [-0.5582236460870438, 1.441725828486252]], "found_saddles": [[0.18220664177639345, 0.23755810557411494], [-0.8415409104724136, 0.595068538109826]], "bias_count": 986, "energy_calls_at_each_min": [1, 21719, 120570], "force_calls_at_each_min": [1, 21719, 120570]}