{"run_id": 548, "bias_std_dev_scale": 0.142997, "bias_height_fraction": 0.071876, "perturbation_size": 0.005, "optimizer": "FIRE", "found_minima": [[0.6234994049, 0.02803775853], [-0.05001107906523336, 0.4666941618195135], [-0.5582236510209957, 1.4417258254914973]], "found_saddles": [[0.2014977532264827, 0.2904046996934095], [-0.8253343103002968, 0.6311882489216797]], "bias_count": 245, "energy_calls_at_each_min": [1, 5213, 28546], "force_calls_at_each_min": [1, 5213, 28546]}