{"run_id": 870, "bias_std_dev_scale": 0.292402, "bias_height_fraction": 0.055651, "perturbation_size": 0.005, "optimizer": "FIRE", "found_minima": [[0.6234994049, 0.02803775853], [-0.053063148945651166, 0.4674563576145273], [-0.5582236011567221, 1.44172588294034]], "found_saddles": [[0.17141452866577692, 0.24458156859426136], [-0.8343973727654042, 0.601809809500534]], "bias_count": 141, "energy_calls_at_each_min": [1, 3275, 16261], "force_calls_at_each_min": [1, 3275, 16261]}