{"run_id": 952, "bias_std_dev_scale": 0.142997, "bias_height_fraction": 0.043089, "perturbation_size": 0.005, "optimizer": "FIRE", "found_minima": [[0.6234994049, 0.02803775853], [-0.05001089303154938, 0.4666941238895256], [-0.5582236542899875, 1.4417258231196695]], "found_saddles": [[0.25444613492677914, 0.31146323587201236], [-0.8189816567751136, 0.6127521975764001]], "bias_count": 374, "energy_calls_at_each_min": [1, 11336, 45164], "force_calls_at_each_min": [1, 11336, 45164]}