{"run_id": 187, "bias_std_dev_scale": 0.1, "bias_height_fraction": 0.092832, "perturbation_size": 0.005, "optimizer": "Scipy", "found_minima": [[0.6234994049, 0.02803775853], [-0.05001082325418358, 0.4666941048635338], [-0.5582236330319208, 1.4417258426487203]], "found_saddles": [[0.23792196275453345, 0.437722129823787], [-0.21801450164584135, 0.4085541323688861]], "bias_count": 72, "energy_calls_at_each_min": [1, 1141, 1595], "force_calls_at_each_min": [1, 1141, 1595]}