{"run_id": 1572, "bias_std_dev_scale": 0.119581, "bias_height_fraction": 0.043089, "perturbation_size": 0.005, "optimizer": "FIRE", "found_minima": [[0.6234994049, 0.02803775853], [-0.05001085244788305, 0.4666941133996851], [-0.5582236552772798, 1.4417258214162485]], "found_saddles": [[0.2251042726239784, 0.31057951864855393], [-0.8305828432827898, 0.6116607975863071]], "bias_count": 618, "energy_calls_at_each_min": [1, 11825, 74200], "force_calls_at_each_min": [1, 11825, 74200]}