{"run_id": 1203, "bias_std_dev_scale": 0.5, "bias_height_fraction": 0.154853, "perturbation_size": 0.005, "optimizer": "Scipy", "found_minima": [[0.6234994049, 0.02803775853], [-0.5582065188056895, 1.44175675569814]], "found_saddles": [[0.16688958065023268, 0.09570766378044257]], "bias_count": 5000, "energy_calls_at_each_min": [1, 207], "force_calls_at_each_min": [1, 207]}