{"run_id": 313, "bias_std_dev_scale": 0.204481, "bias_height_fraction": 0.043089, "perturbation_size": 0.005, "optimizer": "Scipy", "found_minima": [[0.6234994049, 0.02803775853], [-0.0500315787045682, 0.4666994859523336], [-0.558223631485067, 1.4417258454020612]], "found_saddles": [[0.009711051386705971, 0.4715180434602375], [-0.3025356028724952, 0.4819790477995341]], "bias_count": 65, "energy_calls_at_each_min": [1, 635, 859], "force_calls_at_each_min": [1, 635, 859]}