{"run_id": 576, "bias_std_dev_scale": 0.119581, "bias_height_fraction": 0.025831, "perturbation_size": 0.005, "optimizer": "FIRE", "found_minima": [[0.6234994049, 0.02803775853], [-0.05001079512336981, 0.46669409912681603], [-0.5582236566691443, 1.4417258196721583]], "found_saddles": [[0.23210016605798606, 0.3256810884660789], [-0.8197368433676249, 0.6238065144618814]], "bias_count": 916, "energy_calls_at_each_min": [1, 20724, 112791], "force_calls_at_each_min": [1, 20724, 112791]}