{"run_id": 1590, "bias_std_dev_scale": 0.1, "bias_height_fraction": 0.055651, "perturbation_size": 0.005, "optimizer": "FIRE", "found_minima": [[0.6234994049, 0.02803775853], [-0.05001086032739685, 0.46669410940602774], [-0.5582236289253435, 1.4417258450954011]], "found_saddles": [[0.20438798833075794, 0.2806955534328101], [-0.8205552341379987, 0.6214535757953035]], "bias_count": 632, "energy_calls_at_each_min": [1, 13853, 73841], "force_calls_at_each_min": [1, 13853, 73841]}