{"run_id": 1413, "bias_std_dev_scale": 0.5, "bias_height_fraction": 0.043089, "perturbation_size": 0.005, "optimizer": "Scipy", "found_minima": [[0.6234994049, 0.02803775853], [-0.5581976018098178, 1.441771056854759]], "found_saddles": [[-0.37370567097443574, 0.277399534228972]], "bias_count": 5000, "energy_calls_at_each_min": [1, 470], "force_calls_at_each_min": [1, 470]}