{"run_id": 166, "bias_std_dev_scale": 0.119581, "bias_height_fraction": 0.092832, "perturbation_size": 0.005, "optimizer": "FIRE", "found_minima": [[0.6234994049, 0.02803775853], [-0.050011173577306424, 0.46669417296771415], [-0.5582236211404847, 1.4417258548627179]], "found_saddles": [[0.19346646096398282, 0.27646893429383473], [-0.8258231380755223, 0.6050066306040198]], "bias_count": 293, "energy_calls_at_each_min": [1, 6542, 33697], "force_calls_at_each_min": [1, 6542, 33697]}