{"run_id": 1480, "bias_std_dev_scale": 0.244521, "bias_height_fraction": 0.2, "perturbation_size": 0.005, "optimizer": "FIRE", "found_minima": [[0.6234994049, 0.02803775853], [-0.0502866362705032, 0.4667624041171957], [-0.5582236481732451, 1.4417258289612136]], "found_saddles": [[0.1489018817540532, 0.09701263360733617], [-0.84620499423444, 0.5852784437647207]], "bias_count": 23, "energy_calls_at_each_min": [1, 1444, 2431], "force_calls_at_each_min": [1, 1444, 2431]}