{"run_id": 543, "bias_std_dev_scale": 0.142997, "bias_height_fraction": 0.154853, "perturbation_size": 0.005, "optimizer": "Scipy", "found_minima": [[0.6234994049, 0.02803775853], [-0.050010823014506364, 0.4666941053277026], [-0.5582236376147323, 1.4417258391273016]], "found_saddles": [[0.14697996355568804, 0.449296087982327], [0.12604942728089957, 0.26656327799232993]], "bias_count": 30, "energy_calls_at_each_min": [1, 528, 685], "force_calls_at_each_min": [1, 528, 685]}