{"run_id": 874, "bias_std_dev_scale": 0.292402, "bias_height_fraction": 0.033362, "perturbation_size": 0.005, "optimizer": "FIRE", "found_minima": [[0.6234994049, 0.02803775853], [-0.558223618891099, 1.4417258648176274]], "found_saddles": [[-0.8507791994492647, 0.6044664024178332]], "bias_count": 5000, "energy_calls_at_each_min": [1, 22594], "force_calls_at_each_min": [1, 22594]}