{"run_id": 1597, "bias_std_dev_scale": 0.1, "bias_height_fraction": 0.025831, "perturbation_size": 0.005, "optimizer": "Scipy", "found_minima": [[0.6234994049, 0.02803775853], [-0.5582236346583045, 1.4417258417749532], [-0.050010810817981935, 0.46669410620088336]], "found_saddles": [[0.301297225732585, 0.04861077544246388], [0.08083605067576727, 0.47219046398854125]], "bias_count": 825, "energy_calls_at_each_min": [1, 1982, 16252], "force_calls_at_each_min": [1, 1982, 16252]}