{"run_id": 433, "bias_std_dev_scale": 0.418126, "bias_height_fraction": 0.043089, "perturbation_size": 0.005, "optimizer": "Scipy", "found_minima": [[0.6234994049, 0.02803775853], [-0.5582200854389712, 1.441731951456152]], "found_saddles": [[-0.20415638186181517, 0.48137375180129593]], "bias_count": 5000, "energy_calls_at_each_min": [1, 561], "force_calls_at_each_min": [1, 561]}