{"run_id": 305, "bias_std_dev_scale": 0.204481, "bias_height_fraction": 0.119897, "perturbation_size": 0.005, "optimizer": "Scipy", "found_minima": [[0.6234994049, 0.02803775853], [-0.5582236351240943, 1.4417258412963732], [-0.05002990267882304, 0.466699009494155]], "found_saddles": [[0.29982599126418563, 0.07385719605523691], [-1.1572523646314226, 0.7563380446997329]], "bias_count": 96, "energy_calls_at_each_min": [1, 284, 1753], "force_calls_at_each_min": [1, 284, 1753]}