{"run_id": 1009, "bias_std_dev_scale": 0.5, "bias_height_fraction": 0.071876, "perturbation_size": 0.005, "optimizer": "Scipy", "found_minima": [[0.6234994049, 0.02803775853], [-0.5581372492168869, 1.4418781412597397]], "found_saddles": [[0.140845581113472, 0.08690780586036104]], "bias_count": 5000, "energy_calls_at_each_min": [1, 458], "force_calls_at_each_min": [1, 458]}