{"run_id": 597, "bias_std_dev_scale": 0.1, "bias_height_fraction": 0.025831, "perturbation_size": 0.005, "optimizer": "Scipy", "found_minima": [[0.6234994049, 0.02803775853], [-0.05001082146591001, 0.4666941030688336], [-0.5582236347250423, 1.4417258417533145]], "found_saddles": [[-0.08336502903093024, 0.45651951738246105], [0.19216250225372686, 0.13113102271580934]], "bias_count": 226, "energy_calls_at_each_min": [1, 2807, 4432], "force_calls_at_each_min": [1, 2807, 4432]}