{"run_id": 529, "bias_std_dev_scale": 0.170998, "bias_height_fraction": 0.071876, "perturbation_size": 0.005, "optimizer": "Scipy", "found_minima": [[0.6234994049, 0.02803775853], [-0.05001085458526659, 0.46669411190366683], [-0.5582236343492459, 1.4417258417122205]], "found_saddles": [[-0.12994384895404743, 0.4586392948294322], [0.11848029171772892, 0.2610904884980888]], "bias_count": 70, "energy_calls_at_each_min": [1, 340, 1302], "force_calls_at_each_min": [1, 340, 1302]}