{"run_id": 1157, "bias_std_dev_scale": 0.142997, "bias_height_fraction": 0.025831, "perturbation_size": 0.005, "optimizer": "Scipy", "found_minima": [[0.6234994049, 0.02803775853], [-0.050010990961548665, 0.46669414576353074], [-0.5582236337835238, 1.441725841219699]], "found_saddles": [[0.1897258188867441, 0.4252187428281782], [0.23252750617900092, 0.344199711183274]], "bias_count": 157, "energy_calls_at_each_min": [1, 2176, 2634], "force_calls_at_each_min": [1, 2176, 2634]}