{"run_id": 356, "bias_std_dev_scale": 0.142997, "bias_height_fraction": 0.025831, "perturbation_size": 0.005, "optimizer": "FIRE", "found_minima": [[0.6234994049, 0.02803775853], [-0.05001100396039845, 0.4666941523814544], [-0.5582236550308599, 1.4417258208572539]], "found_saddles": [[0.2637117546134531, 0.2883302440617462], [-0.8393912927399843, 0.6283814980408226]], "bias_count": 676, "energy_calls_at_each_min": [1, 16103, 81524], "force_calls_at_each_min": [1, 16103, 81524]}