{"run_id": 1875, "bias_std_dev_scale": 0.292402, "bias_height_fraction": 0.033362, "perturbation_size": 0.005, "optimizer": "Scipy", "found_minima": [[0.6234994049, 0.02803775853], [-0.5582236342605621, 1.441725842328344]], "found_saddles": [[0.18956760326684421, 0.12594231030962177]], "bias_count": 5000, "energy_calls_at_each_min": [1, 858], "force_calls_at_each_min": [1, 858]}