{"run_id": 51, "bias_std_dev_scale": 0.349658, "bias_height_fraction": 0.055651, "perturbation_size": 0.005, "optimizer": "Scipy", "found_minima": [[0.6234994049, 0.02803775853], [-0.5582234322333894, 1.4417261422796561]], "found_saddles": [[-0.3676261174305246, 0.38317251252175916]], "bias_count": 5000, "energy_calls_at_each_min": [1, 628], "force_calls_at_each_min": [1, 628]}