{"run_id": 919, "bias_std_dev_scale": 0.204481, "bias_height_fraction": 0.02, "perturbation_size": 0.005, "optimizer": "Scipy", "found_minima": [[0.6234994049, 0.02803775853], [-0.5582236346494011, 1.4417258417917074], [-0.050023518878080916, 0.4666973505301625]], "found_saddles": [[0.2926695613962584, 0.07259794451448148], [-0.01844393641916864, 0.46557382026458194]], "bias_count": 368, "energy_calls_at_each_min": [1, 1011, 4687], "force_calls_at_each_min": [1, 1011, 4687]}