{"run_id": 1933, "bias_std_dev_scale": 0.170998, "bias_height_fraction": 0.043089, "perturbation_size": 0.005, "optimizer": "Scipy", "found_minima": [[0.6234994049, 0.02803775853], [-0.05004566129048049, 0.46670191569688524], [-0.5582236346327295, 1.441725841900136]], "found_saddles": [[0.2539438633443001, 0.2329545828862639], [-0.3436948658348085, 0.4878864661577594]], "bias_count": 106, "energy_calls_at_each_min": [1, 1304, 1719], "force_calls_at_each_min": [1, 1304, 1719]}