{"run_id": 47, "bias_std_dev_scale": 0.349658, "bias_height_fraction": 0.092832, "perturbation_size": 0.005, "optimizer": "Scipy", "found_minima": [[0.6234994049, 0.02803775853], [-0.558223235149856, 1.4417264170165376]], "found_saddles": [[-0.2992968508221668, 0.424114082696261]], "bias_count": 5000, "energy_calls_at_each_min": [1, 458], "force_calls_at_each_min": [1, 458]}