{"run_id": 1428, "bias_std_dev_scale": 0.418126, "bias_height_fraction": 0.071876, "perturbation_size": 0.005, "optimizer": "FIRE", "found_minima": [[0.6234994049, 0.02803775853], [-0.5581381735425883, 1.4418373189389533]], "found_saddles": [[-0.8583430438808393, 0.6054283266237958]], "bias_count": 5000, "energy_calls_at_each_min": [1, 6374], "force_calls_at_each_min": [1, 6374]}