{"run_id": 336, "bias_std_dev_scale": 0.170998, "bias_height_fraction": 0.025831, "perturbation_size": 0.005, "optimizer": "FIRE", "found_minima": [[0.6234994049, 0.02803775853], [-0.050016296529288615, 0.4666953348896635], [-0.5582236521816848, 1.4417258249985145]], "found_saddles": [[0.1887969844485027, 0.27912852372700997], [-0.8317635989784331, 0.6197368504148904]], "bias_count": 505, "energy_calls_at_each_min": [1, 12274, 59172], "force_calls_at_each_min": [1, 12274, 59172]}