{"run_id": 1399, "bias_std_dev_scale": 0.1, "bias_height_fraction": 0.02, "perturbation_size": 0.005, "optimizer": "Scipy", "found_minima": [[0.6234994049, 0.02803775853], [-0.050010822998159656, 0.46669410487198726], [-0.5582236341346617, 1.441725842293211]], "found_saddles": [[-0.1269087348882042, 0.42685338680713325], [0.12813188568892228, 0.3764958845317143]], "bias_count": 294, "energy_calls_at_each_min": [1, 5176, 5701], "force_calls_at_each_min": [1, 5176, 5701]}