{"run_id": 1139, "bias_std_dev_scale": 0.170998, "bias_height_fraction": 0.02, "perturbation_size": 0.005, "optimizer": "Scipy", "found_minima": [[0.6234994049, 0.02803775853], [-0.050013605014434075, 0.46669474185658105], [-0.5582236254121363, 1.4417258516118585]], "found_saddles": [[0.2076290781461217, 0.1707349401542462], [0.15579294374220587, 0.2168954535940695]], "bias_count": 210, "energy_calls_at_each_min": [1, 1689, 3354], "force_calls_at_each_min": [1, 1689, 3354]}