{"run_id": 578, "bias_std_dev_scale": 0.119581, "bias_height_fraction": 0.02, "perturbation_size": 0.005, "optimizer": "FIRE", "found_minima": [[0.6234994049, 0.02803775853], [-0.05001078769001201, 0.46669409544648127], [-0.5582236539646912, 1.4417258230316936]], "found_saddles": [[0.21038127760781594, 0.29576256376781973], [-0.8252692577652124, 0.6485525491491676]], "bias_count": 1363, "energy_calls_at_each_min": [1, 27536, 170258], "force_calls_at_each_min": [1, 27536, 170258]}