{"run_id": 1698, "bias_std_dev_scale": 0.244521, "bias_height_fraction": 0.02, "perturbation_size": 0.005, "optimizer": "FIRE", "found_minima": [[0.6234994049, 0.02803775853], [-0.051067534951560044, 0.46697782883661354], [-0.5582236540198643, 1.441725821830615]], "found_saddles": [[0.20462813938726532, 0.27145755593675736], [-0.8230464267972661, 0.600711644003019]], "bias_count": 381, "energy_calls_at_each_min": [1, 11401, 43730], "force_calls_at_each_min": [1, 11401, 43730]}