{"run_id": 106, "bias_std_dev_scale": 0.204481, "bias_height_fraction": 0.092832, "perturbation_size": 0.005, "optimizer": "FIRE", "found_minima": [[0.6234994049, 0.02803775853], [-0.050028366031644615, 0.46669860447712], [-0.5582236473273609, 1.4417258294931832]], "found_saddles": [[0.23707831050556308, 0.3035252812270402], [-0.8247816674597864, 0.6116384257781411]], "bias_count": 116, "energy_calls_at_each_min": [1, 2495, 13530], "force_calls_at_each_min": [1, 2495, 13530]}