{"run_id": 1136, "bias_std_dev_scale": 0.170998, "bias_height_fraction": 0.025831, "perturbation_size": 0.005, "optimizer": "FIRE", "found_minima": [[0.6234994049, 0.02803775853], [-0.05001853780195064, 0.4666958219284405], [-0.5582236568193122, 1.4417258199502847]], "found_saddles": [[0.21245712210172382, 0.28753944831100736], [-0.8359880104334926, 0.6205175167953983]], "bias_count": 543, "energy_calls_at_each_min": [1, 11223, 65609], "force_calls_at_each_min": [1, 11223, 65609]}