{"run_id": 1678, "bias_std_dev_scale": 0.292402, "bias_height_fraction": 0.02, "perturbation_size": 0.005, "optimizer": "FIRE", "found_minima": [[0.6234994049, 0.02803775853], [-0.5582236008869935, 1.4417258800286474]], "found_saddles": [[-0.835744678398836, 0.6034129445196312]], "bias_count": 5000, "energy_calls_at_each_min": [1, 36370], "force_calls_at_each_min": [1, 36370]}