{"run_id": 968, "bias_std_dev_scale": 0.119581, "bias_height_fraction": 0.071876, "perturbation_size": 0.005, "optimizer": "FIRE", "found_minima": [[0.6234994049, 0.02803775853], [-0.05001086232821293, 0.4666941058402442], [-0.5582236176139272, 1.4417258583785917]], "found_saddles": [[0.19901214188102048, 0.28687415641030806], [-0.8219492163736974, 0.6351561402551614]], "bias_count": 384, "energy_calls_at_each_min": [1, 6295, 44489], "force_calls_at_each_min": [1, 6295, 44489]}