{"run_id": 436, "bias_std_dev_scale": 0.418126, "bias_height_fraction": 0.025831, "perturbation_size": 0.005, "optimizer": "FIRE", "found_minima": [[0.6234994049, 0.02803775853], [-0.5581462040444691, 1.4418293868392629]], "found_saddles": [[-0.8760739746591713, 0.5944792420637081]], "bias_count": 5000, "energy_calls_at_each_min": [1, 22630], "force_calls_at_each_min": [1, 22630]}