{"run_id": 308, "bias_std_dev_scale": 0.204481, "bias_height_fraction": 0.071876, "perturbation_size": 0.005, "optimizer": "FIRE", "found_minima": [[0.6234994049, 0.02803775853], [-0.05003020784749032, 0.4666990997839852], [-0.5582236402212908, 1.4417258380353912]], "found_saddles": [[0.22453572623658033, 0.276051116655097], [-0.8466494389685834, 0.6268181581913335]], "bias_count": 104, "energy_calls_at_each_min": [1, 3433, 12889], "force_calls_at_each_min": [1, 3433, 12889]}