{"run_id": 1424, "bias_std_dev_scale": 0.418126, "bias_height_fraction": 0.119897, "perturbation_size": 0.005, "optimizer": "FIRE", "found_minima": [[0.6234994049, 0.02803775853], [-0.5581373033446022, 1.4418408521360206]], "found_saddles": [[-0.880825070647636, 0.5790868326221799]], "bias_count": 5000, "energy_calls_at_each_min": [1, 4880], "force_calls_at_each_min": [1, 4880]}