{"run_id": 253, "bias_std_dev_scale": 0.349658, "bias_height_fraction": 0.043089, "perturbation_size": 0.005, "optimizer": "Scipy", "found_minima": [[0.6234994049, 0.02803775853], [-0.5582233991247835, 1.4417261925258156]], "found_saddles": [[-0.36337261199584253, 0.39079283731606995]], "bias_count": 5000, "energy_calls_at_each_min": [1, 1171], "force_calls_at_each_min": [1, 1171]}