{"run_id": 1368, "bias_std_dev_scale": 0.119581, "bias_height_fraction": 0.071876, "perturbation_size": 0.005, "optimizer": "FIRE", "found_minima": [[0.6234994049, 0.02803775853], [-0.05001077917447785, 0.46669409941431844], [-0.5582236311874801, 1.4417258439595722]], "found_saddles": [[0.17699570048596097, 0.29704476272103814], [-0.7922039620421096, 0.6289398475308134]], "bias_count": 363, "energy_calls_at_each_min": [1, 8555, 43031], "force_calls_at_each_min": [1, 8555, 43031]}