{"run_id": 1124, "bias_std_dev_scale": 0.170998, "bias_height_fraction": 0.119897, "perturbation_size": 0.005, "optimizer": "FIRE", "found_minima": [[0.6234994049, 0.02803775853], [-0.05002079433601427, 0.46669624363408674], [-0.558223652449205, 1.4417258246803522]], "found_saddles": [[0.1977209332112112, 0.27297111135667684], [-0.8270231506115541, 0.603937031894876]], "bias_count": 129, "energy_calls_at_each_min": [1, 2557, 15019], "force_calls_at_each_min": [1, 2557, 15019]}