{"run_id": 1355, "bias_std_dev_scale": 0.142997, "bias_height_fraction": 0.033362, "perturbation_size": 0.005, "optimizer": "Scipy", "found_minima": [[0.6234994049, 0.02803775853], [-0.050010866512040036, 0.4666941116119217], [-0.5582236348117972, 1.4417258414325986]], "found_saddles": [[0.18016590101211843, 0.1862274565660187], [-0.22312988335763492, 0.4772486639886432]], "bias_count": 117, "energy_calls_at_each_min": [1, 1870, 2036], "force_calls_at_each_min": [1, 1870, 2036]}