{"run_id": 1759, "bias_std_dev_scale": 0.142997, "bias_height_fraction": 0.02, "perturbation_size": 0.005, "optimizer": "Scipy", "found_minima": [[0.6234994049, 0.02803775853], [-0.05001086717379995, 0.4666941225979651], [-0.5582236346228682, 1.4417258418143144]], "found_saddles": [[0.2364964964635382, 0.3009332366641215], [0.1142423582892873, 0.37226749292760886]], "bias_count": 196, "energy_calls_at_each_min": [1, 2594, 2979], "force_calls_at_each_min": [1, 2594, 2979]}