{"run_id": 374, "bias_std_dev_scale": 0.119581, "bias_height_fraction": 0.033362, "perturbation_size": 0.005, "optimizer": "FIRE", "found_minima": [[0.6234994049, 0.02803775853], [-0.05001084434803149, 0.466694118283488], [-0.5582236356828998, 1.4417258431006084]], "found_saddles": [[0.21408184865639174, 0.29887556286864236], [-0.8575057185991369, 0.5870384929292267]], "bias_count": 779, "energy_calls_at_each_min": [1, 15200, 95946], "force_calls_at_each_min": [1, 15200, 95946]}