{"run_id": 1666, "bias_std_dev_scale": 0.292402, "bias_height_fraction": 0.092832, "perturbation_size": 0.005, "optimizer": "FIRE", "found_minima": [[0.6234994049, 0.02803775853], [-0.5582236032343105, 1.4417258766007262]], "found_saddles": [[-0.8500712028306259, 0.5556709905473118]], "bias_count": 5000, "energy_calls_at_each_min": [1, 9180], "force_calls_at_each_min": [1, 9180]}