{"run_id": 788, "bias_std_dev_scale": 0.1, "bias_height_fraction": 0.071876, "perturbation_size": 0.005, "optimizer": "FIRE", "found_minima": [[0.6234994049, 0.02803775853], [-0.050010813956343755, 0.46669410800876704], [-0.5582236212059343, 1.4417258558603945]], "found_saddles": [[0.20935549705635798, 0.2849469608122212], [-0.8171822511314434, 0.6209319842327891]], "bias_count": 475, "energy_calls_at_each_min": [1, 8605, 55099], "force_calls_at_each_min": [1, 8605, 55099]}