{"run_id": 349, "bias_std_dev_scale": 0.142997, "bias_height_fraction": 0.071876, "perturbation_size": 0.005, "optimizer": "Scipy", "found_minima": [[0.6234994049, 0.02803775853], [-0.5582236330881111, 1.4417258407175308], [-0.050010822244858, 0.46669410472555395]], "found_saddles": [[0.36361986470920227, -0.031280130783432565], [-1.0197849087986963, 0.8813978173902067]], "bias_count": 212, "energy_calls_at_each_min": [1, 533, 4011], "force_calls_at_each_min": [1, 533, 4011]}