{"run_id": 1635, "bias_std_dev_scale": 0.418126, "bias_height_fraction": 0.033362, "perturbation_size": 0.005, "optimizer": "Scipy", "found_minima": [[0.6234994049, 0.02803775853], [-0.5582175830699195, 1.441735523283857]], "found_saddles": [[0.027889107898217275, 0.17591280578705104]], "bias_count": 5000, "energy_calls_at_each_min": [1, 886], "force_calls_at_each_min": [1, 886]}