{"run_id": 395, "bias_std_dev_scale": 0.1, "bias_height_fraction": 0.033362, "perturbation_size": 0.005, "optimizer": "Scipy", "found_minima": [[0.6234994049, 0.02803775853], [-0.5582236348246865, 1.4417258416547754], [-0.05001082341908464, 0.4666941029821664]], "found_saddles": [[0.3492719915137818, 0.07769258366229614], [-0.09521697332590473, 0.46453683655640654]], "bias_count": 600, "energy_calls_at_each_min": [1, 1115, 12393], "force_calls_at_each_min": [1, 1115, 12393]}