{"run_id": 1392, "bias_std_dev_scale": 0.1, "bias_height_fraction": 0.043089, "perturbation_size": 0.005, "optimizer": "FIRE", "found_minima": [[0.6234994049, 0.02803775853], [-0.050010776483256934, 0.4666940933249817], [-0.5582236486100994, 1.441725828343081]], "found_saddles": [[0.2399098588757542, 0.35482672445367736], [-0.8204484547393562, 0.6315872475491957]], "bias_count": 889, "energy_calls_at_each_min": [1, 17046, 104177], "force_calls_at_each_min": [1, 17046, 104177]}