{"run_id": 343, "bias_std_dev_scale": 0.142997, "bias_height_fraction": 0.154853, "perturbation_size": 0.005, "optimizer": "Scipy", "found_minima": [[0.6234994049, 0.02803775853], [-0.05001082590273871, 0.4666941055624382], [-0.5582236347018421, 1.441725841686774]], "found_saddles": [[0.07856138163786097, 0.4943900345967495], [0.039075571604914996, 0.06866223726568872]], "bias_count": 54, "energy_calls_at_each_min": [1, 440, 1118], "force_calls_at_each_min": [1, 440, 1118]}