{"run_id": 92, "bias_std_dev_scale": 0.244521, "bias_height_fraction": 0.043089, "perturbation_size": 0.005, "optimizer": "FIRE", "found_minima": [[0.6234994049, 0.02803775853], [-0.05109433875563142, 0.4669864841502469], [-0.5582236367554008, 1.4417258438752076]], "found_saddles": [[0.20941078388880832, 0.2624230215895121], [-0.8388135203776957, 0.6112068816127113]], "bias_count": 188, "energy_calls_at_each_min": [1, 5751, 21466], "force_calls_at_each_min": [1, 5751, 21466]}