{"run_id": 1452, "bias_std_dev_scale": 0.349658, "bias_height_fraction": 0.043089, "perturbation_size": 0.005, "optimizer": "FIRE", "found_minima": [[0.6234994049, 0.02803775853], [-0.5582200068227245, 1.4417304635867225]], "found_saddles": [[-0.8328083016500955, 0.588303610828657]], "bias_count": 5000, "energy_calls_at_each_min": [1, 16777], "force_calls_at_each_min": [1, 16777]}