{"run_id": 946, "bias_std_dev_scale": 0.142997, "bias_height_fraction": 0.092832, "perturbation_size": 0.005, "optimizer": "FIRE", "found_minima": [[0.6234994049, 0.02803775853], [-0.05001084719168896, 0.4666941229185325], [-0.5582236450880379, 1.4417258315621415]], "found_saddles": [[0.23439802820683994, 0.30376183205105695], [-0.8370152622807536, 0.5955365160798889]], "bias_count": 202, "energy_calls_at_each_min": [1, 4527, 23471], "force_calls_at_each_min": [1, 4527, 23471]}