{"run_id": 400, "bias_std_dev_scale": 0.5, "bias_height_fraction": 0.2, "perturbation_size": 0.005, "optimizer": "FIRE", "found_minima": [[0.6234994049, 0.02803775853], [-0.5569666750645386, 1.4433642641156634]], "found_saddles": [[-0.882859316477757, 0.5900423869788791]], "bias_count": 5000, "energy_calls_at_each_min": [1, 3039], "force_calls_at_each_min": [1, 3039]}