{"run_id": 1281, "bias_std_dev_scale": 0.244521, "bias_height_fraction": 0.2, "perturbation_size": 0.005, "optimizer": "Scipy", "found_minima": [[0.6234994049, 0.02803775853], [-0.050286519780856014, 0.4667623882391604], [-0.5582236346193565, 1.44172584180778]], "found_saddles": [[0.10111025721788468, 0.4640309078771567], [0.1870747669356883, 0.39810919034632974]], "bias_count": 16, "energy_calls_at_each_min": [1, 85, 247], "force_calls_at_each_min": [1, 85, 247]}