{"run_id": 1739, "bias_std_dev_scale": 0.170998, "bias_height_fraction": 0.02, "perturbation_size": 0.005, "optimizer": "Scipy", "found_minima": [[0.6234994049, 0.02803775853], [-0.05001123624100816, 0.4666942137390787], [-0.5582236346672418, 1.4417258418426897]], "found_saddles": [[0.16963810464612256, 0.4410939485781507], [-0.17508349762200254, 0.478989454905989]], "bias_count": 130, "energy_calls_at_each_min": [1, 1528, 1657], "force_calls_at_each_min": [1, 1528, 1657]}