{"run_id": 1322, "bias_std_dev_scale": 0.170998, "bias_height_fraction": 0.154853, "perturbation_size": 0.005, "optimizer": "FIRE", "found_minima": [[0.6234994049, 0.02803775853], [-0.050012832398484294, 0.46669463874636036], [-0.5582236545797906, 1.4417258220572249]], "found_saddles": [[0.2553975883252023, 0.3094598463757035], [-0.8344995944942052, 0.6282645929489152]], "bias_count": 99, "energy_calls_at_each_min": [1, 2815, 11237], "force_calls_at_each_min": [1, 2815, 11237]}