{"run_id": 257, "bias_std_dev_scale": 0.349658, "bias_height_fraction": 0.025831, "perturbation_size": 0.005, "optimizer": "Scipy", "found_minima": [[0.6234994049, 0.02803775853], [-0.5582231803784908, 1.4417264933235199]], "found_saddles": [[-0.3673292407070885, 0.4121754527485317]], "bias_count": 5000, "energy_calls_at_each_min": [1, 1664], "force_calls_at_each_min": [1, 1664]}