{"run_id": 890, "bias_std_dev_scale": 0.244521, "bias_height_fraction": 0.055651, "perturbation_size": 0.005, "optimizer": "FIRE", "found_minima": [[0.6234994049, 0.02803775853], [-0.050930690237706314, 0.46693911209504557], [-0.5582236475755368, 1.4417258292492294]], "found_saddles": [[0.2375580816690195, 0.29541327289559216], [-0.8244163304771654, 0.5982616093105305]], "bias_count": 133, "energy_calls_at_each_min": [1, 5499, 15905], "force_calls_at_each_min": [1, 5499, 15905]}