{"run_id": 1296, "bias_std_dev_scale": 0.244521, "bias_height_fraction": 0.025831, "perturbation_size": 0.005, "optimizer": "FIRE", "found_minima": [[0.6234994049, 0.02803775853], [-0.05088264316339889, 0.466926324348279], [-0.5582236460917211, 1.4417258307942804]], "found_saddles": [[0.1959400442602745, 0.3011910708939015], [-0.8314216609403311, 0.6064329146598441]], "bias_count": 287, "energy_calls_at_each_min": [1, 8066, 31982], "force_calls_at_each_min": [1, 8066, 31982]}