{"run_id": 866, "bias_std_dev_scale": 0.292402, "bias_height_fraction": 0.092832, "perturbation_size": 0.005, "optimizer": "FIRE", "found_minima": [[0.6234994049, 0.02803775853], [-0.052105012996508666, 0.46719882655415085], [-0.558223578008641, 1.4417259068955726]], "found_saddles": [[0.17215300883408666, 0.2813020685678392], [-0.8225803064863173, 0.5873082034378674]], "bias_count": 58, "energy_calls_at_each_min": [1, 2208, 6281], "force_calls_at_each_min": [1, 2208, 6281]}