{"run_id": 860, "bias_std_dev_scale": 0.292402, "bias_height_fraction": 0.2, "perturbation_size": 0.005, "optimizer": "FIRE", "found_minima": [[0.6234994049, 0.02803775853], [-0.05274805163023906, 0.467351620432322], [-0.5582236000547764, 1.4417258817330072]], "found_saddles": [[0.07043942317962054, 0.21434843938452333], [-0.855548074749085, 0.6162642270838008]], "bias_count": 28, "energy_calls_at_each_min": [1, 1432, 3112], "force_calls_at_each_min": [1, 1432, 3112]}