{"run_id": 600, "bias_std_dev_scale": 0.5, "bias_height_fraction": 0.2, "perturbation_size": 0.005, "optimizer": "FIRE", "found_minima": [[0.6234994049, 0.02803775853], [-0.557111344047815, 1.4431911798158843]], "found_saddles": [[-0.8606108957541035, 0.5758672566085548]], "bias_count": 5000, "energy_calls_at_each_min": [1, 3144], "force_calls_at_each_min": [1, 3144]}