{"run_id": 1922, "bias_std_dev_scale": 0.170998, "bias_height_fraction": 0.154853, "perturbation_size": 0.005, "optimizer": "FIRE", "found_minima": [[0.6234994049, 0.02803775853], [-0.05001143560751204, 0.4666942421573688], [-0.5582236460474971, 1.441725829235805]], "found_saddles": [[0.17084926454450636, 0.2268060647332117], [-0.8353352438110497, 0.5737772976297622]], "bias_count": 107, "energy_calls_at_each_min": [1, 1960, 12520], "force_calls_at_each_min": [1, 1960, 12520]}