{"run_id": 88, "bias_std_dev_scale": 0.244521, "bias_height_fraction": 0.071876, "perturbation_size": 0.005, "optimizer": "FIRE", "found_minima": [[0.6234994049, 0.02803775853], [-0.05035094271872037, 0.46678037008388995], [-0.5582236469042408, 1.4417258299294546]], "found_saddles": [[0.19686105052342426, 0.27597950548258265], [-0.8236610865689235, 0.5989212149338052]], "bias_count": 85, "energy_calls_at_each_min": [1, 2781, 9897], "force_calls_at_each_min": [1, 2781, 9897]}