{"run_id": 1448, "bias_std_dev_scale": 0.349658, "bias_height_fraction": 0.071876, "perturbation_size": 0.005, "optimizer": "FIRE", "found_minima": [[0.6234994049, 0.02803775853], [-0.5582208101062179, 1.441729500896305]], "found_saddles": [[-0.822568068333224, 0.5898785063743684]], "bias_count": 5000, "energy_calls_at_each_min": [1, 6483], "force_calls_at_each_min": [1, 6483]}