{"run_id": 773, "bias_std_dev_scale": 0.119581, "bias_height_fraction": 0.043089, "perturbation_size": 0.005, "optimizer": "Scipy", "found_minima": [[0.6234994049, 0.02803775853], [-0.050010824870872446, 0.46669410545422946], [-0.558223634351219, 1.4417258414970855]], "found_saddles": [[0.2489112236495166, 0.21235868745919362], [-0.13769223597668678, 0.47341908966395413]], "bias_count": 106, "energy_calls_at_each_min": [1, 2109, 2172], "force_calls_at_each_min": [1, 2109, 2172]}