{"run_id": 1373, "bias_std_dev_scale": 0.119581, "bias_height_fraction": 0.043089, "perturbation_size": 0.005, "optimizer": "Scipy", "found_minima": [[0.6234994049, 0.02803775853], [-0.05001082102640742, 0.4666941018715045], [-0.5582236348582075, 1.4417258416457848]], "found_saddles": [[-0.07910882215538934, 0.4606010341724419], [-0.20411632415965048, 0.4775546526938014]], "bias_count": 83, "energy_calls_at_each_min": [1, 1412, 1475], "force_calls_at_each_min": [1, 1412, 1475]}