{"run_id": 1540, "bias_std_dev_scale": 0.142997, "bias_height_fraction": 0.2, "perturbation_size": 0.005, "optimizer": "FIRE", "found_minima": [[0.6234994049, 0.02803775853], [-0.05001162894264943, 0.4666942749561362], [-0.5582236522252103, 1.4417258248627751]], "found_saddles": [[0.13031819715875578, 0.24451554449838384], [-0.14685143536326534, 0.04076920330481886]], "bias_count": 119, "energy_calls_at_each_min": [1, 2167, 14069], "force_calls_at_each_min": [1, 2167, 14069]}