{"run_id": 1870, "bias_std_dev_scale": 0.292402, "bias_height_fraction": 0.055651, "perturbation_size": 0.005, "optimizer": "FIRE", "found_minima": [[0.6234994049, 0.02803775853], [-0.052965396034943886, 0.4674289576888037], [-0.5582236077399878, 1.4417258796328767]], "found_saddles": [[0.1644101101233261, 0.2753162860567003], [-0.8252738247515589, 0.5945070467868203]], "bias_count": 118, "energy_calls_at_each_min": [1, 3366, 12592], "force_calls_at_each_min": [1, 3366, 12592]}