{"run_id": 469, "bias_std_dev_scale": 0.292402, "bias_height_fraction": 0.071876, "perturbation_size": 0.005, "optimizer": "Scipy", "found_minima": [[0.6234994049, 0.02803775853], [-0.053324812934504424, 0.4675287419933917], [-0.5582236344570043, 1.441725841780315]], "found_saddles": [[0.18461221162912822, 0.10245851128418612], [-0.053324812934504424, 0.4675287419933917]], "bias_count": 31, "energy_calls_at_each_min": [1, 365, 391], "force_calls_at_each_min": [1, 365, 391]}