{"run_id": 1892, "bias_std_dev_scale": 0.244521, "bias_height_fraction": 0.043089, "perturbation_size": 0.005, "optimizer": "FIRE", "found_minima": [[0.6234994049, 0.02803775853], [-0.051257869724945775, 0.46703205209341936], [-0.5582236247306821, 1.4417258537896982]], "found_saddles": [[0.19673352221990112, 0.30797604208407725], [-0.8339505062953713, 0.5687493480548645]], "bias_count": 214, "energy_calls_at_each_min": [1, 5160, 24381], "force_calls_at_each_min": [1, 5160, 24381]}