{"run_id": 784, "bias_std_dev_scale": 0.1, "bias_height_fraction": 0.119897, "perturbation_size": 0.005, "optimizer": "FIRE", "found_minima": [[0.6234994049, 0.02803775853], [-0.05001085537176455, 0.4666941098761628], [-0.5582236304474412, 1.44172584848122]], "found_saddles": [[0.31461906413296836, 0.29210569686101345], [-0.8563090852161905, 0.581979489279662]], "bias_count": 229, "energy_calls_at_each_min": [1, 3792, 27099], "force_calls_at_each_min": [1, 3792, 27099]}