{"run_id": 132, "bias_std_dev_scale": 0.170998, "bias_height_fraction": 0.043089, "perturbation_size": 0.005, "optimizer": "FIRE", "found_minima": [[0.6234994049, 0.02803775853], [-0.05001498032176496, 0.4666950385633596], [-0.5582236355153757, 1.4417258398796782]], "found_saddles": [[0.20595870196872332, 0.30392082751836613], [-0.838209968254593, 0.6251564638105588]], "bias_count": 355, "energy_calls_at_each_min": [1, 6187, 41546], "force_calls_at_each_min": [1, 6187, 41546]}