{"run_id": 815, "bias_std_dev_scale": 0.5, "bias_height_fraction": 0.033362, "perturbation_size": 0.005, "optimizer": "Scipy", "found_minima": [[0.6234994049, 0.02803775853], [-0.558185548627403, 1.4417943383032128]], "found_saddles": [[0.16116653022436694, 0.09694398334579687]], "bias_count": 5000, "energy_calls_at_each_min": [1, 1210], "force_calls_at_each_min": [1, 1210]}