{"run_id": 1487, "bias_std_dev_scale": 0.244521, "bias_height_fraction": 0.092832, "perturbation_size": 0.005, "optimizer": "Scipy", "found_minima": [[0.6234994049, 0.02803775853], [-0.05009997747846199, 0.46671539959998004], [-0.5582236346209161, 1.4417258418177492]], "found_saddles": [[-0.13598312813819735, 0.4366507304683915], [-0.4270488631879346, 0.4948507449671846]], "bias_count": 37, "energy_calls_at_each_min": [1, 248, 512], "force_calls_at_each_min": [1, 248, 512]}