{"run_id": 1441, "bias_std_dev_scale": 0.349658, "bias_height_fraction": 0.2, "perturbation_size": 0.005, "optimizer": "Scipy", "found_minima": [[0.6234994049, 0.02803775853], [-0.05867072209727769, 0.4686869299184836], [-0.5582236190107669, 1.4417258720678898]], "found_saddles": [[0.03130606291412318, 0.49529453424986625], [0.037177010586226966, 0.06056930601052281]], "bias_count": 24, "energy_calls_at_each_min": [1, 107, 343], "force_calls_at_each_min": [1, 107, 343]}