{"run_id": 462, "bias_std_dev_scale": 0.292402, "bias_height_fraction": 0.154853, "perturbation_size": 0.005, "optimizer": "FIRE", "found_minima": [[0.6234994049, 0.02803775853], [-0.052767712624742495, 0.4673664924415584], [-0.5582235799040811, 1.4417259058978078]], "found_saddles": [[0.12107776013749838, 0.11597675836978781], [-0.837884607714096, 0.5838854163531317]], "bias_count": 54, "energy_calls_at_each_min": [1, 1792, 6086], "force_calls_at_each_min": [1, 1792, 6086]}