{"run_id": 1106, "bias_std_dev_scale": 0.204481, "bias_height_fraction": 0.092832, "perturbation_size": 0.005, "optimizer": "FIRE", "found_minima": [[0.6234994049, 0.02803775853], [-0.05002878386733707, 0.46669869203116193], [-0.5582236228040129, 1.4417258532346935]], "found_saddles": [[0.15879801141546082, 0.2842608433757361], [-0.8361285627415187, 0.6142195718430422]], "bias_count": 72, "energy_calls_at_each_min": [1, 3033, 8494], "force_calls_at_each_min": [1, 3033, 8494]}