{"run_id": 1251, "bias_std_dev_scale": 0.349658, "bias_height_fraction": 0.055651, "perturbation_size": 0.005, "optimizer": "Scipy", "found_minima": [[0.6234994049, 0.02803775853], [-0.5582235092885253, 1.441726035723207]], "found_saddles": [[-0.3576234048105281, 0.4014109759278419]], "bias_count": 5000, "energy_calls_at_each_min": [1, 474], "force_calls_at_each_min": [1, 474]}