{"run_id": 1491, "bias_std_dev_scale": 0.244521, "bias_height_fraction": 0.055651, "perturbation_size": 0.005, "optimizer": "Scipy", "found_minima": [[0.6234994049, 0.02803775853], [-0.05056981427491456, 0.4668390323313182], [-0.5582236339390406, 1.4417258407022637]], "found_saddles": [[0.2544959571660113, 0.46460933617046435], [-0.3683480476203315, 0.48966824631354144]], "bias_count": 59, "energy_calls_at_each_min": [1, 513, 793], "force_calls_at_each_min": [1, 513, 793]}