{"run_id": 547, "bias_std_dev_scale": 0.142997, "bias_height_fraction": 0.092832, "perturbation_size": 0.005, "optimizer": "Scipy", "found_minima": [[0.6234994049, 0.02803775853], [-0.05001144830749499, 0.4666942545271733], [-0.5582236327184682, 1.4417258448029715]], "found_saddles": [[0.8453304139605665, 0.12109653246427962], [0.18839383262328005, 0.38350913881770987]], "bias_count": 54, "energy_calls_at_each_min": [1, 943, 1075], "force_calls_at_each_min": [1, 943, 1075]}