{"run_id": 1714, "bias_std_dev_scale": 0.204481, "bias_height_fraction": 0.033362, "perturbation_size": 0.005, "optimizer": "FIRE", "found_minima": [[0.6234994049, 0.02803775853], [-0.050033703104735164, 0.4667000379218953], [-0.5582236564562543, 1.441725819795587]], "found_saddles": [[0.20831060734304296, 0.306999935054843], [-0.8355588958383161, 0.6192565802159002]], "bias_count": 313, "energy_calls_at_each_min": [1, 5651, 36187], "force_calls_at_each_min": [1, 5651, 36187]}