{"run_id": 1013, "bias_std_dev_scale": 0.5, "bias_height_fraction": 0.043089, "perturbation_size": 0.005, "optimizer": "Scipy", "found_minima": [[0.6234994049, 0.02803775853], [-0.5581140111401125, 1.4419105067510725]], "found_saddles": [[0.18767211109820803, 0.11800217136811395]], "bias_count": 5000, "energy_calls_at_each_min": [1, 591], "force_calls_at_each_min": [1, 591]}