{"run_id": 335, "bias_std_dev_scale": 0.170998, "bias_height_fraction": 0.033362, "perturbation_size": 0.005, "optimizer": "Scipy", "found_minima": [[0.6234994049, 0.02803775853], [-0.05001185642184336, 0.4666943543060391], [-0.5582236355326153, 1.4417258408379032]], "found_saddles": [[0.24846779223536458, 0.22643971631232315], [0.22762047020058665, 0.36289497762095185]], "bias_count": 103, "energy_calls_at_each_min": [1, 1155, 1557], "force_calls_at_each_min": [1, 1155, 1557]}