{"run_id": 1108, "bias_std_dev_scale": 0.204481, "bias_height_fraction": 0.071876, "perturbation_size": 0.005, "optimizer": "FIRE", "found_minima": [[0.6234994049, 0.02803775853], [-0.05005060249277586, 0.4667045661463575], [-0.5582236306877524, 1.4417258486686548]], "found_saddles": [[0.2513984953465451, 0.32433784265821197], [-0.8251759615475324, 0.5999782301275136]], "bias_count": 150, "energy_calls_at_each_min": [1, 3025, 17691], "force_calls_at_each_min": [1, 3025, 17691]}