{"run_id": 128, "bias_std_dev_scale": 0.170998, "bias_height_fraction": 0.071876, "perturbation_size": 0.005, "optimizer": "FIRE", "found_minima": [[0.6234994049, 0.02803775853], [-0.05001387563133862, 0.466694923172525], [-0.5582236320610076, 1.4417258403100666]], "found_saddles": [[0.1285983811711636, 0.1652586732492809], [-0.8345281908307377, 0.6425837131089998]], "bias_count": 230, "energy_calls_at_each_min": [1, 5313, 26962], "force_calls_at_each_min": [1, 5313, 26962]}