{"run_id": 1500, "bias_std_dev_scale": 0.204481, "bias_height_fraction": 0.2, "perturbation_size": 0.005, "optimizer": "FIRE", "found_minima": [[0.6234994049, 0.02803775853], [-0.05005788063785287, 0.4667063797672991], [-0.5582236312676229, 1.4417258474423287]], "found_saddles": [[0.3523402111294155, 0.2749356362898329], [-0.8279087980429969, 0.6176882294153296]], "bias_count": 63, "energy_calls_at_each_min": [1, 1216, 7237], "force_calls_at_each_min": [1, 1216, 7237]}