{"run_id": 1758, "bias_std_dev_scale": 0.142997, "bias_height_fraction": 0.02, "perturbation_size": 0.005, "optimizer": "FIRE", "found_minima": [[0.6234994049, 0.02803775853], [-0.0500108863916357, 0.46669412984465164], [-0.5582236176210028, 1.441725858371772]], "found_saddles": [[0.20500224708336537, 0.2903971753744027], [-0.8246757530582934, 0.6176784297808946]], "bias_count": 927, "energy_calls_at_each_min": [1, 21176, 115935], "force_calls_at_each_min": [1, 21176, 115935]}