{"run_id": 972, "bias_std_dev_scale": 0.119581, "bias_height_fraction": 0.043089, "perturbation_size": 0.005, "optimizer": "FIRE", "found_minima": [[0.6234994049, 0.02803775853], [-0.05001084446513354, 0.46669410185464943], [-0.5582236399392594, 1.4417258381907014]], "found_saddles": [[0.22676506872419105, 0.3170687266604575], [-0.8172496727470029, 0.6099223869660535]], "bias_count": 578, "energy_calls_at_each_min": [1, 11082, 69039], "force_calls_at_each_min": [1, 11082, 69039]}