{"run_id": 1669, "bias_std_dev_scale": 0.292402, "bias_height_fraction": 0.071876, "perturbation_size": 0.005, "optimizer": "Scipy", "found_minima": [[0.6234994049, 0.02803775853], [-0.052013913929149724, 0.4671768086313302], [-0.558223633256221, 1.4417258436618157]], "found_saddles": [[0.19914192878678022, 0.12607965079311706], [-0.29919398982708284, 0.4843474009768329]], "bias_count": 42, "energy_calls_at_each_min": [1, 400, 543], "force_calls_at_each_min": [1, 400, 543]}