{"run_id": 544, "bias_std_dev_scale": 0.142997, "bias_height_fraction": 0.119897, "perturbation_size": 0.005, "optimizer": "FIRE", "found_minima": [[0.6234994049, 0.02803775853], [-0.050010941970289866, 0.46669413180315567], [-0.5582236535272131, 1.4417258234602526]], "found_saddles": [[0.21450610919798305, 0.3002498472601876], [-0.7641724225163771, 0.667551764224684]], "bias_count": 187, "energy_calls_at_each_min": [1, 4158, 22411], "force_calls_at_each_min": [1, 4158, 22411]}