{"run_id": 155, "bias_std_dev_scale": 0.142997, "bias_height_fraction": 0.033362, "perturbation_size": 0.005, "optimizer": "Scipy", "found_minima": [[0.6234994049, 0.02803775853], [-0.05001095308679415, 0.4666941369681737], [-0.5582236342175237, 1.4417258388403413]], "found_saddles": [[0.1772866543709519, 0.14190157141617585], [0.21942126024759812, 0.2579493135166633]], "bias_count": 143, "energy_calls_at_each_min": [1, 1791, 2433], "force_calls_at_each_min": [1, 1791, 2433]}