{"run_id": 199, "bias_std_dev_scale": 0.1, "bias_height_fraction": 0.02, "perturbation_size": 0.005, "optimizer": "Scipy", "found_minima": [[0.6234994049, 0.02803775853], [-0.050010850702521224, 0.46669411411524636], [-0.5582236330903857, 1.441725843661476]], "found_saddles": [[-0.11438379124289288, 0.4625492478330072], [0.08006701368537712, 0.44317789699993937]], "bias_count": 185, "energy_calls_at_each_min": [1, 3253, 3424], "force_calls_at_each_min": [1, 3253, 3424]}