{"run_id": 1860, "bias_std_dev_scale": 0.292402, "bias_height_fraction": 0.2, "perturbation_size": 0.005, "optimizer": "FIRE", "found_minima": [[0.6234994049, 0.02803775853], [-0.05225186069286397, 0.46722989255073155], [-0.5582235636974225, 1.441725923682681]], "found_saddles": [[0.1686298366728827, 0.2663943662157345], [-0.8242076236675062, 0.5955422043688101]], "bias_count": 32, "energy_calls_at_each_min": [1, 1307, 4127], "force_calls_at_each_min": [1, 1307, 4127]}