{"run_id": 1652, "bias_std_dev_scale": 0.349658, "bias_height_fraction": 0.043089, "perturbation_size": 0.005, "optimizer": "FIRE", "found_minima": [[0.6234994049, 0.02803775853], [-0.5582207830750454, 1.4417295414120146]], "found_saddles": [[-0.8364628474972199, 0.5954579314733449]], "bias_count": 5000, "energy_calls_at_each_min": [1, 12564], "force_calls_at_each_min": [1, 12564]}