{"run_id": 1534, "bias_std_dev_scale": 0.170998, "bias_height_fraction": 0.033362, "perturbation_size": 0.005, "optimizer": "FIRE", "found_minima": [[0.6234994049, 0.02803775853], [-0.05003670934764458, 0.4666998268176956], [-0.5582236266491404, 1.4417258472823253]], "found_saddles": [[0.20540962196101675, 0.3071688727700115], [-0.8207049208265504, 0.6072409165641057]], "bias_count": 356, "energy_calls_at_each_min": [1, 7730, 41703], "force_calls_at_each_min": [1, 7730, 41703]}