{"run_id": 1991, "bias_std_dev_scale": 0.1, "bias_height_fraction": 0.055651, "perturbation_size": 0.005, "optimizer": "Scipy", "found_minima": [[0.6234994049, 0.02803775853], [-0.5582236347303419, 1.4417258417048846], [-0.05001082299861141, 0.4666941048718803]], "found_saddles": [[0.20002459891798183, 0.11468062705634993], [0.04912682564948634, 0.47880905494029147]], "bias_count": 486, "energy_calls_at_each_min": [1, 2085, 10578], "force_calls_at_each_min": [1, 2085, 10578]}