{"run_id": 1352, "bias_std_dev_scale": 0.142997, "bias_height_fraction": 0.043089, "perturbation_size": 0.005, "optimizer": "FIRE", "found_minima": [[0.6234994049, 0.02803775853], [-0.05001088996635974, 0.46669411866144983], [-0.5582236402731616, 1.4417258379507374]], "found_saddles": [[0.21308880561715024, 0.28696888931527714], [-0.8361163317639659, 0.6296762619409186]], "bias_count": 466, "energy_calls_at_each_min": [1, 9745, 55681], "force_calls_at_each_min": [1, 9745, 55681]}