{"run_id": 940, "bias_std_dev_scale": 0.142997, "bias_height_fraction": 0.2, "perturbation_size": 0.005, "optimizer": "FIRE", "found_minima": [[0.6234994049, 0.02803775853], [-0.05001130916829605, 0.4666942239645363], [-0.5582236450126611, 1.4417258313685923]], "found_saddles": [[0.11801089567836277, 0.1943267866805262], [-0.7339473572204169, 0.6587752414991852]], "bias_count": 56, "energy_calls_at_each_min": [1, 2964, 6431], "force_calls_at_each_min": [1, 2964, 6431]}