{"run_id": 1244, "bias_std_dev_scale": 0.349658, "bias_height_fraction": 0.119897, "perturbation_size": 0.005, "optimizer": "FIRE", "found_minima": [[0.6234994049, 0.02803775853], [-0.5582207320456458, 1.441729580116479]], "found_saddles": [[-0.8208984133737408, 0.5895078823197513]], "bias_count": 5000, "energy_calls_at_each_min": [1, 4021], "force_calls_at_each_min": [1, 4021]}