{"run_id": 270, "bias_std_dev_scale": 0.292402, "bias_height_fraction": 0.055651, "perturbation_size": 0.005, "optimizer": "FIRE", "found_minima": [[0.6234994049, 0.02803775853], [-0.05290695920454311, 0.46741138648905944], [-0.5582236093994525, 1.4417258721805586]], "found_saddles": [[0.16521498792421996, 0.2663522934275824], [-0.8253817515229658, 0.5864341487839382]], "bias_count": 135, "energy_calls_at_each_min": [1, 3999, 14697], "force_calls_at_each_min": [1, 3999, 14697]}