{"run_id": 995, "bias_std_dev_scale": 0.1, "bias_height_fraction": 0.033362, "perturbation_size": 0.005, "optimizer": "Scipy", "found_minima": [[0.6234994049, 0.02803775853], [-0.5582236346061971, 1.4417258417717793], [-0.05001082195511347, 0.46669410309829923]], "found_saddles": [[0.17877362379632164, 0.12859976118419472], [-0.09832754426643431, 0.46375252788374777]], "bias_count": 805, "energy_calls_at_each_min": [1, 3840, 16990], "force_calls_at_each_min": [1, 3840, 16990]}