{"run_id": 259, "bias_std_dev_scale": 0.349658, "bias_height_fraction": 0.02, "perturbation_size": 0.005, "optimizer": "Scipy", "found_minima": [[0.6234994049, 0.02803775853], [-0.5582236265292309, 1.441725857004931]], "found_saddles": [[-0.3610239139631231, 0.3923952472860631]], "bias_count": 5000, "energy_calls_at_each_min": [1, 982], "force_calls_at_each_min": [1, 982]}