{"run_id": 671, "bias_std_dev_scale": 0.292402, "bias_height_fraction": 0.055651, "perturbation_size": 0.005, "optimizer": "Scipy", "found_minima": [[0.6234994049, 0.02803775853], [-0.5582236340465249, 1.4417258426626642]], "found_saddles": [[-0.3389226845630419, 0.48425146200427877]], "bias_count": 5000, "energy_calls_at_each_min": [1, 580], "force_calls_at_each_min": [1, 580]}