{"run_id": 292, "bias_std_dev_scale": 0.244521, "bias_height_fraction": 0.043089, "perturbation_size": 0.005, "optimizer": "FIRE", "found_minima": [[0.6234994049, 0.02803775853], [-0.050831345142758506, 0.4669114696924792], [-0.5582236207092871, 1.44172585529581]], "found_saddles": [[0.12662019490108772, 0.17029953289849373], [-0.8505490483538339, 0.6237931329123432]], "bias_count": 185, "energy_calls_at_each_min": [1, 5828, 20934], "force_calls_at_each_min": [1, 5828, 20934]}