{"run_id": 1288, "bias_std_dev_scale": 0.244521, "bias_height_fraction": 0.071876, "perturbation_size": 0.005, "optimizer": "FIRE", "found_minima": [[0.6234994049, 0.02803775853], [-0.050662096422448996, 0.466864157781445], [-0.5582236375083226, 1.4417258351103361]], "found_saddles": [[0.19422555140031406, 0.27714147929514077], [-0.8431062868468349, 0.6154006666073343]], "bias_count": 119, "energy_calls_at_each_min": [1, 3232, 14646], "force_calls_at_each_min": [1, 3232, 14646]}