{"run_id": 903, "bias_std_dev_scale": 0.204481, "bias_height_fraction": 0.154853, "perturbation_size": 0.005, "optimizer": "Scipy", "found_minima": [[0.6234994049, 0.02803775853], [-0.050017655858030634, 0.46669582945020943], [-0.558223634634491, 1.441725841819835]], "found_saddles": [[0.1513356042692391, 0.48583227062106715], [-0.6910377500593178, 0.514960878464875]], "bias_count": 50, "energy_calls_at_each_min": [1, 297, 888], "force_calls_at_each_min": [1, 297, 888]}