{"run_id": 1156, "bias_std_dev_scale": 0.142997, "bias_height_fraction": 0.025831, "perturbation_size": 0.005, "optimizer": "FIRE", "found_minima": [[0.6234994049, 0.02803775853], [-0.05001126953617078, 0.46669420786537225], [-0.5582236376225465, 1.4417258359346938]], "found_saddles": [[0.20154180811212533, 0.2904171768006638], [-0.8339165324173502, 0.624729236311539]], "bias_count": 693, "energy_calls_at_each_min": [1, 15614, 81891], "force_calls_at_each_min": [1, 15614, 81891]}