{"run_id": 143, "bias_std_dev_scale": 0.142997, "bias_height_fraction": 0.154853, "perturbation_size": 0.005, "optimizer": "Scipy", "found_minima": [[0.6234994049, 0.02803775853], [-0.05001082800208672, 0.46669410619280777], [-0.5582236346298348, 1.4417258418065142]], "found_saddles": [[-0.03174680155147702, 0.4708510550449383], [-0.1414481706452441, 0.5264497492479134]], "bias_count": 21, "energy_calls_at_each_min": [1, 354, 425], "force_calls_at_each_min": [1, 354, 425]}