{"run_id": 68, "bias_std_dev_scale": 0.292402, "bias_height_fraction": 0.071876, "perturbation_size": 0.005, "optimizer": "FIRE", "found_minima": [[0.6234994049, 0.02803775853], [-0.05255228416115987, 0.4673171422251994], [-0.558223617758866, 1.4417258662426409]], "found_saddles": [[0.16435271942680202, 0.28074743823336784], [-0.8528561136124523, 0.6053761004996585]], "bias_count": 95, "energy_calls_at_each_min": [1, 4352, 11734], "force_calls_at_each_min": [1, 4352, 11734]}