{"run_id": 1620, "bias_std_dev_scale": 0.418126, "bias_height_fraction": 0.2, "perturbation_size": 0.005, "optimizer": "FIRE", "found_minima": [[0.6234994049, 0.02803775853], [-0.5581218801284368, 1.4418568576521962]], "found_saddles": [[-0.8618685311355538, 0.6001248844672874]], "bias_count": 5000, "energy_calls_at_each_min": [1, 2930], "force_calls_at_each_min": [1, 2930]}