{"run_id": 1290, "bias_std_dev_scale": 0.244521, "bias_height_fraction": 0.055651, "perturbation_size": 0.005, "optimizer": "FIRE", "found_minima": [[0.6234994049, 0.02803775853], [-0.05102580269682101, 0.4669645666100052], [-0.5582236512473111, 1.441725826647883]], "found_saddles": [[0.13220861766258624, 0.18271950870096249], [-0.8172504365372008, 0.5968863880280211]], "bias_count": 145, "energy_calls_at_each_min": [1, 4771, 16886], "force_calls_at_each_min": [1, 4771, 16886]}