{"run_id": 1686, "bias_std_dev_scale": 0.244521, "bias_height_fraction": 0.092832, "perturbation_size": 0.005, "optimizer": "FIRE", "found_minima": [[0.6234994049, 0.02803775853], [-0.05034505018945295, 0.46677960610411845], [-0.5582236194899819, 1.441725858610629]], "found_saddles": [[0.1878341756796868, 0.28955779730379094], [-0.826993704053036, 0.593176937034605]], "bias_count": 87, "energy_calls_at_each_min": [1, 3383, 9836], "force_calls_at_each_min": [1, 3383, 9836]}