{"run_id": 1650, "bias_std_dev_scale": 0.349658, "bias_height_fraction": 0.055651, "perturbation_size": 0.005, "optimizer": "FIRE", "found_minima": [[0.6234994049, 0.02803775853], [-0.5582200220886885, 1.4417304519641894]], "found_saddles": [[-0.8334233861019564, 0.5880005385081533]], "bias_count": 5000, "energy_calls_at_each_min": [1, 12680], "force_calls_at_each_min": [1, 12680]}