{"run_id": 486, "bias_std_dev_scale": 0.244521, "bias_height_fraction": 0.092832, "perturbation_size": 0.005, "optimizer": "FIRE", "found_minima": [[0.6234994049, 0.02803775853], [-0.05026680391227145, 0.46675819842872485], [-0.5582236291503923, 1.4417258450276529]], "found_saddles": [[0.19480853154504857, 0.2817413220716405], [-0.8615140377752167, 0.586224609709666]], "bias_count": 97, "energy_calls_at_each_min": [1, 2232, 11155], "force_calls_at_each_min": [1, 2232, 11155]}