{"run_id": 639, "bias_std_dev_scale": 0.418126, "bias_height_fraction": 0.02, "perturbation_size": 0.005, "optimizer": "Scipy", "found_minima": [[0.6234994049, 0.02803775853], [-0.5582226307088105, 1.441727674753637]], "found_saddles": [[0.16187365074903332, 0.11333873673090158]], "bias_count": 5000, "energy_calls_at_each_min": [1, 1301], "force_calls_at_each_min": [1, 1301]}