{"run_id": 758, "bias_std_dev_scale": 0.142997, "bias_height_fraction": 0.02, "perturbation_size": 0.005, "optimizer": "FIRE", "found_minima": [[0.6234994049, 0.02803775853], [-0.05001105191688808, 0.4666941538321827], [-0.5582236396343725, 1.4417258346045403]], "found_saddles": [[0.21840023508145054, 0.2897862911320386], [-0.815979649143276, 0.6286182816957826]], "bias_count": 947, "energy_calls_at_each_min": [1, 20459, 115805], "force_calls_at_each_min": [1, 20459, 115805]}