{"run_id": 1215, "bias_std_dev_scale": 0.5, "bias_height_fraction": 0.033362, "perturbation_size": 0.005, "optimizer": "Scipy", "found_minima": [[0.6234994049, 0.02803775853], [-0.5582155946949803, 1.4417402016593948]], "found_saddles": [[0.14309868526772035, 0.11061325346041763]], "bias_count": 5000, "energy_calls_at_each_min": [1, 663], "force_calls_at_each_min": [1, 663]}