{"run_id": 1511, "bias_std_dev_scale": 0.204481, "bias_height_fraction": 0.055651, "perturbation_size": 0.005, "optimizer": "Scipy", "found_minima": [[0.6234994049, 0.02803775853], [-0.05004476201129076, 0.4667029880842457], [-0.5582236346463874, 1.4417258417192718]], "found_saddles": [[0.23890110409522716, 0.407273628612513], [0.23792943507070577, 0.35824941790904424]], "bias_count": 63, "energy_calls_at_each_min": [1, 511, 1026], "force_calls_at_each_min": [1, 511, 1026]}