{"run_id": 1948, "bias_std_dev_scale": 0.142997, "bias_height_fraction": 0.071876, "perturbation_size": 0.005, "optimizer": "FIRE", "found_minima": [[0.6234994049, 0.02803775853], [-0.05001100878152325, 0.46669414130525144], [-0.5582236516574455, 1.441725825216466]], "found_saddles": [[0.1331028408559718, 0.2664122475055791], [-0.814075787028698, 0.636583215145852]], "bias_count": 306, "energy_calls_at_each_min": [1, 5797, 36595], "force_calls_at_each_min": [1, 5797, 36595]}