{"run_id": 1302, "bias_std_dev_scale": 0.204481, "bias_height_fraction": 0.154853, "perturbation_size": 0.005, "optimizer": "FIRE", "found_minima": [[0.6234994049, 0.02803775853], [-0.05002243533220049, 0.46669701589485174], [-0.5582236448138326, 1.4417258321000173]], "found_saddles": [[0.21793743603228094, 0.29639929867276843], [-0.8206612505413277, 0.6116257239495084]], "bias_count": 59, "energy_calls_at_each_min": [1, 1503, 6976], "force_calls_at_each_min": [1, 1503, 6976]}