{"run_id": 1346, "bias_std_dev_scale": 0.142997, "bias_height_fraction": 0.092832, "perturbation_size": 0.005, "optimizer": "FIRE", "found_minima": [[0.6234994049, 0.02803775853], [-0.050011447392677266, 0.466694254655911], [-0.5582236533840296, 1.4417258232859917]], "found_saddles": [[0.1953641212199541, 0.26164129144281006], [-0.8180677021551911, 0.5712030184556743]], "bias_count": 179, "energy_calls_at_each_min": [1, 4642, 20748], "force_calls_at_each_min": [1, 4642, 20748]}