{"run_id": 1766, "bias_std_dev_scale": 0.119581, "bias_height_fraction": 0.092832, "perturbation_size": 0.005, "optimizer": "FIRE", "found_minima": [[0.6234994049, 0.02803775853], [-0.0500108989097411, 0.46669412170086466], [-0.5582236192608621, 1.4417258581706163]], "found_saddles": [[0.13065127244374683, 0.16227568033585427], [-0.8173381824653344, 0.6259807480191744]], "bias_count": 264, "energy_calls_at_each_min": [1, 5862, 31081], "force_calls_at_each_min": [1, 5862, 31081]}