{"run_id": 541, "bias_std_dev_scale": 0.142997, "bias_height_fraction": 0.2, "perturbation_size": 0.005, "optimizer": "Scipy", "found_minima": [[0.6234994049, 0.02803775853], [-0.05001099178938543, 0.46669414174705304], [-0.5582236348396048, 1.4417258415889744]], "found_saddles": [[0.7980228029651016, -0.10016903289834034], [-0.051833760001109355, 0.46203822980132975]], "bias_count": 24, "energy_calls_at_each_min": [1, 453, 480], "force_calls_at_each_min": [1, 453, 480]}