{"run_id": 847, "bias_std_dev_scale": 0.349658, "bias_height_fraction": 0.092832, "perturbation_size": 0.005, "optimizer": "Scipy", "found_minima": [[0.6234994049, 0.02803775853], [-0.5582231497151003, 1.441726529144183]], "found_saddles": [[-0.33693448924819913, 0.42366614796283664]], "bias_count": 5000, "energy_calls_at_each_min": [1, 421], "force_calls_at_each_min": [1, 421]}