{"run_id": 401, "bias_std_dev_scale": 0.5, "bias_height_fraction": 0.2, "perturbation_size": 0.005, "optimizer": "Scipy", "found_minima": [[0.6234994049, 0.02803775853], [-0.5578441360398938, 1.4422770991756568]], "found_saddles": [[-0.409626664653699, 0.28385096074153554]], "bias_count": 5000, "energy_calls_at_each_min": [1, 217], "force_calls_at_each_min": [1, 217]}