{"run_id": 1284, "bias_std_dev_scale": 0.244521, "bias_height_fraction": 0.119897, "perturbation_size": 0.005, "optimizer": "FIRE", "found_minima": [[0.6234994049, 0.02803775853], [-0.05072347512211126, 0.46687989816582476], [-0.5582236405356666, 1.4417258359610494]], "found_saddles": [[0.16968263003748973, 0.2373746936625824], [-0.8438340849721184, 0.6088319394728197]], "bias_count": 78, "energy_calls_at_each_min": [1, 2049, 9010], "force_calls_at_each_min": [1, 2049, 9010]}