{"run_id": 1651, "bias_std_dev_scale": 0.349658, "bias_height_fraction": 0.055651, "perturbation_size": 0.005, "optimizer": "Scipy", "found_minima": [[0.6234994049, 0.02803775853], [-0.5582231665862444, 1.4417265075348613]], "found_saddles": [[-0.35273812267415894, 0.4902390261082732]], "bias_count": 5000, "energy_calls_at_each_min": [1, 665], "force_calls_at_each_min": [1, 665]}