{"run_id": 57, "bias_std_dev_scale": 0.349658, "bias_height_fraction": 0.025831, "perturbation_size": 0.005, "optimizer": "Scipy", "found_minima": [[0.6234994049, 0.02803775853], [-0.5582233974081131, 1.441726191043382]], "found_saddles": [[-0.2951647532836431, 0.48919293860867274]], "bias_count": 5000, "energy_calls_at_each_min": [1, 944], "force_calls_at_each_min": [1, 944]}