{"run_id": 961, "bias_std_dev_scale": 0.119581, "bias_height_fraction": 0.2, "perturbation_size": 0.005, "optimizer": "Scipy", "found_minima": [[0.6234994049, 0.02803775853], [-0.5582236346271882, 1.4417258418093688], [-0.050010825838233804, 0.4666941047736759]], "found_saddles": [[0.2828543247279224, 0.1631779760852095], [-1.17338904989149, 0.8875303004269229]], "bias_count": 145, "energy_calls_at_each_min": [1, 455, 3464], "force_calls_at_each_min": [1, 455, 3464]}