{"run_id": 1716, "bias_std_dev_scale": 0.204481, "bias_height_fraction": 0.025831, "perturbation_size": 0.005, "optimizer": "FIRE", "found_minima": [[0.6234994049, 0.02803775853], [-0.05004742873873371, 0.46670372333425164], [-0.5582236312921978, 1.4417258410548361]], "found_saddles": [[0.23635854469472534, 0.3242937309867618], [-0.8180342955092782, 0.600162893067612]], "bias_count": 414, "energy_calls_at_each_min": [1, 8072, 49916], "force_calls_at_each_min": [1, 8072, 49916]}