{"run_id": 1841, "bias_std_dev_scale": 0.349658, "bias_height_fraction": 0.2, "perturbation_size": 0.005, "optimizer": "Scipy", "found_minima": [[0.6234994049, 0.02803775853], [-0.5582231654242983, 1.441726527826964]], "found_saddles": [[0.0871264782485226, 0.09975481392945454]], "bias_count": 5000, "energy_calls_at_each_min": [1, 322], "force_calls_at_each_min": [1, 322]}