{"run_id": 621, "bias_std_dev_scale": 0.418126, "bias_height_fraction": 0.2, "perturbation_size": 0.005, "optimizer": "Scipy", "found_minima": [[0.6234994049, 0.02803775853], [-0.5581507291672516, 1.4418229886873293]], "found_saddles": [[-0.07939795403330857, 0.05230262073246439]], "bias_count": 5000, "energy_calls_at_each_min": [1, 568], "force_calls_at_each_min": [1, 568]}