{"run_id": 680, "bias_std_dev_scale": 0.244521, "bias_height_fraction": 0.2, "perturbation_size": 0.005, "optimizer": "FIRE", "found_minima": [[0.6234994049, 0.02803775853], [-0.05313105029777119, 0.46755921752425367], [-0.558223650532545, 1.4417258260353663]], "found_saddles": [[0.20948495505537615, 0.26583647336512095], [-0.20688669619091626, 0.1019977719939196]], "bias_count": 55, "energy_calls_at_each_min": [1, 1924, 6541], "force_calls_at_each_min": [1, 1924, 6541]}