{"run_id": 692, "bias_std_dev_scale": 0.244521, "bias_height_fraction": 0.043089, "perturbation_size": 0.005, "optimizer": "FIRE", "found_minima": [[0.6234994049, 0.02803775853], [-0.05111740171329712, 0.46699065079229907], [-0.5582236292030525, 1.4417258449961448]], "found_saddles": [[0.24720363055617034, 0.2981252163292077], [-0.8193692851425567, 0.5986778927281267]], "bias_count": 184, "energy_calls_at_each_min": [1, 6488, 21695], "force_calls_at_each_min": [1, 6488, 21695]}