{"run_id": 77, "bias_std_dev_scale": 0.292402, "bias_height_fraction": 0.025831, "perturbation_size": 0.005, "optimizer": "Scipy", "found_minima": [[0.6234994049, 0.02803775853], [-0.5582236315243705, 1.4417258453703132]], "found_saddles": [[-0.2724782987780755, 0.4845010530230436]], "bias_count": 5000, "energy_calls_at_each_min": [1, 998], "force_calls_at_each_min": [1, 998]}