{"run_id": 200, "bias_std_dev_scale": 0.5, "bias_height_fraction": 0.2, "perturbation_size": 0.005, "optimizer": "FIRE", "found_minima": [[0.6234994049, 0.02803775853], [-0.5569028726942273, 1.4434574559518216]], "found_saddles": [[-0.900697624556528, 0.576823677063588]], "bias_count": 5000, "energy_calls_at_each_min": [1, 3671], "force_calls_at_each_min": [1, 3671]}