{"run_id": 404, "bias_std_dev_scale": 0.5, "bias_height_fraction": 0.119897, "perturbation_size": 0.005, "optimizer": "FIRE", "found_minima": [[0.6234994049, 0.02803775853], [-0.5573216717272377, 1.4429195948782467]], "found_saddles": [[-0.8625243629514026, 0.5957341431534876]], "bias_count": 5000, "energy_calls_at_each_min": [1, 4265], "force_calls_at_each_min": [1, 4265]}