{"run_id": 1339, "bias_std_dev_scale": 0.170998, "bias_height_fraction": 0.02, "perturbation_size": 0.005, "optimizer": "Scipy", "found_minima": [[0.6234994049, 0.02803775853], [-0.05001138662661708, 0.4666942596571708], [-0.5582236345912129, 1.4417258418553525]], "found_saddles": [[0.1772100992474082, 0.43559276919453627], [0.15562048218814956, 0.2633440023804416]], "bias_count": 215, "energy_calls_at_each_min": [1, 1636, 3220], "force_calls_at_each_min": [1, 1636, 3220]}