{"run_id": 1369, "bias_std_dev_scale": 0.119581, "bias_height_fraction": 0.071876, "perturbation_size": 0.005, "optimizer": "Scipy", "found_minima": [[0.6234994049, 0.02803775853], [-0.05001082293733342, 0.46669410487746504], [-0.5582236377749819, 1.4417258374304938]], "found_saddles": [[0.299600206509189, 0.19386602539302336], [0.21187747699833573, 0.30898457130111434]], "bias_count": 105, "energy_calls_at_each_min": [1, 1055, 2189], "force_calls_at_each_min": [1, 1055, 2189]}