{"run_id": 1097, "bias_std_dev_scale": 0.244521, "bias_height_fraction": 0.025831, "perturbation_size": 0.005, "optimizer": "Scipy", "found_minima": [[0.6234994049, 0.02803775853], [-0.5582236347322375, 1.441725842495687], [-0.050647527428983444, 0.4668611264578073]], "found_saddles": [[0.2687417743540674, 0.080523290957199], [-0.20006745898799472, 0.44379720449877214]], "bias_count": 275, "energy_calls_at_each_min": [1, 950, 3091], "force_calls_at_each_min": [1, 950, 3091]}