{"run_id": 1493, "bias_std_dev_scale": 0.244521, "bias_height_fraction": 0.043089, "perturbation_size": 0.005, "optimizer": "Scipy", "found_minima": [[0.6234994049, 0.02803775853], [-0.05174318280447718, 0.4671649219231232], [-0.5582236346003487, 1.4417258418376857]], "found_saddles": [[-0.25233797700520677, 0.4192843661750689], [-0.3707960423198517, 0.49067544891031895]], "bias_count": 82, "energy_calls_at_each_min": [1, 747, 1052], "force_calls_at_each_min": [1, 747, 1052]}