{"run_id": 1056, "bias_std_dev_scale": 0.349658, "bias_height_fraction": 0.025831, "perturbation_size": 0.005, "optimizer": "FIRE", "found_minima": [[0.6234994049, 0.02803775853], [-0.5582202349464522, 1.4417301900495125]], "found_saddles": [[-0.8238257813797074, 0.5844518412643603]], "bias_count": 5000, "energy_calls_at_each_min": [1, 27453], "force_calls_at_each_min": [1, 27453]}