{"run_id": 1505, "bias_std_dev_scale": 0.204481, "bias_height_fraction": 0.119897, "perturbation_size": 0.005, "optimizer": "Scipy", "found_minima": [[0.6234994049, 0.02803775853], [-0.05002504591517946, 0.46669772825361294], [-0.5582236346137492, 1.4417258418720402]], "found_saddles": [[0.25588147713293824, 0.3871433446927296], [-0.19660721288176555, 0.4794909086090187]], "bias_count": 24, "energy_calls_at_each_min": [1, 306, 382], "force_calls_at_each_min": [1, 306, 382]}