{"run_id": 1196, "bias_std_dev_scale": 0.1, "bias_height_fraction": 0.025831, "perturbation_size": 0.005, "optimizer": "FIRE", "found_minima": [[0.6234994049, 0.02803775853], [-0.050010783233093103, 0.4666941006985488], [-0.5582236133830631, 1.4417258624703257]], "found_saddles": [[0.1771761825639092, 0.2638916008789953], [-0.832141383735212, 0.626368408678155]], "bias_count": 1494, "energy_calls_at_each_min": [1, 29916, 178584], "force_calls_at_each_min": [1, 29916, 178584]}