{"run_id": 364, "bias_std_dev_scale": 0.119581, "bias_height_fraction": 0.119897, "perturbation_size": 0.005, "optimizer": "FIRE", "found_minima": [[0.6234994049, 0.02803775853], [-0.05001085716416976, 0.4666941105389493], [-0.5582236292332222, 1.4417258448908565]], "found_saddles": [[0.20561716147877468, 0.28789723174206366], [-0.8177343283430927, 0.6220807040863211]], "bias_count": 245, "energy_calls_at_each_min": [1, 5503, 28542], "force_calls_at_each_min": [1, 5503, 28542]}