{"run_id": 1190, "bias_std_dev_scale": 0.1, "bias_height_fraction": 0.055651, "perturbation_size": 0.005, "optimizer": "FIRE", "found_minima": [[0.6234994049, 0.02803775853], [-0.050010782002033925, 0.4666940972459648], [-0.5582236200532225, 1.4417258559417288]], "found_saddles": [[0.18055914107119678, 0.26154001978658814], [-0.8470132437500375, 0.5976798153373506]], "bias_count": 629, "energy_calls_at_each_min": [1, 13608, 73177], "force_calls_at_each_min": [1, 13608, 73177]}