{"run_id": 90, "bias_std_dev_scale": 0.244521, "bias_height_fraction": 0.055651, "perturbation_size": 0.005, "optimizer": "FIRE", "found_minima": [[0.6234994049, 0.02803775853], [-0.05085361112924361, 0.4669165060061039], [-0.558223621487242, 1.4417258527463634]], "found_saddles": [[0.13631779834846544, 0.19511079910107748], [-0.8373260978809289, 0.5687891801039278]], "bias_count": 140, "energy_calls_at_each_min": [1, 5661, 17044], "force_calls_at_each_min": [1, 5661, 17044]}