{"run_id": 1110, "bias_std_dev_scale": 0.204481, "bias_height_fraction": 0.055651, "perturbation_size": 0.005, "optimizer": "FIRE", "found_minima": [[0.6234994049, 0.02803775853], [-0.0500590534260679, 0.4667068758342354], [-0.5582236366029313, 1.4417258415664012]], "found_saddles": [[0.2725644217004679, 0.2970557023206995], [-0.8376480518303165, 0.6179689767353214]], "bias_count": 160, "energy_calls_at_each_min": [1, 4292, 17949], "force_calls_at_each_min": [1, 4292, 17949]}