{"run_id": 1066, "bias_std_dev_scale": 0.292402, "bias_height_fraction": 0.092832, "perturbation_size": 0.005, "optimizer": "FIRE", "found_minima": [[0.6234994049, 0.02803775853], [-0.05322495133902741, 0.4674939259770476], [-0.5582236247897201, 1.4417258567748032]], "found_saddles": [[0.10089282813280573, 0.1797203881207341], [-0.8454050048483024, 0.612454578704169]], "bias_count": 47, "energy_calls_at_each_min": [1, 2693, 5265], "force_calls_at_each_min": [1, 2693, 5265]}