{"run_id": 1681, "bias_std_dev_scale": 0.244521, "bias_height_fraction": 0.2, "perturbation_size": 0.005, "optimizer": "Scipy", "found_minima": [[0.6234994049, 0.02803775853], [-0.05028749821365017, 0.46676265389042915], [-0.5582236344937137, 1.441725842127011]], "found_saddles": [[-0.024926015220590625, 0.4678978848094232], [-0.2111783686970745, 0.47776894836681066]], "bias_count": 14, "energy_calls_at_each_min": [1, 162, 202], "force_calls_at_each_min": [1, 162, 202]}