{"run_id": 1545, "bias_std_dev_scale": 0.142997, "bias_height_fraction": 0.119897, "perturbation_size": 0.005, "optimizer": "Scipy", "found_minima": [[0.6234994049, 0.02803775853], [-0.050010822519748886, 0.4666941055630369], [-0.5582236346981034, 1.441725841902548]], "found_saddles": [[-0.03942127781561344, 0.46966469983070813], [-0.05404649596972194, 0.4637422688796849]], "bias_count": 18, "energy_calls_at_each_min": [1, 244, 265], "force_calls_at_each_min": [1, 244, 265]}