{"run_id": 506, "bias_std_dev_scale": 0.204481, "bias_height_fraction": 0.092832, "perturbation_size": 0.005, "optimizer": "FIRE", "found_minima": [[0.6234994049, 0.02803775853], [-0.050040139580582094, 0.4667017672306006], [-0.5582236173390714, 1.4417258577615146]], "found_saddles": [[0.25758001416625215, 0.2966216894207372], [-0.8278808974486886, 0.6454025580310339]], "bias_count": 110, "energy_calls_at_each_min": [1, 2380, 12930], "force_calls_at_each_min": [1, 2380, 12930]}