{"run_id": 310, "bias_std_dev_scale": 0.204481, "bias_height_fraction": 0.055651, "perturbation_size": 0.005, "optimizer": "FIRE", "found_minima": [[0.6234994049, 0.02803775853], [-0.05005375799697862, 0.46670545577049694], [-0.5582236148606555, 1.4417258623390126]], "found_saddles": [[0.2669582020641055, 0.3038963384223445], [-0.8324024765027632, 0.6156509212429514]], "bias_count": 197, "energy_calls_at_each_min": [1, 3762, 23317], "force_calls_at_each_min": [1, 3762, 23317]}