{"run_id": 1309, "bias_std_dev_scale": 0.204481, "bias_height_fraction": 0.071876, "perturbation_size": 0.005, "optimizer": "Scipy", "found_minima": [[0.6234994049, 0.02803775853], [-0.050019927906207205, 0.46669640524666944], [-0.5582236346857906, 1.441725841823246]], "found_saddles": [[0.038032765417303105, 0.4732798036772273], [-0.37504521965905097, 0.4922388794199452]], "bias_count": 49, "energy_calls_at_each_min": [1, 417, 755], "force_calls_at_each_min": [1, 417, 755]}