{"run_id": 523, "bias_std_dev_scale": 0.170998, "bias_height_fraction": 0.154853, "perturbation_size": 0.005, "optimizer": "Scipy", "found_minima": [[0.6234994049, 0.02803775853], [-0.05001733451537531, 0.4666956817935816], [-0.5582236344769811, 1.441725841640531]], "found_saddles": [[0.3096159446460284, 0.23180955859431343], [-0.34694582194103074, 0.5219679520167303]], "bias_count": 30, "energy_calls_at_each_min": [1, 423, 598], "force_calls_at_each_min": [1, 423, 598]}