{"run_id": 696, "bias_std_dev_scale": 0.244521, "bias_height_fraction": 0.025831, "perturbation_size": 0.005, "optimizer": "FIRE", "found_minima": [[0.6234994049, 0.02803775853], [-0.05075493123921926, 0.46689061133607773], [-0.5582236511276484, 1.4417258265638517]], "found_saddles": [[0.19654400593115623, 0.2987967017089277], [-0.8434616150699367, 0.6173520460491414]], "bias_count": 289, "energy_calls_at_each_min": [1, 8708, 33324], "force_calls_at_each_min": [1, 8708, 33324]}