{"run_id": 1189, "bias_std_dev_scale": 0.1, "bias_height_fraction": 0.071876, "perturbation_size": 0.005, "optimizer": "Scipy", "found_minima": [[0.6234994049, 0.02803775853], [-0.5582236346779564, 1.4417258418440173], [-0.0500108231112872, 0.46669410452792304]], "found_saddles": [[0.28160286702010334, 0.26061162079488054], [-0.9456958799033127, 0.9001197538536245]], "bias_count": 369, "energy_calls_at_each_min": [1, 1927, 8248], "force_calls_at_each_min": [1, 1927, 8248]}