{"run_id": 1983, "bias_std_dev_scale": 0.1, "bias_height_fraction": 0.154853, "perturbation_size": 0.005, "optimizer": "Scipy", "found_minima": [[0.6234994049, 0.02803775853], [-0.05001082190605947, 0.46669410451056914], [-0.5582236341984014, 1.4417258422250845]], "found_saddles": [[-0.04852065469421907, 0.46943826017597945], [0.1259165526364835, 0.2880171075097019]], "bias_count": 44, "energy_calls_at_each_min": [1, 617, 929], "force_calls_at_each_min": [1, 617, 929]}