{"run_id": 1621, "bias_std_dev_scale": 0.418126, "bias_height_fraction": 0.2, "perturbation_size": 0.005, "optimizer": "Scipy", "found_minima": [[0.6234994049, 0.02803775853], [-0.5582236350143148, 1.441725841404562]], "found_saddles": [[0.021290515642583236, 0.08391120340925183]], "bias_count": 5000, "energy_calls_at_each_min": [1, 266], "force_calls_at_each_min": [1, 266]}