{"run_id": 1931, "bias_std_dev_scale": 0.170998, "bias_height_fraction": 0.055651, "perturbation_size": 0.005, "optimizer": "Scipy", "found_minima": [[0.6234994049, 0.02803775853], [-0.0500239183294689, 0.4666970641653608], [-0.5582236326709352, 1.4417258439216472]], "found_saddles": [[0.2740631698131498, 0.24133530120972638], [-0.37439617785027673, 0.52453162479002]], "bias_count": 91, "energy_calls_at_each_min": [1, 850, 1681], "force_calls_at_each_min": [1, 850, 1681]}