{"run_id": 1165, "bias_std_dev_scale": 0.119581, "bias_height_fraction": 0.119897, "perturbation_size": 0.005, "optimizer": "Scipy", "found_minima": [[0.6234994049, 0.02803775853], [-0.5582236320273805, 1.4417258440545193], [-0.05001082273252936, 0.4666941049617454]], "found_saddles": [[0.44594316039979043, 0.04108723178752191], [-0.07916733703713397, 0.4672042439537064]], "bias_count": 127, "energy_calls_at_each_min": [1, 75, 2793], "force_calls_at_each_min": [1, 75, 2793]}