{"run_id": 949, "bias_std_dev_scale": 0.142997, "bias_height_fraction": 0.071876, "perturbation_size": 0.005, "optimizer": "Scipy", "found_minima": [[0.6234994049, 0.02803775853], [-0.05001097510502559, 0.4666941394045641], [-0.5582236345880707, 1.4417258417721353]], "found_saddles": [[0.2365969224663813, 0.16761266417798368], [-0.3991213451538953, 0.49442702680359885]], "bias_count": 66, "energy_calls_at_each_min": [1, 923, 1252], "force_calls_at_each_min": [1, 923, 1252]}