{"run_id": 1525, "bias_std_dev_scale": 0.170998, "bias_height_fraction": 0.119897, "perturbation_size": 0.005, "optimizer": "Scipy", "found_minima": [[0.6234994049, 0.02803775853], [-0.050010823082422474, 0.4666941048670999], [-0.5582236339353822, 1.4417258413102896]], "found_saddles": [[-0.09648305324744888, 0.45225466422215715], [-0.628327348266931, 0.5130995224734287]], "bias_count": 65, "energy_calls_at_each_min": [1, 130, 1242], "force_calls_at_each_min": [1, 130, 1242]}