{"run_id": 139, "bias_std_dev_scale": 0.170998, "bias_height_fraction": 0.02, "perturbation_size": 0.005, "optimizer": "Scipy", "found_minima": [[0.6234994049, 0.02803775853], [-0.05001163734814864, 0.46669431906633563], [-0.5582236345886169, 1.4417258417795253]], "found_saddles": [[0.07530122779674836, 0.46084913065126165], [0.08994474128625204, 0.4412989390831832]], "bias_count": 137, "energy_calls_at_each_min": [1, 1518, 1707], "force_calls_at_each_min": [1, 1518, 1707]}