{"run_id": 735, "bias_std_dev_scale": 0.170998, "bias_height_fraction": 0.033362, "perturbation_size": 0.005, "optimizer": "Scipy", "found_minima": [[0.6234994049, 0.02803775853], [-0.5582236430999993, 1.441725832672531], [-0.050014342982740795, 0.46669490689329407]], "found_saddles": [[0.25238151040545975, 0.21469136721958665], [0.08374576534632594, 0.4750453934072304]], "bias_count": 311, "energy_calls_at_each_min": [1, 1228, 5037], "force_calls_at_each_min": [1, 1228, 5037]}