{"run_id": 1747, "bias_std_dev_scale": 0.142997, "bias_height_fraction": 0.092832, "perturbation_size": 0.005, "optimizer": "Scipy", "found_minima": [[0.6234994049, 0.02803775853], [-0.5582236320180972, 1.4417258422469852], [-0.050010983681213046, 0.4666941430171626]], "found_saddles": [[0.1330710947124561, 0.4774228030262061], [-1.070204265641255, 1.0845287459408939]], "bias_count": 176, "energy_calls_at_each_min": [1, 711, 3421], "force_calls_at_each_min": [1, 711, 3421]}