{"run_id": 280, "bias_std_dev_scale": 0.244521, "bias_height_fraction": 0.2, "perturbation_size": 0.005, "optimizer": "FIRE", "found_minima": [[0.6234994049, 0.02803775853], [-0.05029272162937719, 0.4667639164586064], [-0.5582236250406613, 1.4417258534442072]], "found_saddles": [[0.415196906147666, 0.28416265104316657], [-0.8363267220584348, 0.6028209583199218]], "bias_count": 49, "energy_calls_at_each_min": [1, 1722, 5423], "force_calls_at_each_min": [1, 1722, 5423]}