{"run_id": 910, "bias_std_dev_scale": 0.204481, "bias_height_fraction": 0.055651, "perturbation_size": 0.005, "optimizer": "FIRE", "found_minima": [[0.6234994049, 0.02803775853], [-0.050329108787162125, 0.4667713261194484], [-0.5582236319115539, 1.4417258439158394]], "found_saddles": [[0.23975897979019734, 0.31094911022322236], [-0.8452349555158252, 0.6209634641842762]], "bias_count": 207, "energy_calls_at_each_min": [1, 5402, 24083], "force_calls_at_each_min": [1, 5402, 24083]}