{"run_id": 1376, "bias_std_dev_scale": 0.119581, "bias_height_fraction": 0.025831, "perturbation_size": 0.005, "optimizer": "FIRE", "found_minima": [[0.6234994049, 0.02803775853], [-0.05001078359006328, 0.46669410008722734], [-0.5582236235566354, 1.4417258551170518]], "found_saddles": [[0.2162049970688227, 0.2929384686356251], [-0.8528728379538943, 0.6078516322033133]], "bias_count": 1059, "energy_calls_at_each_min": [1, 22154, 133781], "force_calls_at_each_min": [1, 22154, 133781]}