{"run_id": 1519, "bias_std_dev_scale": 0.204481, "bias_height_fraction": 0.02, "perturbation_size": 0.005, "optimizer": "Scipy", "found_minima": [[0.6234994049, 0.02803775853], [-0.5582236364971099, 1.4417258398341408], [-0.05002520743923144, 0.4666977915478266]], "found_saddles": [[0.2981742078845816, 0.07318837041157678], [-0.08982924266220249, 0.4542205556588632]], "bias_count": 436, "energy_calls_at_each_min": [1, 1051, 5804], "force_calls_at_each_min": [1, 1051, 5804]}