{"run_id": 611, "bias_std_dev_scale": 0.5, "bias_height_fraction": 0.055651, "perturbation_size": 0.005, "optimizer": "Scipy", "found_minima": [[0.6234994049, 0.02803775853], [-0.5581771288524194, 1.4418073743988917]], "found_saddles": [[0.12423786507571086, 0.07770040589684821]], "bias_count": 5000, "energy_calls_at_each_min": [1, 538], "force_calls_at_each_min": [1, 538]}