{"run_id": 1119, "bias_std_dev_scale": 0.204481, "bias_height_fraction": 0.02, "perturbation_size": 0.005, "optimizer": "Scipy", "found_minima": [[0.6234994049, 0.02803775853], [-0.05005167856620832, 0.4667047074029767], [-0.5582236342355548, 1.4417258422764998]], "found_saddles": [[0.20292590202220534, 0.23573681246011824], [-0.23028690138337812, 0.48279705823054275]], "bias_count": 127, "energy_calls_at_each_min": [1, 1348, 1618], "force_calls_at_each_min": [1, 1348, 1618]}