{"run_id": 382, "bias_std_dev_scale": 0.1, "bias_height_fraction": 0.154853, "perturbation_size": 0.005, "optimizer": "FIRE", "found_minima": [[0.6234994049, 0.02803775853], [-0.05001079026889721, 0.46669410599010636], [-0.5582236230261702, 1.4417258530196126]], "found_saddles": [[0.2124337838281167, 0.28333390769029804], [-0.7131197471477982, 0.6730679014579772]], "bias_count": 291, "energy_calls_at_each_min": [1, 4360, 33667], "force_calls_at_each_min": [1, 4360, 33667]}