{"run_id": 733, "bias_std_dev_scale": 0.170998, "bias_height_fraction": 0.043089, "perturbation_size": 0.005, "optimizer": "Scipy", "found_minima": [[0.6234994049, 0.02803775853], [-0.5582236344478733, 1.441725841594117], [-0.05001082317385038, 0.46669410572380465]], "found_saddles": [[0.37619616336941536, 0.05891897943957837], [0.008021118118926251, 0.4660866717421728]], "bias_count": 211, "energy_calls_at_each_min": [1, 438, 3547], "force_calls_at_each_min": [1, 438, 3547]}