{"run_id": 7, "bias_std_dev_scale": 0.5, "bias_height_fraction": 0.092832, "perturbation_size": 0.005, "optimizer": "Scipy", "found_minima": [[0.6234994049, 0.02803775853], [-0.5582134305082943, 1.4417442910621991]], "found_saddles": [[0.1770204483457783, 0.10857838655150696]], "bias_count": 5000, "energy_calls_at_each_min": [1, 262], "force_calls_at_each_min": [1, 262]}