{"run_id": 1103, "bias_std_dev_scale": 0.204481, "bias_height_fraction": 0.154853, "perturbation_size": 0.005, "optimizer": "Scipy", "found_minima": [[0.6234994049, 0.02803775853], [-0.050035996157849906, 0.4667006719588717], [-0.5582236346880739, 1.4417258419562162]], "found_saddles": [[0.21167570958758686, 0.4242231866128242], [0.2892101097614599, 0.412291533377945]], "bias_count": 25, "energy_calls_at_each_min": [1, 194, 491], "force_calls_at_each_min": [1, 194, 491]}