{"run_id": 545, "bias_std_dev_scale": 0.142997, "bias_height_fraction": 0.119897, "perturbation_size": 0.005, "optimizer": "Scipy", "found_minima": [[0.6234994049, 0.02803775853], [-0.05001081858874579, 0.4666941047220898], [-0.5582236347828785, 1.4417258417899577]], "found_saddles": [[0.8588184834524986, 0.10701560736939965], [-0.18083002847016466, 0.45309642240557263]], "bias_count": 29, "energy_calls_at_each_min": [1, 494, 540], "force_calls_at_each_min": [1, 494, 540]}