{"run_id": 630, "bias_std_dev_scale": 0.418126, "bias_height_fraction": 0.055651, "perturbation_size": 0.005, "optimizer": "FIRE", "found_minima": [[0.6234994049, 0.02803775853], [-0.5581509925078988, 1.4418234696097478]], "found_saddles": [[-0.8294253200811124, 0.5761091728998896]], "bias_count": 5000, "energy_calls_at_each_min": [1, 9488], "force_calls_at_each_min": [1, 9488]}