{"run_id": 571, "bias_std_dev_scale": 0.119581, "bias_height_fraction": 0.055651, "perturbation_size": 0.005, "optimizer": "Scipy", "found_minima": [[0.6234994049, 0.02803775853], [-0.05001082508713103, 0.4666941094224875], [-0.5582236346346322, 1.4417258418032366]], "found_saddles": [[0.18151723680927653, 0.20298813542755229], [0.12915321480359923, 0.5005689542671133]], "bias_count": 97, "energy_calls_at_each_min": [1, 1388, 1836], "force_calls_at_each_min": [1, 1388, 1836]}