{"run_id": 536, "bias_std_dev_scale": 0.170998, "bias_height_fraction": 0.025831, "perturbation_size": 0.005, "optimizer": "FIRE", "found_minima": [[0.6234994049, 0.02803775853], [-0.050030916370187625, 0.46669854633934943], [-0.5582236364885101, 1.4417258432354798]], "found_saddles": [[0.2086471312075898, 0.29249073304385226], [-0.8294854493672473, 0.6241545099570021]], "bias_count": 567, "energy_calls_at_each_min": [1, 10027, 66473], "force_calls_at_each_min": [1, 10027, 66473]}