{"run_id": 1974, "bias_std_dev_scale": 0.119581, "bias_height_fraction": 0.033362, "perturbation_size": 0.005, "optimizer": "FIRE", "found_minima": [[0.6234994049, 0.02803775853], [-0.05001086365009721, 0.46669411756088075], [-0.5582236468185374, 1.441725830029545]], "found_saddles": [[0.20203616985474787, 0.29650878312681983], [-0.8389211767422766, 0.6111372829622486]], "bias_count": 880, "energy_calls_at_each_min": [1, 16475, 106291], "force_calls_at_each_min": [1, 16475, 106291]}