{"run_id": 1430, "bias_std_dev_scale": 0.418126, "bias_height_fraction": 0.055651, "perturbation_size": 0.005, "optimizer": "FIRE", "found_minima": [[0.6234994049, 0.02803775853], [-0.5581456007962373, 1.4418290234185418]], "found_saddles": [[-0.8426812098044685, 0.5943091883058164]], "bias_count": 5000, "energy_calls_at_each_min": [1, 8585], "force_calls_at_each_min": [1, 8585]}