{"run_id": 1162, "bias_std_dev_scale": 0.119581, "bias_height_fraction": 0.154853, "perturbation_size": 0.005, "optimizer": "FIRE", "found_minima": [[0.6234994049, 0.02803775853], [-0.05001083483648532, 0.46669410841204645], [-0.5582236534867634, 1.4417258223177516]], "found_saddles": [[0.08192966515663193, 0.15495817108057458], [-0.7693170001299021, 0.681087751308952]], "bias_count": 226, "energy_calls_at_each_min": [1, 4729, 26924], "force_calls_at_each_min": [1, 4729, 26924]}