{"run_id": 1504, "bias_std_dev_scale": 0.204481, "bias_height_fraction": 0.119897, "perturbation_size": 0.005, "optimizer": "FIRE", "found_minima": [[0.6234994049, 0.02803775853], [-0.05003461264558081, 0.46670026063117986], [-0.558223620012701, 1.4417258559787998]], "found_saddles": [[0.2045329166085003, 0.31423283542734165], [-0.8419898499777974, 0.6063452245812555]], "bias_count": 42, "energy_calls_at_each_min": [1, 1834, 4424], "force_calls_at_each_min": [1, 1834, 4424]}