{"run_id": 1113, "bias_std_dev_scale": 0.204481, "bias_height_fraction": 0.043089, "perturbation_size": 0.005, "optimizer": "Scipy", "found_minima": [[0.6234994049, 0.02803775853], [-0.050036341887878415, 0.4667007495220196], [-0.5582236308270887, 1.4417258468585252]], "found_saddles": [[0.19689751363236688, 0.43254007795532423], [-0.35389694312223086, 0.4946211308704658]], "bias_count": 95, "energy_calls_at_each_min": [1, 709, 1482], "force_calls_at_each_min": [1, 709, 1482]}