{"run_id": 1385, "bias_std_dev_scale": 0.1, "bias_height_fraction": 0.119897, "perturbation_size": 0.005, "optimizer": "Scipy", "found_minima": [[0.6234994049, 0.02803775853], [-0.050010823046807096, 0.4666941048712581], [-0.5582236345102187, 1.4417258414876943]], "found_saddles": [[0.19042315666950957, 0.05203488076197973], [0.1748128072296459, 0.33754168050214134]], "bias_count": 71, "energy_calls_at_each_min": [1, 1833, 2056], "force_calls_at_each_min": [1, 1833, 2056]}