{"run_id": 638, "bias_std_dev_scale": 0.418126, "bias_height_fraction": 0.02, "perturbation_size": 0.005, "optimizer": "FIRE", "found_minima": [[0.6234994049, 0.02803775853], [-0.5581335958085071, 1.4418429289644445]], "found_saddles": [[-0.8542889849102876, 0.6046011341951053]], "bias_count": 5000, "energy_calls_at_each_min": [1, 24044], "force_calls_at_each_min": [1, 24044]}