{"run_id": 751, "bias_std_dev_scale": 0.142997, "bias_height_fraction": 0.055651, "perturbation_size": 0.005, "optimizer": "Scipy", "found_minima": [[0.6234994049, 0.02803775853], [-0.05001083807547146, 0.46669410862738325], [-0.5582236302934596, 1.441725846968095]], "found_saddles": [[0.23147105126983858, 0.38718524855225184], [-0.3053306852143716, 0.47941270527353874]], "bias_count": 74, "energy_calls_at_each_min": [1, 1182, 1376], "force_calls_at_each_min": [1, 1182, 1376]}