{"run_id": 473, "bias_std_dev_scale": 0.292402, "bias_height_fraction": 0.043089, "perturbation_size": 0.005, "optimizer": "Scipy", "found_minima": [[0.6234994049, 0.02803775853], [-0.5582236340524788, 1.4417258426744564]], "found_saddles": [[0.18698823630534542, 0.11706836436442744]], "bias_count": 5000, "energy_calls_at_each_min": [1, 729], "force_calls_at_each_min": [1, 729]}