{"run_id": 990, "bias_std_dev_scale": 0.1, "bias_height_fraction": 0.055651, "perturbation_size": 0.005, "optimizer": "FIRE", "found_minima": [[0.6234994049, 0.02803775853], [-0.050010868040913745, 0.466694112778543], [-0.5582236184665463, 1.4417258575534766]], "found_saddles": [[0.19741326215918725, 0.28643336767145366], [-0.8180663972881783, 0.6172494982207821]], "bias_count": 725, "energy_calls_at_each_min": [1, 12582, 84746], "force_calls_at_each_min": [1, 12582, 84746]}