{"run_id": 1984, "bias_std_dev_scale": 0.1, "bias_height_fraction": 0.119897, "perturbation_size": 0.005, "optimizer": "FIRE", "found_minima": [[0.6234994049, 0.02803775853], [-0.05001086248666305, 0.46669411472223676], [-0.5582236432372192, 1.4417258363098433]], "found_saddles": [[0.2778359632887502, 0.3262774745990184], [-0.8367676805168182, 0.617660063183373]], "bias_count": 340, "energy_calls_at_each_min": [1, 6792, 38576], "force_calls_at_each_min": [1, 6792, 38576]}