{"run_id": 656, "bias_std_dev_scale": 0.349658, "bias_height_fraction": 0.025831, "perturbation_size": 0.005, "optimizer": "FIRE", "found_minima": [[0.6234994049, 0.02803775853], [-0.55822046353747, 1.4417299233661625]], "found_saddles": [[-0.8352289869440126, 0.5871945554272857]], "bias_count": 5000, "energy_calls_at_each_min": [1, 20922], "force_calls_at_each_min": [1, 20922]}