{"run_id": 170, "bias_std_dev_scale": 0.119581, "bias_height_fraction": 0.055651, "perturbation_size": 0.005, "optimizer": "FIRE", "found_minima": [[0.6234994049, 0.02803775853], [-0.0500107787532417, 0.4666940963571391], [-0.558223611774074, 1.4417258644649906]], "found_saddles": [[0.21412756167257324, 0.3047505485849793], [-0.8248915725404754, 0.6172566837041243]], "bias_count": 499, "energy_calls_at_each_min": [1, 9307, 59802], "force_calls_at_each_min": [1, 9307, 59802]}