{"run_id": 525, "bias_std_dev_scale": 0.170998, "bias_height_fraction": 0.119897, "perturbation_size": 0.005, "optimizer": "Scipy", "found_minima": [[0.6234994049, 0.02803775853], [-0.050012175847009954, 0.46669447345202447], [-0.5582236328013348, 1.4417258459343054]], "found_saddles": [[0.2274481185670571, 0.05410152451191706], [0.13705834860141725, 0.10949435514408258]], "bias_count": 37, "energy_calls_at_each_min": [1, 453, 720], "force_calls_at_each_min": [1, 453, 720]}