{"run_id": 1026, "bias_std_dev_scale": 0.418126, "bias_height_fraction": 0.092832, "perturbation_size": 0.005, "optimizer": "FIRE", "found_minima": [[0.6234994049, 0.02803775853], [-0.5581395850991621, 1.4418373755682625]], "found_saddles": [[-0.8610342497162129, 0.5927972595472188]], "bias_count": 5000, "energy_calls_at_each_min": [1, 7227], "force_calls_at_each_min": [1, 7227]}