{"run_id": 422, "bias_std_dev_scale": 0.418126, "bias_height_fraction": 0.154853, "perturbation_size": 0.005, "optimizer": "FIRE", "found_minima": [[0.6234994049, 0.02803775853], [-0.5581394661164771, 1.44183686308855]], "found_saddles": [[-0.8605119233566733, 0.5975340124129659]], "bias_count": 5000, "energy_calls_at_each_min": [1, 4427], "force_calls_at_each_min": [1, 4427]}