{"run_id": 103, "bias_std_dev_scale": 0.204481, "bias_height_fraction": 0.154853, "perturbation_size": 0.005, "optimizer": "Scipy", "found_minima": [[0.6234994049, 0.02803775853], [-0.05002158756007286, 0.46669680579018125], [-0.5582236323059426, 1.441725844564753]], "found_saddles": [[0.2544383696806041, 0.3962028072921885], [0.3170132366019963, 0.42097891824403233]], "bias_count": 37, "energy_calls_at_each_min": [1, 146, 739], "force_calls_at_each_min": [1, 146, 739]}