{"run_id": 1440, "bias_std_dev_scale": 0.349658, "bias_height_fraction": 0.2, "perturbation_size": 0.005, "optimizer": "FIRE", "found_minima": [[0.6234994049, 0.02803775853], [-0.05866810780745135, 0.46868649435453286], [-0.5582194352944595, 1.4417311083546194]], "found_saddles": [[0.1541314207423872, 0.26205332001567805], [-0.8393187198872549, 0.5930928730037914]], "bias_count": 18, "energy_calls_at_each_min": [1, 789, 2080], "force_calls_at_each_min": [1, 789, 2080]}