{"run_id": 670, "bias_std_dev_scale": 0.292402, "bias_height_fraction": 0.055651, "perturbation_size": 0.005, "optimizer": "FIRE", "found_minima": [[0.6234994049, 0.02803775853], [-0.5582236011154268, 1.4417258798651242]], "found_saddles": [[-0.8491132321966203, 0.6155719364323394]], "bias_count": 5000, "energy_calls_at_each_min": [1, 14300], "force_calls_at_each_min": [1, 14300]}