{"run_id": 947, "bias_std_dev_scale": 0.142997, "bias_height_fraction": 0.092832, "perturbation_size": 0.005, "optimizer": "Scipy", "found_minima": [[0.6234994049, 0.02803775853], [-0.05001117178153358, 0.46669419473580237], [-0.5582236378186667, 1.441725838313271]], "found_saddles": [[0.24038431850709333, 0.38354275106373115], [0.2713607682123341, 0.4207047413096824]], "bias_count": 62, "energy_calls_at_each_min": [1, 571, 1769], "force_calls_at_each_min": [1, 571, 1769]}