{"run_id": 989, "bias_std_dev_scale": 0.1, "bias_height_fraction": 0.071876, "perturbation_size": 0.005, "optimizer": "Scipy", "found_minima": [[0.6234994049, 0.02803775853], [-0.5582236348822048, 1.4417258416729826], [-0.050010838471140455, 0.46669410999402994]], "found_saddles": [[0.3925247113771818, 0.11733980715466719], [-0.10175741386581369, 0.47141725806600676]], "bias_count": 342, "energy_calls_at_each_min": [1, 556, 7307], "force_calls_at_each_min": [1, 556, 7307]}