{"run_id": 531, "bias_std_dev_scale": 0.170998, "bias_height_fraction": 0.055651, "perturbation_size": 0.005, "optimizer": "Scipy", "found_minima": [[0.6234994049, 0.02803775853], [-0.05001100603864347, 0.46669415191164665], [-0.5582236510405808, 1.4417258252223488]], "found_saddles": [[0.07054175832823895, 0.49358299777133086], [0.18156181481121705, 0.2468980412177021]], "bias_count": 59, "energy_calls_at_each_min": [1, 636, 952], "force_calls_at_each_min": [1, 636, 952]}