{"run_id": 514, "bias_std_dev_scale": 0.204481, "bias_height_fraction": 0.033362, "perturbation_size": 0.005, "optimizer": "FIRE", "found_minima": [[0.6234994049, 0.02803775853], [-0.05003929969288423, 0.46670140530392695], [-0.5582236172092058, 1.441725859333194]], "found_saddles": [[0.16491774760974684, 0.2972858995132997], [-0.845191310839964, 0.6244086218128151]], "bias_count": 304, "energy_calls_at_each_min": [1, 7710, 35653], "force_calls_at_each_min": [1, 7710, 35653]}