{"run_id": 1755, "bias_std_dev_scale": 0.142997, "bias_height_fraction": 0.033362, "perturbation_size": 0.005, "optimizer": "Scipy", "found_minima": [[0.6234994049, 0.02803775853], [-0.5582236346743893, 1.441725841839317], [-0.05001082314075816, 0.46669410489208313]], "found_saddles": [[0.35216640137979116, 0.054703685985939804], [-0.05137036358650493, 0.46659914307504735]], "bias_count": 385, "energy_calls_at_each_min": [1, 738, 6627], "force_calls_at_each_min": [1, 738, 6627]}