{"run_id": 1257, "bias_std_dev_scale": 0.349658, "bias_height_fraction": 0.025831, "perturbation_size": 0.005, "optimizer": "Scipy", "found_minima": [[0.6234994049, 0.02803775853], [-0.558223634430876, 1.4417258415456027]], "found_saddles": [[0.19462302273450496, 0.08067084037576906]], "bias_count": 5000, "energy_calls_at_each_min": [1, 783], "force_calls_at_each_min": [1, 783]}