{"run_id": 982, "bias_std_dev_scale": 0.1, "bias_height_fraction": 0.154853, "perturbation_size": 0.005, "optimizer": "FIRE", "found_minima": [[0.6234994049, 0.02803775853], [-0.05001080927955531, 0.4666941022147464], [-0.5582236435627493, 1.4417258302521752]], "found_saddles": [[0.1336484859802042, 0.13085897496295895], [-0.7388946537297905, 0.6844426203784532]], "bias_count": 306, "energy_calls_at_each_min": [1, 5920, 35633], "force_calls_at_each_min": [1, 5920, 35633]}