{"run_id": 894, "bias_std_dev_scale": 0.244521, "bias_height_fraction": 0.033362, "perturbation_size": 0.005, "optimizer": "FIRE", "found_minima": [[0.6234994049, 0.02803775853], [-0.05068829373687071, 0.46687207883999415], [-0.5582236292639772, 1.4417258449616213]], "found_saddles": [[0.19961228631987984, 0.2706259267287619], [-0.8195290980557338, 0.5965659862062734]], "bias_count": 263, "energy_calls_at_each_min": [1, 6492, 31356], "force_calls_at_each_min": [1, 6492, 31356]}