{"run_id": 1560, "bias_std_dev_scale": 0.119581, "bias_height_fraction": 0.2, "perturbation_size": 0.005, "optimizer": "FIRE", "found_minima": [[0.6234994049, 0.02803775853], [-0.05001078067494924, 0.46669409586580896], [-0.5582236449431507, 1.4417258315378354]], "found_saddles": [[0.24435677217449467, 0.34293533974974255], [-0.24132001865039993, 0.12137265931227978]], "bias_count": 181, "energy_calls_at_each_min": [1, 2655, 21726], "force_calls_at_each_min": [1, 2655, 21726]}