{"run_id": 837, "bias_std_dev_scale": 0.418126, "bias_height_fraction": 0.025831, "perturbation_size": 0.005, "optimizer": "Scipy", "found_minima": [[0.6234994049, 0.02803775853], [-0.5582132110821854, 1.4417416723713044]], "found_saddles": [[-0.39307296637733957, 0.48897907779817285]], "bias_count": 5000, "energy_calls_at_each_min": [1, 1070], "force_calls_at_each_min": [1, 1070]}