{"run_id": 1463, "bias_std_dev_scale": 0.292402, "bias_height_fraction": 0.154853, "perturbation_size": 0.005, "optimizer": "Scipy", "found_minima": [[0.6234994049, 0.02803775853], [-0.5582236346287816, 1.4417258418077743], [-0.05263504485403799, 0.4673320866483407]], "found_saddles": [[0.18727120890319301, 0.12075776808156605], [-0.0597973511880554, 0.4653786695007335]], "bias_count": 40, "energy_calls_at_each_min": [1, 163, 555], "force_calls_at_each_min": [1, 163, 555]}