{"run_id": 875, "bias_std_dev_scale": 0.292402, "bias_height_fraction": 0.033362, "perturbation_size": 0.005, "optimizer": "Scipy", "found_minima": [[0.6234994049, 0.02803775853], [-0.5582236345543997, 1.4417258417813075]], "found_saddles": [[0.1973514688820473, 0.1176577314218701]], "bias_count": 5000, "energy_calls_at_each_min": [1, 1314], "force_calls_at_each_min": [1, 1314]}