{"run_id": 387, "bias_std_dev_scale": 0.1, "bias_height_fraction": 0.092832, "perturbation_size": 0.005, "optimizer": "Scipy", "found_minima": [[0.6234994049, 0.02803775853], [-0.050010823291663974, 0.4666941048693687], [-0.5582236294553553, 1.4417258467218235]], "found_saddles": [[0.3965169473705961, -0.09334654030427851], [-0.05324667052199371, 0.4628823739368437]], "bias_count": 67, "energy_calls_at_each_min": [1, 1468, 1493], "force_calls_at_each_min": [1, 1468, 1493]}