{"run_id": 322, "bias_std_dev_scale": 0.170998, "bias_height_fraction": 0.154853, "perturbation_size": 0.005, "optimizer": "FIRE", "found_minima": [[0.6234994049, 0.02803775853], [-0.05001461459467904, 0.4666951102379543], [-0.5582236309032361, 1.441725848577494]], "found_saddles": [[0.22785899438850185, 0.2800941053994009], [-0.8964706302456033, 0.6051723502665096]], "bias_count": 122, "energy_calls_at_each_min": [1, 2393, 14318], "force_calls_at_each_min": [1, 2393, 14318]}