{"run_id": 1371, "bias_std_dev_scale": 0.119581, "bias_height_fraction": 0.055651, "perturbation_size": 0.005, "optimizer": "Scipy", "found_minima": [[0.6234994049, 0.02803775853], [-0.5582236312425579, 1.4417258455896789], [-0.050010810445364984, 0.466694105521303]], "found_saddles": [[0.3738702186222262, 0.05261881066358541], [0.14106394702493907, 0.4839607112339096]], "bias_count": 320, "energy_calls_at_each_min": [1, 482, 6599], "force_calls_at_each_min": [1, 482, 6599]}