{"run_id": 859, "bias_std_dev_scale": 0.349658, "bias_height_fraction": 0.02, "perturbation_size": 0.005, "optimizer": "Scipy", "found_minima": [[0.6234994049, 0.02803775853], [-0.5582234991868305, 1.4417260479517553]], "found_saddles": [[-0.31277917052336435, 0.42013997846358664]], "bias_count": 5000, "energy_calls_at_each_min": [1, 1252], "force_calls_at_each_min": [1, 1252]}