{"run_id": 441, "bias_std_dev_scale": 0.349658, "bias_height_fraction": 0.2, "perturbation_size": 0.005, "optimizer": "Scipy", "found_minima": [[0.6234994049, 0.02803775853], [-0.05866817449817134, 0.468686495204085], [-0.5582210566110866, 1.4417291884076824]], "found_saddles": [[0.20682767007649777, 0.11981319251678382], [-0.5600794391594063, 0.4983924078860426]], "bias_count": 17, "energy_calls_at_each_min": [1, 96, 240], "force_calls_at_each_min": [1, 96, 240]}