{"run_id": 1893, "bias_std_dev_scale": 0.244521, "bias_height_fraction": 0.043089, "perturbation_size": 0.005, "optimizer": "Scipy", "found_minima": [[0.6234994049, 0.02803775853], [-0.05084809509925665, 0.466916760079069], [-0.5582236337109687, 1.4417258425203252]], "found_saddles": [[-0.08061723120339478, 0.46537356902286947], [-0.21807088433125804, 0.48287991711950656]], "bias_count": 60, "energy_calls_at_each_min": [1, 620, 740], "force_calls_at_each_min": [1, 620, 740]}