{"run_id": 528, "bias_std_dev_scale": 0.170998, "bias_height_fraction": 0.071876, "perturbation_size": 0.005, "optimizer": "FIRE", "found_minima": [[0.6234994049, 0.02803775853], [-0.050027641095436455, 0.46669782317923647], [-0.5582236144594273, 1.4417258615024855]], "found_saddles": [[0.13706399376568554, 0.16113955424870838], [-0.8243559924538775, 0.6135079547293704]], "bias_count": 132, "energy_calls_at_each_min": [1, 5481, 15045], "force_calls_at_each_min": [1, 5481, 15045]}