{"run_id": 1227, "bias_std_dev_scale": 0.418126, "bias_height_fraction": 0.092832, "perturbation_size": 0.005, "optimizer": "Scipy", "found_minima": [[0.6234994049, 0.02803775853], [-0.5582229084965364, 1.4417271226673494]], "found_saddles": [[-0.3186976496931945, 0.4280387002351801]], "bias_count": 5000, "energy_calls_at_each_min": [1, 326], "force_calls_at_each_min": [1, 326]}