{"run_id": 772, "bias_std_dev_scale": 0.119581, "bias_height_fraction": 0.043089, "perturbation_size": 0.005, "optimizer": "FIRE", "found_minima": [[0.6234994049, 0.02803775853], [-0.05001084621018712, 0.46669411376914893], [-0.5582236516806011, 1.441725823963466]], "found_saddles": [[0.204912555851149, 0.30967081602545177], [-0.8184846493566604, 0.6270598697009194]], "bias_count": 575, "energy_calls_at_each_min": [1, 11904, 68720], "force_calls_at_each_min": [1, 11904, 68720]}