{"run_id": 575, "bias_std_dev_scale": 0.119581, "bias_height_fraction": 0.033362, "perturbation_size": 0.005, "optimizer": "Scipy", "found_minima": [[0.6234994049, 0.02803775853], [-0.05001082286510411, 0.466694104735734], [-0.5582236390572081, 1.4417258374416002]], "found_saddles": [[-0.15704726815488484, 0.45925121498429994], [0.046836276121598935, 0.3431738730524415]], "bias_count": 140, "energy_calls_at_each_min": [1, 2158, 2599], "force_calls_at_each_min": [1, 2158, 2599]}