{"run_id": 421, "bias_std_dev_scale": 0.418126, "bias_height_fraction": 0.2, "perturbation_size": 0.005, "optimizer": "Scipy", "found_minima": [[0.6234994049, 0.02803775853], [-0.5582236346876819, 1.4417258418870083]], "found_saddles": [[-0.07231129437983168, 0.14052103232735416]], "bias_count": 5000, "energy_calls_at_each_min": [1, 195], "force_calls_at_each_min": [1, 195]}