{"run_id": 1895, "bias_std_dev_scale": 0.244521, "bias_height_fraction": 0.033362, "perturbation_size": 0.005, "optimizer": "Scipy", "found_minima": [[0.6234994049, 0.02803775853], [-0.05031485701504855, 0.4667715087835245], [-0.5582236324239072, 1.441725840055921]], "found_saddles": [[-0.0881255777677713, 0.45451641702742507], [0.22591489594278655, 0.37748569936573934]], "bias_count": 85, "energy_calls_at_each_min": [1, 567, 1031], "force_calls_at_each_min": [1, 567, 1031]}