{"run_id": 28, "bias_std_dev_scale": 0.418126, "bias_height_fraction": 0.071876, "perturbation_size": 0.005, "optimizer": "FIRE", "found_minima": [[0.6234994049, 0.02803775853], [-0.5581470785049295, 1.4418276439265214]], "found_saddles": [[-0.8659200341152408, 0.587049069267746]], "bias_count": 5000, "energy_calls_at_each_min": [1, 7131], "force_calls_at_each_min": [1, 7131]}