{"run_id": 793, "bias_std_dev_scale": 0.1, "bias_height_fraction": 0.043089, "perturbation_size": 0.005, "optimizer": "Scipy", "found_minima": [[0.6234994049, 0.02803775853], [-0.5582236418703572, 1.4417258334440741], [-0.050010822360891924, 0.46669410620954616]], "found_saddles": [[0.2042936973623087, 0.16535147768824732], [-0.04820011643544575, 0.46494245948168955]], "bias_count": 563, "energy_calls_at_each_min": [1, 2861, 11888], "force_calls_at_each_min": [1, 2861, 11888]}