{"run_id": 1381, "bias_std_dev_scale": 0.1, "bias_height_fraction": 0.2, "perturbation_size": 0.005, "optimizer": "Scipy", "found_minima": [[0.6234994049, 0.02803775853], [-0.05001082316298526, 0.4666941048853922], [-0.5582236335810821, 1.4417258432184301]], "found_saddles": [[0.48716884695431095, 0.22659664265306417], [0.10107140306819128, 0.5171785032621053]], "bias_count": 41, "energy_calls_at_each_min": [1, 859, 942], "force_calls_at_each_min": [1, 859, 942]}