{"run_id": 1436, "bias_std_dev_scale": 0.418126, "bias_height_fraction": 0.025831, "perturbation_size": 0.005, "optimizer": "FIRE", "found_minima": [[0.6234994049, 0.02803775853], [-0.5581475365814416, 1.4418275938693454]], "found_saddles": [[-0.8567466686664756, 0.595862842127589]], "bias_count": 5000, "energy_calls_at_each_min": [1, 18156], "force_calls_at_each_min": [1, 18156]}