{"run_id": 255, "bias_std_dev_scale": 0.349658, "bias_height_fraction": 0.033362, "perturbation_size": 0.005, "optimizer": "Scipy", "found_minima": [[0.6234994049, 0.02803775853], [-0.5582236267438598, 1.4417258475805033]], "found_saddles": [[-1.1294232111099294, 0.7739256452427971]], "bias_count": 5000, "energy_calls_at_each_min": [1, 681], "force_calls_at_each_min": [1, 681]}