{"run_id": 229, "bias_std_dev_scale": 0.418126, "bias_height_fraction": 0.071876, "perturbation_size": 0.005, "optimizer": "Scipy", "found_minima": [[0.6234994049, 0.02803775853], [-0.558194887582215, 1.4417662270107894]], "found_saddles": [[-0.41433541426611, 0.49202070453849966]], "bias_count": 5000, "energy_calls_at_each_min": [1, 508], "force_calls_at_each_min": [1, 508]}