{"run_id": 1987, "bias_std_dev_scale": 0.1, "bias_height_fraction": 0.092832, "perturbation_size": 0.005, "optimizer": "Scipy", "found_minima": [[0.6234994049, 0.02803775853], [-0.050010823283747834, 0.46669410483972545], [-0.5582236430679661, 1.4417258323548134]], "found_saddles": [[0.09698033553824559, 0.4905234218342622], [0.004212117556014541, 0.5005939497426775]], "bias_count": 55, "energy_calls_at_each_min": [1, 1097, 1153], "force_calls_at_each_min": [1, 1097, 1153]}