{"run_id": 117, "bias_std_dev_scale": 0.204481, "bias_height_fraction": 0.025831, "perturbation_size": 0.005, "optimizer": "Scipy", "found_minima": [[0.6234994049, 0.02803775853], [-0.05004966893543182, 0.4667042644499003], [-0.5582236320755785, 1.4417258481348951]], "found_saddles": [[0.13741656927224372, 0.45266415172185787], [0.19339310870486567, 0.3896625660937343]], "bias_count": 106, "energy_calls_at_each_min": [1, 981, 1328], "force_calls_at_each_min": [1, 981, 1328]}