{"run_id": 817, "bias_std_dev_scale": 0.5, "bias_height_fraction": 0.025831, "perturbation_size": 0.005, "optimizer": "Scipy", "found_minima": [[0.6234994049, 0.02803775853], [-0.5582236241740138, 1.4417258632820966]], "found_saddles": [[0.2137039043206995, 0.09743809289702993]], "bias_count": 5000, "energy_calls_at_each_min": [1, 717], "force_calls_at_each_min": [1, 717]}