{"run_id": 365, "bias_std_dev_scale": 0.119581, "bias_height_fraction": 0.119897, "perturbation_size": 0.005, "optimizer": "Scipy", "found_minima": [[0.6234994049, 0.02803775853], [-0.05001084731575588, 0.4666941050763492], [-0.558223634148823, 1.44172584209112]], "found_saddles": [[-0.022480375853260126, 0.47392615355320067], [0.1403860610826051, 0.48975564451787057]], "bias_count": 34, "energy_calls_at_each_min": [1, 532, 709], "force_calls_at_each_min": [1, 532, 709]}