{"run_id": 1297, "bias_std_dev_scale": 0.244521, "bias_height_fraction": 0.025831, "perturbation_size": 0.005, "optimizer": "Scipy", "found_minima": [[0.6234994049, 0.02803775853], [-0.050622293490670836, 0.46685531690141147], [-0.5582236345312407, 1.4417258419267438]], "found_saddles": [[0.1025869387167717, 0.46007584861263545], [-0.20207960168982447, 0.4762570065966947]], "bias_count": 86, "energy_calls_at_each_min": [1, 795, 938], "force_calls_at_each_min": [1, 795, 938]}