{"run_id": 472, "bias_std_dev_scale": 0.292402, "bias_height_fraction": 0.043089, "perturbation_size": 0.005, "optimizer": "FIRE", "found_minima": [[0.6234994049, 0.02803775853], [-0.5582236114973949, 1.4417258734708462]], "found_saddles": [[-0.8472989762982893, 0.6113780986708264]], "bias_count": 5000, "energy_calls_at_each_min": [1, 19568], "force_calls_at_each_min": [1, 19568]}