{"run_id": 1619, "bias_std_dev_scale": 0.5, "bias_height_fraction": 0.02, "perturbation_size": 0.005, "optimizer": "Scipy", "found_minima": [[0.6234994049, 0.02803775853], [-0.5582236282744667, 1.441725856005168]], "found_saddles": [[0.21247948210584316, 0.09909718419836076]], "bias_count": 5000, "energy_calls_at_each_min": [1, 857], "force_calls_at_each_min": [1, 857]}