{"run_id": 1024, "bias_std_dev_scale": 0.418126, "bias_height_fraction": 0.119897, "perturbation_size": 0.005, "optimizer": "FIRE", "found_minima": [[0.6234994049, 0.02803775853], [-0.5581440290811347, 1.441832074738965]], "found_saddles": [[-0.8314833078386974, 0.5744315207281996]], "bias_count": 5000, "energy_calls_at_each_min": [1, 4256], "force_calls_at_each_min": [1, 4256]}