{"run_id": 221, "bias_std_dev_scale": 0.418126, "bias_height_fraction": 0.2, "perturbation_size": 0.005, "optimizer": "Scipy", "found_minima": [[0.6234994049, 0.02803775853], [-0.5581553647980719, 1.4418180539962717]], "found_saddles": [[-0.42368624419568024, 0.36872264538189603]], "bias_count": 5000, "energy_calls_at_each_min": [1, 231], "force_calls_at_each_min": [1, 231]}