{"run_id": 97, "bias_std_dev_scale": 0.244521, "bias_height_fraction": 0.025831, "perturbation_size": 0.005, "optimizer": "Scipy", "found_minima": [[0.6234994049, 0.02803775853], [-0.05039171871181485, 0.4667919235882775], [-0.5582236346315821, 1.4417258418062635]], "found_saddles": [[0.16701040286426028, 0.4416712083828742], [-0.33495292593335385, 0.49144822789864]], "bias_count": 112, "energy_calls_at_each_min": [1, 882, 1274], "force_calls_at_each_min": [1, 882, 1274]}