{"run_id": 769, "bias_std_dev_scale": 0.119581, "bias_height_fraction": 0.071876, "perturbation_size": 0.005, "optimizer": "Scipy", "found_minima": [[0.6234994049, 0.02803775853], [-0.05001080474236159, 0.4666941071432068], [-0.5582236346320668, 1.441725841804942]], "found_saddles": [[0.23048274947437866, 0.2690624086286839], [-0.20120095910270003, 0.479314263890764]], "bias_count": 78, "energy_calls_at_each_min": [1, 1550, 1608], "force_calls_at_each_min": [1, 1550, 1608]}