{"run_id": 642, "bias_std_dev_scale": 0.349658, "bias_height_fraction": 0.154853, "perturbation_size": 0.005, "optimizer": "FIRE", "found_minima": [[0.6234994049, 0.02803775853], [-0.5582197516156843, 1.4417307512149637]], "found_saddles": [[-0.8458682827825268, 0.6023102557157408]], "bias_count": 5000, "energy_calls_at_each_min": [1, 4867], "force_calls_at_each_min": [1, 4867]}