{"run_id": 415, "bias_std_dev_scale": 0.5, "bias_height_fraction": 0.033362, "perturbation_size": 0.005, "optimizer": "Scipy", "found_minima": [[0.6234994049, 0.02803775853], [-0.5582064542432037, 1.4417579580538218]], "found_saddles": [[-0.08359038193861718, 0.4698870316169656]], "bias_count": 5000, "energy_calls_at_each_min": [1, 358], "force_calls_at_each_min": [1, 358]}