{"run_id": 376, "bias_std_dev_scale": 0.119581, "bias_height_fraction": 0.025831, "perturbation_size": 0.005, "optimizer": "FIRE", "found_minima": [[0.6234994049, 0.02803775853], [-0.0500107782909826, 0.466694098302204], [-0.5582236512694071, 1.4417258255754544]], "found_saddles": [[0.2124303835836045, 0.2986296410073175], [-0.8190031199513659, 0.620412052323002]], "bias_count": 1059, "energy_calls_at_each_min": [1, 22071, 132132], "force_calls_at_each_min": [1, 22071, 132132]}