{"run_id": 234, "bias_std_dev_scale": 0.418126, "bias_height_fraction": 0.033362, "perturbation_size": 0.005, "optimizer": "FIRE", "found_minima": [[0.6234994049, 0.02803775853], [-0.5581513562239848, 1.4418229987117295]], "found_saddles": [[-0.8571762932303768, 0.5966544258158336]], "bias_count": 5000, "energy_calls_at_each_min": [1, 15548], "force_calls_at_each_min": [1, 15548]}