{"run_id": 1287, "bias_std_dev_scale": 0.244521, "bias_height_fraction": 0.092832, "perturbation_size": 0.005, "optimizer": "Scipy", "found_minima": [[0.6234994049, 0.02803775853], [-0.051777803839111514, 0.46717757883808236], [-0.5582236345886693, 1.4417258418216323]], "found_saddles": [[0.22679563321187438, 0.11272091059450483], [-0.20385350663234839, 0.4804069214630439]], "bias_count": 32, "energy_calls_at_each_min": [1, 344, 409], "force_calls_at_each_min": [1, 344, 409]}