{"run_id": 380, "bias_std_dev_scale": 0.1, "bias_height_fraction": 0.2, "perturbation_size": 0.005, "optimizer": "FIRE", "found_minima": [[0.6234994049, 0.02803775853], [-0.05001080435978651, 0.46669409789983946], [-0.5582236570211672, 1.4417258195826013]], "found_saddles": [[0.2781077405725271, 0.37619949995594226], [0.5347930590558134, 0.4709114301051375]], "bias_count": 280, "energy_calls_at_each_min": [1, 3674, 32537], "force_calls_at_each_min": [1, 3674, 32537]}