{"run_id": 1514, "bias_std_dev_scale": 0.204481, "bias_height_fraction": 0.033362, "perturbation_size": 0.005, "optimizer": "FIRE", "found_minima": [[0.6234994049, 0.02803775853], [-0.05004355411433447, 0.4667026900934151], [-0.5582236329767208, 1.4417258445635126]], "found_saddles": [[0.2604889875001835, 0.28927750217609505], [-0.8406215292242553, 0.6168342132338663]], "bias_count": 309, "energy_calls_at_each_min": [1, 5710, 34645], "force_calls_at_each_min": [1, 5710, 34645]}