{"run_id": 556, "bias_std_dev_scale": 0.142997, "bias_height_fraction": 0.025831, "perturbation_size": 0.005, "optimizer": "FIRE", "found_minima": [[0.6234994049, 0.02803775853], [-0.05001117741830835, 0.46669419637942183], [-0.558223622971952, 1.4417258545183138]], "found_saddles": [[0.16587797547576813, 0.266827003039323], [-0.836072062486777, 0.6352038187654739]], "bias_count": 738, "energy_calls_at_each_min": [1, 15632, 89860], "force_calls_at_each_min": [1, 15632, 89860]}