{"run_id": 1906, "bias_std_dev_scale": 0.204481, "bias_height_fraction": 0.092832, "perturbation_size": 0.005, "optimizer": "FIRE", "found_minima": [[0.6234994049, 0.02803775853], [-0.05008686707670221, 0.46671414891939933], [-0.5582236418180506, 1.4417258315641608]], "found_saddles": [[0.2455029183622479, 0.3329356000574782], [-0.8281256739378613, 0.6173459257116339]], "bias_count": 87, "energy_calls_at_each_min": [1, 2871, 10099], "force_calls_at_each_min": [1, 2871, 10099]}