{"run_id": 830, "bias_std_dev_scale": 0.418126, "bias_height_fraction": 0.055651, "perturbation_size": 0.005, "optimizer": "FIRE", "found_minima": [[0.6234994049, 0.02803775853], [-0.5581500081010865, 1.4418235665998556]], "found_saddles": [[-0.8476108109621013, 0.6012226485955035]], "bias_count": 5000, "energy_calls_at_each_min": [1, 8994], "force_calls_at_each_min": [1, 8994]}