{"run_id": 911, "bias_std_dev_scale": 0.204481, "bias_height_fraction": 0.055651, "perturbation_size": 0.005, "optimizer": "Scipy", "found_minima": [[0.6234994049, 0.02803775853], [-0.05005339810487745, 0.46670529301591435], [-0.5582236346358104, 1.4417258418075187]], "found_saddles": [[0.1836628745670064, 0.42090065592558396], [-0.3108436448823651, 0.489371909561868]], "bias_count": 52, "energy_calls_at_each_min": [1, 633, 832], "force_calls_at_each_min": [1, 633, 832]}