{"run_id": 661, "bias_std_dev_scale": 0.292402, "bias_height_fraction": 0.2, "perturbation_size": 0.005, "optimizer": "Scipy", "found_minima": [[0.6234994049, 0.02803775853], [-0.057146906420752965, 0.468577730666891], [-0.5582236306729916, 1.4417258490868485]], "found_saddles": [[0.12545128833392818, 0.08487354056736157], [0.005947593683629827, 0.048360676482883905]], "bias_count": 37, "energy_calls_at_each_min": [1, 303, 652], "force_calls_at_each_min": [1, 303, 652]}