{"run_id": 1085, "bias_std_dev_scale": 0.244521, "bias_height_fraction": 0.119897, "perturbation_size": 0.005, "optimizer": "Scipy", "found_minima": [[0.6234994049, 0.02803775853], [-0.05105727642115231, 0.4669705022429394], [-0.5582236346335148, 1.4417258418042673]], "found_saddles": [[0.19609290692135, 0.08146800009047445], [-0.20523201408596908, 0.4966906710292622]], "bias_count": 27, "energy_calls_at_each_min": [1, 330, 387], "force_calls_at_each_min": [1, 330, 387]}