{"run_id": 966, "bias_std_dev_scale": 0.119581, "bias_height_fraction": 0.092832, "perturbation_size": 0.005, "optimizer": "FIRE", "found_minima": [[0.6234994049, 0.02803775853], [-0.050010886374070876, 0.46669411637620556], [-0.5582236385246452, 1.4417258424093675]], "found_saddles": [[0.18112463825919967, 0.2654229341824037], [-0.754132840541435, 0.6717679594893659]], "bias_count": 376, "energy_calls_at_each_min": [1, 6119, 45247], "force_calls_at_each_min": [1, 6119, 45247]}