{"run_id": 872, "bias_std_dev_scale": 0.292402, "bias_height_fraction": 0.043089, "perturbation_size": 0.005, "optimizer": "FIRE", "found_minima": [[0.6234994049, 0.02803775853], [-0.5582236292106046, 1.4417258535408057]], "found_saddles": [[-0.8307106621778457, 0.6004559102689212]], "bias_count": 5000, "energy_calls_at_each_min": [1, 14974], "force_calls_at_each_min": [1, 14974]}