{"run_id": 1027, "bias_std_dev_scale": 0.418126, "bias_height_fraction": 0.092832, "perturbation_size": 0.005, "optimizer": "Scipy", "found_minima": [[0.6234994049, 0.02803775853], [-0.5582236346315131, 1.441725841807066]], "found_saddles": [[0.19580935015741363, 0.11338878489074607]], "bias_count": 5000, "energy_calls_at_each_min": [1, 313], "force_calls_at_each_min": [1, 313]}