{"run_id": 1555, "bias_std_dev_scale": 0.142997, "bias_height_fraction": 0.033362, "perturbation_size": 0.005, "optimizer": "Scipy", "found_minima": [[0.6234994049, 0.02803775853], [-0.050010910475580116, 0.46669412547523353], [-0.5582236346617073, 1.4417258417908274]], "found_saddles": [[0.274572068277846, 0.1849532727906816], [-0.3026340485334871, 0.4877823984548029]], "bias_count": 115, "energy_calls_at_each_min": [1, 1461, 1927], "force_calls_at_each_min": [1, 1461, 1927]}