{"run_id": 935, "bias_std_dev_scale": 0.170998, "bias_height_fraction": 0.033362, "perturbation_size": 0.005, "optimizer": "Scipy", "found_minima": [[0.6234994049, 0.02803775853], [-0.05001766427454417, 0.46669564078729203], [-0.5582236348297668, 1.441725841845719]], "found_saddles": [[0.2226562185137033, 0.40566340778800114], [-0.22769407486270002, 0.4805582648247499]], "bias_count": 98, "energy_calls_at_each_min": [1, 1358, 1479], "force_calls_at_each_min": [1, 1358, 1479]}