{"run_id": 724, "bias_std_dev_scale": 0.170998, "bias_height_fraction": 0.119897, "perturbation_size": 0.005, "optimizer": "FIRE", "found_minima": [[0.6234994049, 0.02803775853], [-0.05001139310491676, 0.4666942583582169], [-0.5582236501423479, 1.4417258264689603]], "found_saddles": [[0.21594207018767742, 0.30545955143195536], [-0.8527605035509824, 0.613985820183034]], "bias_count": 100, "energy_calls_at_each_min": [1, 2823, 11480], "force_calls_at_each_min": [1, 2823, 11480]}