{"run_id": 651, "bias_std_dev_scale": 0.349658, "bias_height_fraction": 0.055651, "perturbation_size": 0.005, "optimizer": "Scipy", "found_minima": [[0.6234994049, 0.02803775853], [-0.558223091851801, 1.441726611164195]], "found_saddles": [[-0.345099566374226, 0.41002955495256393]], "bias_count": 5000, "energy_calls_at_each_min": [1, 639], "force_calls_at_each_min": [1, 639]}