{"run_id": 179, "bias_std_dev_scale": 0.119581, "bias_height_fraction": 0.02, "perturbation_size": 0.005, "optimizer": "Scipy", "found_minima": [[0.6234994049, 0.02803775853], [-0.05001082241901049, 0.4666941042380648], [-0.5582236290676419, 1.441725848967925]], "found_saddles": [[0.26077067490510203, 0.17714621889112991], [0.25280769730179425, 0.2999672277262343]], "bias_count": 284, "energy_calls_at_each_min": [1, 4022, 5276], "force_calls_at_each_min": [1, 4022, 5276]}