{"run_id": 198, "bias_std_dev_scale": 0.1, "bias_height_fraction": 0.02, "perturbation_size": 0.005, "optimizer": "FIRE", "found_minima": [[0.6234994049, 0.02803775853], [-0.0500108385380844, 0.46669410132615696], [-0.5582236239739587, 1.4417258546524072]], "found_saddles": [[0.2171563756862617, 0.27879997742534746], [-0.8375334740874762, 0.6168553402726874]], "bias_count": 1792, "energy_calls_at_each_min": [1, 36788, 222178], "force_calls_at_each_min": [1, 36788, 222178]}