{"run_id": 456, "bias_std_dev_scale": 0.349658, "bias_height_fraction": 0.025831, "perturbation_size": 0.005, "optimizer": "FIRE", "found_minima": [[0.6234994049, 0.02803775853], [-0.558220524438846, 1.4417298384444324]], "found_saddles": [[-0.827722716243681, 0.5911047328944462]], "bias_count": 5000, "energy_calls_at_each_min": [1, 26029], "force_calls_at_each_min": [1, 26029]}