{"run_id": 1094, "bias_std_dev_scale": 0.244521, "bias_height_fraction": 0.033362, "perturbation_size": 0.005, "optimizer": "FIRE", "found_minima": [[0.6234994049, 0.02803775853], [-0.05070492422422319, 0.46687686397032235], [-0.5582236284904282, 1.4417258453240704]], "found_saddles": [[0.1943821460141881, 0.2983697080475149], [-0.8113725586792838, 0.6165524546550669]], "bias_count": 249, "energy_calls_at_each_min": [1, 8758, 29871], "force_calls_at_each_min": [1, 8758, 29871]}