{"run_id": 1777, "bias_std_dev_scale": 0.119581, "bias_height_fraction": 0.025831, "perturbation_size": 0.005, "optimizer": "Scipy", "found_minima": [[0.6234994049, 0.02803775853], [-0.5582236345969012, 1.4417258411026184], [-0.05001079426409411, 0.4666941077777099]], "found_saddles": [[0.45646682618194934, 0.1465133394275207], [-0.05111624970720108, 0.466731726029463]], "bias_count": 605, "energy_calls_at_each_min": [1, 1073, 10978], "force_calls_at_each_min": [1, 1073, 10978]}