{"run_id": 1253, "bias_std_dev_scale": 0.349658, "bias_height_fraction": 0.043089, "perturbation_size": 0.005, "optimizer": "Scipy", "found_minima": [[0.6234994049, 0.02803775853], [-0.558223634977879, 1.441725841442534]], "found_saddles": [[0.18857479583114295, 0.11083069003069278]], "bias_count": 5000, "energy_calls_at_each_min": [1, 468], "force_calls_at_each_min": [1, 468]}