{"run_id": 1207, "bias_std_dev_scale": 0.5, "bias_height_fraction": 0.092832, "perturbation_size": 0.005, "optimizer": "Scipy", "found_minima": [[0.6234994049, 0.02803775853], [-0.5582109543516386, 1.4417481323378953]], "found_saddles": [[0.12273349349120252, 0.09849567401845517]], "bias_count": 5000, "energy_calls_at_each_min": [1, 338], "force_calls_at_each_min": [1, 338]}