{"run_id": 409, "bias_std_dev_scale": 0.5, "bias_height_fraction": 0.071876, "perturbation_size": 0.005, "optimizer": "Scipy", "found_minima": [[0.6234994049, 0.02803775853], [-0.5580859089666237, 1.441951419597424]], "found_saddles": [[0.12957542447590853, 0.10538418530491467]], "bias_count": 5000, "energy_calls_at_each_min": [1, 481], "force_calls_at_each_min": [1, 481]}