{"run_id": 130, "bias_std_dev_scale": 0.170998, "bias_height_fraction": 0.055651, "perturbation_size": 0.005, "optimizer": "FIRE", "found_minima": [[0.6234994049, 0.02803775853], [-0.05001632786691273, 0.46669538282029155], [-0.5582236307847906, 1.4417258420918653]], "found_saddles": [[0.16506638264373957, 0.28667167601006144], [-0.8304576131618253, 0.6230834165090966]], "bias_count": 238, "energy_calls_at_each_min": [1, 6101, 27685], "force_calls_at_each_min": [1, 6101, 27685]}