{"run_id": 1710, "bias_std_dev_scale": 0.204481, "bias_height_fraction": 0.055651, "perturbation_size": 0.005, "optimizer": "FIRE", "found_minima": [[0.6234994049, 0.02803775853], [-0.050043654535600536, 0.4667027532556151], [-0.5582236374261874, 1.441725837424268]], "found_saddles": [[0.21956470158898625, 0.2849714345512008], [-0.8437414658306805, 0.6200243486551473]], "bias_count": 245, "energy_calls_at_each_min": [1, 4189, 28603], "force_calls_at_each_min": [1, 4189, 28603]}