{"run_id": 1528, "bias_std_dev_scale": 0.170998, "bias_height_fraction": 0.071876, "perturbation_size": 0.005, "optimizer": "FIRE", "found_minima": [[0.6234994049, 0.02803775853], [-0.050011430373867856, 0.46669425054748354], [-0.5582236504255481, 1.4417258273277989]], "found_saddles": [[0.2125887524563596, 0.28827304012573635], [-0.8296076666049943, 0.6156328355111449]], "bias_count": 200, "energy_calls_at_each_min": [1, 3705, 23267], "force_calls_at_each_min": [1, 3705, 23267]}