{"run_id": 551, "bias_std_dev_scale": 0.142997, "bias_height_fraction": 0.055651, "perturbation_size": 0.005, "optimizer": "Scipy", "found_minima": [[0.6234994049, 0.02803775853], [-0.0500109274672598, 0.46669413611005534], [-0.5582236350355781, 1.4417258419254182]], "found_saddles": [[0.257935870275867, -0.026787718794929135], [-0.1728984721214431, 0.4802420027716487]], "bias_count": 73, "energy_calls_at_each_min": [1, 1129, 1233], "force_calls_at_each_min": [1, 1129, 1233]}