{"run_id": 1959, "bias_std_dev_scale": 0.142997, "bias_height_fraction": 0.02, "perturbation_size": 0.005, "optimizer": "Scipy", "found_minima": [[0.6234994049, 0.02803775853], [-0.05001102888224897, 0.4666941527662074], [-0.558223636374918, 1.4417258408791125]], "found_saddles": [[-0.2016700934658457, 0.3876976989879696], [-0.14696018113879586, 0.4769977655046757]], "bias_count": 175, "energy_calls_at_each_min": [1, 2643, 2734], "force_calls_at_each_min": [1, 2643, 2734]}