{"run_id": 1344, "bias_std_dev_scale": 0.142997, "bias_height_fraction": 0.119897, "perturbation_size": 0.005, "optimizer": "FIRE", "found_minima": [[0.6234994049, 0.02803775853], [-0.05001111480901735, 0.4666941807945847], [-0.5582236173935753, 1.4417258578981962]], "found_saddles": [[0.1803533060940872, 0.24065290597980757], [-0.17452832995114909, 0.07325598489018753]], "bias_count": 210, "energy_calls_at_each_min": [1, 3952, 24386], "force_calls_at_each_min": [1, 3952, 24386]}