{"run_id": 105, "bias_std_dev_scale": 0.204481, "bias_height_fraction": 0.119897, "perturbation_size": 0.005, "optimizer": "Scipy", "found_minima": [[0.6234994049, 0.02803775853], [-0.5582236374551917, 1.4417258378042064], [-0.05001254080220466, 0.4666945162211606]], "found_saddles": [[-1.058661168343528, 0.8737741499130894], [-1.0578582539751094, 0.9006216439905926]], "bias_count": 69, "energy_calls_at_each_min": [1, 220, 1197], "force_calls_at_each_min": [1, 220, 1197]}