{"run_id": 1245, "bias_std_dev_scale": 0.349658, "bias_height_fraction": 0.119897, "perturbation_size": 0.005, "optimizer": "Scipy", "found_minima": [[0.6234994049, 0.02803775853], [-0.5582236285023244, 1.4417258490431466]], "found_saddles": [[-0.32675350916179824, 0.41923793168624524]], "bias_count": 5000, "energy_calls_at_each_min": [1, 227], "force_calls_at_each_min": [1, 227]}