{"run_id": 1577, "bias_std_dev_scale": 0.119581, "bias_height_fraction": 0.025831, "perturbation_size": 0.005, "optimizer": "Scipy", "found_minima": [[0.6234994049, 0.02803775853], [-0.05001082388117699, 0.46669410537495565], [-0.5582236346068146, 1.4417258416375918]], "found_saddles": [[-0.1920358109450213, 0.39170677418375405], [0.25039860093903243, 0.1928614679706344]], "bias_count": 182, "energy_calls_at_each_min": [1, 2746, 3325], "force_calls_at_each_min": [1, 2746, 3325]}