{"run_id": 193, "bias_std_dev_scale": 0.1, "bias_height_fraction": 0.043089, "perturbation_size": 0.005, "optimizer": "Scipy", "found_minima": [[0.6234994049, 0.02803775853], [-0.0500108192048116, 0.4666941045899001], [-0.5582236346326114, 1.4417258418050396]], "found_saddles": [[0.2716976981734971, 0.1988705650068135], [0.0399761255031601, 0.35726683628434913]], "bias_count": 130, "energy_calls_at_each_min": [1, 2437, 2679], "force_calls_at_each_min": [1, 2437, 2679]}