{"run_id": 1447, "bias_std_dev_scale": 0.349658, "bias_height_fraction": 0.092832, "perturbation_size": 0.005, "optimizer": "Scipy", "found_minima": [[0.6234994049, 0.02803775853], [-0.5582236346338949, 1.4417258418035854]], "found_saddles": [[0.18501835661591215, 0.10693425597301787]], "bias_count": 5000, "energy_calls_at_each_min": [1, 229], "force_calls_at_each_min": [1, 229]}