{"run_id": 936, "bias_std_dev_scale": 0.170998, "bias_height_fraction": 0.025831, "perturbation_size": 0.005, "optimizer": "FIRE", "found_minima": [[0.6234994049, 0.02803775853], [-0.050014046042976344, 0.4666948786723748], [-0.558223650874332, 1.441725826031062]], "found_saddles": [[0.2601849946223625, 0.31634842360733323], [-0.8262339102533306, 0.6157715760690533]], "bias_count": 504, "energy_calls_at_each_min": [1, 9937, 61279], "force_calls_at_each_min": [1, 9937, 61279]}