{"run_id": 288, "bias_std_dev_scale": 0.244521, "bias_height_fraction": 0.071876, "perturbation_size": 0.005, "optimizer": "FIRE", "found_minima": [[0.6234994049, 0.02803775853], [-0.05061639920675271, 0.46685271447785254], [-0.5582236398799988, 1.4417258387398937]], "found_saddles": [[0.20052478917072653, 0.2876733925556436], [-0.8239124500911124, 0.5933722296224834]], "bias_count": 128, "energy_calls_at_each_min": [1, 2625, 14400], "force_calls_at_each_min": [1, 2625, 14400]}