{"run_id": 1628, "bias_std_dev_scale": 0.418126, "bias_height_fraction": 0.071876, "perturbation_size": 0.005, "optimizer": "FIRE", "found_minima": [[0.6234994049, 0.02803775853], [-0.5581364002938212, 1.441839544231099]], "found_saddles": [[-0.2257455923946013, 0.1089693391821687]], "bias_count": 5000, "energy_calls_at_each_min": [1, 10386], "force_calls_at_each_min": [1, 10386]}