{"run_id": 1158, "bias_std_dev_scale": 0.142997, "bias_height_fraction": 0.02, "perturbation_size": 0.005, "optimizer": "FIRE", "found_minima": [[0.6234994049, 0.02803775853], [-0.05001096496604323, 0.46669414308411755], [-0.5582236292027836, 1.4417258447580101]], "found_saddles": [[0.2301742418406173, 0.32425392062538494], [-0.8177354175747581, 0.6189424180365571]], "bias_count": 940, "energy_calls_at_each_min": [1, 20641, 115074], "force_calls_at_each_min": [1, 20641, 115074]}