{"run_id": 719, "bias_std_dev_scale": 0.204481, "bias_height_fraction": 0.02, "perturbation_size": 0.005, "optimizer": "Scipy", "found_minima": [[0.6234994049, 0.02803775853], [-0.050016438663670865, 0.4666955028684268], [-0.5582236296828444, 1.4417258472401109]], "found_saddles": [[-0.13091192743367608, 0.44624828804484373], [0.21910142445325023, 0.4228725553143078]], "bias_count": 161, "energy_calls_at_each_min": [1, 1033, 1964], "force_calls_at_each_min": [1, 1033, 1964]}