{"run_id": 1583, "bias_std_dev_scale": 0.1, "bias_height_fraction": 0.154853, "perturbation_size": 0.005, "optimizer": "Scipy", "found_minima": [[0.6234994049, 0.02803775853], [-0.05001083325734644, 0.4666941112520949], [-0.5582236336744505, 1.4417258423944639]], "found_saddles": [[-0.080700141718142, 0.4662598402334172], [0.11595320193338238, 0.2581643072135371]], "bias_count": 46, "energy_calls_at_each_min": [1, 657, 977], "force_calls_at_each_min": [1, 657, 977]}