{"run_id": 1477, "bias_std_dev_scale": 0.292402, "bias_height_fraction": 0.025831, "perturbation_size": 0.005, "optimizer": "Scipy", "found_minima": [[0.6234994049, 0.02803775853], [-0.5582236337590369, 1.441725842827637]], "found_saddles": [[-0.22955249456823942, 0.4441885060248676]], "bias_count": 5000, "energy_calls_at_each_min": [1, 917], "force_calls_at_each_min": [1, 917]}