{"run_id": 771, "bias_std_dev_scale": 0.119581, "bias_height_fraction": 0.055651, "perturbation_size": 0.005, "optimizer": "Scipy", "found_minima": [[0.6234994049, 0.02803775853], [-0.05001081264555696, 0.46669410330879246], [-0.5582236341996173, 1.4417258414613707]], "found_saddles": [[-0.17849439142229417, 0.4095528151978285], [0.03213794646748067, 0.45958045176643286]], "bias_count": 52, "energy_calls_at_each_min": [1, 831, 871], "force_calls_at_each_min": [1, 831, 871]}