{"run_id": 1887, "bias_std_dev_scale": 0.244521, "bias_height_fraction": 0.092832, "perturbation_size": 0.005, "optimizer": "Scipy", "found_minima": [[0.6234994049, 0.02803775853], [-0.050834832551623736, 0.46691326748733397], [-0.5582236347089464, 1.4417258417774275]], "found_saddles": [[0.027113496436794685, 0.4664310638599854], [0.2601892111162459, 0.3216821653227713]], "bias_count": 36, "energy_calls_at_each_min": [1, 335, 531], "force_calls_at_each_min": [1, 335, 531]}