{"run_id": 1757, "bias_std_dev_scale": 0.142997, "bias_height_fraction": 0.025831, "perturbation_size": 0.005, "optimizer": "Scipy", "found_minima": [[0.6234994049, 0.02803775853], [-0.050010881518408476, 0.4666941190499259], [-0.5582236369134729, 1.4417258394126322]], "found_saddles": [[0.27288481623342736, 0.21241516640617286], [0.2763352620118927, 0.3258558999553287]], "bias_count": 192, "energy_calls_at_each_min": [1, 2254, 3499], "force_calls_at_each_min": [1, 2254, 3499]}