{"run_id": 3, "bias_std_dev_scale": 0.5, "bias_height_fraction": 0.154853, "perturbation_size": 0.005, "optimizer": "Scipy", "found_minima": [[0.6234994049, 0.02803775853], [-0.5576405053981288, 1.442554861417912]], "found_saddles": [[-0.7086634996338503, 0.528874696726882]], "bias_count": 5000, "energy_calls_at_each_min": [1, 465], "force_calls_at_each_min": [1, 465]}