{"run_id": 619, "bias_std_dev_scale": 0.5, "bias_height_fraction": 0.02, "perturbation_size": 0.005, "optimizer": "Scipy", "found_minima": [[0.6234994049, 0.02803775853], [-0.5581861136460302, 1.4417920680865581]], "found_saddles": [[-0.302362041136352, 0.4385190079566109]], "bias_count": 5000, "energy_calls_at_each_min": [1, 1005], "force_calls_at_each_min": [1, 1005]}