{"run_id": 1025, "bias_std_dev_scale": 0.418126, "bias_height_fraction": 0.119897, "perturbation_size": 0.005, "optimizer": "Scipy", "found_minima": [[0.6234994049, 0.02803775853], [-0.5581906436991078, 1.4417725325834518]], "found_saddles": [[-0.36302871104456585, 0.4034078299185724]], "bias_count": 5000, "energy_calls_at_each_min": [1, 271], "force_calls_at_each_min": [1, 271]}