{"run_id": 1361, "bias_std_dev_scale": 0.119581, "bias_height_fraction": 0.2, "perturbation_size": 0.005, "optimizer": "Scipy", "found_minima": [[0.6234994049, 0.02803775853], [-0.5582236342997922, 1.4417258416344216], [-0.050010823000397775, 0.46669410487382573]], "found_saddles": [[0.26433514009377124, 0.1570437490673774], [-1.0846103916110275, 1.0722307148562833]], "bias_count": 109, "energy_calls_at_each_min": [1, 413, 2397], "force_calls_at_each_min": [1, 413, 2397]}