{"run_id": 1541, "bias_std_dev_scale": 0.142997, "bias_height_fraction": 0.2, "perturbation_size": 0.005, "optimizer": "Scipy", "found_minima": [[0.6234994049, 0.02803775853], [-0.05001082957535637, 0.4666941057132503], [-0.5582236346616675, 1.4417258419560681]], "found_saddles": [[0.84186147482326, 0.14461499888219165], [0.1268285524471135, 0.10127919117945165]], "bias_count": 28, "energy_calls_at_each_min": [1, 454, 589], "force_calls_at_each_min": [1, 454, 589]}