{"run_id": 496, "bias_std_dev_scale": 0.244521, "bias_height_fraction": 0.025831, "perturbation_size": 0.005, "optimizer": "FIRE", "found_minima": [[0.6234994049, 0.02803775853], [-0.050661544409620764, 0.4668644816962968], [-0.5582236305104366, 1.4417258419006989]], "found_saddles": [[0.19659602426293338, 0.27809623943111855], [-0.8445860160664211, 0.6165959339026031]], "bias_count": 309, "energy_calls_at_each_min": [1, 8300, 35545], "force_calls_at_each_min": [1, 8300, 35545]}