{"run_id": 1071, "bias_std_dev_scale": 0.292402, "bias_height_fraction": 0.055651, "perturbation_size": 0.005, "optimizer": "Scipy", "found_minima": [[0.6234994049, 0.02803775853], [-0.5582236336677137, 1.4417258433343703]], "found_saddles": [[-0.31207319742100365, 0.5277261870379321]], "bias_count": 5000, "energy_calls_at_each_min": [1, 567], "force_calls_at_each_min": [1, 567]}