{"run_id": 165, "bias_std_dev_scale": 0.119581, "bias_height_fraction": 0.119897, "perturbation_size": 0.005, "optimizer": "Scipy", "found_minima": [[0.6234994049, 0.02803775853], [-0.050010823081307346, 0.4666941048637897], [-0.5582236436113476, 1.4417258321346875]], "found_saddles": [[0.5518454829860638, 0.22071853033962313], [-0.05315920921155519, 0.4628098205313981]], "bias_count": 47, "energy_calls_at_each_min": [1, 922, 948], "force_calls_at_each_min": [1, 922, 948]}