{"run_id": 1378, "bias_std_dev_scale": 0.119581, "bias_height_fraction": 0.02, "perturbation_size": 0.005, "optimizer": "FIRE", "found_minima": [[0.6234994049, 0.02803775853], [-0.05001084720840187, 0.46669411007676687], [-0.5582236554957484, 1.4417258215924829]], "found_saddles": [[0.207405539856732, 0.3040708962031877], [-0.8142699547940717, 0.6142442955260271]], "bias_count": 1204, "energy_calls_at_each_min": [1, 25935, 150197], "force_calls_at_each_min": [1, 25935, 150197]}