{"run_id": 1360, "bias_std_dev_scale": 0.119581, "bias_height_fraction": 0.2, "perturbation_size": 0.005, "optimizer": "FIRE", "found_minima": [[0.6234994049, 0.02803775853], [-0.05001106321244586, 0.46669415517189955], [-0.5582236464484011, 1.441725830822145]], "found_saddles": [[0.2828869363100072, 0.3698115682708995], [-0.7752100499670611, 0.6964374674172545]], "bias_count": 160, "energy_calls_at_each_min": [1, 2423, 19303], "force_calls_at_each_min": [1, 2423, 19303]}