{"run_id": 1919, "bias_std_dev_scale": 0.204481, "bias_height_fraction": 0.02, "perturbation_size": 0.005, "optimizer": "Scipy", "found_minima": [[0.6234994049, 0.02803775853], [-0.050036003362334575, 0.4667006282506992], [-0.5582236356535608, 1.4417258420277073]], "found_saddles": [[0.17879765410011295, 0.44157300169681496], [-0.28629491365346454, 0.4851691955790227]], "bias_count": 138, "energy_calls_at_each_min": [1, 1237, 1615], "force_calls_at_each_min": [1, 1237, 1615]}