{"run_id": 912, "bias_std_dev_scale": 0.204481, "bias_height_fraction": 0.043089, "perturbation_size": 0.005, "optimizer": "FIRE", "found_minima": [[0.6234994049, 0.02803775853], [-0.05004394360540713, 0.4667027636342246], [-0.5582236289956297, 1.4417258450574095]], "found_saddles": [[0.24425793778947938, 0.32219516359454403], [-0.8154773655093427, 0.5998884487528946]], "bias_count": 190, "energy_calls_at_each_min": [1, 4605, 21994], "force_calls_at_each_min": [1, 4605, 21994]}