{"run_id": 623, "bias_std_dev_scale": 0.418126, "bias_height_fraction": 0.154853, "perturbation_size": 0.005, "optimizer": "Scipy", "found_minima": [[0.6234994049, 0.02803775853], [-0.5581695137372346, 1.4417996240797788]], "found_saddles": [[-0.41035633049731396, 0.49711942831652745]], "bias_count": 5000, "energy_calls_at_each_min": [1, 258], "force_calls_at_each_min": [1, 258]}