{"run_id": 1041, "bias_std_dev_scale": 0.349658, "bias_height_fraction": 0.2, "perturbation_size": 0.005, "optimizer": "Scipy", "found_minima": [[0.6234994049, 0.02803775853], [-0.558223631211178, 1.441725843324937]], "found_saddles": [[0.13838544270090491, 0.07483453114694723]], "bias_count": 5000, "energy_calls_at_each_min": [1, 176], "force_calls_at_each_min": [1, 176]}