{"run_id": 1356, "bias_std_dev_scale": 0.142997, "bias_height_fraction": 0.025831, "perturbation_size": 0.005, "optimizer": "FIRE", "found_minima": [[0.6234994049, 0.02803775853], [-0.05001101900979326, 0.46669415540822845], [-0.5582236458210603, 1.4417258310744199]], "found_saddles": [[0.20880730114671017, 0.2966811236035991], [-0.8180221993055489, 0.6100183832163292]], "bias_count": 728, "energy_calls_at_each_min": [1, 15015, 88781], "force_calls_at_each_min": [1, 15015, 88781]}