{"run_id": 1343, "bias_std_dev_scale": 0.142997, "bias_height_fraction": 0.154853, "perturbation_size": 0.005, "optimizer": "Scipy", "found_minima": [[0.6234994049, 0.02803775853], [-0.050010824912081656, 0.4666941052471639], [-0.5582236345925737, 1.4417258418119074]], "found_saddles": [[-0.06856632398419543, 0.46307014528905344], [-0.05231136623973712, 0.46225479115602897]], "bias_count": 21, "energy_calls_at_each_min": [1, 420, 443], "force_calls_at_each_min": [1, 420, 443]}