{"run_id": 1571, "bias_std_dev_scale": 0.119581, "bias_height_fraction": 0.055651, "perturbation_size": 0.005, "optimizer": "Scipy", "found_minima": [[0.6234994049, 0.02803775853], [-0.05001083203507037, 0.4666941070262791], [-0.5582236344581816, 1.4417258419885723]], "found_saddles": [[0.20580786843946924, 0.42739663256407057], [0.23483889102927913, 0.3497311942853026]], "bias_count": 96, "energy_calls_at_each_min": [1, 1536, 1754], "force_calls_at_each_min": [1, 1536, 1754]}