{"run_id": 509, "bias_std_dev_scale": 0.204481, "bias_height_fraction": 0.071876, "perturbation_size": 0.005, "optimizer": "Scipy", "found_minima": [[0.6234994049, 0.02803775853], [-0.5582236350066451, 1.4417258414164524], [-0.050036896969944185, 0.4667008702606537]], "found_saddles": [[0.31609092031388314, 0.18832371648649612], [-0.2680182980001229, 0.45612709886029035]], "bias_count": 122, "energy_calls_at_each_min": [1, 402, 1953], "force_calls_at_each_min": [1, 402, 1953]}