{"run_id": 177, "bias_std_dev_scale": 0.119581, "bias_height_fraction": 0.025831, "perturbation_size": 0.005, "optimizer": "Scipy", "found_minima": [[0.6234994049, 0.02803775853], [-0.05001081300214211, 0.4666941005780769], [-0.5582236302384227, 1.4417258462319538]], "found_saddles": [[-0.07962573128838513, 0.4519150189796186], [0.244625024869032, 0.36344233598523495]], "bias_count": 270, "energy_calls_at_each_min": [1, 1590, 5204], "force_calls_at_each_min": [1, 1590, 5204]}