{"run_id": 1780, "bias_std_dev_scale": 0.1, "bias_height_fraction": 0.2, "perturbation_size": 0.005, "optimizer": "FIRE", "found_minima": [[0.6234994049, 0.02803775853], [-0.05001078819863269, 0.46669410098894554], [-0.5582236428168272, 1.4417258354159672]], "found_saddles": [[0.16338424223967377, 0.02487628087936548], [-0.7554138551178742, 0.6828961418511257]], "bias_count": 169, "energy_calls_at_each_min": [1, 3434, 19760], "force_calls_at_each_min": [1, 3434, 19760]}