{"run_id": 169, "bias_std_dev_scale": 0.119581, "bias_height_fraction": 0.071876, "perturbation_size": 0.005, "optimizer": "Scipy", "found_minima": [[0.6234994049, 0.02803775853], [-0.05001082763313879, 0.4666941058549663], [-0.558223634652087, 1.4417258417608272]], "found_saddles": [[-0.007645884232551414, 0.31578275709650877], [0.25925261345724593, 0.3401547563206874]], "bias_count": 90, "energy_calls_at_each_min": [1, 1550, 1868], "force_calls_at_each_min": [1, 1550, 1868]}