{"run_id": 265, "bias_std_dev_scale": 0.292402, "bias_height_fraction": 0.119897, "perturbation_size": 0.005, "optimizer": "Scipy", "found_minima": [[0.6234994049, 0.02803775853], [-0.05266266220872399, 0.46734593263059176], [-0.5582236256288887, 1.4417258564294009]], "found_saddles": [[0.21630982740955312, 0.10759741077961882], [-0.42272446401062375, 0.496388064139344]], "bias_count": 27, "energy_calls_at_each_min": [1, 186, 362], "force_calls_at_each_min": [1, 186, 362]}