{"run_id": 315, "bias_std_dev_scale": 0.204481, "bias_height_fraction": 0.033362, "perturbation_size": 0.005, "optimizer": "Scipy", "found_minima": [[0.6234994049, 0.02803775853], [-0.05003904484156565, 0.4667014706277166], [-0.5582236299523673, 1.441725848404876]], "found_saddles": [[0.06375853112700047, 0.48482472274976096], [-0.2154683142621911, 0.4810441043956011]], "bias_count": 78, "energy_calls_at_each_min": [1, 851, 983], "force_calls_at_each_min": [1, 851, 983]}