{"run_id": 1374, "bias_std_dev_scale": 0.119581, "bias_height_fraction": 0.033362, "perturbation_size": 0.005, "optimizer": "FIRE", "found_minima": [[0.6234994049, 0.02803775853], [-0.0500108262555681, 0.4666941114470612], [-0.5582236181616329, 1.441725857838656]], "found_saddles": [[0.20733781184981548, 0.2850329571328891], [-0.8226651582302752, 0.6201524242892981]], "bias_count": 816, "energy_calls_at_each_min": [1, 14694, 99043], "force_calls_at_each_min": [1, 14694, 99043]}