{"run_id": 45, "bias_std_dev_scale": 0.349658, "bias_height_fraction": 0.119897, "perturbation_size": 0.005, "optimizer": "Scipy", "found_minima": [[0.6234994049, 0.02803775853], [-0.5582235159793343, 1.4417260233815339]], "found_saddles": [[-0.26400785392726334, 0.48587783207174384]], "bias_count": 5000, "energy_calls_at_each_min": [1, 298], "force_calls_at_each_min": [1, 298]}