{"run_id": 1864, "bias_std_dev_scale": 0.292402, "bias_height_fraction": 0.119897, "perturbation_size": 0.005, "optimizer": "FIRE", "found_minima": [[0.6234994049, 0.02803775853], [-0.052452084743962867, 0.46728134973326807], [-0.5582236172633291, 1.4417258640599042]], "found_saddles": [[0.08685159999473609, 0.17101278138498405], [-0.8494048067788241, 0.6218289949925156]], "bias_count": 73, "energy_calls_at_each_min": [1, 2055, 8098], "force_calls_at_each_min": [1, 2055, 8098]}