{"run_id": 1082, "bias_std_dev_scale": 0.244521, "bias_height_fraction": 0.154853, "perturbation_size": 0.005, "optimizer": "FIRE", "found_minima": [[0.6234994049, 0.02803775853], [-0.05128826527547591, 0.467033587293831], [-0.5582236228936359, 1.441725854161559]], "found_saddles": [[0.1577050609025389, 0.25974926739360643], [-0.8574021409022995, 0.6185967121127754]], "bias_count": 59, "energy_calls_at_each_min": [1, 1781, 7507], "force_calls_at_each_min": [1, 1781, 7507]}