{"run_id": 1580, "bias_std_dev_scale": 0.1, "bias_height_fraction": 0.2, "perturbation_size": 0.005, "optimizer": "FIRE", "found_minima": [[0.6234994049, 0.02803775853], [-0.05001086467621091, 0.4666941071872789], [-0.5582236197176859, 1.4417258571979148]], "found_saddles": [[0.24326235011293917, 0.3036040106211464], [0.15572373737215398, -0.15674686408458893]], "bias_count": 237, "energy_calls_at_each_min": [1, 3259, 27458], "force_calls_at_each_min": [1, 3259, 27458]}