{"run_id": 718, "bias_std_dev_scale": 0.204481, "bias_height_fraction": 0.02, "perturbation_size": 0.005, "optimizer": "FIRE", "found_minima": [[0.6234994049, 0.02803775853], [-0.05008300485842915, 0.46671110993763104], [-0.558223635609402, 1.4417258438077973]], "found_saddles": [[0.21955361002374232, 0.285330230827166], [-0.8380471879122865, 0.6205526539938478]], "bias_count": 516, "energy_calls_at_each_min": [1, 10348, 59902], "force_calls_at_each_min": [1, 10348, 59902]}