{"run_id": 604, "bias_std_dev_scale": 0.5, "bias_height_fraction": 0.119897, "perturbation_size": 0.005, "optimizer": "FIRE", "found_minima": [[0.6234994049, 0.02803775853], [-0.5572271877018226, 1.4430290200638949]], "found_saddles": [[-0.8388389673567119, 0.585114978274651]], "bias_count": 5000, "energy_calls_at_each_min": [1, 4598], "force_calls_at_each_min": [1, 4598]}