{"run_id": 185, "bias_std_dev_scale": 0.1, "bias_height_fraction": 0.119897, "perturbation_size": 0.005, "optimizer": "Scipy", "found_minima": [[0.6234994049, 0.02803775853], [-0.05001082330275876, 0.46669410485048607], [-0.5582236331598004, 1.4417258425097657]], "found_saddles": [[-0.10465963970593095, 0.4487177691681435], [0.22495103981554398, 0.43933153591352575]], "bias_count": 42, "energy_calls_at_each_min": [1, 762, 973], "force_calls_at_each_min": [1, 762, 973]}