{"run_id": 1126, "bias_std_dev_scale": 0.170998, "bias_height_fraction": 0.092832, "perturbation_size": 0.005, "optimizer": "FIRE", "found_minima": [[0.6234994049, 0.02803775853], [-0.05001358711308172, 0.46669487264293186], [-0.5582236407936008, 1.4417258334240495]], "found_saddles": [[0.22149947653464674, 0.3251110786684454], [-0.8528657387301956, 0.5876010818921519]], "bias_count": 167, "energy_calls_at_each_min": [1, 3652, 19282], "force_calls_at_each_min": [1, 3652, 19282]}