{"run_id": 1482, "bias_std_dev_scale": 0.244521, "bias_height_fraction": 0.154853, "perturbation_size": 0.005, "optimizer": "FIRE", "found_minima": [[0.6234994049, 0.02803775853], [-0.05031033610991875, 0.4667694450563863], [-0.5582236437415269, 1.4417258343243309]], "found_saddles": [[0.18674622228967186, 0.2768144378656713], [-0.8559174098081643, 0.6189085898200908]], "bias_count": 39, "energy_calls_at_each_min": [1, 1956, 4384], "force_calls_at_each_min": [1, 1956, 4384]}