{"run_id": 75, "bias_std_dev_scale": 0.292402, "bias_height_fraction": 0.033362, "perturbation_size": 0.005, "optimizer": "Scipy", "found_minima": [[0.6234994049, 0.02803775853], [-0.05192215472442455, 0.46715325772876254], [-0.5582236344645121, 1.4417258420308832]], "found_saddles": [[0.20141091452125842, 0.12947226346777768], [-0.20336677069912035, 0.4811953054778135]], "bias_count": 64, "energy_calls_at_each_min": [1, 612, 707], "force_calls_at_each_min": [1, 612, 707]}