{"run_id": 125, "bias_std_dev_scale": 0.170998, "bias_height_fraction": 0.119897, "perturbation_size": 0.005, "optimizer": "Scipy", "found_minima": [[0.6234994049, 0.02803775853], [-0.050012269789542464, 0.4666944808313948], [-0.5582236346154903, 1.441725841817805]], "found_saddles": [[0.44384139474104756, 0.25839386906932793], [0.1587111221066164, 0.15388994494423208]], "bias_count": 40, "energy_calls_at_each_min": [1, 459, 802], "force_calls_at_each_min": [1, 459, 802]}