{"run_id": 1170, "bias_std_dev_scale": 0.119581, "bias_height_fraction": 0.055651, "perturbation_size": 0.005, "optimizer": "FIRE", "found_minima": [[0.6234994049, 0.02803775853], [-0.05001078116386786, 0.4666940965210399], [-0.5582236230194962, 1.4417258555781558]], "found_saddles": [[0.21510417088812714, 0.30482754699972403], [-0.8294682395101101, 0.6278761858462957]], "bias_count": 484, "energy_calls_at_each_min": [1, 9281, 58423], "force_calls_at_each_min": [1, 9281, 58423]}