{"run_id": 1175, "bias_std_dev_scale": 0.119581, "bias_height_fraction": 0.033362, "perturbation_size": 0.005, "optimizer": "Scipy", "found_minima": [[0.6234994049, 0.02803775853], [-0.5582236346053348, 1.4417258418944416], [-0.05001082346356004, 0.46669410497782815]], "found_saddles": [[0.25849455791187326, 0.21645938929489622], [-0.09901105944062932, 0.46795908489409876]], "bias_count": 566, "energy_calls_at_each_min": [1, 2698, 10759], "force_calls_at_each_min": [1, 2698, 10759]}