{"run_id": 1998, "bias_std_dev_scale": 0.1, "bias_height_fraction": 0.02, "perturbation_size": 0.005, "optimizer": "FIRE", "found_minima": [[0.6234994049, 0.02803775853], [-0.05001077631972514, 0.4666940936365919], [-0.5582236489114687, 1.4417258278905412]], "found_saddles": [[0.2101424536524743, 0.29393639368901847], [-0.8130436164523991, 0.5961700459596575]], "bias_count": 1897, "energy_calls_at_each_min": [1, 36467, 237619], "force_calls_at_each_min": [1, 36467, 237619]}