{"run_id": 314, "bias_std_dev_scale": 0.204481, "bias_height_fraction": 0.033362, "perturbation_size": 0.005, "optimizer": "FIRE", "found_minima": [[0.6234994049, 0.02803775853], [-0.050025922349199795, 0.4666979522315423], [-0.5582236327251847, 1.441725842346309]], "found_saddles": [[0.1919430435399018, 0.293425696534346], [-0.8321427329964367, 0.616203498879988]], "bias_count": 310, "energy_calls_at_each_min": [1, 6821, 36616], "force_calls_at_each_min": [1, 6821, 36616]}