{"run_id": 1564, "bias_std_dev_scale": 0.119581, "bias_height_fraction": 0.119897, "perturbation_size": 0.005, "optimizer": "FIRE", "found_minima": [[0.6234994049, 0.02803775853], [-0.050010865287564404, 0.4666941092542862], [-0.558223623244376, 1.4417258510108224]], "found_saddles": [[0.20032732984151044, 0.29994499506330796], [-0.8436358110213595, 0.5836992461386865]], "bias_count": 195, "energy_calls_at_each_min": [1, 3732, 22669], "force_calls_at_each_min": [1, 3732, 22669]}