{"run_id": 1040, "bias_std_dev_scale": 0.349658, "bias_height_fraction": 0.2, "perturbation_size": 0.005, "optimizer": "FIRE", "found_minima": [[0.6234994049, 0.02803775853], [-0.5582193972352752, 1.4417311572534648]], "found_saddles": [[-0.8466152098515938, 0.5976143453122621]], "bias_count": 5000, "energy_calls_at_each_min": [1, 3342], "force_calls_at_each_min": [1, 3342]}