{"run_id": 301, "bias_std_dev_scale": 0.204481, "bias_height_fraction": 0.2, "perturbation_size": 0.005, "optimizer": "Scipy", "found_minima": [[0.6234994049, 0.02803775853], [-0.050063228747411676, 0.4667077379935991], [-0.5582236352155934, 1.4417258412059204]], "found_saddles": [[0.13562903182500385, 0.14084201423061493], [-0.05494498821571695, 0.4656268011343831]], "bias_count": 8, "energy_calls_at_each_min": [1, 110, 136], "force_calls_at_each_min": [1, 110, 136]}