{"run_id": 13, "bias_std_dev_scale": 0.5, "bias_height_fraction": 0.043089, "perturbation_size": 0.005, "optimizer": "Scipy", "found_minima": [[0.6234994049, 0.02803775853], [-0.5579423673273869, 1.4421375534099241]], "found_saddles": [[-0.4155008507010231, 0.49432423580340124]], "bias_count": 5000, "energy_calls_at_each_min": [1, 750], "force_calls_at_each_min": [1, 750]}