{"run_id": 56, "bias_std_dev_scale": 0.349658, "bias_height_fraction": 0.025831, "perturbation_size": 0.005, "optimizer": "FIRE", "found_minima": [[0.6234994049, 0.02803775853], [-0.5582203869235844, 1.4417300059116565]], "found_saddles": [[-0.8497268840592578, 0.6073841858522754]], "bias_count": 5000, "energy_calls_at_each_min": [1, 26460], "force_calls_at_each_min": [1, 26460]}