{"run_id": 320, "bias_std_dev_scale": 0.170998, "bias_height_fraction": 0.2, "perturbation_size": 0.005, "optimizer": "FIRE", "found_minima": [[0.6234994049, 0.02803775853], [-0.0500119447055645, 0.4666943399834889], [-0.5582236431290443, 1.4417258334176764]], "found_saddles": [[0.15886195701303626, 0.22538603659312603], [-0.8325120854426041, 0.6277830785946866]], "bias_count": 71, "energy_calls_at_each_min": [1, 1579, 8190], "force_calls_at_each_min": [1, 1579, 8190]}