{"run_id": 1252, "bias_std_dev_scale": 0.349658, "bias_height_fraction": 0.043089, "perturbation_size": 0.005, "optimizer": "FIRE", "found_minima": [[0.6234994049, 0.02803775853], [-0.5582204376020422, 1.4417299507593306]], "found_saddles": [[-0.8244811499948189, 0.5873221585245277]], "bias_count": 5000, "energy_calls_at_each_min": [1, 17145], "force_calls_at_each_min": [1, 17145]}