{"run_id": 377, "bias_std_dev_scale": 0.119581, "bias_height_fraction": 0.025831, "perturbation_size": 0.005, "optimizer": "Scipy", "found_minima": [[0.6234994049, 0.02803775853], [-0.050010823122599316, 0.4666941049263187], [-0.5582236353827629, 1.4417258410515585]], "found_saddles": [[0.18953239671911837, 0.21807989711287679], [0.12200869213532921, 0.42728803921943076]], "bias_count": 184, "energy_calls_at_each_min": [1, 3148, 3303], "force_calls_at_each_min": [1, 3148, 3303]}