{"run_id": 1304, "bias_std_dev_scale": 0.204481, "bias_height_fraction": 0.119897, "perturbation_size": 0.005, "optimizer": "FIRE", "found_minima": [[0.6234994049, 0.02803775853], [-0.05007839035733451, 0.4667119509650776], [-0.5582236549033488, 1.4417258211791673]], "found_saddles": [[0.20955449673215779, 0.27550486455916473], [-0.8491752493371171, 0.6212525084187612]], "bias_count": 111, "energy_calls_at_each_min": [1, 1830, 13032], "force_calls_at_each_min": [1, 1830, 13032]}