{"run_id": 1630, "bias_std_dev_scale": 0.418126, "bias_height_fraction": 0.055651, "perturbation_size": 0.005, "optimizer": "FIRE", "found_minima": [[0.6234994049, 0.02803775853], [-0.5581525365794785, 1.4418215518234148]], "found_saddles": [[-0.8452009893950617, 0.5910133356375321]], "bias_count": 5000, "energy_calls_at_each_min": [1, 10320], "force_calls_at_each_min": [1, 10320]}