{"run_id": 1516, "bias_std_dev_scale": 0.204481, "bias_height_fraction": 0.025831, "perturbation_size": 0.005, "optimizer": "FIRE", "found_minima": [[0.6234994049, 0.02803775853], [-0.0500291394974335, 0.4666988104293727], [-0.5582236473013928, 1.441725830584216]], "found_saddles": [[0.20915851376448408, 0.3040599729137443], [-0.8383624525960524, 0.6203322961017457]], "bias_count": 422, "energy_calls_at_each_min": [1, 7124, 49545], "force_calls_at_each_min": [1, 7124, 49545]}