{"run_id": 1803, "bias_std_dev_scale": 0.5, "bias_height_fraction": 0.154853, "perturbation_size": 0.005, "optimizer": "Scipy", "found_minima": [[0.6234994049, 0.02803775853], [-0.5580666883977077, 1.4419750372995228]], "found_saddles": [[0.13457851284299685, 0.13165658441144312]], "bias_count": 5000, "energy_calls_at_each_min": [1, 810], "force_calls_at_each_min": [1, 810]}