{"run_id": 403, "bias_std_dev_scale": 0.5, "bias_height_fraction": 0.154853, "perturbation_size": 0.005, "optimizer": "Scipy", "found_minima": [[0.6234994049, 0.02803775853], [-0.5581358964617628, 1.4418740974353306]], "found_saddles": [[-0.3442534915611199, 0.43326759613302923]], "bias_count": 5000, "energy_calls_at_each_min": [1, 215], "force_calls_at_each_min": [1, 215]}