{"run_id": 687, "bias_std_dev_scale": 0.244521, "bias_height_fraction": 0.092832, "perturbation_size": 0.005, "optimizer": "Scipy", "found_minima": [[0.6234994049, 0.02803775853], [-0.050826723417968345, 0.46690922669508333], [-0.5582236343872888, 1.4417258418921084]], "found_saddles": [[-0.05759230353799899, 0.4666327446775162], [-0.4459389319236646, 0.5558433287472918]], "bias_count": 37, "energy_calls_at_each_min": [1, 264, 500], "force_calls_at_each_min": [1, 264, 500]}