{"run_id": 182, "bias_std_dev_scale": 0.1, "bias_height_fraction": 0.154853, "perturbation_size": 0.005, "optimizer": "FIRE", "found_minima": [[0.6234994049, 0.02803775853], [-0.05001087004804556, 0.4666941145398514], [-0.5582236511919708, 1.4417258253824048]], "found_saddles": [[0.3052650112343116, 0.3321014942324881], [-0.8246370181619795, 0.5353932303229086]], "bias_count": 232, "energy_calls_at_each_min": [1, 6260, 27211], "force_calls_at_each_min": [1, 6260, 27211]}