{"run_id": 287, "bias_std_dev_scale": 0.244521, "bias_height_fraction": 0.092832, "perturbation_size": 0.005, "optimizer": "Scipy", "found_minima": [[0.6234994049, 0.02803775853], [-0.558223634632778, 1.4417258418049483], [-0.05121855366868728, 0.4670206433101662]], "found_saddles": [[0.2418439778296592, 0.0919158890377806], [-0.356298606961867, 0.4316678080493137]], "bias_count": 84, "energy_calls_at_each_min": [1, 314, 1172], "force_calls_at_each_min": [1, 314, 1172]}