{"run_id": 1704, "bias_std_dev_scale": 0.204481, "bias_height_fraction": 0.119897, "perturbation_size": 0.005, "optimizer": "FIRE", "found_minima": [[0.6234994049, 0.02803775853], [-0.0500420551836831, 0.4667022047871869], [-0.5582236510123745, 1.4417258258328582]], "found_saddles": [[0.14262492196121745, 0.17243813712150868], [-0.8185054856394318, 0.5957236533538468]], "bias_count": 101, "energy_calls_at_each_min": [1, 1987, 11432], "force_calls_at_each_min": [1, 1987, 11432]}