{"run_id": 178, "bias_std_dev_scale": 0.119581, "bias_height_fraction": 0.02, "perturbation_size": 0.005, "optimizer": "FIRE", "found_minima": [[0.6234994049, 0.02803775853], [-0.050010869199991, 0.4666941128031023], [-0.5582236399111002, 1.4417258384973566]], "found_saddles": [[0.21941652321952884, 0.28823503665499983], [-0.8349675570809464, 0.6289346068719485]], "bias_count": 1296, "energy_calls_at_each_min": [1, 27172, 163689], "force_calls_at_each_min": [1, 27172, 163689]}