{"run_id": 1538, "bias_std_dev_scale": 0.170998, "bias_height_fraction": 0.02, "perturbation_size": 0.005, "optimizer": "FIRE", "found_minima": [[0.6234994049, 0.02803775853], [-0.05001896483718934, 0.46669605283528415], [-0.5582236238047876, 1.4417258544551155]], "found_saddles": [[0.24887620186127846, 0.30982891571141014], [-0.8428795717783689, 0.626376320276267]], "bias_count": 694, "energy_calls_at_each_min": [1, 14607, 81394], "force_calls_at_each_min": [1, 14607, 81394]}