{"run_id": 1729, "bias_std_dev_scale": 0.170998, "bias_height_fraction": 0.071876, "perturbation_size": 0.005, "optimizer": "Scipy", "found_minima": [[0.6234994049, 0.02803775853], [-0.05001098439544303, 0.46669413507457486], [-0.5582236335998573, 1.4417258468418426]], "found_saddles": [[-0.1663570146640373, 0.4120194466567127], [-0.35018086735294296, 0.5333263541080764]], "bias_count": 67, "energy_calls_at_each_min": [1, 597, 1261], "force_calls_at_each_min": [1, 597, 1261]}