{"run_id": 886, "bias_std_dev_scale": 0.244521, "bias_height_fraction": 0.092832, "perturbation_size": 0.005, "optimizer": "FIRE", "found_minima": [[0.6234994049, 0.02803775853], [-0.05100664629454723, 0.4669589566456385], [-0.5582236445566653, 1.441725832360009]], "found_saddles": [[0.1905481488559532, 0.2654732495971778], [-0.8418307597742368, 0.6052677592196293]], "bias_count": 105, "energy_calls_at_each_min": [1, 2632, 12121], "force_calls_at_each_min": [1, 2632, 12121]}