{"run_id": 1404, "bias_std_dev_scale": 0.5, "bias_height_fraction": 0.119897, "perturbation_size": 0.005, "optimizer": "FIRE", "found_minima": [[0.6234994049, 0.02803775853], [-0.5571964026614576, 1.4430701657239273]], "found_saddles": [[-0.8488011145342558, 0.5845875783086519]], "bias_count": 5000, "energy_calls_at_each_min": [1, 4950], "force_calls_at_each_min": [1, 4950]}