{"run_id": 1578, "bias_std_dev_scale": 0.119581, "bias_height_fraction": 0.02, "perturbation_size": 0.005, "optimizer": "FIRE", "found_minima": [[0.6234994049, 0.02803775853], [-0.05001081185807354, 0.4666941024752183], [-0.5582236562775702, 1.4417258197615979]], "found_saddles": [[0.24191567468922687, 0.30303941125898903], [-0.8309582780592202, 0.6247346793039444]], "bias_count": 1371, "energy_calls_at_each_min": [1, 26533, 171242], "force_calls_at_each_min": [1, 26533, 171242]}