{"run_id": 491, "bias_std_dev_scale": 0.244521, "bias_height_fraction": 0.055651, "perturbation_size": 0.005, "optimizer": "Scipy", "found_minima": [[0.6234994049, 0.02803775853], [-0.05089889309988114, 0.4669307133058098], [-0.5582236346498616, 1.441725841819794]], "found_saddles": [[-0.02447713393094111, 0.4676799243593866], [-0.3654920236896541, 0.48463902334407216]], "bias_count": 58, "energy_calls_at_each_min": [1, 454, 772], "force_calls_at_each_min": [1, 454, 772]}