{"run_id": 1327, "bias_std_dev_scale": 0.170998, "bias_height_fraction": 0.092832, "perturbation_size": 0.005, "optimizer": "Scipy", "found_minima": [[0.6234994049, 0.02803775853], [-0.050011447947670484, 0.4666942750023564], [-0.5582236334054803, 1.4417258453962725]], "found_saddles": [[0.1940513063900965, 0.4056743872001399], [-0.27728634764071525, 0.5259902379026815]], "bias_count": 28, "energy_calls_at_each_min": [1, 325, 468], "force_calls_at_each_min": [1, 325, 468]}