{"run_id": 1274, "bias_std_dev_scale": 0.292402, "bias_height_fraction": 0.033362, "perturbation_size": 0.005, "optimizer": "FIRE", "found_minima": [[0.6234994049, 0.02803775853], [-0.5582236220541047, 1.4417258616395663]], "found_saddles": [[-0.8387909722271584, 0.6058316434509088]], "bias_count": 5000, "energy_calls_at_each_min": [1, 22084], "force_calls_at_each_min": [1, 22084]}