{"run_id": 1969, "bias_std_dev_scale": 0.119581, "bias_height_fraction": 0.071876, "perturbation_size": 0.005, "optimizer": "Scipy", "found_minima": [[0.6234994049, 0.02803775853], [-0.05001082353340893, 0.4666941050357698], [-0.5582236344634471, 1.4417258415506609]], "found_saddles": [[0.3035720004618451, 0.23119032355174693], [-0.3089084779572215, 0.48256044600111997]], "bias_count": 70, "energy_calls_at_each_min": [1, 1293, 1417], "force_calls_at_each_min": [1, 1293, 1417]}