{"run_id": 1032, "bias_std_dev_scale": 0.418126, "bias_height_fraction": 0.043089, "perturbation_size": 0.005, "optimizer": "FIRE", "found_minima": [[0.6234994049, 0.02803775853], [-0.558139842674088, 1.4418369466726657]], "found_saddles": [[-0.833032591557094, 0.5737505198160107]], "bias_count": 5000, "energy_calls_at_each_min": [1, 12458], "force_calls_at_each_min": [1, 12458]}