{"run_id": 1820, "bias_std_dev_scale": 0.418126, "bias_height_fraction": 0.2, "perturbation_size": 0.005, "optimizer": "FIRE", "found_minima": [[0.6234994049, 0.02803775853], [-0.5581522425783331, 1.4418216597873137]], "found_saddles": [[-0.8462556269919154, 0.595005907715737]], "bias_count": 5000, "energy_calls_at_each_min": [1, 2612], "force_calls_at_each_min": [1, 2612]}