{"run_id": 1229, "bias_std_dev_scale": 0.418126, "bias_height_fraction": 0.071876, "perturbation_size": 0.005, "optimizer": "Scipy", "found_minima": [[0.6234994049, 0.02803775853], [-0.5582229411882713, 1.4417271257472115]], "found_saddles": [[0.18264823012556847, 0.0944468835872834]], "bias_count": 5000, "energy_calls_at_each_min": [1, 385], "force_calls_at_each_min": [1, 385]}