{"run_id": 1598, "bias_std_dev_scale": 0.1, "bias_height_fraction": 0.02, "perturbation_size": 0.005, "optimizer": "FIRE", "found_minima": [[0.6234994049, 0.02803775853], [-0.05001077809907746, 0.46669409397818246], [-0.5582236506705653, 1.441725826164062]], "found_saddles": [[0.2094609038395908, 0.29657426729544123], [-0.8106812696541086, 0.630071191329372]], "bias_count": 1792, "energy_calls_at_each_min": [1, 38163, 221492], "force_calls_at_each_min": [1, 38163, 221492]}