{"run_id": 1768, "bias_std_dev_scale": 0.119581, "bias_height_fraction": 0.071876, "perturbation_size": 0.005, "optimizer": "FIRE", "found_minima": [[0.6234994049, 0.02803775853], [-0.05001085854726273, 0.4666941103990717], [-0.5582236491632087, 1.4417258276406346]], "found_saddles": [[0.2275705604327323, 0.3067839589999702], [-0.821015331158889, 0.582140311286901]], "bias_count": 411, "energy_calls_at_each_min": [1, 7682, 47325], "force_calls_at_each_min": [1, 7682, 47325]}