{"run_id": 1975, "bias_std_dev_scale": 0.119581, "bias_height_fraction": 0.033362, "perturbation_size": 0.005, "optimizer": "Scipy", "found_minima": [[0.6234994049, 0.02803775853], [-0.050010823504952034, 0.46669410552238605], [-0.5582236346443875, 1.4417258418161687]], "found_saddles": [[0.23395740588608221, 0.1683647299609096], [-0.19135612362313553, 0.40682230528597113]], "bias_count": 147, "energy_calls_at_each_min": [1, 2523, 2717], "force_calls_at_each_min": [1, 2523, 2717]}