{"run_id": 1994, "bias_std_dev_scale": 0.1, "bias_height_fraction": 0.033362, "perturbation_size": 0.005, "optimizer": "FIRE", "found_minima": [[0.6234994049, 0.02803775853], [-0.05001083979796232, 0.4666941009299588], [-0.5582236201032348, 1.4417258579183274]], "found_saddles": [[0.23950237231615468, 0.3097060389215718], [-0.818531648221648, 0.6261547407943502]], "bias_count": 1109, "energy_calls_at_each_min": [1, 23490, 131594], "force_calls_at_each_min": [1, 23490, 131594]}