{"run_id": 398, "bias_std_dev_scale": 0.1, "bias_height_fraction": 0.02, "perturbation_size": 0.005, "optimizer": "FIRE", "found_minima": [[0.6234994049, 0.02803775853], [-0.05001085032434209, 0.4666941029443167], [-0.5582236188654857, 1.4417258571445248]], "found_saddles": [[0.1988654124767481, 0.2796264755416102], [-0.8220111979392352, 0.6209303171324774]], "bias_count": 1812, "energy_calls_at_each_min": [1, 36534, 220944], "force_calls_at_each_min": [1, 36534, 220944]}