{"run_id": 1952, "bias_std_dev_scale": 0.142997, "bias_height_fraction": 0.043089, "perturbation_size": 0.005, "optimizer": "FIRE", "found_minima": [[0.6234994049, 0.02803775853], [-0.05001094689016368, 0.4666941285795389], [-0.5582236189529602, 1.4417258585288626]], "found_saddles": [[0.24968922506787097, 0.3509558466925282], [-0.8269404005977529, 0.6225232669719398]], "bias_count": 466, "energy_calls_at_each_min": [1, 10749, 55648], "force_calls_at_each_min": [1, 10749, 55648]}