{"run_id": 1794, "bias_std_dev_scale": 0.1, "bias_height_fraction": 0.033362, "perturbation_size": 0.005, "optimizer": "FIRE", "found_minima": [[0.6234994049, 0.02803775853], [-0.0500108675641288, 0.4666941095467221], [-0.5582236297887552, 1.44172584938265]], "found_saddles": [[0.1976863896997674, 0.26406867680500246], [-0.8240641780956232, 0.6204952307662668]], "bias_count": 1108, "energy_calls_at_each_min": [1, 21672, 130779], "force_calls_at_each_min": [1, 21672, 130779]}