{"run_id": 650, "bias_std_dev_scale": 0.349658, "bias_height_fraction": 0.055651, "perturbation_size": 0.005, "optimizer": "FIRE", "found_minima": [[0.6234994049, 0.02803775853], [-0.5582199201128076, 1.441730561377552]], "found_saddles": [[-0.830879593664109, 0.5825938275717923]], "bias_count": 5000, "energy_calls_at_each_min": [1, 11624], "force_calls_at_each_min": [1, 11624]}