{"run_id": 80, "bias_std_dev_scale": 0.244521, "bias_height_fraction": 0.2, "perturbation_size": 0.005, "optimizer": "FIRE", "found_minima": [[0.6234994049, 0.02803775853], [-0.05039526050716142, 0.46679112508626613], [-0.5582236536981168, 1.4417258230077248]], "found_saddles": [[0.23463335147408793, 0.29633468602609975], [-0.833085116015345, 0.5842204610905487]], "bias_count": 42, "energy_calls_at_each_min": [1, 1426, 4958], "force_calls_at_each_min": [1, 1426, 4958]}