{"run_id": 1098, "bias_std_dev_scale": 0.244521, "bias_height_fraction": 0.02, "perturbation_size": 0.005, "optimizer": "FIRE", "found_minima": [[0.6234994049, 0.02803775853], [-0.5582236525358582, 1.4417258227777905]], "found_saddles": [[-0.8308433120947081, 0.6114075183030929]], "bias_count": 5000, "energy_calls_at_each_min": [1, 54556], "force_calls_at_each_min": [1, 54556]}