{"run_id": 1638, "bias_std_dev_scale": 0.418126, "bias_height_fraction": 0.02, "perturbation_size": 0.005, "optimizer": "FIRE", "found_minima": [[0.6234994049, 0.02803775853], [-0.5581382002652827, 1.4418374540167287]], "found_saddles": [[-0.8347029196505927, 0.5901488426068653]], "bias_count": 5000, "energy_calls_at_each_min": [1, 25825], "force_calls_at_each_min": [1, 25825]}