{"run_id": 149, "bias_std_dev_scale": 0.142997, "bias_height_fraction": 0.071876, "perturbation_size": 0.005, "optimizer": "Scipy", "found_minima": [[0.6234994049, 0.02803775853], [-0.050010978903101334, 0.46669414190390723], [-0.5582236337446563, 1.4417258442671175]], "found_saddles": [[0.19287230160394048, 0.23886598058836347], [0.1960476524529188, 0.33212210046180807]], "bias_count": 65, "energy_calls_at_each_min": [1, 980, 1165], "force_calls_at_each_min": [1, 980, 1165]}