{"run_id": 461, "bias_std_dev_scale": 0.292402, "bias_height_fraction": 0.2, "perturbation_size": 0.005, "optimizer": "Scipy", "found_minima": [[0.6234994049, 0.02803775853], [-0.052674521285149316, 0.4673381324322357], [-0.5582236362887999, 1.4417258401842734]], "found_saddles": [[0.15911721859836384, 0.13116879211516305], [-0.18210674374762778, 0.4785410586437893]], "bias_count": 15, "energy_calls_at_each_min": [1, 158, 197], "force_calls_at_each_min": [1, 158, 197]}