{"run_id": 1644, "bias_std_dev_scale": 0.349658, "bias_height_fraction": 0.119897, "perturbation_size": 0.005, "optimizer": "FIRE", "found_minima": [[0.6234994049, 0.02803775853], [-0.5582192724534331, 1.4417313197075026]], "found_saddles": [[-0.8385629878116382, 0.5890213545213215]], "bias_count": 5000, "energy_calls_at_each_min": [1, 5301], "force_calls_at_each_min": [1, 5301]}