{"run_id": 1479, "bias_std_dev_scale": 0.292402, "bias_height_fraction": 0.02, "perturbation_size": 0.005, "optimizer": "Scipy", "found_minima": [[0.6234994049, 0.02803775853], [-0.5582236345793685, 1.441725841907818]], "found_saddles": [[0.2126063222004734, 0.1255586561250287]], "bias_count": 5000, "energy_calls_at_each_min": [1, 1104], "force_calls_at_each_min": [1, 1104]}