{"run_id": 1191, "bias_std_dev_scale": 0.1, "bias_height_fraction": 0.055651, "perturbation_size": 0.005, "optimizer": "Scipy", "found_minima": [[0.6234994049, 0.02803775853], [-0.050010821750575064, 0.4666941034992597], [-0.558223620636092, 1.4417258575454737]], "found_saddles": [[0.049506787516643364, 0.4633941564610544], [0.18982077963844834, 0.2976581563313371]], "bias_count": 130, "energy_calls_at_each_min": [1, 1420, 2838], "force_calls_at_each_min": [1, 1420, 2838]}