{"run_id": 1601, "bias_std_dev_scale": 0.5, "bias_height_fraction": 0.2, "perturbation_size": 0.005, "optimizer": "Scipy", "found_minima": [[0.6234994049, 0.02803775853], [-0.5580146031614184, 1.4420540212243795]], "found_saddles": [[-0.422362614985189, 0.3601940306684743]], "bias_count": 5000, "energy_calls_at_each_min": [1, 184], "force_calls_at_each_min": [1, 184]}