{"run_id": 304, "bias_std_dev_scale": 0.204481, "bias_height_fraction": 0.119897, "perturbation_size": 0.005, "optimizer": "FIRE", "found_minima": [[0.6234994049, 0.02803775853], [-0.050087645113000664, 0.46671454355893066], [-0.5582236278721807, 1.4417258460834739]], "found_saddles": [[0.2615108044018509, 0.3206945856504606], [-0.8324827577189013, 0.5924749092255907]], "bias_count": 84, "energy_calls_at_each_min": [1, 1907, 9884], "force_calls_at_each_min": [1, 1907, 9884]}