{"run_id": 1047, "bias_std_dev_scale": 0.349658, "bias_height_fraction": 0.092832, "perturbation_size": 0.005, "optimizer": "Scipy", "found_minima": [[0.6234994049, 0.02803775853], [-0.5582236369345236, 1.4417258393715622]], "found_saddles": [[0.19963811208624427, 0.106954310727091]], "bias_count": 5000, "energy_calls_at_each_min": [1, 305], "force_calls_at_each_min": [1, 305]}