{"run_id": 973, "bias_std_dev_scale": 0.119581, "bias_height_fraction": 0.043089, "perturbation_size": 0.005, "optimizer": "Scipy", "found_minima": [[0.6234994049, 0.02803775853], [-0.05001085404780744, 0.4666941138378223], [-0.558223634632845, 1.4417258418048282]], "found_saddles": [[0.12380271375342776, 0.45033683229289145], [-0.15957417889182718, 0.4737804429121697]], "bias_count": 96, "energy_calls_at_each_min": [1, 1833, 1889], "force_calls_at_each_min": [1, 1833, 1889]}