{"run_id": 1727, "bias_std_dev_scale": 0.170998, "bias_height_fraction": 0.092832, "perturbation_size": 0.005, "optimizer": "Scipy", "found_minima": [[0.6234994049, 0.02803775853], [-0.05001183012398385, 0.46669438378427164], [-0.5582236346719397, 1.4417258434316997]], "found_saddles": [[-0.16929131699757372, 0.39456832877741255], [0.33901363274294055, 0.43432744493523795]], "bias_count": 75, "energy_calls_at_each_min": [1, 484, 1414], "force_calls_at_each_min": [1, 484, 1414]}