{"run_id": 1035, "bias_std_dev_scale": 0.418126, "bias_height_fraction": 0.033362, "perturbation_size": 0.005, "optimizer": "Scipy", "found_minima": [[0.6234994049, 0.02803775853], [-0.5582153210325442, 1.4417386977976783]], "found_saddles": [[-0.40273564335887274, 0.3492325796867514]], "bias_count": 5000, "energy_calls_at_each_min": [1, 726], "force_calls_at_each_min": [1, 726]}