{"run_id": 1211, "bias_std_dev_scale": 0.5, "bias_height_fraction": 0.055651, "perturbation_size": 0.005, "optimizer": "Scipy", "found_minima": [[0.6234994049, 0.02803775853], [-0.5580773652180068, 1.4419628643071796]], "found_saddles": [[-0.4123645937971001, 0.48890168148265234]], "bias_count": 5000, "energy_calls_at_each_min": [1, 609], "force_calls_at_each_min": [1, 609]}