{"run_id": 1770, "bias_std_dev_scale": 0.119581, "bias_height_fraction": 0.055651, "perturbation_size": 0.005, "optimizer": "FIRE", "found_minima": [[0.6234994049, 0.02803775853], [-0.05001079096196405, 0.4666940957332037], [-0.5582236444091541, 1.441725832484465]], "found_saddles": [[0.19436819227132404, 0.2935351216466488], [-0.8189430193874379, 0.6359907601392877]], "bias_count": 521, "energy_calls_at_each_min": [1, 8617, 61422], "force_calls_at_each_min": [1, 8617, 61422]}