{"run_id": 1898, "bias_std_dev_scale": 0.244521, "bias_height_fraction": 0.02, "perturbation_size": 0.005, "optimizer": "FIRE", "found_minima": [[0.6234994049, 0.02803775853], [-0.051166131228075895, 0.4670038855423627], [-0.5582236447454885, 1.4417258297611428]], "found_saddles": [[0.2018868620787117, 0.2603970286204124], [-0.8423411450980194, 0.6164439938687278]], "bias_count": 376, "energy_calls_at_each_min": [1, 13299, 42961], "force_calls_at_each_min": [1, 13299, 42961]}