{"run_id": 1660, "bias_std_dev_scale": 0.292402, "bias_height_fraction": 0.2, "perturbation_size": 0.005, "optimizer": "FIRE", "found_minima": [[0.6234994049, 0.02803775853], [-0.0569105698720802, 0.46852924258812445], [-0.5582235997882806, 1.4417258902406347]], "found_saddles": [[0.17139550062709505, 0.23123437433380523], [-0.8426991876079958, 0.5810079820457091]], "bias_count": 45, "energy_calls_at_each_min": [1, 1473, 5106], "force_calls_at_each_min": [1, 1473, 5106]}