{"run_id": 1241, "bias_std_dev_scale": 0.349658, "bias_height_fraction": 0.2, "perturbation_size": 0.005, "optimizer": "Scipy", "found_minima": [[0.6234994049, 0.02803775853], [-0.5582223390324271, 1.4417275974100294]], "found_saddles": [[-0.4463946376688125, 0.4898207410883793]], "bias_count": 5000, "energy_calls_at_each_min": [1, 303], "force_calls_at_each_min": [1, 303]}