{"run_id": 1282, "bias_std_dev_scale": 0.244521, "bias_height_fraction": 0.154853, "perturbation_size": 0.005, "optimizer": "FIRE", "found_minima": [[0.6234994049, 0.02803775853], [-0.0510126661260338, 0.4669588588920304], [-0.558223639886814, 1.4417258386457723]], "found_saddles": [[0.09641225545079424, 0.16317792010905527], [-0.8393038350047315, 0.6369148132492035]], "bias_count": 65, "energy_calls_at_each_min": [1, 2515, 7598], "force_calls_at_each_min": [1, 2515, 7598]}