{"run_id": 1786, "bias_std_dev_scale": 0.1, "bias_height_fraction": 0.092832, "perturbation_size": 0.005, "optimizer": "FIRE", "found_minima": [[0.6234994049, 0.02803775853], [-0.05001078318234938, 0.4666940993860412], [-0.5582236524115995, 1.4417258237683728]], "found_saddles": [[0.21117773609038223, 0.3002280249727322], [-0.8526575414976703, 0.5775551098336391]], "bias_count": 427, "energy_calls_at_each_min": [1, 7386, 51345], "force_calls_at_each_min": [1, 7386, 51345]}