{"run_id": 1831, "bias_std_dev_scale": 0.418126, "bias_height_fraction": 0.055651, "perturbation_size": 0.005, "optimizer": "Scipy", "found_minima": [[0.6234994049, 0.02803775853], [-0.5582046379617376, 1.4417534481584642]], "found_saddles": [[-0.37961751299832786, 0.3846206395016298]], "bias_count": 5000, "energy_calls_at_each_min": [1, 581], "force_calls_at_each_min": [1, 581]}