{"run_id": 1947, "bias_std_dev_scale": 0.142997, "bias_height_fraction": 0.092832, "perturbation_size": 0.005, "optimizer": "Scipy", "found_minima": [[0.6234994049, 0.02803775853], [-0.050010866392021715, 0.4666941152331173], [-0.5582236348829716, 1.441725841315614]], "found_saddles": [[0.25656464379769894, 0.3478959365811766], [-0.3623087113268577, 0.5226115482554288]], "bias_count": 67, "energy_calls_at_each_min": [1, 707, 1394], "force_calls_at_each_min": [1, 707, 1394]}