{"run_id": 1472, "bias_std_dev_scale": 0.292402, "bias_height_fraction": 0.043089, "perturbation_size": 0.005, "optimizer": "FIRE", "found_minima": [[0.6234994049, 0.02803775853], [-0.5582236016920042, 1.441725882697774]], "found_saddles": [[-0.8331689341031067, 0.5899269604850214]], "bias_count": 5000, "energy_calls_at_each_min": [1, 16288], "force_calls_at_each_min": [1, 16288]}