{"run_id": 503, "bias_std_dev_scale": 0.204481, "bias_height_fraction": 0.154853, "perturbation_size": 0.005, "optimizer": "Scipy", "found_minima": [[0.6234994049, 0.02803775853], [-0.05002776318304575, 0.4666984106284553], [-0.5582236337989507, 1.4417258423897903]], "found_saddles": [[0.09016552348368001, 0.28610796279676337], [-0.36527355877124895, 0.42555877893459165]], "bias_count": 28, "energy_calls_at_each_min": [1, 271, 527], "force_calls_at_each_min": [1, 271, 527]}