{"run_id": 1849, "bias_std_dev_scale": 0.349658, "bias_height_fraction": 0.071876, "perturbation_size": 0.005, "optimizer": "Scipy", "found_minima": [[0.6234994049, 0.02803775853], [-0.5582234462576341, 1.441726126595157]], "found_saddles": [[0.1297035031975496, 0.10858424668445213]], "bias_count": 5000, "energy_calls_at_each_min": [1, 436], "force_calls_at_each_min": [1, 436]}