{"run_id": 598, "bias_std_dev_scale": 0.1, "bias_height_fraction": 0.02, "perturbation_size": 0.005, "optimizer": "FIRE", "found_minima": [[0.6234994049, 0.02803775853], [-0.05001078245682504, 0.46669409991037847], [-0.5582236291680922, 1.4417258449388146]], "found_saddles": [[0.22091189420732266, 0.30682747036773583], [-0.8188388102380907, 0.5931550331661702]], "bias_count": 2015, "energy_calls_at_each_min": [1, 33291, 249595], "force_calls_at_each_min": [1, 33291, 249595]}