{"run_id": 186, "bias_std_dev_scale": 0.1, "bias_height_fraction": 0.092832, "perturbation_size": 0.005, "optimizer": "FIRE", "found_minima": [[0.6234994049, 0.02803775853], [-0.050010779578288755, 0.466694099715803], [-0.5582236164471612, 1.4417258593873734]], "found_saddles": [[0.19206528587678917, 0.29112368016421136], [-0.8305431499743844, 0.566360492220871]], "bias_count": 291, "energy_calls_at_each_min": [1, 7215, 33820], "force_calls_at_each_min": [1, 7215, 33820]}