{"run_id": 1643, "bias_std_dev_scale": 0.349658, "bias_height_fraction": 0.154853, "perturbation_size": 0.005, "optimizer": "Scipy", "found_minima": [[0.6234994049, 0.02803775853], [-0.5582224007081679, 1.4417275230095485]], "found_saddles": [[0.08961495185595636, 0.12108313976093114]], "bias_count": 5000, "energy_calls_at_each_min": [1, 313], "force_calls_at_each_min": [1, 313]}