{"run_id": 1183, "bias_std_dev_scale": 0.1, "bias_height_fraction": 0.154853, "perturbation_size": 0.005, "optimizer": "Scipy", "found_minima": [[0.6234994049, 0.02803775853], [-0.050010823405462444, 0.46669410485412166], [-0.5582236333273132, 1.4417258426940796]], "found_saddles": [[0.2521877897826903, 0.25292342145015184], [-0.16174558351908344, 0.4120231221074905]], "bias_count": 49, "energy_calls_at_each_min": [1, 1050, 1120], "force_calls_at_each_min": [1, 1050, 1120]}