{"run_id": 100, "bias_std_dev_scale": 0.204481, "bias_height_fraction": 0.2, "perturbation_size": 0.005, "optimizer": "FIRE", "found_minima": [[0.6234994049, 0.02803775853], [-0.05004201808859509, 0.4667022346750773], [-0.5582236208499373, 1.441725855145699]], "found_saddles": [[0.2384501625483074, 0.319672505910216], [-0.8288429844936895, 0.545752926104852]], "bias_count": 47, "energy_calls_at_each_min": [1, 1180, 5438], "force_calls_at_each_min": [1, 1180, 5438]}