{"run_id": 1894, "bias_std_dev_scale": 0.244521, "bias_height_fraction": 0.033362, "perturbation_size": 0.005, "optimizer": "FIRE", "found_minima": [[0.6234994049, 0.02803775853], [-0.05057315536207097, 0.4668400357453424], [-0.5582236110758617, 1.441725865506078]], "found_saddles": [[0.18975465650519033, 0.27297519788277425], [-0.8149255559058088, 0.5952848303881771]], "bias_count": 254, "energy_calls_at_each_min": [1, 8608, 29591], "force_calls_at_each_min": [1, 8608, 29591]}