{"run_id": 695, "bias_std_dev_scale": 0.244521, "bias_height_fraction": 0.033362, "perturbation_size": 0.005, "optimizer": "Scipy", "found_minima": [[0.6234994049, 0.02803775853], [-0.05063190283137997, 0.46685591866793713], [-0.5582236346323469, 1.4417258418055265]], "found_saddles": [[0.20923302676873481, 0.11041284793948322], [-0.3224297703722509, 0.4764665622405016]], "bias_count": 90, "energy_calls_at_each_min": [1, 745, 1074], "force_calls_at_each_min": [1, 745, 1074]}