{"run_id": 926, "bias_std_dev_scale": 0.170998, "bias_height_fraction": 0.092832, "perturbation_size": 0.005, "optimizer": "FIRE", "found_minima": [[0.6234994049, 0.02803775853], [-0.050011739090981534, 0.46669436573972045], [-0.5582236392612284, 1.4417258337483747]], "found_saddles": [[0.24810596271782365, 0.35755694759151724], [-0.8783407071046241, 0.569151292799852]], "bias_count": 201, "energy_calls_at_each_min": [1, 3933, 23488], "force_calls_at_each_min": [1, 3933, 23488]}