{"run_id": 62, "bias_std_dev_scale": 0.292402, "bias_height_fraction": 0.154853, "perturbation_size": 0.005, "optimizer": "FIRE", "found_minima": [[0.6234994049, 0.02803775853], [-0.052944934045049914, 0.4674135046381163], [-0.5582236184449031, 1.4417258652096612]], "found_saddles": [[0.14469789203055272, 0.2076966326375192], [-0.8393403470196056, 0.5620394293708371]], "bias_count": 44, "energy_calls_at_each_min": [1, 1226, 4747], "force_calls_at_each_min": [1, 1226, 4747]}