{"run_id": 1131, "bias_std_dev_scale": 0.170998, "bias_height_fraction": 0.055651, "perturbation_size": 0.005, "optimizer": "Scipy", "found_minima": [[0.6234994049, 0.02803775853], [-0.050012088125096776, 0.46669444289407175], [-0.5582236346553294, 1.4417258418104055]], "found_saddles": [[0.20537179383120815, 0.16923522112962305], [0.22585922054371863, 0.2282789613802733]], "bias_count": 65, "energy_calls_at_each_min": [1, 697, 1076], "force_calls_at_each_min": [1, 697, 1076]}