{"run_id": 1283, "bias_std_dev_scale": 0.244521, "bias_height_fraction": 0.154853, "perturbation_size": 0.005, "optimizer": "Scipy", "found_minima": [[0.6234994049, 0.02803775853], [-0.05172961766156284, 0.46715946128381763], [-0.5582236340651534, 1.4417258422919226]], "found_saddles": [[0.15746437699117666, 0.03750343637844827], [0.2650401513339226, 0.39150012617700064]], "bias_count": 29, "energy_calls_at_each_min": [1, 286, 482], "force_calls_at_each_min": [1, 286, 482]}