{"run_id": 659, "bias_std_dev_scale": 0.349658, "bias_height_fraction": 0.02, "perturbation_size": 0.005, "optimizer": "Scipy", "found_minima": [[0.6234994049, 0.02803775853], [-0.5582235127863908, 1.4417260295055367]], "found_saddles": [[0.2696244851647443, 0.4383917103471535]], "bias_count": 5000, "energy_calls_at_each_min": [1, 1272], "force_calls_at_each_min": [1, 1272]}