{"run_id": 115, "bias_std_dev_scale": 0.204481, "bias_height_fraction": 0.033362, "perturbation_size": 0.005, "optimizer": "Scipy", "found_minima": [[0.6234994049, 0.02803775853], [-0.5582236348634507, 1.4417258420879406], [-0.050054684119444345, 0.46670552439169544]], "found_saddles": [[0.22002806538849748, 0.13704749194347174], [-0.04888460213900381, 0.46719781682083816]], "bias_count": 253, "energy_calls_at_each_min": [1, 852, 3637], "force_calls_at_each_min": [1, 852, 3637]}