{"run_id": 370, "bias_std_dev_scale": 0.119581, "bias_height_fraction": 0.055651, "perturbation_size": 0.005, "optimizer": "FIRE", "found_minima": [[0.6234994049, 0.02803775853], [-0.05001079220868101, 0.46669410205834233], [-0.5582236420009535, 1.4417258343371222]], "found_saddles": [[0.17911371808512572, 0.280607270011099], [-0.8333617731263752, 0.594030662794147]], "bias_count": 496, "energy_calls_at_each_min": [1, 9703, 58622], "force_calls_at_each_min": [1, 9703, 58622]}