{"run_id": 424, "bias_std_dev_scale": 0.418126, "bias_height_fraction": 0.119897, "perturbation_size": 0.005, "optimizer": "FIRE", "found_minima": [[0.6234994049, 0.02803775853], [-0.5581264163777758, 1.4418565983509708]], "found_saddles": [[-0.8925346650102607, 0.5760860431482647]], "bias_count": 5000, "energy_calls_at_each_min": [1, 4990], "force_calls_at_each_min": [1, 4990]}