{"run_id": 684, "bias_std_dev_scale": 0.244521, "bias_height_fraction": 0.119897, "perturbation_size": 0.005, "optimizer": "FIRE", "found_minima": [[0.6234994049, 0.02803775853], [-0.050343870455016565, 0.46677850437849416], [-0.558223628393514, 1.4417258453595918]], "found_saddles": [[0.19934707790384731, 0.2637596487538868], [-0.8251762426185442, 0.6018727875728552]], "bias_count": 47, "energy_calls_at_each_min": [1, 2122, 5285], "force_calls_at_each_min": [1, 2122, 5285]}