{"run_id": 595, "bias_std_dev_scale": 0.1, "bias_height_fraction": 0.033362, "perturbation_size": 0.005, "optimizer": "Scipy", "found_minima": [[0.6234994049, 0.02803775853], [-0.05001082300436561, 0.4666941048701266], [-0.5582236346388029, 1.4417258418007877]], "found_saddles": [[0.24503622880920992, 0.19849583326381343], [-0.2566917814275712, 0.4949645780279757]], "bias_count": 189, "energy_calls_at_each_min": [1, 3458, 3721], "force_calls_at_each_min": [1, 3458, 3721]}