{"run_id": 1458, "bias_std_dev_scale": 0.349658, "bias_height_fraction": 0.02, "perturbation_size": 0.005, "optimizer": "FIRE", "found_minima": [[0.6234994049, 0.02803775853], [-0.5582202548743062, 1.441730145801754]], "found_saddles": [[-0.851647702174363, 0.6080557874708076]], "bias_count": 5000, "energy_calls_at_each_min": [1, 35625], "force_calls_at_each_min": [1, 35625]}