{"run_id": 626, "bias_std_dev_scale": 0.418126, "bias_height_fraction": 0.092832, "perturbation_size": 0.005, "optimizer": "FIRE", "found_minima": [[0.6234994049, 0.02803775853], [-0.5581307230907943, 1.441848373809369]], "found_saddles": [[-0.8446744502985004, 0.561943979960887]], "bias_count": 5000, "energy_calls_at_each_min": [1, 6916], "force_calls_at_each_min": [1, 6916]}