{"run_id": 1746, "bias_std_dev_scale": 0.142997, "bias_height_fraction": 0.092832, "perturbation_size": 0.005, "optimizer": "FIRE", "found_minima": [[0.6234994049, 0.02803775853], [-0.050010888257082955, 0.4666941178669012], [-0.5582236560493183, 1.4417258206405823]], "found_saddles": [[0.14076479649390294, 0.14608149250232128], [-0.8168550508069549, 0.6201141001254253]], "bias_count": 233, "energy_calls_at_each_min": [1, 4919, 27360], "force_calls_at_each_min": [1, 4919, 27360]}