{"run_id": 5, "bias_std_dev_scale": 0.5, "bias_height_fraction": 0.119897, "perturbation_size": 0.005, "optimizer": "Scipy", "found_minima": [[0.6234994049, 0.02803775853], [-0.558198709302813, 1.441771234727797]], "found_saddles": [[0.18348680037470935, 0.11673019008188551]], "bias_count": 5000, "energy_calls_at_each_min": [1, 233], "force_calls_at_each_min": [1, 233]}