{"run_id": 267, "bias_std_dev_scale": 0.292402, "bias_height_fraction": 0.092832, "perturbation_size": 0.005, "optimizer": "Scipy", "found_minima": [[0.6234994049, 0.02803775853], [-0.051879198881747794, 0.46713772222577316], [-0.5582236343068395, 1.4417258422683235]], "found_saddles": [[0.1968809663464641, 0.11233786242656199], [-0.21066668693316362, 0.5269566649794346]], "bias_count": 27, "energy_calls_at_each_min": [1, 264, 357], "force_calls_at_each_min": [1, 264, 357]}