{"run_id": 1403, "bias_std_dev_scale": 0.5, "bias_height_fraction": 0.154853, "perturbation_size": 0.005, "optimizer": "Scipy", "found_minima": [[0.6234994049, 0.02803775853], [-0.5579206924105186, 1.4421737895698248]], "found_saddles": [[-0.4260831502776326, 0.34089137687535687]], "bias_count": 5000, "energy_calls_at_each_min": [1, 243], "force_calls_at_each_min": [1, 243]}