{"run_id": 1917, "bias_std_dev_scale": 0.204481, "bias_height_fraction": 0.025831, "perturbation_size": 0.005, "optimizer": "Scipy", "found_minima": [[0.6234994049, 0.02803775853], [-0.05001254869272861, 0.4666945213015453], [-0.5582236346407157, 1.4417258418117738]], "found_saddles": [[0.1208033464351948, 0.4778709203610798], [0.2533713478447405, 0.2447134195396042]], "bias_count": 106, "energy_calls_at_each_min": [1, 664, 1285], "force_calls_at_each_min": [1, 664, 1285]}