{"run_id": 501, "bias_std_dev_scale": 0.204481, "bias_height_fraction": 0.2, "perturbation_size": 0.005, "optimizer": "Scipy", "found_minima": [[0.6234994049, 0.02803775853], [-0.05011252444285595, 0.4667210777383398], [-0.5582236336189319, 1.4417258406341178]], "found_saddles": [[0.1650019567555137, 0.06542493388304288], [0.21396019950158485, 0.3701003655769862]], "bias_count": 17, "energy_calls_at_each_min": [1, 238, 324], "force_calls_at_each_min": [1, 238, 324]}