{"run_id": 1475, "bias_std_dev_scale": 0.292402, "bias_height_fraction": 0.033362, "perturbation_size": 0.005, "optimizer": "Scipy", "found_minima": [[0.6234994049, 0.02803775853], [-0.558223640889594, 1.441725838679515]], "found_saddles": [[-0.1648414264847812, 0.4567260957866923]], "bias_count": 5000, "energy_calls_at_each_min": [1, 612], "force_calls_at_each_min": [1, 612]}