{"run_id": 1313, "bias_std_dev_scale": 0.204481, "bias_height_fraction": 0.043089, "perturbation_size": 0.005, "optimizer": "Scipy", "found_minima": [[0.6234994049, 0.02803775853], [-0.050030456272637684, 0.46669911500021977], [-0.5582236337153575, 1.4417258428460569]], "found_saddles": [[-0.1529994053164101, 0.4299131567217942], [-0.24160648268325036, 0.48045069270569074]], "bias_count": 59, "energy_calls_at_each_min": [1, 664, 763], "force_calls_at_each_min": [1, 664, 763]}