{"run_id": 1559, "bias_std_dev_scale": 0.142997, "bias_height_fraction": 0.02, "perturbation_size": 0.005, "optimizer": "Scipy", "found_minima": [[0.6234994049, 0.02803775853], [-0.050011172654725565, 0.4666941866056411], [-0.5582236332050987, 1.4417258433417337]], "found_saddles": [[0.2211968330380572, 0.2046149895079709], [0.1942589626090783, 0.29972937801784877]], "bias_count": 211, "energy_calls_at_each_min": [1, 2694, 3379], "force_calls_at_each_min": [1, 2694, 3379]}