{"run_id": 1007, "bias_std_dev_scale": 0.5, "bias_height_fraction": 0.092832, "perturbation_size": 0.005, "optimizer": "Scipy", "found_minima": [[0.6234994049, 0.02803775853], [-0.5582236321456395, 1.4417258477251764]], "found_saddles": [[0.1156931192915914, 0.07544232222022558]], "bias_count": 5000, "energy_calls_at_each_min": [1, 339], "force_calls_at_each_min": [1, 339]}