{"run_id": 507, "bias_std_dev_scale": 0.204481, "bias_height_fraction": 0.092832, "perturbation_size": 0.005, "optimizer": "Scipy", "found_minima": [[0.6234994049, 0.02803775853], [-0.05007857395173519, 0.46671217931688425], [-0.5582236346327287, 1.441725841805129]], "found_saddles": [[0.25222346424851483, 0.39298709723138703], [-1.0809671179696643, 0.8297319081602204]], "bias_count": 38, "energy_calls_at_each_min": [1, 322, 582], "force_calls_at_each_min": [1, 322, 582]}