{"run_id": 1172, "bias_std_dev_scale": 0.119581, "bias_height_fraction": 0.043089, "perturbation_size": 0.005, "optimizer": "FIRE", "found_minima": [[0.6234994049, 0.02803775853], [-0.05001087551878297, 0.46669412023370654], [-0.5582236507960222, 1.441725827108577]], "found_saddles": [[0.23217378764797453, 0.29757921334002624], [-0.8289492539873722, 0.6217069050665848]], "bias_count": 694, "energy_calls_at_each_min": [1, 10846, 82903], "force_calls_at_each_min": [1, 10846, 82903]}