{"run_id": 48, "bias_std_dev_scale": 0.349658, "bias_height_fraction": 0.071876, "perturbation_size": 0.005, "optimizer": "FIRE", "found_minima": [[0.6234994049, 0.02803775853], [-0.558219509552838, 1.44173110996912]], "found_saddles": [[-0.8740849684934872, 0.5800377517493849]], "bias_count": 5000, "energy_calls_at_each_min": [1, 9446], "force_calls_at_each_min": [1, 9446]}