{"run_id": 1167, "bias_std_dev_scale": 0.119581, "bias_height_fraction": 0.092832, "perturbation_size": 0.005, "optimizer": "Scipy", "found_minima": [[0.6234994049, 0.02803775853], [-0.5582236351204455, 1.4417258415631815], [-0.05001081813606221, 0.4666941096395117]], "found_saddles": [[0.32122956065070274, 0.15397253544735529], [-1.1437257792148923, 0.8967554849508848]], "bias_count": 293, "energy_calls_at_each_min": [1, 763, 6492], "force_calls_at_each_min": [1, 763, 6492]}