{"run_id": 1813, "bias_std_dev_scale": 0.5, "bias_height_fraction": 0.043089, "perturbation_size": 0.005, "optimizer": "Scipy", "found_minima": [[0.6234994049, 0.02803775853], [-0.5581682611235312, 1.4418213680771907]], "found_saddles": [[-0.31341155412685257, 0.44053899256599527]], "bias_count": 5000, "energy_calls_at_each_min": [1, 558], "force_calls_at_each_min": [1, 558]}