{"run_id": 776, "bias_std_dev_scale": 0.119581, "bias_height_fraction": 0.025831, "perturbation_size": 0.005, "optimizer": "FIRE", "found_minima": [[0.6234994049, 0.02803775853], [-0.05001086701203238, 0.4666941073781239], [-0.5582236289433568, 1.441725845074006]], "found_saddles": [[0.195623744515591, 0.26038746344562846], [-0.8369811151757516, 0.6299744744423444]], "bias_count": 972, "energy_calls_at_each_min": [1, 20923, 121201], "force_calls_at_each_min": [1, 20923, 121201]}