{"run_id": 337, "bias_std_dev_scale": 0.170998, "bias_height_fraction": 0.025831, "perturbation_size": 0.005, "optimizer": "Scipy", "found_minima": [[0.6234994049, 0.02803775853], [-0.05001135882008336, 0.46669423636066676], [-0.5582236346330123, 1.441725841804676]], "found_saddles": [[0.104994002587572, 0.4563296382986075], [-0.3533553796877423, 0.503398449365526]], "bias_count": 179, "energy_calls_at_each_min": [1, 1312, 2861], "force_calls_at_each_min": [1, 1312, 2861]}