{"run_id": 1724, "bias_std_dev_scale": 0.170998, "bias_height_fraction": 0.119897, "perturbation_size": 0.005, "optimizer": "FIRE", "found_minima": [[0.6234994049, 0.02803775853], [-0.050012602240749354, 0.46669456037490425], [-0.5582236155891822, 1.4417258597479412]], "found_saddles": [[0.1844767586473339, 0.2678589150938552], [-0.8326197229216068, 0.6115597008665999]], "bias_count": 147, "energy_calls_at_each_min": [1, 2988, 16788], "force_calls_at_each_min": [1, 2988, 16788]}