{"run_id": 1674, "bias_std_dev_scale": 0.292402, "bias_height_fraction": 0.033362, "perturbation_size": 0.005, "optimizer": "FIRE", "found_minima": [[0.6234994049, 0.02803775853], [-0.5582236144881733, 1.441725870741946]], "found_saddles": [[-0.8240827125136364, 0.5960840736676553]], "bias_count": 5000, "energy_calls_at_each_min": [1, 24626], "force_calls_at_each_min": [1, 24626]}