{"run_id": 915, "bias_std_dev_scale": 0.204481, "bias_height_fraction": 0.033362, "perturbation_size": 0.005, "optimizer": "Scipy", "found_minima": [[0.6234994049, 0.02803775853], [-0.05003331972348723, 0.46669992429758433], [-0.5582236346333536, 1.441725841810918]], "found_saddles": [[0.14099549850915566, 0.4516596358191984], [-0.19052156954788196, 0.48003762228534186]], "bias_count": 69, "energy_calls_at_each_min": [1, 739, 869], "force_calls_at_each_min": [1, 739, 869]}