{"run_id": 1673, "bias_std_dev_scale": 0.292402, "bias_height_fraction": 0.043089, "perturbation_size": 0.005, "optimizer": "Scipy", "found_minima": [[0.6234994049, 0.02803775853], [-0.5582236416655093, 1.441725834269784]], "found_saddles": [[0.23449827159021924, 0.10019394833301276]], "bias_count": 5000, "energy_calls_at_each_min": [1, 499], "force_calls_at_each_min": [1, 499]}