{"run_id": 869, "bias_std_dev_scale": 0.292402, "bias_height_fraction": 0.071876, "perturbation_size": 0.005, "optimizer": "Scipy", "found_minima": [[0.6234994049, 0.02803775853], [-0.5582236341993966, 1.4417258424217738]], "found_saddles": [[-0.24922567275318078, 0.48023113436145975]], "bias_count": 5000, "energy_calls_at_each_min": [1, 421], "force_calls_at_each_min": [1, 421]}