{"run_id": 1489, "bias_std_dev_scale": 0.244521, "bias_height_fraction": 0.071876, "perturbation_size": 0.005, "optimizer": "Scipy", "found_minima": [[0.6234994049, 0.02803775853], [-0.05083442737725291, 0.46691264918074027], [-0.5582236346133002, 1.4417258418230612]], "found_saddles": [[0.044340605995176, 0.46438411345172076], [-0.046043575531290216, 0.4683436413505427]], "bias_count": 39, "energy_calls_at_each_min": [1, 506, 543], "force_calls_at_each_min": [1, 506, 543]}