{"run_id": 474, "bias_std_dev_scale": 0.292402, "bias_height_fraction": 0.033362, "perturbation_size": 0.005, "optimizer": "FIRE", "found_minima": [[0.6234994049, 0.02803775853], [-0.5582236059512902, 1.441725874529759]], "found_saddles": [[-0.8501111956697205, 0.6134923082851018]], "bias_count": 5000, "energy_calls_at_each_min": [1, 21569], "force_calls_at_each_min": [1, 21569]}