{"run_id": 878, "bias_std_dev_scale": 0.292402, "bias_height_fraction": 0.02, "perturbation_size": 0.005, "optimizer": "FIRE", "found_minima": [[0.6234994049, 0.02803775853], [-0.5582236111173142, 1.441725874672051]], "found_saddles": [[-0.8318954866660353, 0.5999333596699689]], "bias_count": 5000, "energy_calls_at_each_min": [1, 33025], "force_calls_at_each_min": [1, 33025]}