{"run_id": 146, "bias_std_dev_scale": 0.142997, "bias_height_fraction": 0.092832, "perturbation_size": 0.005, "optimizer": "FIRE", "found_minima": [[0.6234994049, 0.02803775853], [-0.05001089898560026, 0.46669412509187025], [-0.5582236188991861, 1.4417258571247742]], "found_saddles": [[0.2321059783964215, 0.28071389881732567], [-0.821685482484175, 0.6406326194366996]], "bias_count": 239, "energy_calls_at_each_min": [1, 5483, 28213], "force_calls_at_each_min": [1, 5483, 28213]}