{"run_id": 227, "bias_std_dev_scale": 0.418126, "bias_height_fraction": 0.092832, "perturbation_size": 0.005, "optimizer": "Scipy", "found_minima": [[0.6234994049, 0.02803775853], [-0.5581945245422932, 1.441766585378714]], "found_saddles": [[-0.42785171368970326, 0.49328052015107815]], "bias_count": 5000, "energy_calls_at_each_min": [1, 465], "force_calls_at_each_min": [1, 465]}