{"run_id": 350, "bias_std_dev_scale": 0.142997, "bias_height_fraction": 0.055651, "perturbation_size": 0.005, "optimizer": "FIRE", "found_minima": [[0.6234994049, 0.02803775853], [-0.05001160648486999, 0.46669428408948543], [-0.5582236504788596, 1.441725826188772]], "found_saddles": [[0.24448849354557317, 0.32174602083815657], [-0.8211205936372782, 0.6126944009737302]], "bias_count": 355, "energy_calls_at_each_min": [1, 7672, 41906], "force_calls_at_each_min": [1, 7672, 41906]}