{"run_id": 1687, "bias_std_dev_scale": 0.244521, "bias_height_fraction": 0.092832, "perturbation_size": 0.005, "optimizer": "Scipy", "found_minima": [[0.6234994049, 0.02803775853], [-0.051006026278148694, 0.4669565994537843], [-0.5582236345943232, 1.4417258418830459]], "found_saddles": [[-0.03282302867415868, 0.4673842934862109], [-0.3626388875222757, 0.489491953298502]], "bias_count": 34, "energy_calls_at_each_min": [1, 290, 458], "force_calls_at_each_min": [1, 290, 458]}