{"run_id": 236, "bias_std_dev_scale": 0.418126, "bias_height_fraction": 0.025831, "perturbation_size": 0.005, "optimizer": "FIRE", "found_minima": [[0.6234994049, 0.02803775853], [-0.5581539317145153, 1.441819656304054]], "found_saddles": [[-0.8590224105253261, 0.6052637384764032]], "bias_count": 5000, "energy_calls_at_each_min": [1, 19394], "force_calls_at_each_min": [1, 19394]}