{"run_id": 813, "bias_std_dev_scale": 0.5, "bias_height_fraction": 0.043089, "perturbation_size": 0.005, "optimizer": "Scipy", "found_minima": [[0.6234994049, 0.02803775853], [-0.5581824922829165, 1.441796843604119]], "found_saddles": [[-0.40911551824877573, 0.321933912472277]], "bias_count": 5000, "energy_calls_at_each_min": [1, 526], "force_calls_at_each_min": [1, 526]}