{"found_minima": [[0.623499405875948, 0.02803775524263026], [-0.05001077692260097, 0.4666940944252186], [-0.5582236183946222, 1.441725857755812]], "found_saddles": [[0.20606859801865868, 0.2947797448058175], [-0.8538117938496074, 0.5933894062352129]], "bias_count": 1835, "energy_calls_at_each_min": [101, 35367, 225904], "force_calls_at_each_min": [101, 35367, 225904], "run_id": 1488, "seed": 9, "bias_std_dev_scale": 0.1, "bias_covariance": 0.0030250000000000008, "bias_height_fraction": 0.02, "bias_height": 0.76, "perturbation_size": 0.005, "optimizer": "FIRE"}