{"found_minima": [[0.623499405875948, 0.02803775524263026], [-0.5582226137841788, 1.4417271536117304]], "found_saddles": [[-0.8233044471645179, 0.5801814191159682]], "bias_count": 5000, "energy_calls_at_each_min": [101, 20123], "force_calls_at_each_min": [101, 20123], "run_id": 224, "seed": 5, "bias_std_dev_scale": 0.3333333333333333, "bias_covariance": 0.03361111111111112, "bias_height_fraction": 0.03333333333333333, "bias_height": 1.2666666666666666, "perturbation_size": 0.001, "optimizer": "FIRE"}