{"found_minima": [[0.623499405875948, 0.02803775524263026], [-0.05001086113107511, 0.4666941052821385]], "found_saddles": [[0.9263281386538506, -0.027457457270771278]], "bias_count": 5000, "energy_calls_at_each_min": [101, 130170], "force_calls_at_each_min": [101, 130170], "run_id": 1946, "seed": 7, "bias_std_dev_scale": 0.07142857142857142, "bias_covariance": 0.0015433673469387754, "bias_height_fraction": 0.01, "bias_height": 0.38, "perturbation_size": 0.01, "optimizer": "FIRE"}