{"found_minima": [[0.6234994051229935, 0.028037758632698632], [-0.0500108229954962, 0.46669410487147184], [-0.5582236329122111, 1.4417258405150333]], "found_saddles": [[0.31999333521553736, 0.3000052082697863], [0.10678276208071959, 0.08237176122705059]], "bias_count": 117, "energy_calls_at_each_min": [13, 1268, 2672], "force_calls_at_each_min": [13, 1268, 2672], "run_id": 1338, "seed": 9, "bias_std_dev_scale": 0.1, "bias_covariance": 0.0030250000000000008, "bias_height_fraction": 0.1, "bias_height": 3.8000000000000003, "perturbation_size": 0.005, "optimizer": "Scipy"}