{"found_minima": [[0.623499405875948, 0.02803775524263026], [-0.05001079152408568, 0.4666941005728497], [-0.558223619321377, 1.4417258562243562]], "found_saddles": [[0.2570675697899037, 0.31600452204188006], [-0.8284843275522759, 0.6119662592671825]], "bias_count": 639, "energy_calls_at_each_min": [101, 16583, 78439], "force_calls_at_each_min": [101, 16583, 78439], "run_id": 1020, "seed": 1, "bias_std_dev_scale": 0.125, "bias_covariance": 0.004726562500000001, "bias_height_fraction": 0.03333333333333333, "bias_height": 1.2666666666666666, "perturbation_size": 0.001, "optimizer": "FIRE"}