{"found_minima": [[0.623499405875948, 0.02803775524263026], [-0.050030283791196804, 0.4666979384167221], [-0.5582236454836064, 1.4417258333855063]], "found_saddles": [[0.9584608122379529, -0.40819709069753957], [0.9952634748924749, -0.4400899433633143]], "bias_count": 95, "energy_calls_at_each_min": [101, 1157, 13246], "force_calls_at_each_min": [101, 1157, 13246], "run_id": 321, "seed": 2, "bias_std_dev_scale": 0.3333333333333333, "bias_covariance": 0.03361111111111112, "bias_height_fraction": 0.01, "bias_height": 0.38, "perturbation_size": 0.55, "optimizer": "FIRE"}