{"found_minima": [[0.6234994051229935, 0.028037758632698632], [-0.5582236329906619, 1.441725842177815], [-0.050010823801778924, 0.46669410385566573]], "found_saddles": [[0.2813313786195373, 0.04674254912985192], [0.03490663000638361, 0.47158090132278996]], "bias_count": 4089, "energy_calls_at_each_min": [13, 11718, 81935], "force_calls_at_each_min": [13, 11718, 81935], "run_id": 1970, "seed": 1, "bias_std_dev_scale": 0.07142857142857142, "bias_covariance": 0.0015433673469387754, "bias_height_fraction": 0.01, "bias_height": 0.38, "perturbation_size": 0.005, "optimizer": "Scipy"}