{"found_minima": [[0.6234994051229935, 0.028037758632698632], [-0.05001082115516294, 0.4666941040433365], [-0.5582236347912443, 1.4417258416418475]], "found_saddles": [[-0.15200251745769922, 0.38864292466573364], [-0.5098655975687476, 0.5037302697482]], "bias_count": 173, "energy_calls_at_each_min": [13, 1612, 4666], "force_calls_at_each_min": [13, 1612, 4666], "run_id": 1353, "seed": 4, "bias_std_dev_scale": 0.1, "bias_covariance": 0.0030250000000000008, "bias_height_fraction": 0.1, "bias_height": 3.8000000000000003, "perturbation_size": 0.001, "optimizer": "Scipy"}