{"found_minima": [[0.623499405875948, 0.02803775524263026], [-0.050010778655159675, 0.46669409600162626], [-0.5582236405239639, 1.4417258353843856]], "found_saddles": [[0.2120794567830897, 0.2918124506157392], [-0.8472980337580036, 0.6114864334931004]], "bias_count": 2190, "energy_calls_at_each_min": [101, 34320, 250794], "force_calls_at_each_min": [101, 34320, 250794], "run_id": 1804, "seed": 5, "bias_std_dev_scale": 0.07142857142857142, "bias_covariance": 0.0015433673469387754, "bias_height_fraction": 0.03333333333333333, "bias_height": 1.2666666666666666, "perturbation_size": 0.005, "optimizer": "FIRE"}