{"found_minima": [[0.623499405875948, 0.02803775524263026], [-0.0500108391937345, 0.4666941109465112], [-0.5582236533163308, 1.4417258231959342]], "found_saddles": [[0.19750589355830853, 0.28021111288510836], [-0.8433609566567157, 0.6053831727195956]], "bias_count": 2054, "energy_calls_at_each_min": [101, 40203, 235579], "force_calls_at_each_min": [101, 40203, 235579], "run_id": 1802, "seed": 3, "bias_std_dev_scale": 0.07142857142857142, "bias_covariance": 0.0015433673469387754, "bias_height_fraction": 0.03333333333333333, "bias_height": 1.2666666666666666, "perturbation_size": 0.005, "optimizer": "FIRE"}