{"found_minima": [[0.6234994051229935, 0.028037758632698632], [-0.5582236365428394, 1.441725839800781], [-0.050010822932069106, 0.4666941048746384]], "found_saddles": [[0.39100815770428804, 0.05394958610574045], [-0.012499717390973886, 0.4682754422308394]], "bias_count": 2070, "energy_calls_at_each_min": [13, 2055, 37466], "force_calls_at_each_min": [13, 2055, 37466], "run_id": 1578, "seed": 9, "bias_std_dev_scale": 0.1, "bias_covariance": 0.0030250000000000008, "bias_height_fraction": 0.01, "bias_height": 0.38, "perturbation_size": 0.005, "optimizer": "Scipy"}