{"found_minima": [[0.6234994051229935, 0.028037758632698632], [-0.5582235470291778, 1.4417259680609678]], "found_saddles": [[-0.3257372023744805, 0.4884953328225092]], "bias_count": 5000, "energy_calls_at_each_min": [13, 838], "force_calls_at_each_min": [13, 838], "run_id": 239, "seed": 10, "bias_std_dev_scale": 0.3333333333333333, "bias_covariance": 0.03361111111111112, "bias_height_fraction": 0.03333333333333333, "bias_height": 1.2666666666666666, "perturbation_size": 0.001, "optimizer": "Scipy"}