{"found_minima": [[0.6234994051229935, 0.028037758632698632], [-0.5582236404458699, 1.4417258368316777], [-0.05001081521282362, 0.4666941053479811]], "found_saddles": [[-0.009768972264333986, 0.4659997118610908], [0.024029231506734416, 0.4654063920618906]], "bias_count": 1170, "energy_calls_at_each_min": [13, 3721, 22276], "force_calls_at_each_min": [13, 3721, 22276], "run_id": 1471, "seed": 2, "bias_std_dev_scale": 0.1, "bias_covariance": 0.0030250000000000008, "bias_height_fraction": 0.02, "bias_height": 0.76, "perturbation_size": 0.01, "optimizer": "Scipy"}