{"found_minima": [[0.623499405875948, 0.02803775524263026], [-0.05001085760042732, 0.4666941116654282], [-0.5582236410152976, 1.4417258359905467]], "found_saddles": [[0.9529715574647986, 0.018182493289633343], [-0.3390850522216166, 0.7233813473144454]], "bias_count": 204, "energy_calls_at_each_min": [101, 5438, 23983], "force_calls_at_each_min": [101, 5438, 23983], "run_id": 1220, "seed": 1, "bias_std_dev_scale": 0.1, "bias_covariance": 0.0030250000000000008, "bias_height_fraction": 0.2, "bias_height": 7.6000000000000005, "perturbation_size": 0.01, "optimizer": "FIRE"}