{"found_minima": [[0.623499405875948, 0.02803775524263026], [-0.05001082325816092, 0.46669410694653457], [-0.5582236519000174, 1.4417258238206754]], "found_saddles": [[0.21057301975995976, 0.2957109829751603], [-0.8070054332661144, 0.6170646423526278]], "bias_count": 1853, "energy_calls_at_each_min": [101, 35674, 232796], "force_calls_at_each_min": [101, 35674, 232796], "run_id": 1503, "seed": 4, "bias_std_dev_scale": 0.1, "bias_covariance": 0.0030250000000000008, "bias_height_fraction": 0.02, "bias_height": 0.76, "perturbation_size": 0.001, "optimizer": "FIRE"}