{"found_minima": [[0.6234994051229935, 0.028037758632698632], [-0.5582236345977742, 1.4417258417827608]], "found_saddles": [[0.3614052948801272, 0.05482216627645267]], "bias_count": 5000, "energy_calls_at_each_min": [13, 1050], "force_calls_at_each_min": [13, 1050], "run_id": 395, "seed": 6, "bias_std_dev_scale": 0.3333333333333333, "bias_covariance": 0.03361111111111112, "bias_height_fraction": 0.01, "bias_height": 0.38, "perturbation_size": 0.001, "optimizer": "Scipy"}