{"found_minima": [[0.6234994051229935, 0.028037758632698632], [-0.05001084588678777, 0.4666941100591178], [-0.5582236346661145, 1.4417258417890273]], "found_saddles": [[-0.036018295965125846, 0.46928698659315154], [-0.19141612011616874, 0.4760800932489712]], "bias_count": 206, "energy_calls_at_each_min": [13, 3628, 3799], "force_calls_at_each_min": [13, 3628, 3799], "run_id": 1477, "seed": 8, "bias_std_dev_scale": 0.1, "bias_covariance": 0.0030250000000000008, "bias_height_fraction": 0.02, "bias_height": 0.76, "perturbation_size": 0.01, "optimizer": "Scipy"}