{"found_minima": [[0.6234994051229935, 0.028037758632698632], [-0.05001082340851986, 0.46669410486973695], [-0.558223634436948, 1.4417258418676762]], "found_saddles": [[0.2921930043771682, 0.23739520517899998], [0.07995972963865774, 0.30918845378063264]], "bias_count": 77, "energy_calls_at_each_min": [13, 1439, 1699], "force_calls_at_each_min": [13, 1439, 1699], "run_id": 1337, "seed": 8, "bias_std_dev_scale": 0.1, "bias_covariance": 0.0030250000000000008, "bias_height_fraction": 0.1, "bias_height": 3.8000000000000003, "perturbation_size": 0.005, "optimizer": "Scipy"}