{"found_minima": [[0.6234994051229935, 0.028037758632698632], [-0.050010825020117104, 0.466694103881649], [-0.5582236345921749, 1.441725841855772]], "found_saddles": [[0.03691576980244715, 0.46526902704973383], [0.21852152316115458, 0.22348098626143045]], "bias_count": 549, "energy_calls_at_each_min": [13, 7388, 11563], "force_calls_at_each_min": [13, 7388, 11563], "run_id": 1893, "seed": 4, "bias_std_dev_scale": 0.07142857142857142, "bias_covariance": 0.0015433673469387754, "bias_height_fraction": 0.02, "bias_height": 0.76, "perturbation_size": 0.005, "optimizer": "Scipy"}