{"found_minima": [[0.6234994051229935, 0.028037758632698632], [-0.5582236305966909, 1.441725842340128], [-0.05001081840153155, 0.4666941076673766]], "found_saddles": [[0.9072125566979978, -0.05106222338392118], [-1.108897091886658, 0.9172608819453171]], "bias_count": 276, "energy_calls_at_each_min": [13, 1314, 5224], "force_calls_at_each_min": [13, 1314, 5224], "run_id": 1636, "seed": 7, "bias_std_dev_scale": 0.07142857142857142, "bias_covariance": 0.0015433673469387754, "bias_height_fraction": 0.2, "bias_height": 7.6000000000000005, "perturbation_size": 0.01, "optimizer": "Scipy"}