{"found_minima": [[0.623499405875948, 0.02803775524263026], [-0.5582225432992851, 1.4417272248664588]], "found_saddles": [[-0.83066084877773, 0.5935343402089523]], "bias_count": 5000, "energy_calls_at_each_min": [101, 32110], "force_calls_at_each_min": [101, 32110], "run_id": 261, "seed": 2, "bias_std_dev_scale": 0.3333333333333333, "bias_covariance": 0.03361111111111112, "bias_height_fraction": 0.02, "bias_height": 0.76, "perturbation_size": 0.01, "optimizer": "FIRE"}