{"found_minima": [[0.6234994051229935, 0.028037758632698632], [-0.5582236347219807, 1.4417258416100203]], "found_saddles": [[0.21248743650049653, 0.08206215749724302]], "bias_count": 5000, "energy_calls_at_each_min": [13, 725], "force_calls_at_each_min": [13, 725], "run_id": 197, "seed": 8, "bias_std_dev_scale": 0.3333333333333333, "bias_covariance": 0.03361111111111112, "bias_height_fraction": 0.03333333333333333, "bias_height": 1.2666666666666666, "perturbation_size": 0.01, "optimizer": "Scipy"}