{"found_minima": [[0.6234994051229935, 0.028037758632698632], [-0.050010808619623606, 0.46669410824052027], [-0.558223634464467, 1.4417258416631547]], "found_saddles": [[-0.042079837604360626, 0.4811440681138554], [0.1628953771435466, 0.3741506080384427]], "bias_count": 154, "energy_calls_at_each_min": [13, 1952, 2351], "force_calls_at_each_min": [13, 1952, 2351], "run_id": 1075, "seed": 6, "bias_std_dev_scale": 0.125, "bias_covariance": 0.004726562500000001, "bias_height_fraction": 0.02, "bias_height": 0.76, "perturbation_size": 0.01, "optimizer": "Scipy"}