{"found_minima": [[0.623499405875948, 0.02803775524263026], [-0.05001087575773391, 0.4666941182867645], [-0.5582236264789924, 1.4417258474791135]], "found_saddles": [[0.24481361292100298, 0.2963640864732308], [-0.8515419733663865, 0.5876665681020141]], "bias_count": 1235, "energy_calls_at_each_min": [101, 25039, 153912], "force_calls_at_each_min": [101, 25039, 153912], "run_id": 1066, "seed": 7, "bias_std_dev_scale": 0.125, "bias_covariance": 0.004726562500000001, "bias_height_fraction": 0.02, "bias_height": 0.76, "perturbation_size": 0.01, "optimizer": "FIRE"}