{"found_minima": [[0.623499405875948, 0.02803775524263026], [-0.5582224651451094, 1.4417273263550707]], "found_saddles": [[-0.8258288300519852, 0.5876881012849267]], "bias_count": 5000, "energy_calls_at_each_min": [101, 30879], "force_calls_at_each_min": [101, 30879], "run_id": 306, "seed": 7, "bias_std_dev_scale": 0.3333333333333333, "bias_covariance": 0.03361111111111112, "bias_height_fraction": 0.02, "bias_height": 0.76, "perturbation_size": 0.001, "optimizer": "FIRE"}