{"found_minima": [[0.623499405875948, 0.02803775524263026], [-0.050010780587253306, 0.46669410055530747], [-0.5582236154338996, 1.4417258599500167]], "found_saddles": [[0.23492377167913708, 0.3007842104787833], [-0.8146861600253494, 0.6331480005568181]], "bias_count": 3561, "energy_calls_at_each_min": [101, 75213, 479609], "force_calls_at_each_min": [101, 75213, 479609], "run_id": 1569, "seed": 10, "bias_std_dev_scale": 0.1, "bias_covariance": 0.0030250000000000008, "bias_height_fraction": 0.01, "bias_height": 0.38, "perturbation_size": 0.005, "optimizer": "FIRE"}