{"found_minima": [[0.623499405875948, 0.02803775524263026], [-0.05001079787220655, 0.46669409958613084], [-0.5582236183360627, 1.4417258591421258]], "found_saddles": [[0.23480072940246274, 0.3219596311095242], [-0.8413087428414473, 0.6062023577160179]], "bias_count": 1190, "energy_calls_at_each_min": [101, 24447, 147614], "force_calls_at_each_min": [101, 24447, 147614], "run_id": 1426, "seed": 7, "bias_std_dev_scale": 0.1, "bias_covariance": 0.0030250000000000008, "bias_height_fraction": 0.03333333333333333, "bias_height": 1.2666666666666666, "perturbation_size": 0.001, "optimizer": "FIRE"}