{"found_minima": [[0.623499405875948, 0.02803775524263026], [-0.5582225333234874, 1.4417272400675982]], "found_saddles": [[-0.8493582038712143, 0.6077322641582593]], "bias_count": 5000, "energy_calls_at_each_min": [101, 66650], "force_calls_at_each_min": [101, 66650], "run_id": 345, "seed": 6, "bias_std_dev_scale": 0.3333333333333333, "bias_covariance": 0.03361111111111112, "bias_height_fraction": 0.01, "bias_height": 0.38, "perturbation_size": 0.01, "optimizer": "FIRE"}