{"found_minima": [[0.623499405875948, 0.02803775524263026], [-0.05005136105938081, 0.4667037573766329], [-0.5582236186984829, 1.4417258569597786]], "found_saddles": [[0.2033708609235934, 0.3144549425784312], [-0.8225970499125417, 0.6488820613489577]], "bias_count": 1152, "energy_calls_at_each_min": [101, 21567, 131015], "force_calls_at_each_min": [101, 21567, 131015], "run_id": 781, "seed": 2, "bias_std_dev_scale": 0.2, "bias_covariance": 0.012100000000000003, "bias_height_fraction": 0.01, "bias_height": 0.38, "perturbation_size": 0.001, "optimizer": "FIRE"}