{"found_minima": [[0.6234994051229935, 0.028037758632698632], [-0.5582236361067312, 1.4417258402361826], [-0.05001082690834405, 0.46669410773412145]], "found_saddles": [[-0.06730950214808784, 0.46536075761000895], [0.035951141661604624, 0.47832344417314687]], "bias_count": 1561, "energy_calls_at_each_min": [13, 4159, 25068], "force_calls_at_each_min": [13, 4159, 25068], "run_id": 1176, "seed": 7, "bias_std_dev_scale": 0.125, "bias_covariance": 0.004726562500000001, "bias_height_fraction": 0.01, "bias_height": 0.38, "perturbation_size": 0.005, "optimizer": "Scipy"}