{"found_minima": [[0.623499405875948, 0.02803775524263026], [-0.05001079244309842, 0.46669409636824893], [-0.5582236469230615, 1.441725828758481]], "found_saddles": [[0.16460483065800885, 0.3312138902459436], [1.1033797145279598, -0.4814017557863056]], "bias_count": 141, "energy_calls_at_each_min": [101, 221, 17207], "force_calls_at_each_min": [101, 221, 17207], "run_id": 1686, "seed": 7, "bias_std_dev_scale": 0.07142857142857142, "bias_covariance": 0.0015433673469387754, "bias_height_fraction": 0.1, "bias_height": 3.8000000000000003, "perturbation_size": 0.55, "optimizer": "FIRE"}