{"found_minima": [[0.6234994051229935, 0.028037758632698632], [-0.5582235723052903, 1.4417259340316861]], "found_saddles": [[0.26275103689695967, 0.43179802705332565]], "bias_count": 5000, "energy_calls_at_each_min": [13, 2323], "force_calls_at_each_min": [13, 2323], "run_id": 397, "seed": 8, "bias_std_dev_scale": 0.3333333333333333, "bias_covariance": 0.03361111111111112, "bias_height_fraction": 0.01, "bias_height": 0.38, "perturbation_size": 0.001, "optimizer": "Scipy"}