{"found_minima": [[0.623499405875948, 0.02803775524263026], [-0.5582225385720693, 1.4417272557197829]], "found_saddles": [[-0.8666027941979947, 0.5800101092006814]], "bias_count": 5000, "energy_calls_at_each_min": [101, 4406], "force_calls_at_each_min": [101, 4406], "run_id": 25, "seed": 6, "bias_std_dev_scale": 0.3333333333333333, "bias_covariance": 0.03361111111111112, "bias_height_fraction": 0.2, "bias_height": 7.6000000000000005, "perturbation_size": 0.01, "optimizer": "FIRE"}