{"found_minima": [[0.623499405875948, 0.02803775524263026], [-0.05001085582733691, 0.46669411261986105], [-0.558223656352079, 1.4417258204280055]], "found_saddles": [[1.063730508792129, -0.37121848691819886], [1.0580616409929529, -0.415900226879085]], "bias_count": 82, "energy_calls_at_each_min": [101, 1374, 9855], "force_calls_at_each_min": [101, 1374, 9855], "run_id": 1763, "seed": 4, "bias_std_dev_scale": 0.07142857142857142, "bias_covariance": 0.0015433673469387754, "bias_height_fraction": 0.03333333333333333, "bias_height": 1.2666666666666666, "perturbation_size": 0.55, "optimizer": "FIRE"}