{"found_minima": [[0.623499405875948, 0.02803775524263026], [-0.05034241716929979, 0.46676306153689184], [-0.5582234665909718, 1.4417260738557816]], "found_saddles": [[0.6171511584166132, -0.5219256031566105], [1.1969918528927066, -0.3349096287627167]], "bias_count": 39, "energy_calls_at_each_min": [101, 805, 5187], "force_calls_at_each_min": [101, 805, 5187], "run_id": 88, "seed": 9, "bias_std_dev_scale": 0.3333333333333333, "bias_covariance": 0.03361111111111112, "bias_height_fraction": 0.1, "bias_height": 3.8000000000000003, "perturbation_size": 0.55, "optimizer": "FIRE"}