{"found_minima": [[0.623499405875948, 0.02803775524263026], [-0.0500108459870925, 0.46669411235543146], [-0.5582236173897918, 1.4417258579759233]], "found_saddles": [[0.8533893772664538, -0.4906584272583069], [1.1981907123906597, -0.28806935175997306]], "bias_count": 105, "energy_calls_at_each_min": [101, 686, 13000], "force_calls_at_each_min": [101, 686, 13000], "run_id": 1445, "seed": 6, "bias_std_dev_scale": 0.1, "bias_covariance": 0.0030250000000000008, "bias_height_fraction": 0.02, "bias_height": 0.76, "perturbation_size": 0.55, "optimizer": "FIRE"}