{"found_minima": [[0.6234994051229935, 0.028037758632698632], [-0.0500108229981597, 0.46669410487197993], [-0.5582236346243761, 1.4417258418127714]], "found_saddles": [[0.0961567943287176, 0.5010488599118943], [-0.17965514708733435, 0.4959854482330128]], "bias_count": 519, "energy_calls_at_each_min": [13, 8920, 9216], "force_calls_at_each_min": [13, 8920, 9216], "run_id": 1575, "seed": 6, "bias_std_dev_scale": 0.1, "bias_covariance": 0.0030250000000000008, "bias_height_fraction": 0.01, "bias_height": 0.38, "perturbation_size": 0.005, "optimizer": "Scipy"}