{"found_minima": [[0.623499405875948, 0.02803775524263026], [-0.05001086240718959, 0.4666941097411414], [-0.5582236496323582, 1.441725826812458]], "found_saddles": [[0.19085694279278378, 0.29420181243753446], [-0.16328436260131915, 0.07674343255532903]], "bias_count": 493, "energy_calls_at_each_min": [101, 7116, 57881], "force_calls_at_each_min": [101, 7116, 57881], "run_id": 1349, "seed": 10, "bias_std_dev_scale": 0.1, "bias_covariance": 0.0030250000000000008, "bias_height_fraction": 0.1, "bias_height": 3.8000000000000003, "perturbation_size": 0.001, "optimizer": "FIRE"}