{"found_minima": [[0.6234994051229935, 0.028037758632698632], [-0.05001082154894451, 0.4666941049013101], [-0.5582236338557494, 1.4417258427216195]], "found_saddles": [[0.08708823308081864, 0.4650299389611074], [0.13168111994740453, 0.43213280496437023]], "bias_count": 382, "energy_calls_at_each_min": [13, 5603, 6177], "force_calls_at_each_min": [13, 5603, 6177], "run_id": 1196, "seed": 7, "bias_std_dev_scale": 0.125, "bias_covariance": 0.004726562500000001, "bias_height_fraction": 0.01, "bias_height": 0.38, "perturbation_size": 0.001, "optimizer": "Scipy"}