{"found_minima": [[0.6234994051229935, 0.028037758632698632], [-0.5582236361750054, 1.4417258415663472]], "found_saddles": [[-1.1259051475779542, 0.7797311663034805]], "bias_count": 5000, "energy_calls_at_each_min": [13, 1934], "force_calls_at_each_min": [13, 1934], "run_id": 350, "seed": 1, "bias_std_dev_scale": 0.3333333333333333, "bias_covariance": 0.03361111111111112, "bias_height_fraction": 0.01, "bias_height": 0.38, "perturbation_size": 0.01, "optimizer": "Scipy"}