{"found_minima": [[0.623499405875948, 0.02803775524263026], [-0.050010858129006824, 0.46669411666271315], [-0.5582236398710727, 1.4417258382348603]], "found_saddles": [[0.23800676490113915, 0.28606246687115544], [-0.8116119467086604, 0.65383498540642]], "bias_count": 2356, "energy_calls_at_each_min": [101, 49026, 309446], "force_calls_at_each_min": [101, 49026, 309446], "run_id": 1162, "seed": 3, "bias_std_dev_scale": 0.125, "bias_covariance": 0.004726562500000001, "bias_height_fraction": 0.01, "bias_height": 0.38, "perturbation_size": 0.005, "optimizer": "FIRE"}