{"found_minima": [[0.623499405875948, 0.02803775524263026], [-0.05001078602111769, 0.46669410140505774], [-0.558223655354933, 1.441725820632395]], "found_saddles": [[0.1993660398136304, 0.2921602093414382], [-0.8207525345599188, 0.6171593461265746]], "bias_count": 1211, "energy_calls_at_each_min": [101, 24157, 150866], "force_calls_at_each_min": [101, 24157, 150866], "run_id": 1420, "seed": 1, "bias_std_dev_scale": 0.1, "bias_covariance": 0.0030250000000000008, "bias_height_fraction": 0.03333333333333333, "bias_height": 1.2666666666666666, "perturbation_size": 0.001, "optimizer": "FIRE"}