{"found_minima": [[0.6234994051229935, 0.028037758632698632], [-0.5582236335512576, 1.441725842314648], [-0.05001082279708839, 0.46669410472776046]], "found_saddles": [[0.9662957248352644, 0.45814319127883785], [-0.010134475855989034, 1.4875327764719468]], "bias_count": 6, "energy_calls_at_each_min": [13, 31, 81], "force_calls_at_each_min": [13, 31, 81], "run_id": 1217, "seed": 8, "bias_std_dev_scale": 0.1, "bias_covariance": 0.0030250000000000008, "bias_height_fraction": 0.2, "bias_height": 7.6000000000000005, "perturbation_size": 0.55, "optimizer": "Scipy"}