{"found_minima": [[0.6234994051229935, 0.028037758632698632], [-0.05001082323754106, 0.46669410432570957], [-0.5582236345971658, 1.4417258416819214]], "found_saddles": [[0.42965194183527433, 0.542744627614371], [-0.2486815443415795, 0.9182274040554912]], "bias_count": 8, "energy_calls_at_each_min": [13, 30, 121], "force_calls_at_each_min": [13, 30, 121], "run_id": 1690, "seed": 1, "bias_std_dev_scale": 0.07142857142857142, "bias_covariance": 0.0015433673469387754, "bias_height_fraction": 0.1, "bias_height": 3.8000000000000003, "perturbation_size": 0.55, "optimizer": "Scipy"}