{"found_minima": [[0.6234994051229935, 0.028037758632698632], [-0.05001081725547324, 0.466694107452347], [-0.5582236314053931, 1.4417258439183762]], "found_saddles": [[-0.08899521681097367, 0.442721942202764], [0.1324172030518339, 0.4176342938006933]], "bias_count": 316, "energy_calls_at_each_min": [13, 4263, 4745], "force_calls_at_each_min": [13, 4263, 4745], "run_id": 1159, "seed": 10, "bias_std_dev_scale": 0.125, "bias_covariance": 0.004726562500000001, "bias_height_fraction": 0.01, "bias_height": 0.38, "perturbation_size": 0.01, "optimizer": "Scipy"}