{"found_minima": [[0.623499405875948, 0.02803775524263026], [-0.05001079743422843, 0.46669409715869725], [-0.5582236554752057, 1.4417258208243633]], "found_saddles": [[0.21397053920569345, 0.28827018879216393], [-0.8192231879345909, 0.5988675585515385]], "bias_count": 1804, "energy_calls_at_each_min": [101, 35459, 219513], "force_calls_at_each_min": [101, 35459, 219513], "run_id": 1489, "seed": 10, "bias_std_dev_scale": 0.1, "bias_covariance": 0.0030250000000000008, "bias_height_fraction": 0.02, "bias_height": 0.76, "perturbation_size": 0.005, "optimizer": "FIRE"}