{"found_minima": [[0.6234994051229935, 0.028037758632698632], [-0.05001082366215184, 0.46669410474385037], [-0.5582236345640568, 1.4417258417552377]], "found_saddles": [[-0.09340648857695277, 0.4480753608420021], [0.019166771365560747, 0.5428383315106613]], "bias_count": 23, "energy_calls_at_each_min": [13, 462, 516], "force_calls_at_each_min": [13, 462, 516], "run_id": 1250, "seed": 1, "bias_std_dev_scale": 0.1, "bias_covariance": 0.0030250000000000008, "bias_height_fraction": 0.2, "bias_height": 7.6000000000000005, "perturbation_size": 0.005, "optimizer": "Scipy"}