{"found_minima": [[0.623499405875948, 0.02803775524263026], [-0.5582225723603872, 1.441727197817284]], "found_saddles": [[-0.832610845711277, 0.5958694727071864]], "bias_count": 5000, "energy_calls_at_each_min": [101, 24173], "force_calls_at_each_min": [101, 24173], "run_id": 180, "seed": 1, "bias_std_dev_scale": 0.3333333333333333, "bias_covariance": 0.03361111111111112, "bias_height_fraction": 0.03333333333333333, "bias_height": 1.2666666666666666, "perturbation_size": 0.01, "optimizer": "FIRE"}