{"found_minima": [[0.623499405875948, 0.02803775524263026], [-0.05010803186829491, 0.4667132835711046], [-0.5582236203115574, 1.4417258697701725]], "found_saddles": [[0.9584608528527437, -0.40819709245288627], [-0.40854116508272603, 0.049549420066502925]], "bias_count": 9, "energy_calls_at_each_min": [101, 594, 1143], "force_calls_at_each_min": [101, 594, 1143], "run_id": 81, "seed": 2, "bias_std_dev_scale": 0.3333333333333333, "bias_covariance": 0.03361111111111112, "bias_height_fraction": 0.1, "bias_height": 3.8000000000000003, "perturbation_size": 0.55, "optimizer": "FIRE"}