{"found_minima": [[0.6234994051229935, 0.028037758632698632], [-0.050010826049177864, 0.4666941046000058], [-0.5582236347310119, 1.441725841204858]], "found_saddles": [[-0.1188828780460468, 0.4429713980298998], [0.22292704650137635, 0.30292561374629373]], "bias_count": 769, "energy_calls_at_each_min": [13, 7802, 15246], "force_calls_at_each_min": [13, 7802, 15246], "run_id": 1598, "seed": 9, "bias_std_dev_scale": 0.1, "bias_covariance": 0.0030250000000000008, "bias_height_fraction": 0.01, "bias_height": 0.38, "perturbation_size": 0.001, "optimizer": "Scipy"}