{"found_minima": [[0.6234994051229935, 0.028037758632698632], [-0.0500108211197709, 0.46669410504615977], [-0.5582236298857135, 1.4417258461960893]], "found_saddles": [[0.5499110953268342, -0.517017064904663], [0.38981624384990504, -0.46984996679714386]], "bias_count": 9, "energy_calls_at_each_min": [13, 25, 127], "force_calls_at_each_min": [13, 25, 127], "run_id": 291, "seed": 2, "bias_std_dev_scale": 0.2, "bias_covariance": 0.012100000000000003, "bias_height_fraction": 0.03333333333333333, "bias_height": 1.2666666666666666, "perturbation_size": 0.55, "optimizer": "Scipy"}