{"found_minima": [[0.623499405875948, 0.02803775524263026], [-0.5582220751024354, 1.4417277864640665]], "found_saddles": [[-0.8487242249856253, 0.5914595241834724]], "bias_count": 5000, "energy_calls_at_each_min": [101, 6851], "force_calls_at_each_min": [101, 6851], "run_id": 140, "seed": 1, "bias_std_dev_scale": 0.3333333333333333, "bias_covariance": 0.03361111111111112, "bias_height_fraction": 0.1, "bias_height": 3.8000000000000003, "perturbation_size": 0.001, "optimizer": "FIRE"}