{"found_minima": [[0.6234994051229935, 0.028037758632698632], [-0.05001082375348589, 0.46669410501768577], [-0.5582236346317954, 1.4417258418057841]], "found_saddles": [[-0.2985241658325459, 0.43603631223268763], [0.12506286649217746, 0.427425633543611]], "bias_count": 211, "energy_calls_at_each_min": [13, 3415, 3659], "force_calls_at_each_min": [13, 3415, 3659], "run_id": 1092, "seed": 3, "bias_std_dev_scale": 0.125, "bias_covariance": 0.004726562500000001, "bias_height_fraction": 0.02, "bias_height": 0.76, "perturbation_size": 0.005, "optimizer": "Scipy"}