{"found_minima": [[0.623499405875948, 0.02803775524263026], [-0.05001086964363028, 0.46669411627554486], [-0.5582236560418623, 1.441725819860226]], "found_saddles": [[0.2208495107985479, 0.3054516673132792], [-0.7911748980981247, 0.6246253121916858]], "bias_count": 1058, "energy_calls_at_each_min": [101, 20391, 122773], "force_calls_at_each_min": [101, 20391, 122773], "run_id": 1402, "seed": 3, "bias_std_dev_scale": 0.1, "bias_covariance": 0.0030250000000000008, "bias_height_fraction": 0.03333333333333333, "bias_height": 1.2666666666666666, "perturbation_size": 0.005, "optimizer": "FIRE"}