{"found_minima": [[0.623499405875948, 0.02803775524263026], [-0.5582220998644433, 1.4417277929710746]], "found_saddles": [[-0.2487366687133566, 0.14198111929557322]], "bias_count": 5000, "energy_calls_at_each_min": [101, 5427], "force_calls_at_each_min": [101, 5427], "run_id": 61, "seed": 2, "bias_std_dev_scale": 0.3333333333333333, "bias_covariance": 0.03361111111111112, "bias_height_fraction": 0.2, "bias_height": 7.6000000000000005, "perturbation_size": 0.001, "optimizer": "FIRE"}