{"found_minima": [[0.6234994051229935, 0.028037758632698632], [-0.5582236325752065, 1.4417258448477914], [-0.050010832748557, 0.4666941066885652]], "found_saddles": [[0.022873060486505503, 0.4695552870869064], [-0.023514939503098464, 0.4666283191793963]], "bias_count": 4180, "energy_calls_at_each_min": [13, 14150, 79391], "force_calls_at_each_min": [13, 14150, 79391], "run_id": 1954, "seed": 5, "bias_std_dev_scale": 0.07142857142857142, "bias_covariance": 0.0015433673469387754, "bias_height_fraction": 0.01, "bias_height": 0.38, "perturbation_size": 0.01, "optimizer": "Scipy"}