{"found_minima": [[0.6234994051229935, 0.028037758632698632], [-0.05001082301920294, 0.4666941044872382], [-0.5582236346330215, 1.4417258418046723]], "found_saddles": [[0.6171511747159044, -0.5219256038448183], [1.175749719603259, 0.23804674398992057]], "bias_count": 12, "energy_calls_at_each_min": [13, 43, 207], "force_calls_at_each_min": [13, 43, 207], "run_id": 1858, "seed": 9, "bias_std_dev_scale": 0.07142857142857142, "bias_covariance": 0.0015433673469387754, "bias_height_fraction": 0.02, "bias_height": 0.76, "perturbation_size": 0.55, "optimizer": "Scipy"}