{"found_minima": [[0.623499405875948, 0.02803775524263026], [-0.050010791509525726, 0.46669409780123267], [-0.5582236203969406, 1.4417258555928292]], "found_saddles": [[0.21966403300759563, 0.2978554280181911], [-0.7768398094550438, 0.6412826318753302]], "bias_count": 3690, "energy_calls_at_each_min": [101, 61886, 422519], "force_calls_at_each_min": [101, 61886, 422519], "run_id": 1867, "seed": 8, "bias_std_dev_scale": 0.07142857142857142, "bias_covariance": 0.0015433673469387754, "bias_height_fraction": 0.02, "bias_height": 0.76, "perturbation_size": 0.01, "optimizer": "FIRE"}