{"found_minima": [[0.6234994051229935, 0.028037758632698632], [-0.0500108210471107, 0.4666941050509881], [-0.5582236382539632, 1.4417258373179664]], "found_saddles": [[0.5499110953268342, -0.517017064904663], [1.020999603350531, -0.40436823513584896]], "bias_count": 39, "energy_calls_at_each_min": [13, 25, 768], "force_calls_at_each_min": [13, 25, 768], "run_id": 1931, "seed": 2, "bias_std_dev_scale": 0.07142857142857142, "bias_covariance": 0.0015433673469387754, "bias_height_fraction": 0.01, "bias_height": 0.38, "perturbation_size": 0.55, "optimizer": "Scipy"}