{"found_minima": [[0.623499405875948, 0.02803775524263026], [-0.050010856102249035, 0.4666941025500145], [-0.5582236396313018, 1.441725834139994]], "found_saddles": [[0.21183637416421966, 0.29535401841026915], [-0.8099464128593081, 0.621717340515022]], "bias_count": 2363, "energy_calls_at_each_min": [101, 51830, 310712], "force_calls_at_each_min": [101, 51830, 310712], "run_id": 1147, "seed": 8, "bias_std_dev_scale": 0.125, "bias_covariance": 0.004726562500000001, "bias_height_fraction": 0.01, "bias_height": 0.38, "perturbation_size": 0.01, "optimizer": "FIRE"}