{"found_minima": [[0.6234994051229935, 0.028037758632698632], [-0.5582236347748716, 1.4417258419437995], [-0.0500108230093924, 0.4666941048322255]], "found_saddles": [[0.34585889346857424, 0.06750268976371], [-0.10375681061601605, 0.46370606667475467]], "bias_count": 2024, "energy_calls_at_each_min": [13, 3252, 35770], "force_calls_at_each_min": [13, 3252, 35770], "run_id": 1556, "seed": 7, "bias_std_dev_scale": 0.1, "bias_covariance": 0.0030250000000000008, "bias_height_fraction": 0.01, "bias_height": 0.38, "perturbation_size": 0.01, "optimizer": "Scipy"}