{"found_minima": [[0.6234994051229935, 0.028037758632698632], [-0.05001084855991358, 0.46669411294170693], [-0.5582236345460709, 1.441725841894097]], "found_saddles": [[0.8944648526791589, -0.4505828909747823], [0.834626426905512, -0.5252846758015439]], "bias_count": 25, "energy_calls_at_each_min": [13, 31, 440], "force_calls_at_each_min": [13, 31, 440], "run_id": 1219, "seed": 10, "bias_std_dev_scale": 0.1, "bias_covariance": 0.0030250000000000008, "bias_height_fraction": 0.2, "bias_height": 7.6000000000000005, "perturbation_size": 0.55, "optimizer": "Scipy"}