{"found_minima": [[0.623499405875948, 0.02803775524263026], [-0.5582220079068568, 1.4417279065184134]], "found_saddles": [[-0.8554107726264439, 0.5860492303907301]], "bias_count": 5000, "energy_calls_at_each_min": [101, 4344], "force_calls_at_each_min": [101, 4344], "run_id": 40, "seed": 1, "bias_std_dev_scale": 0.3333333333333333, "bias_covariance": 0.03361111111111112, "bias_height_fraction": 0.2, "bias_height": 7.6000000000000005, "perturbation_size": 0.005, "optimizer": "FIRE"}