{"found_minima": [[0.6234994051229935, 0.028037758632698632], [-0.05001082775940666, 0.4666941059517415], [-0.5582236320080047, 1.441725844793475]], "found_saddles": [[0.2245160426315843, 0.21772916909261658], [0.15211347171576103, 0.40637505734295326]], "bias_count": 233, "energy_calls_at_each_min": [13, 3822, 4144], "force_calls_at_each_min": [13, 3822, 4144], "run_id": 1119, "seed": 10, "bias_std_dev_scale": 0.125, "bias_covariance": 0.004726562500000001, "bias_height_fraction": 0.02, "bias_height": 0.76, "perturbation_size": 0.001, "optimizer": "Scipy"}