{"found_minima": [[0.6234994051229935, 0.028037758632698632], [-0.05001082323754106, 0.46669410432570957], [-0.5582236346967694, 1.4417258417409469]], "found_saddles": [[0.42965194183527433, 0.542744627614371], [-0.20994349159564668, 0.9624237580418017]], "bias_count": 8, "energy_calls_at_each_min": [13, 30, 127], "force_calls_at_each_min": [13, 30, 127], "run_id": 1530, "seed": 1, "bias_std_dev_scale": 0.1, "bias_covariance": 0.0030250000000000008, "bias_height_fraction": 0.01, "bias_height": 0.38, "perturbation_size": 0.55, "optimizer": "Scipy"}