{"found_minima": [[0.623499405875948, 0.02803775524263026], [-0.050010828841993, 0.4666941079174414], [-0.5582236500325365, 1.4417258267736237]], "found_saddles": [[1.1699090592723116, -0.2653831175451966], [-0.3304936744022068, 1.0108717771007678]], "bias_count": 15, "energy_calls_at_each_min": [101, 1058, 1675], "force_calls_at_each_min": [101, 1058, 1675], "run_id": 1367, "seed": 8, "bias_std_dev_scale": 0.1, "bias_covariance": 0.0030250000000000008, "bias_height_fraction": 0.03333333333333333, "bias_height": 1.2666666666666666, "perturbation_size": 0.55, "optimizer": "FIRE"}