{"found_minima": [[0.6234994051229935, 0.028037758632698632], [-0.5582236301989387, 1.4417258500968133]], "found_saddles": [[0.09186098140428714, 0.08924538874069367]], "bias_count": 5000, "energy_calls_at_each_min": [13, 252], "force_calls_at_each_min": [13, 252], "run_id": 31, "seed": 2, "bias_std_dev_scale": 0.3333333333333333, "bias_covariance": 0.03361111111111112, "bias_height_fraction": 0.2, "bias_height": 7.6000000000000005, "perturbation_size": 0.01, "optimizer": "Scipy"}