{"found_minima": [[0.623499405875948, 0.02803775524263026], [-0.5582225261259065, 1.4417272464606514]], "found_saddles": [[-0.8288829688653476, 0.5903948696792831]], "bias_count": 5000, "energy_calls_at_each_min": [101, 7815], "force_calls_at_each_min": [101, 7815], "run_id": 101, "seed": 2, "bias_std_dev_scale": 0.3333333333333333, "bias_covariance": 0.03361111111111112, "bias_height_fraction": 0.1, "bias_height": 3.8000000000000003, "perturbation_size": 0.01, "optimizer": "FIRE"}