{"found_minima": [[0.623499405875948, 0.02803775524263026], [-0.05001083332614372, 0.46669411277670586], [-0.5582236443890756, 1.4417258300618367]], "found_saddles": [[0.21726955526515004, 0.2813901721320499], [-0.8252803852311195, 0.6257438690588337]], "bias_count": 3608, "energy_calls_at_each_min": [101, 79789, 480381], "force_calls_at_each_min": [101, 79789, 480381], "run_id": 1545, "seed": 6, "bias_std_dev_scale": 0.1, "bias_covariance": 0.0030250000000000008, "bias_height_fraction": 0.01, "bias_height": 0.38, "perturbation_size": 0.01, "optimizer": "FIRE"}