{"found_minima": [[0.6234994051229935, 0.028037758632698632], [-0.05567991763475255, 0.46800598550261363], [-0.55822289141543, 1.4417268057363082]], "found_saddles": [[-0.01876184429850607, 0.47140601294315027], [-0.04872961216096519, 0.09844433125585027]], "bias_count": 26, "energy_calls_at_each_min": [13, 117, 449], "force_calls_at_each_min": [13, 117, 449], "run_id": 79, "seed": 10, "bias_std_dev_scale": 0.3333333333333333, "bias_covariance": 0.03361111111111112, "bias_height_fraction": 0.2, "bias_height": 7.6000000000000005, "perturbation_size": 0.001, "optimizer": "Scipy"}