{"found_minima": [[0.6234994051229935, 0.028037758632698632], [-0.05003514942434531, 0.46669890450818724], [-0.5582236366466673, 1.4417258416984216]], "found_saddles": [[0.5499110953268342, -0.517017064904663], [0.3898284554809915, -0.4698517751170228]], "bias_count": 6, "energy_calls_at_each_min": [13, 26, 95], "force_calls_at_each_min": [13, 26, 95], "run_id": 91, "seed": 2, "bias_std_dev_scale": 0.3333333333333333, "bias_covariance": 0.03361111111111112, "bias_height_fraction": 0.1, "bias_height": 3.8000000000000003, "perturbation_size": 0.55, "optimizer": "Scipy"}