{"found_minima": [[0.6234994051229935, 0.028037758632698632], [-0.05001082799640301, 0.4666941028575797], [-0.5582236347967481, 1.4417258418196435]], "found_saddles": [[0.23306014501482347, 0.1774804615206156], [0.08880835662253136, 0.44060042704962954]], "bias_count": 280, "energy_calls_at_each_min": [13, 5090, 5233], "force_calls_at_each_min": [13, 5090, 5233], "run_id": 1473, "seed": 4, "bias_std_dev_scale": 0.1, "bias_covariance": 0.0030250000000000008, "bias_height_fraction": 0.02, "bias_height": 0.76, "perturbation_size": 0.01, "optimizer": "Scipy"}