{"found_minima": [[0.623499405875948, 0.02803775524263026], [-0.5582226770561562, 1.441727079482191]], "found_saddles": [[-0.8533009729776071, 0.6099557588414158]], "bias_count": 5000, "energy_calls_at_each_min": [101, 20631], "force_calls_at_each_min": [101, 20631], "run_id": 189, "seed": 10, "bias_std_dev_scale": 0.3333333333333333, "bias_covariance": 0.03361111111111112, "bias_height_fraction": 0.03333333333333333, "bias_height": 1.2666666666666666, "perturbation_size": 0.01, "optimizer": "FIRE"}