{"found_minima": [[0.6234994051229935, 0.028037758632698632], [-0.050010835746938535, 0.4666941036633322], [-0.5582236338302128, 1.4417258415699628]], "found_saddles": [[0.19627504911568222, 0.4213126859875497], [-0.150724590598209, 0.47688722576788367]], "bias_count": 402, "energy_calls_at_each_min": [13, 6194, 6369], "force_calls_at_each_min": [13, 6194, 6369], "run_id": 1178, "seed": 9, "bias_std_dev_scale": 0.125, "bias_covariance": 0.004726562500000001, "bias_height_fraction": 0.01, "bias_height": 0.38, "perturbation_size": 0.005, "optimizer": "Scipy"}