{"found_minima": [[0.623499405875948, 0.02803775524263026], [-0.5582225616704652, 1.4417272160523538]], "found_saddles": [[-0.8251006264120552, 0.5854413284646087]], "bias_count": 5000, "energy_calls_at_each_min": [101, 67439], "force_calls_at_each_min": [101, 67439], "run_id": 361, "seed": 2, "bias_std_dev_scale": 0.3333333333333333, "bias_covariance": 0.03361111111111112, "bias_height_fraction": 0.01, "bias_height": 0.38, "perturbation_size": 0.005, "optimizer": "FIRE"}