{"found_minima": [[0.623499405875948, 0.02803775524263026], [-0.05001086201659261, 0.466694103710975], [-0.5582236502840922, 1.4417258264249728]], "found_saddles": [[0.21230265534010953, 0.2931956852659663], [-0.8305782854566002, 0.6245394729127791]], "bias_count": 1205, "energy_calls_at_each_min": [101, 22280, 154043], "force_calls_at_each_min": [101, 22280, 154043], "run_id": 1102, "seed": 3, "bias_std_dev_scale": 0.125, "bias_covariance": 0.004726562500000001, "bias_height_fraction": 0.02, "bias_height": 0.76, "perturbation_size": 0.001, "optimizer": "FIRE"}