{"found_minima": [[0.6234994051229935, 0.028037758632698632], [-0.05001080887229635, 0.4666941066495806], [-0.5582236343941531, 1.4417258422445833]], "found_saddles": [[0.2935316144195526, 0.4680619137631758], [1.0962414011483594, -0.2530583345846216]], "bias_count": 11, "energy_calls_at_each_min": [13, 24, 188], "force_calls_at_each_min": [13, 24, 188], "run_id": 1534, "seed": 5, "bias_std_dev_scale": 0.1, "bias_covariance": 0.0030250000000000008, "bias_height_fraction": 0.01, "bias_height": 0.38, "perturbation_size": 0.55, "optimizer": "Scipy"}