{"found_minima": [[0.6234994051229935, 0.028037758632698632], [-0.5582236327853738, 1.4417258392366543], [-0.05001081035526732, 0.46669410287195895]], "found_saddles": [[0.3541605395361969, 0.08427842778462355], [-1.0422224754158391, 0.8142292526674216]], "bias_count": 324, "energy_calls_at_each_min": [13, 467, 8620], "force_calls_at_each_min": [13, 467, 8620], "run_id": 1354, "seed": 5, "bias_std_dev_scale": 0.1, "bias_covariance": 0.0030250000000000008, "bias_height_fraction": 0.1, "bias_height": 3.8000000000000003, "perturbation_size": 0.001, "optimizer": "Scipy"}