{"found_minima": [[0.6234994051229935, 0.028037758632698632], [-0.05001082824036894, 0.46669410609919815], [-0.5582236341424889, 1.4417258422839316]], "found_saddles": [[0.16460482990505437, 0.331213893636012], [1.0556761258438097, -0.3828829678464014]], "bias_count": 25, "energy_calls_at_each_min": [13, 26, 477], "force_calls_at_each_min": [13, 26, 477], "run_id": 1376, "seed": 7, "bias_std_dev_scale": 0.1, "bias_covariance": 0.0030250000000000008, "bias_height_fraction": 0.03333333333333333, "bias_height": 1.2666666666666666, "perturbation_size": 0.55, "optimizer": "Scipy"}