{"found_minima": [[0.623499405875948, 0.02803775524263026], [-0.050010861734634184, 0.46669411031363983], [-0.5582236334401199, 1.4417258384297296]], "found_saddles": [[0.2935316151725071, 0.4680619103731074], [-0.26902957863117855, 1.0288306348460838]], "bias_count": 4, "energy_calls_at_each_min": [101, 225, 448], "force_calls_at_each_min": [101, 225, 448], "run_id": 404, "seed": 5, "bias_std_dev_scale": 0.2, "bias_covariance": 0.012100000000000003, "bias_height_fraction": 0.2, "bias_height": 7.6000000000000005, "perturbation_size": 0.55, "optimizer": "FIRE"}