{"found_minima": [[0.6234994051229935, 0.028037758632698632], [-0.05001082147192097, 0.46669410184415405], [-0.5582236342531689, 1.4417258421846406]], "found_saddles": [[0.2452812640289774, 0.2286485738539466], [0.1639508892560735, 0.3144987866374834]], "bias_count": 258, "energy_calls_at_each_min": [13, 3639, 4461], "force_calls_at_each_min": [13, 3639, 4461], "run_id": 1098, "seed": 9, "bias_std_dev_scale": 0.125, "bias_covariance": 0.004726562500000001, "bias_height_fraction": 0.02, "bias_height": 0.76, "perturbation_size": 0.005, "optimizer": "Scipy"}