{"found_minima": [[0.6234994051229935, 0.028037758632698632], [-0.5582236349720755, 1.4417258415253724], [-0.05001082328458563, 0.466694104714977]], "found_saddles": [[0.29878491393711304, 0.004690527138734564], [0.21362290759726316, -0.03305846319648615]], "bias_count": 316, "energy_calls_at_each_min": [13, 664, 7149], "force_calls_at_each_min": [13, 664, 7149], "run_id": 1339, "seed": 10, "bias_std_dev_scale": 0.1, "bias_covariance": 0.0030250000000000008, "bias_height_fraction": 0.1, "bias_height": 3.8000000000000003, "perturbation_size": 0.005, "optimizer": "Scipy"}