{"found_minima": [[0.623499405875948, 0.02803775524263026], [-0.05001083930900831, 0.4666941125080179], [-0.5582236416455314, 1.4417258326742965]], "found_saddles": [[0.2388232346609355, 0.3149195416313012], [-0.8116156490567701, 0.6314538031569144]], "bias_count": 3677, "energy_calls_at_each_min": [101, 64740, 439059], "force_calls_at_each_min": [101, 64740, 439059], "run_id": 1901, "seed": 2, "bias_std_dev_scale": 0.07142857142857142, "bias_covariance": 0.0015433673469387754, "bias_height_fraction": 0.02, "bias_height": 0.76, "perturbation_size": 0.001, "optimizer": "FIRE"}