{"found_minima": [[0.623499405875948, 0.02803775524263026], [-0.05001086529319644, 0.4666941061987106], [-0.5582236403149918, 1.441725835974007]], "found_saddles": [[0.9378268129312234, -0.42329171778724567], [1.0347220498251095, -0.414831566317238]], "bias_count": 41, "energy_calls_at_each_min": [101, 1076, 4978], "force_calls_at_each_min": [101, 1076, 4978], "run_id": 1043, "seed": 4, "bias_std_dev_scale": 0.125, "bias_covariance": 0.004726562500000001, "bias_height_fraction": 0.02, "bias_height": 0.76, "perturbation_size": 0.55, "optimizer": "FIRE"}