{"found_minima": [[0.623499405875948, 0.02803775524263026], [-0.050010863769400435, 0.4666941044998857], [-0.5582236373007106, 1.4417258434069262]], "found_saddles": [[0.8944648534321133, -0.4505828943648507], [1.269326374875908, -0.1992508736405597]], "bias_count": 23, "energy_calls_at_each_min": [101, 555, 2639], "force_calls_at_each_min": [101, 555, 2639], "run_id": 1689, "seed": 10, "bias_std_dev_scale": 0.07142857142857142, "bias_covariance": 0.0015433673469387754, "bias_height_fraction": 0.1, "bias_height": 3.8000000000000003, "perturbation_size": 0.55, "optimizer": "FIRE"}