{"found_minima": [[0.623499405875948, 0.02803775524263026], [-0.05001078020349107, 0.4666941007863418], [-0.5582236207159263, 1.4417258563606148]], "found_saddles": [[0.2309408673785049, 0.3017316051748817], [-0.8270239049486786, 0.6230634898734134]], "bias_count": 3617, "energy_calls_at_each_min": [101, 74475, 480708], "force_calls_at_each_min": [101, 74475, 480708], "run_id": 1565, "seed": 6, "bias_std_dev_scale": 0.1, "bias_covariance": 0.0030250000000000008, "bias_height_fraction": 0.01, "bias_height": 0.38, "perturbation_size": 0.005, "optimizer": "FIRE"}