{"found_minima": [[0.6234994051229935, 0.028037758632698632], [-0.5582236343174881, 1.4417258415398093], [-0.05001081733431925, 0.466694098580427]], "found_saddles": [[0.2324181579494059, 0.14283114829820598], [0.06416062319178417, 0.475884079384998]], "bias_count": 271, "energy_calls_at_each_min": [13, 909, 5542], "force_calls_at_each_min": [13, 909, 5542], "run_id": 1318, "seed": 9, "bias_std_dev_scale": 0.1, "bias_covariance": 0.0030250000000000008, "bias_height_fraction": 0.1, "bias_height": 3.8000000000000003, "perturbation_size": 0.01, "optimizer": "Scipy"}