{"found_minima": [[0.6234994051229935, 0.028037758632698632], [-0.5582236356644326, 1.4417258407227964]], "found_saddles": [[0.216067650367062, 0.11176657765898562]], "bias_count": 5000, "energy_calls_at_each_min": [13, 1086], "force_calls_at_each_min": [13, 1086], "run_id": 318, "seed": 9, "bias_std_dev_scale": 0.3333333333333333, "bias_covariance": 0.03361111111111112, "bias_height_fraction": 0.02, "bias_height": 0.76, "perturbation_size": 0.001, "optimizer": "Scipy"}