{"found_minima": [[0.623499405875948, 0.02803775524263026], [-0.050010862700337444, 0.4666941065803988]], "found_saddles": [[0.21277356131152292, 0.2985192043147273]], "bias_count": 5000, "energy_calls_at_each_min": [101, 131928], "force_calls_at_each_min": [101, 131928], "run_id": 1968, "seed": 9, "bias_std_dev_scale": 0.07142857142857142, "bias_covariance": 0.0015433673469387754, "bias_height_fraction": 0.01, "bias_height": 0.38, "perturbation_size": 0.005, "optimizer": "FIRE"}