{"found_minima": [[0.6234994051229935, 0.028037758632698632], [-0.5582236336783896, 1.4417258406485698], [-0.05001082313143815, 0.4666941050120099]], "found_saddles": [[0.28484590108521685, 0.10126743572403851], [-0.16377617103335895, 0.47320955123958475]], "bias_count": 1292, "energy_calls_at_each_min": [13, 3969, 27593], "force_calls_at_each_min": [13, 3969, 27593], "run_id": 1818, "seed": 9, "bias_std_dev_scale": 0.07142857142857142, "bias_covariance": 0.0015433673469387754, "bias_height_fraction": 0.03333333333333333, "bias_height": 1.2666666666666666, "perturbation_size": 0.005, "optimizer": "Scipy"}