{"found_minima": [[0.623499405875948, 0.02803775524263026], [-0.5582225089958427, 1.4417272664197043]], "found_saddles": [[-0.8328569058984467, 0.5958940697029328]], "bias_count": 5000, "energy_calls_at_each_min": [101, 60439], "force_calls_at_each_min": [101, 60439], "run_id": 349, "seed": 10, "bias_std_dev_scale": 0.3333333333333333, "bias_covariance": 0.03361111111111112, "bias_height_fraction": 0.01, "bias_height": 0.38, "perturbation_size": 0.01, "optimizer": "FIRE"}