{"found_minima": [[0.6234994051229935, 0.028037758632698632], [-0.5582234848859081, 1.4417260532377925]], "found_saddles": [[0.36069708205091805, 0.3767970898578282]], "bias_count": 5000, "energy_calls_at_each_min": [13, 644], "force_calls_at_each_min": [13, 644], "run_id": 154, "seed": 5, "bias_std_dev_scale": 0.3333333333333333, "bias_covariance": 0.03361111111111112, "bias_height_fraction": 0.1, "bias_height": 3.8000000000000003, "perturbation_size": 0.001, "optimizer": "Scipy"}