{"found_minima": [[0.6234994051229935, 0.028037758632698632], [-0.05001085161945129, 0.4666941100088676], [-0.5582236346428676, 1.4417258417921062]], "found_saddles": [[0.7538983309615515, 0.5623561282777543], [0.7122436385884678, -0.40713392419116146]], "bias_count": 16, "energy_calls_at_each_min": [13, 62, 270], "force_calls_at_each_min": [13, 62, 270], "run_id": 412, "seed": 3, "bias_std_dev_scale": 0.2, "bias_covariance": 0.012100000000000003, "bias_height_fraction": 0.2, "bias_height": 7.6000000000000005, "perturbation_size": 0.55, "optimizer": "Scipy"}