{"found_minima": [[0.6234994051229935, 0.028037758632698632], [-0.050010818973423056, 0.46669410388481875], [-0.5582236352094323, 1.4417258423100374]], "found_saddles": [[1.0107558021600256, 0.4185918311353425], [1.1123621810223183, 0.2800559919769097]], "bias_count": 16, "energy_calls_at_each_min": [13, 57, 254], "force_calls_at_each_min": [13, 57, 254], "run_id": 1052, "seed": 3, "bias_std_dev_scale": 0.125, "bias_covariance": 0.004726562500000001, "bias_height_fraction": 0.02, "bias_height": 0.76, "perturbation_size": 0.55, "optimizer": "Scipy"}