{"found_minima": [[0.623499405875948, 0.02803775524263026], [-0.050010868225915446, 0.466694115553796], [-0.558223619234415, 1.441725858234351]], "found_saddles": [[0.2082471341263738, 0.28616177334672477], [-0.828048846023816, 0.6130298245401805]], "bias_count": 777, "energy_calls_at_each_min": [101, 13924, 96622], "force_calls_at_each_min": [101, 13924, 96622], "run_id": 1023, "seed": 4, "bias_std_dev_scale": 0.125, "bias_covariance": 0.004726562500000001, "bias_height_fraction": 0.03333333333333333, "bias_height": 1.2666666666666666, "perturbation_size": 0.001, "optimizer": "FIRE"}