{"found_minima": [[0.623499405875948, 0.02803775524263026], [-0.05001078648871637, 0.4666941067524263], [-0.5582236462156394, 1.4417258303291713]], "found_saddles": [[0.19838550206603953, 0.28743569398034147], [-0.8196994680845704, 0.6274445223000372]], "bias_count": 2074, "energy_calls_at_each_min": [101, 34604, 238110], "force_calls_at_each_min": [101, 34604, 238110], "run_id": 1786, "seed": 7, "bias_std_dev_scale": 0.07142857142857142, "bias_covariance": 0.0015433673469387754, "bias_height_fraction": 0.03333333333333333, "bias_height": 1.2666666666666666, "perturbation_size": 0.01, "optimizer": "FIRE"}