{"found_minima": [[0.623499405875948, 0.02803775524263026], [-0.05001079244309842, 0.46669409636824893], [-0.5582236358705958, 1.4417258426084936]], "found_saddles": [[0.16460483065800885, 0.3312138902459436], [1.079061628927684, -0.38015471066757683]], "bias_count": 48, "energy_calls_at_each_min": [101, 221, 5919], "force_calls_at_each_min": [101, 221, 5919], "run_id": 1926, "seed": 7, "bias_std_dev_scale": 0.07142857142857142, "bias_covariance": 0.0015433673469387754, "bias_height_fraction": 0.01, "bias_height": 0.38, "perturbation_size": 0.55, "optimizer": "FIRE"}