{"found_minima": [[0.623499405875948, 0.02803775524263026], [-0.5582225531127764, 1.4417272191248294]], "found_saddles": [[-0.8372392910730087, 0.5997867465000652]], "bias_count": 5000, "energy_calls_at_each_min": [101, 30679], "force_calls_at_each_min": [101, 30679], "run_id": 266, "seed": 7, "bias_std_dev_scale": 0.3333333333333333, "bias_covariance": 0.03361111111111112, "bias_height_fraction": 0.02, "bias_height": 0.76, "perturbation_size": 0.01, "optimizer": "FIRE"}