{"found_minima": [[0.623499405875948, 0.02803775524263026], [-0.05001084194129953, 0.4666941123122917]], "found_saddles": [[0.20923306214348725, 0.2982302794947248]], "bias_count": 5000, "energy_calls_at_each_min": [101, 145994], "force_calls_at_each_min": [101, 145994], "run_id": 1981, "seed": 2, "bias_std_dev_scale": 0.07142857142857142, "bias_covariance": 0.0015433673469387754, "bias_height_fraction": 0.01, "bias_height": 0.38, "perturbation_size": 0.001, "optimizer": "FIRE"}