{"found_minima": [[0.6234994051229935, 0.028037758632698632], [-0.5582236335512576, 1.441725842314648], [-0.05001082242055785, 0.46669410523964105]], "found_saddles": [[0.9662957248352644, 0.45814319127883785], [-0.8482727146795608, 1.9284416044390427]], "bias_count": 13, "energy_calls_at_each_min": [13, 31, 205], "force_calls_at_each_min": [13, 31, 205], "run_id": 1377, "seed": 8, "bias_std_dev_scale": 0.1, "bias_covariance": 0.0030250000000000008, "bias_height_fraction": 0.03333333333333333, "bias_height": 1.2666666666666666, "perturbation_size": 0.55, "optimizer": "Scipy"}