{"found_minima": [[0.6234994051229935, 0.028037758632698632], [-0.05001084855991359, 0.46669411294170693], [-0.5582236332339081, 1.4417258423719526]], "found_saddles": [[0.8944648526791589, -0.4505828909747823], [0.6554373260656505, -0.515928873981805]], "bias_count": 20, "energy_calls_at_each_min": [13, 31, 373], "force_calls_at_each_min": [13, 31, 373], "run_id": 1939, "seed": 10, "bias_std_dev_scale": 0.07142857142857142, "bias_covariance": 0.0015433673469387754, "bias_height_fraction": 0.01, "bias_height": 0.38, "perturbation_size": 0.55, "optimizer": "Scipy"}