{"found_minima": [[0.6234994051229935, 0.028037758632698632], [-0.05001082300064406, 0.46669410487225993], [-0.5582236349290906, 1.4417258413525975]], "found_saddles": [[-0.053080949333397576, 0.46412264408237147], [-0.17317633501688962, 0.47961318044821694]], "bias_count": 285, "energy_calls_at_each_min": [13, 3869, 4141], "force_calls_at_each_min": [13, 3869, 4141], "run_id": 1153, "seed": 4, "bias_std_dev_scale": 0.125, "bias_covariance": 0.004726562500000001, "bias_height_fraction": 0.01, "bias_height": 0.38, "perturbation_size": 0.01, "optimizer": "Scipy"}