{"found_minima": [[0.623499405875948, 0.02803775524263026], [-0.05001077881909482, 0.46669410043108817], [-0.558223643656811, 1.4417258332033756]], "found_saddles": [[0.19973526756453452, 0.28560022377375305], [-0.8221784644720821, 0.6151713112601124]], "bias_count": 3465, "energy_calls_at_each_min": [101, 63237, 414006], "force_calls_at_each_min": [101, 63237, 414006], "run_id": 1909, "seed": 10, "bias_std_dev_scale": 0.07142857142857142, "bias_covariance": 0.0015433673469387754, "bias_height_fraction": 0.02, "bias_height": 0.76, "perturbation_size": 0.001, "optimizer": "FIRE"}