{"found_minima": [[0.623499405875948, 0.02803775524263026], [-0.05001078494581457, 0.46669410169227055], [-0.5582236551627027, 1.4417258214603608]], "found_saddles": [[0.14400698838646492, 0.1186791270443919], [-0.8393437191715026, 0.6047764808351034]], "bias_count": 1999, "energy_calls_at_each_min": [101, 42514, 227892], "force_calls_at_each_min": [101, 42514, 227892], "run_id": 1801, "seed": 2, "bias_std_dev_scale": 0.07142857142857142, "bias_covariance": 0.0015433673469387754, "bias_height_fraction": 0.03333333333333333, "bias_height": 1.2666666666666666, "perturbation_size": 0.005, "optimizer": "FIRE"}