{"found_minima": [[0.623499405875948, 0.02803775524263026], [-0.05001086263546858, 0.46669410615608786], [-0.5582236188988023, 1.4417258565962132]], "found_saddles": [[0.20654503914822314, 0.30248826259417716], [-0.8344893998859653, 0.6290310983087016]], "bias_count": 1201, "energy_calls_at_each_min": [101, 24214, 149379], "force_calls_at_each_min": [101, 24214, 149379], "run_id": 1064, "seed": 5, "bias_std_dev_scale": 0.125, "bias_covariance": 0.004726562500000001, "bias_height_fraction": 0.02, "bias_height": 0.76, "perturbation_size": 0.01, "optimizer": "FIRE"}