{"found_minima": [[0.6234994051229935, 0.028037758632698632], [-0.5582236345260607, 1.441725842087532], [-0.050010825584949514, 0.4666941102938359]], "found_saddles": [[0.3172069944308069, 0.026088512251647336], [-0.24690973621413748, 0.4657095584552762]], "bias_count": 292, "energy_calls_at_each_min": [13, 579, 6076], "force_calls_at_each_min": [13, 579, 6076], "run_id": 1315, "seed": 6, "bias_std_dev_scale": 0.1, "bias_covariance": 0.0030250000000000008, "bias_height_fraction": 0.1, "bias_height": 3.8000000000000003, "perturbation_size": 0.01, "optimizer": "Scipy"}