{"found_minima": [[0.623499405875948, 0.02803775524263026], [-0.050010800682652554, 0.4666941080676713], [-0.5582236378358368, 1.4417258353406635]], "found_saddles": [[0.19671026417411566, 0.2878933186148642], [-0.8431348269358644, 0.6009649139071704]], "bias_count": 280, "energy_calls_at_each_min": [101, 9048, 31908], "force_calls_at_each_min": [101, 9048, 31908], "run_id": 1307, "seed": 8, "bias_std_dev_scale": 0.1, "bias_covariance": 0.0030250000000000008, "bias_height_fraction": 0.1, "bias_height": 3.8000000000000003, "perturbation_size": 0.01, "optimizer": "FIRE"}