{"found_minima": [[0.623499405875948, 0.02803775524263026], [-0.05001086678564361, 0.46669410975598663], [-0.5582236500986648, 1.4417258251014775]], "found_saddles": [[0.24356504702288106, 0.30968772464418526], [-0.8654101466690317, 0.6108038426559887]], "bias_count": 1080, "energy_calls_at_each_min": [101, 19929, 132655], "force_calls_at_each_min": [101, 19929, 132655], "run_id": 1425, "seed": 6, "bias_std_dev_scale": 0.1, "bias_covariance": 0.0030250000000000008, "bias_height_fraction": 0.03333333333333333, "bias_height": 1.2666666666666666, "perturbation_size": 0.001, "optimizer": "FIRE"}