{"found_minima": [[0.6234994051229935, 0.028037758632698632], [-0.050010822788888375, 0.4666941048534742], [-0.5582236406029594, 1.441725835450223]], "found_saddles": [[-0.024995273850226485, 0.46426168969564297], [-0.19864376545123336, 0.480124287162288]], "bias_count": 824, "energy_calls_at_each_min": [13, 11981, 16357], "force_calls_at_each_min": [13, 11981, 16357], "run_id": 1956, "seed": 7, "bias_std_dev_scale": 0.07142857142857142, "bias_covariance": 0.0015433673469387754, "bias_height_fraction": 0.01, "bias_height": 0.38, "perturbation_size": 0.01, "optimizer": "Scipy"}