{"found_minima": [[0.623499405875948, 0.02803775524263026], [-0.05001086466914701, 0.4666941085023778], [-0.5582236413314006, 1.4417258343350186]], "found_saddles": [[1.0503719745152749, -0.370503623356498], [1.2291536487710777, -0.2352981409787318]], "bias_count": 82, "energy_calls_at_each_min": [101, 1296, 10378], "force_calls_at_each_min": [101, 1296, 10378], "run_id": 1843, "seed": 4, "bias_std_dev_scale": 0.07142857142857142, "bias_covariance": 0.0015433673469387754, "bias_height_fraction": 0.02, "bias_height": 0.76, "perturbation_size": 0.55, "optimizer": "FIRE"}