{"found_minima": [[0.623499405875948, 0.02803775524263026], [-0.050010838338949565, 0.466694113027083], [-0.5582236138380064, 1.4417258630651655]], "found_saddles": [[0.22703021412429392, 0.33307816167347537], [-0.8200737593002729, 0.588635811828115]], "bias_count": 3399, "energy_calls_at_each_min": [101, 65630, 389778], "force_calls_at_each_min": [101, 65630, 389778], "run_id": 1864, "seed": 5, "bias_std_dev_scale": 0.07142857142857142, "bias_covariance": 0.0015433673469387754, "bias_height_fraction": 0.02, "bias_height": 0.76, "perturbation_size": 0.01, "optimizer": "FIRE"}