{"found_minima": [[0.623499405875948, 0.02803775524263026], [-0.5582220888102873, 1.4417278074883766]], "found_saddles": [[-0.25088468125746294, 0.14220906478055687]], "bias_count": 5000, "energy_calls_at_each_min": [101, 5566], "force_calls_at_each_min": [101, 5566], "run_id": 21, "seed": 2, "bias_std_dev_scale": 0.3333333333333333, "bias_covariance": 0.03361111111111112, "bias_height_fraction": 0.2, "bias_height": 7.6000000000000005, "perturbation_size": 0.01, "optimizer": "FIRE"}