{"found_minima": [[0.6234994051229935, 0.028037758632698632], [-0.05001082280224132, 0.4666941050355789], [-0.5582236343802452, 1.44172584222163]], "found_saddles": [[-0.06047466572235938, 0.45710024704695523], [0.14574061039620465, 0.42367674388841264]], "bias_count": 325, "energy_calls_at_each_min": [13, 4045, 4779], "force_calls_at_each_min": [13, 4045, 4779], "run_id": 1175, "seed": 6, "bias_std_dev_scale": 0.125, "bias_covariance": 0.004726562500000001, "bias_height_fraction": 0.01, "bias_height": 0.38, "perturbation_size": 0.005, "optimizer": "Scipy"}