{"found_minima": [[0.623499405875948, 0.02803775524263026], [-0.5582225018448397, 1.4417272883741015]], "found_saddles": [[-0.8596121742656866, 0.609116398315181]], "bias_count": 5000, "energy_calls_at_each_min": [101, 8085], "force_calls_at_each_min": [101, 8085], "run_id": 107, "seed": 8, "bias_std_dev_scale": 0.3333333333333333, "bias_covariance": 0.03361111111111112, "bias_height_fraction": 0.1, "bias_height": 3.8000000000000003, "perturbation_size": 0.01, "optimizer": "FIRE"}