{"found_minima": [[0.623499405875948, 0.02803775524263026], [-0.05001077960338241, 0.4666941006610177], [-0.5582236288561132, 1.4417258451036088]], "found_saddles": [[0.22479336406287062, 0.31553050467284266], [-0.8170977791449592, 0.6214032806243658]], "bias_count": 3692, "energy_calls_at_each_min": [101, 70864, 513110], "force_calls_at_each_min": [101, 70864, 513110], "run_id": 1585, "seed": 6, "bias_std_dev_scale": 0.1, "bias_covariance": 0.0030250000000000008, "bias_height_fraction": 0.01, "bias_height": 0.38, "perturbation_size": 0.001, "optimizer": "FIRE"}