{"found_minima": [[0.6234994051229935, 0.028037758632698632], [-0.5582234321243723, 1.4417261244870725]], "found_saddles": [[-0.352470916756095, 0.48999266442066913]], "bias_count": 5000, "energy_calls_at_each_min": [13, 295], "force_calls_at_each_min": [13, 295], "run_id": 37, "seed": 8, "bias_std_dev_scale": 0.3333333333333333, "bias_covariance": 0.03361111111111112, "bias_height_fraction": 0.2, "bias_height": 7.6000000000000005, "perturbation_size": 0.01, "optimizer": "Scipy"}