{"found_minima": [[0.6234994051229935, 0.028037758632698632], [-0.05002611002260256, 0.4666980809088716], [-0.5582236347446858, 1.4417258418690588]], "found_saddles": [[0.2630473441066776, 0.35887761006570207], [-0.1637674294519242, 0.47813044485186806]], "bias_count": 225, "energy_calls_at_each_min": [13, 2431, 2609], "force_calls_at_each_min": [13, 2431, 2609], "run_id": 751, "seed": 2, "bias_std_dev_scale": 0.2, "bias_covariance": 0.012100000000000003, "bias_height_fraction": 0.01, "bias_height": 0.38, "perturbation_size": 0.01, "optimizer": "Scipy"}