{"found_minima": [[0.6234994051229935, 0.028037758632698632], [-0.5582235898309487, 1.4417259108695428]], "found_saddles": [[-0.31371473135123873, 0.48806626788364393]], "bias_count": 5000, "energy_calls_at_each_min": [13, 853], "force_calls_at_each_min": [13, 853], "run_id": 216, "seed": 7, "bias_std_dev_scale": 0.3333333333333333, "bias_covariance": 0.03361111111111112, "bias_height_fraction": 0.03333333333333333, "bias_height": 1.2666666666666666, "perturbation_size": 0.005, "optimizer": "Scipy"}