{"found_minima": [[0.623499405875948, 0.02803775524263026], [-0.05002951317486437, 0.4666989485713934], [-0.5582236518552463, 1.4417258261281416]], "found_saddles": [[0.22768499910486958, 0.31548800312566455], [-0.8074654125142535, 0.6257360512203521]], "bias_count": 134, "energy_calls_at_each_min": [101, 1692, 15186], "force_calls_at_each_min": [101, 1692, 15186], "run_id": 267, "seed": 8, "bias_std_dev_scale": 0.2, "bias_covariance": 0.012100000000000003, "bias_height_fraction": 0.1, "bias_height": 3.8000000000000003, "perturbation_size": 0.001, "optimizer": "FIRE"}