{"found_minima": [[0.623499405875948, 0.02803775524263026], [-0.05001086631884539, 0.46669411156051016], [-0.558223620955863, 1.4417258560888595]], "found_saddles": [[0.14288850620023721, 0.07520672829793332], [-0.024492611044215854, -0.06922235044301836]], "bias_count": 846, "energy_calls_at_each_min": [101, 15449, 100838], "force_calls_at_each_min": [101, 15449, 100838], "run_id": 1741, "seed": 2, "bias_std_dev_scale": 0.07142857142857142, "bias_covariance": 0.0015433673469387754, "bias_height_fraction": 0.1, "bias_height": 3.8000000000000003, "perturbation_size": 0.001, "optimizer": "FIRE"}