{"found_minima": [[0.623499405875948, 0.02803775524263026], [-0.050010788815375275, 0.46669410351835355], [-0.5582236296196403, 1.4417258426427184]], "found_saddles": [[0.18369401923978618, 0.25949701649006507], [-0.8059861279889506, 0.6343688828741014]], "bias_count": 2395, "energy_calls_at_each_min": [101, 49499, 327214], "force_calls_at_each_min": [101, 49499, 327214], "run_id": 1183, "seed": 4, "bias_std_dev_scale": 0.125, "bias_covariance": 0.004726562500000001, "bias_height_fraction": 0.01, "bias_height": 0.38, "perturbation_size": 0.001, "optimizer": "FIRE"}