{"found_minima": [[0.6234994051229935, 0.028037758632698632], [-0.5582236321127841, 1.441725839789204], [-0.05001085490355959, 0.46669410363294805]], "found_saddles": [[0.8745704309665607, -0.010389359202887706], [-1.011168055456257, 0.8460690114807738]], "bias_count": 474, "energy_calls_at_each_min": [13, 1220, 9275], "force_calls_at_each_min": [13, 1220, 9275], "run_id": 1711, "seed": 2, "bias_std_dev_scale": 0.07142857142857142, "bias_covariance": 0.0015433673469387754, "bias_height_fraction": 0.1, "bias_height": 3.8000000000000003, "perturbation_size": 0.01, "optimizer": "Scipy"}