{"found_minima": [[0.623499405875948, 0.02803775524263026], [-0.050010793710131195, 0.4666941062025487], [-0.5582236395907937, 1.4417258342005683]], "found_saddles": [[0.21364244535862698, 0.2822026936585683], [-0.8185155375551186, 0.612709534809966]], "bias_count": 1244, "energy_calls_at_each_min": [101, 25460, 155816], "force_calls_at_each_min": [101, 25460, 155816], "run_id": 1105, "seed": 6, "bias_std_dev_scale": 0.125, "bias_covariance": 0.004726562500000001, "bias_height_fraction": 0.02, "bias_height": 0.76, "perturbation_size": 0.001, "optimizer": "FIRE"}