{"found_minima": [[0.623499405875948, 0.02803775524263026], [-0.5582225078528923, 1.441727279325969]], "found_saddles": [[-0.8443741878701496, 0.5990776453652675]], "bias_count": 5000, "energy_calls_at_each_min": [101, 21406], "force_calls_at_each_min": [101, 21406], "run_id": 203, "seed": 4, "bias_std_dev_scale": 0.3333333333333333, "bias_covariance": 0.03361111111111112, "bias_height_fraction": 0.03333333333333333, "bias_height": 1.2666666666666666, "perturbation_size": 0.005, "optimizer": "FIRE"}