{"found_minima": [[0.623499405875948, 0.02803775524263026], [-0.05001077960473442, 0.4666941020001939], [-0.5582236182375371, 1.441725857206056]], "found_saddles": [[0.20464270923260786, 0.29224012963881807], [0.9704664922212048, -0.09522016034439341]], "bias_count": 2134, "energy_calls_at_each_min": [101, 36191, 249677], "force_calls_at_each_min": [101, 36191, 249677], "run_id": 1828, "seed": 9, "bias_std_dev_scale": 0.07142857142857142, "bias_covariance": 0.0015433673469387754, "bias_height_fraction": 0.03333333333333333, "bias_height": 1.2666666666666666, "perturbation_size": 0.001, "optimizer": "FIRE"}