{"found_minima": [[0.6234994051229935, 0.028037758632698632], [-0.05001082294121808, 0.46669410484282836], [-0.5582236346081395, 1.4417258418404222]], "found_saddles": [[0.2506045616050428, 0.20242616767218047], [0.00014651029363629137, 0.3952083499809246]], "bias_count": 503, "energy_calls_at_each_min": [13, 9339, 9676], "force_calls_at_each_min": [13, 9339, 9676], "run_id": 1874, "seed": 5, "bias_std_dev_scale": 0.07142857142857142, "bias_covariance": 0.0015433673469387754, "bias_height_fraction": 0.02, "bias_height": 0.76, "perturbation_size": 0.01, "optimizer": "Scipy"}