{"found_minima": [[0.623499405875948, 0.02803775524263026], [-0.5582220271566896, 1.441727889583283]], "found_saddles": [[-0.8765846236286657, 0.5971667609691728]], "bias_count": 5000, "energy_calls_at_each_min": [101, 4333], "force_calls_at_each_min": [101, 4333], "run_id": 60, "seed": 1, "bias_std_dev_scale": 0.3333333333333333, "bias_covariance": 0.03361111111111112, "bias_height_fraction": 0.2, "bias_height": 7.6000000000000005, "perturbation_size": 0.001, "optimizer": "FIRE"}