{"found_minima": [[0.623499405875948, 0.02803775524263026], [-0.05001086470195828, 0.4666941086468265], [-0.5582236434459553, 1.4417258309501786]], "found_saddles": [[0.22131635878629427, 0.3110426564333822], [-0.8206085636998657, 0.6186182074298271]], "bias_count": 2234, "energy_calls_at_each_min": [101, 48735, 290802], "force_calls_at_each_min": [101, 48735, 290802], "run_id": 1140, "seed": 1, "bias_std_dev_scale": 0.125, "bias_covariance": 0.004726562500000001, "bias_height_fraction": 0.01, "bias_height": 0.38, "perturbation_size": 0.01, "optimizer": "FIRE"}