{"found_minima": [[0.623499405875948, 0.02803775524263026], [-0.050010782327659396, 0.4666941050914343], [-0.5582236294624645, 1.4417258471882184]], "found_saddles": [[0.08457546963432253, 0.21845158104084716], [0.45004509535324916, 0.5384021507500004]], "bias_count": 413, "energy_calls_at_each_min": [101, 8392, 48489], "force_calls_at_each_min": [101, 8392, 48489], "run_id": 1665, "seed": 6, "bias_std_dev_scale": 0.07142857142857142, "bias_covariance": 0.0015433673469387754, "bias_height_fraction": 0.2, "bias_height": 7.6000000000000005, "perturbation_size": 0.001, "optimizer": "FIRE"}