{"found_minima": [[0.6234994051229935, 0.028037758632698632], [-0.05001082304579992, 0.46669410486699847], [-0.5582236346376404, 1.4417258418009524]], "found_saddles": [[-0.09378122433503433, 0.2894132042886485], [-0.05077521000276919, 0.4716353306845477]], "bias_count": 45, "energy_calls_at_each_min": [13, 925, 946], "force_calls_at_each_min": [13, 925, 946], "run_id": 1650, "seed": 1, "bias_std_dev_scale": 0.07142857142857142, "bias_covariance": 0.0015433673469387754, "bias_height_fraction": 0.2, "bias_height": 7.6000000000000005, "perturbation_size": 0.005, "optimizer": "Scipy"}