{"found_minima": [[0.6234994051229935, 0.028037758632698632], [-0.05001085719406419, 0.46669411338547284], [-0.5582236347096435, 1.4417258416783982]], "found_saddles": [[0.2608247295676573, 0.2361562101110248], [-0.38195529602852685, 0.4911580322387336]], "bias_count": 297, "energy_calls_at_each_min": [13, 3760, 5582], "force_calls_at_each_min": [13, 3760, 5582], "run_id": 1111, "seed": 2, "bias_std_dev_scale": 0.125, "bias_covariance": 0.004726562500000001, "bias_height_fraction": 0.02, "bias_height": 0.76, "perturbation_size": 0.001, "optimizer": "Scipy"}