{"found_minima": [[0.623499405875948, 0.02803775524263026], [-0.0500108295073086, 0.46669411242055064], [-0.5582236362981494, 1.4417258374122928]], "found_saddles": [[0.8789956366648459, -0.40254044603013006], [-0.4084439627217397, 0.04953024891594898]], "bias_count": 9, "energy_calls_at_each_min": [101, 647, 1138], "force_calls_at_each_min": [101, 647, 1138], "run_id": 401, "seed": 2, "bias_std_dev_scale": 0.2, "bias_covariance": 0.012100000000000003, "bias_height_fraction": 0.2, "bias_height": 7.6000000000000005, "perturbation_size": 0.55, "optimizer": "FIRE"}