{"found_minima": [[0.623499405875948, 0.02803775524263026], [-0.05001086450571447, 0.46669411047266524], [-0.5582236570196063, 1.4417258197840503]], "found_saddles": [[1.0713834425621662, -0.35433733480190455], [-0.18312788884519984, 0.9990598248604787]], "bias_count": 16, "energy_calls_at_each_min": [101, 1167, 1953], "force_calls_at_each_min": [101, 1167, 1953], "run_id": 1767, "seed": 8, "bias_std_dev_scale": 0.07142857142857142, "bias_covariance": 0.0015433673469387754, "bias_height_fraction": 0.03333333333333333, "bias_height": 1.2666666666666666, "perturbation_size": 0.55, "optimizer": "FIRE"}