{"found_minima": [[0.623499405875948, 0.02803775524263026], [-0.050010802043321985, 0.46669410729776], [-0.5582236454045876, 1.441725831494862]], "found_saddles": [[0.21771690770890226, 0.28457883663406014], [-0.8143179128083424, 0.6080382851894441]], "bias_count": 3722, "energy_calls_at_each_min": [101, 72549, 491134], "force_calls_at_each_min": [101, 72549, 491134], "run_id": 1564, "seed": 5, "bias_std_dev_scale": 0.1, "bias_covariance": 0.0030250000000000008, "bias_height_fraction": 0.01, "bias_height": 0.38, "perturbation_size": 0.005, "optimizer": "FIRE"}