{"found_minima": [[0.623499405875948, 0.02803775524263026], [-0.050010780918674655, 0.46669409732835526], [-0.5582236164563894, 1.4417258587861026]], "found_saddles": [[0.3408567953829116, 0.30939980582082593], [-0.8262896004418956, 0.5400655530221611]], "bias_count": 756, "energy_calls_at_each_min": [101, 16539, 85424], "force_calls_at_each_min": [101, 16539, 85424], "run_id": 1702, "seed": 3, "bias_std_dev_scale": 0.07142857142857142, "bias_covariance": 0.0015433673469387754, "bias_height_fraction": 0.1, "bias_height": 3.8000000000000003, "perturbation_size": 0.01, "optimizer": "FIRE"}