{"found_minima": [[0.623499405875948, 0.02803775524263026], [-0.05001084307000438, 0.46669411118673726], [-0.5582236442138444, 1.4417258302398535]], "found_saddles": [[0.20818077001875332, 0.3017610218233214], [-0.8229140558213682, 0.6163236904984978]], "bias_count": 3576, "energy_calls_at_each_min": [101, 73464, 466583], "force_calls_at_each_min": [101, 73464, 466583], "run_id": 1541, "seed": 2, "bias_std_dev_scale": 0.1, "bias_covariance": 0.0030250000000000008, "bias_height_fraction": 0.01, "bias_height": 0.38, "perturbation_size": 0.01, "optimizer": "FIRE"}