{"found_minima": [[0.623499405875948, 0.02803775524263026], [-0.05001086768731852, 0.46669411065428734], [-0.5582236445739289, 1.4417258321580713]], "found_saddles": [[1.0339055736476497, -0.3695570375430573], [0.5802642661101696, -0.5158539960611817]], "bias_count": 22, "energy_calls_at_each_min": [101, 1273, 2638], "force_calls_at_each_min": [101, 1273, 2638], "run_id": 1923, "seed": 4, "bias_std_dev_scale": 0.07142857142857142, "bias_covariance": 0.0015433673469387754, "bias_height_fraction": 0.01, "bias_height": 0.38, "perturbation_size": 0.55, "optimizer": "FIRE"}