{"found_minima": [[0.623499405875948, 0.02803775524263026], [-0.050010882177824775, 0.4666941132168338], [-0.5582236193351451, 1.441725856861204]], "found_saddles": [[0.22580866234882963, 0.2815957028991475], [-0.824983927758187, 0.6220291787128912]], "bias_count": 2398, "energy_calls_at_each_min": [101, 45570, 328876], "force_calls_at_each_min": [101, 45570, 328876], "run_id": 1189, "seed": 10, "bias_std_dev_scale": 0.125, "bias_covariance": 0.004726562500000001, "bias_height_fraction": 0.01, "bias_height": 0.38, "perturbation_size": 0.001, "optimizer": "FIRE"}