{"found_minima": [[0.623499405875948, 0.02803775524263026], [-0.558222663607655, 1.4417270913795135]], "found_saddles": [[-0.8565589994279993, 0.6138885158813151]], "bias_count": 5000, "energy_calls_at_each_min": [101, 32923], "force_calls_at_each_min": [101, 32923], "run_id": 284, "seed": 5, "bias_std_dev_scale": 0.3333333333333333, "bias_covariance": 0.03361111111111112, "bias_height_fraction": 0.02, "bias_height": 0.76, "perturbation_size": 0.005, "optimizer": "FIRE"}