{"found_minima": [[0.623499405875948, 0.02803775524263026], [-0.558222617764265, 1.4417271432408676]], "found_saddles": [[-0.8517579749642328, 0.611841970117849]], "bias_count": 5000, "energy_calls_at_each_min": [101, 57096], "force_calls_at_each_min": [101, 57096], "run_id": 363, "seed": 4, "bias_std_dev_scale": 0.3333333333333333, "bias_covariance": 0.03361111111111112, "bias_height_fraction": 0.01, "bias_height": 0.38, "perturbation_size": 0.005, "optimizer": "FIRE"}