{"found_minima": [[0.623499405875948, 0.02803775524263026], [-0.05001085815549707, 0.46669411350653284], [-0.5582236458672399, 1.4417258305171747]], "found_saddles": [[0.22493249442045682, 0.29301438538450897], [-0.8203060532732169, 0.6320642433615828]], "bias_count": 2459, "energy_calls_at_each_min": [101, 47708, 324428], "force_calls_at_each_min": [101, 47708, 324428], "run_id": 1161, "seed": 2, "bias_std_dev_scale": 0.125, "bias_covariance": 0.004726562500000001, "bias_height_fraction": 0.01, "bias_height": 0.38, "perturbation_size": 0.005, "optimizer": "FIRE"}