{"found_minima": [[0.6234994051229935, 0.028037758632698632], [-0.05017193604501416, 0.4667257402211869], [-0.5582228898632446, 1.4417268100414566]], "found_saddles": [[-0.07651716169497569, 0.4609709045020053], [-0.5503156671257045, 0.49461608770129606]], "bias_count": 27, "energy_calls_at_each_min": [13, 73, 412], "force_calls_at_each_min": [13, 73, 412], "run_id": 36, "seed": 7, "bias_std_dev_scale": 0.3333333333333333, "bias_covariance": 0.03361111111111112, "bias_height_fraction": 0.2, "bias_height": 7.6000000000000005, "perturbation_size": 0.01, "optimizer": "Scipy"}