{"found_minima": [[0.6234994051229935, 0.028037758632698632], [-0.050010823167215786, 0.4666941069621332], [-0.5582236346341494, 1.4417258418036891]], "found_saddles": [[-0.23111524790479887, 0.35114461442243017], [0.19653330787583395, 0.49800383311805335]], "bias_count": 45, "energy_calls_at_each_min": [13, 1060, 1249], "force_calls_at_each_min": [13, 1060, 1249], "run_id": 1270, "seed": 1, "bias_std_dev_scale": 0.1, "bias_covariance": 0.0030250000000000008, "bias_height_fraction": 0.2, "bias_height": 7.6000000000000005, "perturbation_size": 0.001, "optimizer": "Scipy"}