{"found_minima": [[0.6234994051229935, 0.028037758632698632], [-0.5582236353064751, 1.4417258418427348], [-0.050010823038114556, 0.4666941048692839]], "found_saddles": [[0.2510702075128525, 0.1200953034246902], [-0.12763424814391, 0.4547647345831384]], "bias_count": 710, "energy_calls_at_each_min": [13, 2733, 14409], "force_calls_at_each_min": [13, 2733, 14409], "run_id": 1411, "seed": 2, "bias_std_dev_scale": 0.1, "bias_covariance": 0.0030250000000000008, "bias_height_fraction": 0.03333333333333333, "bias_height": 1.2666666666666666, "perturbation_size": 0.005, "optimizer": "Scipy"}