{"found_minima": [[0.623499405875948, 0.02803775524263026], [-0.05001081729236766, 0.46669409750550406], [-0.5582236361752978, 1.4417258372659654]], "found_saddles": [[0.19983683861374185, 0.2911844337183123], [-0.8152842713750456, 0.6162077596688604]], "bias_count": 3292, "energy_calls_at_each_min": [101, 63238, 382257], "force_calls_at_each_min": [101, 63238, 382257], "run_id": 1886, "seed": 7, "bias_std_dev_scale": 0.07142857142857142, "bias_covariance": 0.0015433673469387754, "bias_height_fraction": 0.02, "bias_height": 0.76, "perturbation_size": 0.005, "optimizer": "FIRE"}