{"found_minima": [[0.623499405875948, 0.02803775524263026], [-0.05001077578751604, 0.46669409454373895], [-0.5582236197664939, 1.4417258562423558]], "found_saddles": [[0.24007608815356588, 0.3323869560273947], [-0.8505893895290477, 0.548751534989441]], "bias_count": 358, "energy_calls_at_each_min": [101, 7216, 43178], "force_calls_at_each_min": [101, 7216, 43178], "run_id": 1346, "seed": 7, "bias_std_dev_scale": 0.1, "bias_covariance": 0.0030250000000000008, "bias_height_fraction": 0.1, "bias_height": 3.8000000000000003, "perturbation_size": 0.001, "optimizer": "FIRE"}