{"found_minima": [[0.6234994051229935, 0.028037758632698632], [-0.05003498264759618, 0.46670047164042977], [-0.5582236334375028, 1.4417258450423838]], "found_saddles": [[0.1933257890820611, 0.42699119236756167], [0.3008844314564263, 0.3408664817390648]], "bias_count": 125, "energy_calls_at_each_min": [13, 866, 1966], "force_calls_at_each_min": [13, 866, 1966], "run_id": 310, "seed": 1, "bias_std_dev_scale": 0.2, "bias_covariance": 0.012100000000000003, "bias_height_fraction": 0.03333333333333333, "bias_height": 1.2666666666666666, "perturbation_size": 0.001, "optimizer": "Scipy"}