{"found_minima": [[0.6234994051229935, 0.028037758632698632], [-0.5582235448572521, 1.4417259717868331]], "found_saddles": [[-0.31065513853790383, 0.41773621076235873]], "bias_count": 5000, "energy_calls_at_each_min": [13, 827], "force_calls_at_each_min": [13, 827], "run_id": 237, "seed": 8, "bias_std_dev_scale": 0.3333333333333333, "bias_covariance": 0.03361111111111112, "bias_height_fraction": 0.03333333333333333, "bias_height": 1.2666666666666666, "perturbation_size": 0.001, "optimizer": "Scipy"}