{"found_minima": [[0.6234994051229935, 0.028037758632698632], [-0.050010823408448236, 0.4666941055793681], [-0.5582236352493286, 1.4417258410519156]], "found_saddles": [[0.13099684504308107, 0.4501112251680518], [-0.43384906798838674, 0.49179808521528146]], "bias_count": 366, "energy_calls_at_each_min": [13, 2848, 8737], "force_calls_at_each_min": [13, 2848, 8737], "run_id": 1437, "seed": 8, "bias_std_dev_scale": 0.1, "bias_covariance": 0.0030250000000000008, "bias_height_fraction": 0.03333333333333333, "bias_height": 1.2666666666666666, "perturbation_size": 0.001, "optimizer": "Scipy"}