{"found_minima": [[0.6234994051229935, 0.028037758632698632], [-0.5582236349042876, 1.441725841620796], [-0.05001082309481045, 0.46669410488357294]], "found_saddles": [[0.45830848588367235, 0.11179118708080049], [-0.10302576441810851, 0.46129754976688775]], "bias_count": 1070, "energy_calls_at_each_min": [13, 869, 20017], "force_calls_at_each_min": [13, 869, 20017], "run_id": 1470, "seed": 1, "bias_std_dev_scale": 0.1, "bias_covariance": 0.0030250000000000008, "bias_height_fraction": 0.02, "bias_height": 0.76, "perturbation_size": 0.01, "optimizer": "Scipy"}