{"found_minima": [[0.6234994051229935, 0.028037758632698632], [-0.05001082572332895, 0.46669410496158426], [-0.5582236322989662, 1.4417258438309355]], "found_saddles": [[0.2463551712508517, 0.4215636088651465], [-0.26244868523463283, 0.5607549108569639]], "bias_count": 225, "energy_calls_at_each_min": [13, 3936, 4995], "force_calls_at_each_min": [13, 3936, 4995], "run_id": 1439, "seed": 10, "bias_std_dev_scale": 0.1, "bias_covariance": 0.0030250000000000008, "bias_height_fraction": 0.03333333333333333, "bias_height": 1.2666666666666666, "perturbation_size": 0.001, "optimizer": "Scipy"}