{"found_minima": [[0.6234994051229935, 0.028037758632698632], [-0.050010822276466506, 0.466694104465706], [-0.5582236347319418, 1.4417258416912286]], "found_saddles": [[0.27630283817454226, 0.19271275067495078], [-0.10348065434780106, 0.5468863923829601]], "bias_count": 296, "energy_calls_at_each_min": [13, 6631, 7500], "force_calls_at_each_min": [13, 6631, 7500], "run_id": 1838, "seed": 9, "bias_std_dev_scale": 0.07142857142857142, "bias_covariance": 0.0015433673469387754, "bias_height_fraction": 0.03333333333333333, "bias_height": 1.2666666666666666, "perturbation_size": 0.001, "optimizer": "Scipy"}