{"found_minima": [[0.623499405875948, 0.02803775524263026], [-0.050010776954828036, 0.4666940949121046], [-0.5582236397329613, 1.4417258393319634]], "found_saddles": [[0.21405693899241068, 0.2933352787286703], [1.0512736666876825, 0.02696749716107006]], "bias_count": 984, "energy_calls_at_each_min": [101, 11264, 112933], "force_calls_at_each_min": [101, 11264, 112933], "run_id": 1729, "seed": 10, "bias_std_dev_scale": 0.07142857142857142, "bias_covariance": 0.0015433673469387754, "bias_height_fraction": 0.1, "bias_height": 3.8000000000000003, "perturbation_size": 0.005, "optimizer": "FIRE"}