{"found_minima": [[0.6234994051229935, 0.028037758632698632], [-0.5582236253437173, 1.4417258568753497]], "found_saddles": [[-0.26352929188269714, 0.4850872599683954]], "bias_count": 5000, "energy_calls_at_each_min": [13, 2377], "force_calls_at_each_min": [13, 2377], "run_id": 356, "seed": 7, "bias_std_dev_scale": 0.3333333333333333, "bias_covariance": 0.03361111111111112, "bias_height_fraction": 0.01, "bias_height": 0.38, "perturbation_size": 0.01, "optimizer": "Scipy"}