{"found_minima": [[0.6234994051229935, 0.028037758632698632], [-0.050010823237646114, 0.46669410432982206], [-0.5582236345057141, 1.4417258379836504]], "found_saddles": [[0.42965194183527433, 0.542744627614371], [-0.5724695103467664, 0.06610424217233779]], "bias_count": 5, "energy_calls_at_each_min": [13, 30, 69], "force_calls_at_each_min": [13, 30, 69], "run_id": 210, "seed": 1, "bias_std_dev_scale": 0.2, "bias_covariance": 0.012100000000000003, "bias_height_fraction": 0.2, "bias_height": 7.6000000000000005, "perturbation_size": 0.55, "optimizer": "Scipy"}