{"found_minima": [[0.6234994051229935, 0.028037758632698632], [-0.05001082323118899, 0.466694105178724], [-0.5582236345660878, 1.441725841869418]], "found_saddles": [[-0.0935714986547947, 0.46469432247222275], [0.05644726730951599, 0.3721204666750806]], "bias_count": 139, "energy_calls_at_each_min": [13, 1631, 2665], "force_calls_at_each_min": [13, 1631, 2665], "run_id": 1031, "seed": 2, "bias_std_dev_scale": 0.125, "bias_covariance": 0.004726562500000001, "bias_height_fraction": 0.03333333333333333, "bias_height": 1.2666666666666666, "perturbation_size": 0.001, "optimizer": "Scipy"}