{"found_minima": [[0.6234994051229935, 0.028037758632698632], [-0.05001084855991359, 0.46669411294170693], [-0.5582236355393612, 1.4417258408295552]], "found_saddles": [[0.8944648526791589, -0.4505828909747823], [0.6539731515742309, -0.5239739813141429]], "bias_count": 6, "energy_calls_at_each_min": [13, 31, 100], "force_calls_at_each_min": [13, 31, 100], "run_id": 1779, "seed": 10, "bias_std_dev_scale": 0.07142857142857142, "bias_covariance": 0.0015433673469387754, "bias_height_fraction": 0.03333333333333333, "bias_height": 1.2666666666666666, "perturbation_size": 0.55, "optimizer": "Scipy"}