{"found_minima": [[0.623499405875948, 0.02803775524263026], [-0.050010784374309954, 0.46669410268040146], [-0.5582236210177849, 1.4417258562590314]], "found_saddles": [[0.2928139065679476, 0.3186495380595544], [-0.8100804673882714, 0.6365785949723262]], "bias_count": 780, "energy_calls_at_each_min": [101, 17453, 88051], "force_calls_at_each_min": [101, 17453, 88051], "run_id": 1706, "seed": 7, "bias_std_dev_scale": 0.07142857142857142, "bias_covariance": 0.0015433673469387754, "bias_height_fraction": 0.1, "bias_height": 3.8000000000000003, "perturbation_size": 0.01, "optimizer": "FIRE"}