{"found_minima": [[0.623499405875948, 0.02803775524263026], [-0.05001083383152328, 0.46669410778854176], [-0.5582236232212926, 1.4417258527848522]], "found_saddles": [[0.21670422626591315, 0.29724986114076485], [-0.8369614288498307, 0.6148003287286715]], "bias_count": 3281, "energy_calls_at_each_min": [101, 59284, 375587], "force_calls_at_each_min": [101, 59284, 375587], "run_id": 1869, "seed": 10, "bias_std_dev_scale": 0.07142857142857142, "bias_covariance": 0.0015433673469387754, "bias_height_fraction": 0.02, "bias_height": 0.76, "perturbation_size": 0.01, "optimizer": "FIRE"}