{"found_minima": [[0.6234994051229935, 0.028037758632698632], [-0.5582236341716921, 1.4417258422499397], [-0.050010822185574844, 0.4666941038415754]], "found_saddles": [[0.8003324025610804, 0.12847787064754132], [-1.0685166226540503, 0.9039609733183941]], "bias_count": 127, "energy_calls_at_each_min": [13, 665, 3482], "force_calls_at_each_min": [13, 665, 3482], "run_id": 1279, "seed": 10, "bias_std_dev_scale": 0.1, "bias_covariance": 0.0030250000000000008, "bias_height_fraction": 0.2, "bias_height": 7.6000000000000005, "perturbation_size": 0.001, "optimizer": "Scipy"}