{"found_minima": [[0.6234994051229935, 0.028037758632698632], [-0.5582236327011367, 1.4417258409039821]], "found_saddles": [[-0.07967152440690757, 0.4668681554752218]], "bias_count": 5000, "energy_calls_at_each_min": [13, 1655], "force_calls_at_each_min": [13, 1655], "run_id": 375, "seed": 6, "bias_std_dev_scale": 0.3333333333333333, "bias_covariance": 0.03361111111111112, "bias_height_fraction": 0.01, "bias_height": 0.38, "perturbation_size": 0.005, "optimizer": "Scipy"}