{"found_minima": [[0.623499405875948, 0.02803775524263026], [-0.05001080113762164, 0.4666941060020734], [-0.5582236532159559, 1.4417258225689529]], "found_saddles": [[0.2604258755285019, 0.2983769839366717], [-0.8341508174078349, 0.6254859986081422]], "bias_count": 2321, "energy_calls_at_each_min": [101, 52765, 309527], "force_calls_at_each_min": [101, 52765, 309527], "run_id": 1145, "seed": 6, "bias_std_dev_scale": 0.125, "bias_covariance": 0.004726562500000001, "bias_height_fraction": 0.01, "bias_height": 0.38, "perturbation_size": 0.01, "optimizer": "FIRE"}