{"found_minima": [[0.623499405875948, 0.02803775524263026], [-0.05003512007050513, 0.46669890413730597], [-0.558223631334579, 1.441725851990737]], "found_saddles": [[0.9391784982912883, -0.42234730046435415], [1.1821914505309599, -0.28753441738807667]], "bias_count": 55, "energy_calls_at_each_min": [101, 762, 7173], "force_calls_at_each_min": [101, 762, 7173], "run_id": 245, "seed": 6, "bias_std_dev_scale": 0.3333333333333333, "bias_covariance": 0.03361111111111112, "bias_height_fraction": 0.02, "bias_height": 0.76, "perturbation_size": 0.55, "optimizer": "FIRE"}