{"found_minima": [[0.6234994051229935, 0.028037758632698632], [-0.05001082299650185, 0.46669410487180346], [-0.5582236340710673, 1.441725842199646]], "found_saddles": [[0.8060584051876563, 0.130562605682525], [0.068099222245594, 0.3316252467563876]], "bias_count": 36, "energy_calls_at_each_min": [13, 663, 792], "force_calls_at_each_min": [13, 663, 792], "run_id": 1259, "seed": 10, "bias_std_dev_scale": 0.1, "bias_covariance": 0.0030250000000000008, "bias_height_fraction": 0.2, "bias_height": 7.6000000000000005, "perturbation_size": 0.005, "optimizer": "Scipy"}