{"found_minima": [[0.6234994051229935, 0.028037758632698632], [-0.050010822818778326, 0.46669410469560824], [-0.5582236344205319, 1.4417258419658139]], "found_saddles": [[-0.2800626707411586, 0.43980471055859116], [0.12898822094461707, 0.41352364816047366]], "bias_count": 64, "energy_calls_at_each_min": [13, 1578, 1714], "force_calls_at_each_min": [13, 1578, 1714], "run_id": 1352, "seed": 3, "bias_std_dev_scale": 0.1, "bias_covariance": 0.0030250000000000008, "bias_height_fraction": 0.1, "bias_height": 3.8000000000000003, "perturbation_size": 0.001, "optimizer": "Scipy"}