{"found_minima": [[0.623499405875948, 0.02803775524263026], [-0.05001078646802253, 0.46669409842288045], [-0.5582236516844178, 1.4417258253592977]], "found_saddles": [[0.21789006141836276, 0.29087007227516126], [-0.820334475804983, 0.636451954731391]], "bias_count": 3253, "energy_calls_at_each_min": [101, 62803, 373440], "force_calls_at_each_min": [101, 62803, 373440], "run_id": 1880, "seed": 1, "bias_std_dev_scale": 0.07142857142857142, "bias_covariance": 0.0015433673469387754, "bias_height_fraction": 0.02, "bias_height": 0.76, "perturbation_size": 0.005, "optimizer": "FIRE"}