{"found_minima": [[0.623499405875948, 0.02803775524263026], [-0.5582221992105955, 1.441727666050742]], "found_saddles": [[-0.868296500135652, 0.5830653397382028]], "bias_count": 5000, "energy_calls_at_each_min": [101, 4295], "force_calls_at_each_min": [101, 4295], "run_id": 48, "seed": 9, "bias_std_dev_scale": 0.3333333333333333, "bias_covariance": 0.03361111111111112, "bias_height_fraction": 0.2, "bias_height": 7.6000000000000005, "perturbation_size": 0.005, "optimizer": "FIRE"}