{"found_minima": [[0.6234994051229935, 0.028037758632698632], [-0.05001082300102619, 0.4666941047801708], [-0.5582236347204801, 1.441725841840198]], "found_saddles": [[-0.006338606949424563, 0.47544415120258127], [0.0839434345712446, 0.4409556385031035]], "bias_count": 764, "energy_calls_at_each_min": [13, 15920, 16188], "force_calls_at_each_min": [13, 15920, 16188], "run_id": 1973, "seed": 4, "bias_std_dev_scale": 0.07142857142857142, "bias_covariance": 0.0015433673469387754, "bias_height_fraction": 0.01, "bias_height": 0.38, "perturbation_size": 0.005, "optimizer": "Scipy"}