{"found_minima": [[0.623499405875948, 0.02803775524263026], [-0.05001081116589074, 0.46669410995973143], [-0.558223628982517, 1.4417258450422195]], "found_saddles": [[0.21033571217149083, 0.29085375315485534], [-0.8206517144241612, 0.5973357856938046]], "bias_count": 3773, "energy_calls_at_each_min": [101, 74103, 518643], "force_calls_at_each_min": [101, 74103, 518643], "run_id": 1583, "seed": 4, "bias_std_dev_scale": 0.1, "bias_covariance": 0.0030250000000000008, "bias_height_fraction": 0.01, "bias_height": 0.38, "perturbation_size": 0.001, "optimizer": "FIRE"}