{"found_minima": [[0.6234994051229935, 0.028037758632698632], [-0.5582235432488808, 1.4417259740155168]], "found_saddles": [[-0.3377105452699006, 0.4887228590921167]], "bias_count": 5000, "energy_calls_at_each_min": [13, 1437], "force_calls_at_each_min": [13, 1437], "run_id": 317, "seed": 8, "bias_std_dev_scale": 0.3333333333333333, "bias_covariance": 0.03361111111111112, "bias_height_fraction": 0.02, "bias_height": 0.76, "perturbation_size": 0.001, "optimizer": "Scipy"}