{"found_minima": [[0.623499405875948, 0.02803775524263026], [-0.050010783887684734, 0.46669409980851845], [-0.5582236426421927, 1.441725831145781]], "found_saddles": [[0.8895616061930707, -0.42543492894094914], [1.237739060665192, 0.2831751512356127]], "bias_count": 184, "energy_calls_at_each_min": [101, 1372, 22924], "force_calls_at_each_min": [101, 1372, 22924], "run_id": 1922, "seed": 3, "bias_std_dev_scale": 0.07142857142857142, "bias_covariance": 0.0015433673469387754, "bias_height_fraction": 0.01, "bias_height": 0.38, "perturbation_size": 0.55, "optimizer": "FIRE"}