{"found_minima": [[0.6234994051229935, 0.028037758632698632], [-0.05001082126301711, 0.4666941037028112], [-0.5582236346522662, 1.4417258418622914]], "found_saddles": [[0.4826504096077771, -0.10631496030663176], [0.13177887681862016, 0.4718016523005382]], "bias_count": 43, "energy_calls_at_each_min": [13, 806, 1071], "force_calls_at_each_min": [13, 806, 1071], "run_id": 1672, "seed": 3, "bias_std_dev_scale": 0.07142857142857142, "bias_covariance": 0.0015433673469387754, "bias_height_fraction": 0.2, "bias_height": 7.6000000000000005, "perturbation_size": 0.001, "optimizer": "Scipy"}