{"found_minima": [[0.6234994051229935, 0.028037758632698632], [-0.5582236210028554, 1.441725857171397], [-0.05001082299501903, 0.4666941048740139]], "found_saddles": [[0.5070543108480051, -0.05795594573220366], [0.38081151282618025, 0.21493972768536312]], "bias_count": 1000, "energy_calls_at_each_min": [13, 1900, 25318], "force_calls_at_each_min": [13, 1900, 25318], "run_id": 1839, "seed": 10, "bias_std_dev_scale": 0.07142857142857142, "bias_covariance": 0.0015433673469387754, "bias_height_fraction": 0.03333333333333333, "bias_height": 1.2666666666666666, "perturbation_size": 0.001, "optimizer": "Scipy"}