{"found_minima": [[0.6234994051229935, 0.028037758632698632], [-0.05002542320116054, 0.46669698561051093], [-0.5582236342007488, 1.4417258435980735]], "found_saddles": [[1.010755801866711, 0.4185918302091621], [1.0408751337422566, 0.3862470627079449]], "bias_count": 18, "energy_calls_at_each_min": [13, 58, 258], "force_calls_at_each_min": [13, 58, 258], "run_id": 252, "seed": 3, "bias_std_dev_scale": 0.3333333333333333, "bias_covariance": 0.03361111111111112, "bias_height_fraction": 0.02, "bias_height": 0.76, "perturbation_size": 0.55, "optimizer": "Scipy"}