{"found_minima": [[0.623499405875948, 0.02803775524263026], [-0.0500108683337063, 0.4666941120073065], [-0.5582236519181328, 1.4417258251197247]], "found_saddles": [[0.8944648534321133, -0.4505828943648507], [1.2668784508408373, -0.20121642424903374]], "bias_count": 22, "energy_calls_at_each_min": [101, 651, 2521], "force_calls_at_each_min": [101, 651, 2521], "run_id": 1289, "seed": 10, "bias_std_dev_scale": 0.1, "bias_covariance": 0.0030250000000000008, "bias_height_fraction": 0.1, "bias_height": 3.8000000000000003, "perturbation_size": 0.55, "optimizer": "FIRE"}