{"found_minima": [[0.6234994051229935, 0.028037758632698632], [-0.05002740878890407, 0.46669841357549396], [-0.5582236346266704, 1.44172584181018]], "found_saddles": [[0.18337100244438845, 0.43789564497550165], [0.07922587248366586, 0.44381547697581253]], "bias_count": 225, "energy_calls_at_each_min": [13, 2184, 2434], "force_calls_at_each_min": [13, 2184, 2434], "run_id": 771, "seed": 2, "bias_std_dev_scale": 0.2, "bias_covariance": 0.012100000000000003, "bias_height_fraction": 0.01, "bias_height": 0.38, "perturbation_size": 0.005, "optimizer": "Scipy"}