{"found_minima": [[0.6234994051229935, 0.028037758632698632], [-0.050010823821237387, 0.4666941047985973], [-0.5582236346307135, 1.4417258418104366]], "found_saddles": [[0.23100632022179782, 0.2152722791610932], [-0.22227987031249227, 0.35728777048323657]], "bias_count": 48, "energy_calls_at_each_min": [13, 448, 1010], "force_calls_at_each_min": [13, 448, 1010], "run_id": 1254, "seed": 5, "bias_std_dev_scale": 0.1, "bias_covariance": 0.0030250000000000008, "bias_height_fraction": 0.2, "bias_height": 7.6000000000000005, "perturbation_size": 0.005, "optimizer": "Scipy"}