{"found_minima": [[0.623499405875948, 0.02803775524263026], [-0.558222585499684, 1.441727181794902]], "found_saddles": [[-0.8318895779092201, 0.5939198525725924]], "bias_count": 5000, "energy_calls_at_each_min": [101, 19080], "force_calls_at_each_min": [101, 19080], "run_id": 202, "seed": 3, "bias_std_dev_scale": 0.3333333333333333, "bias_covariance": 0.03361111111111112, "bias_height_fraction": 0.03333333333333333, "bias_height": 1.2666666666666666, "perturbation_size": 0.005, "optimizer": "FIRE"}