{"found_minima": [[0.623499405875948, 0.02803775524263026], [-0.05001086224432575, 0.4666941089094242], [-0.5582236306913749, 1.4417258432042037]], "found_saddles": [[0.2296486643654428, 0.3079439054808666], [-0.2858775095772146, 0.2085525558299542]], "bias_count": 417, "energy_calls_at_each_min": [101, 6750, 47659], "force_calls_at_each_min": [101, 6750, 47659], "run_id": 1308, "seed": 9, "bias_std_dev_scale": 0.1, "bias_covariance": 0.0030250000000000008, "bias_height_fraction": 0.1, "bias_height": 3.8000000000000003, "perturbation_size": 0.01, "optimizer": "FIRE"}