{"found_minima": [[0.623499405875948, 0.02803775524263026], [-0.05001086268163319, 0.4666941082212123], [-0.558223628575302, 1.4417258452365274]], "found_saddles": [[0.21657924967076245, 0.27534247511162185], [-0.8113155031991834, 0.6500231734664275]], "bias_count": 1822, "energy_calls_at_each_min": [101, 39709, 228611], "force_calls_at_each_min": [101, 39709, 228611], "run_id": 1485, "seed": 6, "bias_std_dev_scale": 0.1, "bias_covariance": 0.0030250000000000008, "bias_height_fraction": 0.02, "bias_height": 0.76, "perturbation_size": 0.005, "optimizer": "FIRE"}