{"found_minima": [[0.623499405875948, 0.02803775524263026], [-0.0500108194411834, 0.466694112200911], [-0.5582236398761973, 1.4417258382557079]], "found_saddles": [[0.21836920842257332, 0.27928397482214523], [-0.8249757578947088, 0.5782239793637391]], "bias_count": 1187, "energy_calls_at_each_min": [101, 23675, 148616], "force_calls_at_each_min": [101, 23675, 148616], "run_id": 1080, "seed": 1, "bias_std_dev_scale": 0.125, "bias_covariance": 0.004726562500000001, "bias_height_fraction": 0.02, "bias_height": 0.76, "perturbation_size": 0.005, "optimizer": "FIRE"}