{"found_minima": [[0.623499405875948, 0.02803775524263026], [-0.050010832372593364, 0.4666941122116813], [-0.5582236525439228, 1.4417258243680118]], "found_saddles": [[0.20780721556861148, 0.2836666906185663], [-0.8146500801910378, 0.6164443103852351]], "bias_count": 1661, "energy_calls_at_each_min": [101, 35661, 209238], "force_calls_at_each_min": [101, 35661, 209238], "run_id": 1504, "seed": 5, "bias_std_dev_scale": 0.1, "bias_covariance": 0.0030250000000000008, "bias_height_fraction": 0.02, "bias_height": 0.76, "perturbation_size": 0.001, "optimizer": "FIRE"}