{"found_minima": [[0.623499405875948, 0.02803775524263026], [-0.05001078015181166, 0.46669410127815636], [-0.5582236412929272, 1.4417258334858964]], "found_saddles": [[1.0216588477379451, -0.35139484394592196], [-0.1347241036083696, 0.9898539005036472]], "bias_count": 16, "energy_calls_at_each_min": [101, 1303, 2035], "force_calls_at_each_min": [101, 1303, 2035], "run_id": 1127, "seed": 8, "bias_std_dev_scale": 0.125, "bias_covariance": 0.004726562500000001, "bias_height_fraction": 0.01, "bias_height": 0.38, "perturbation_size": 0.55, "optimizer": "FIRE"}