{"found_minima": [[0.6234994051229935, 0.028037758632698632], [-0.0500108210471107, 0.4666941050509881], [-0.5582236346097522, 1.441725841814858]], "found_saddles": [[0.5499110953268342, -0.517017064904663], [0.6489364263731852, -0.5213737067632346]], "bias_count": 20, "energy_calls_at_each_min": [13, 25, 331], "force_calls_at_each_min": [13, 25, 331], "run_id": 1531, "seed": 2, "bias_std_dev_scale": 0.1, "bias_covariance": 0.0030250000000000008, "bias_height_fraction": 0.01, "bias_height": 0.38, "perturbation_size": 0.55, "optimizer": "Scipy"}