{"found_minima": [[0.623499405875948, 0.02803775524263026], [-0.05001079244309842, 0.46669409636824893], [-0.5582236477534868, 1.4417258268178912]], "found_saddles": [[0.16460483065800885, 0.3312138902459436], [1.100261257979291, -0.4428240236125807]], "bias_count": 52, "energy_calls_at_each_min": [101, 221, 6412], "force_calls_at_each_min": [101, 221, 6412], "run_id": 1206, "seed": 7, "bias_std_dev_scale": 0.1, "bias_covariance": 0.0030250000000000008, "bias_height_fraction": 0.2, "bias_height": 7.6000000000000005, "perturbation_size": 0.55, "optimizer": "FIRE"}