{"found_minima": [[0.623499405875948, 0.02803775524263026], [-0.05001079898633543, 0.46669410917672266], [-0.5582236335400532, 1.4417258385763931]], "found_saddles": [[0.9584608014782666, -0.4081970917995794], [1.2420554100261687, 0.3134541676678184]], "bias_count": 94, "energy_calls_at_each_min": [101, 656, 11713], "force_calls_at_each_min": [101, 656, 11713], "run_id": 1441, "seed": 2, "bias_std_dev_scale": 0.1, "bias_covariance": 0.0030250000000000008, "bias_height_fraction": 0.02, "bias_height": 0.76, "perturbation_size": 0.55, "optimizer": "FIRE"}