{"found_minima": [[0.6234994051229935, 0.028037758632698632], [-0.05001082295919164, 0.4666941048786103], [-0.5582236344881887, 1.4417258417741705]], "found_saddles": [[-0.05142913482267586, 0.45567390185734974], [-0.1944563076327246, 0.4940313660624609]], "bias_count": 821, "energy_calls_at_each_min": [13, 14018, 16426], "force_calls_at_each_min": [13, 14018, 16426], "run_id": 1975, "seed": 6, "bias_std_dev_scale": 0.07142857142857142, "bias_covariance": 0.0015433673469387754, "bias_height_fraction": 0.01, "bias_height": 0.38, "perturbation_size": 0.005, "optimizer": "Scipy"}