{"found_minima": [[0.6234994051229935, 0.028037758632698632], [-0.5582236399405787, 1.4417258343660195], [-0.05001082735171916, 0.4666941084718613]], "found_saddles": [[0.25176095684613464, 0.08035765390711462], [-1.0487703090934872, 0.919218558635511]], "bias_count": 2589, "energy_calls_at_each_min": [13, 7373, 51674], "force_calls_at_each_min": [13, 7373, 51674], "run_id": 1594, "seed": 5, "bias_std_dev_scale": 0.1, "bias_covariance": 0.0030250000000000008, "bias_height_fraction": 0.01, "bias_height": 0.38, "perturbation_size": 0.001, "optimizer": "Scipy"}