{"found_minima": [[0.623499405875948, 0.02803775524263026], [-0.05001079243305101, 0.46669409637118825], [-0.5582236388274563, 1.4417258353871127]], "found_saddles": [[0.16460483065800885, 0.3312138902459436], [1.4453798550990173, -0.02836319076489545]], "bias_count": 49, "energy_calls_at_each_min": [101, 221, 6047], "force_calls_at_each_min": [101, 221, 6047], "run_id": 406, "seed": 7, "bias_std_dev_scale": 0.2, "bias_covariance": 0.012100000000000003, "bias_height_fraction": 0.2, "bias_height": 7.6000000000000005, "perturbation_size": 0.55, "optimizer": "FIRE"}