{"found_minima": [[0.6234994051229935, 0.028037758632698632], [-0.5582236345824858, 1.4417258419977186]], "found_saddles": [[-0.2898609919747357, 0.4235661808954919]], "bias_count": 5000, "energy_calls_at_each_min": [13, 1744], "force_calls_at_each_min": [13, 1744], "run_id": 358, "seed": 9, "bias_std_dev_scale": 0.3333333333333333, "bias_covariance": 0.03361111111111112, "bias_height_fraction": 0.01, "bias_height": 0.38, "perturbation_size": 0.01, "optimizer": "Scipy"}