{"found_minima": [[0.6234994051229935, 0.028037758632698632], [-0.050010819634744165, 0.4666940982694194], [-0.5582236350908156, 1.44172584151506]], "found_saddles": [[0.2416139076796457, 0.1569585792866584], [0.2564671249304541, 0.3160240379294503]], "bias_count": 171, "energy_calls_at_each_min": [13, 2273, 3525], "force_calls_at_each_min": [13, 2273, 3525], "run_id": 1032, "seed": 3, "bias_std_dev_scale": 0.125, "bias_covariance": 0.004726562500000001, "bias_height_fraction": 0.03333333333333333, "bias_height": 1.2666666666666666, "perturbation_size": 0.001, "optimizer": "Scipy"}