{"found_minima": [[0.6234994051229935, 0.028037758632698632], [-0.05002598904326194, 0.46669803398444143], [-0.5582236388541457, 1.4417258362465266]], "found_saddles": [[0.23233266900737054, 0.40018120864304696], [-0.21618046564125737, 0.4782804092278077]], "bias_count": 237, "energy_calls_at_each_min": [13, 2291, 2626], "force_calls_at_each_min": [13, 2291, 2626], "run_id": 770, "seed": 1, "bias_std_dev_scale": 0.2, "bias_covariance": 0.012100000000000003, "bias_height_fraction": 0.01, "bias_height": 0.38, "perturbation_size": 0.005, "optimizer": "Scipy"}