{"found_minima": [[0.6234994051229935, 0.028037758632698632], [-0.05001082380959066, 0.4666941042766677], [-0.558223634406921, 1.441725841932004]], "found_saddles": [[0.3713276831105834, 0.28484683405867217], [0.25486009823161904, 0.4022120735071452]], "bias_count": 43, "energy_calls_at_each_min": [13, 614, 836], "force_calls_at_each_min": [13, 614, 836], "run_id": 1236, "seed": 7, "bias_std_dev_scale": 0.1, "bias_covariance": 0.0030250000000000008, "bias_height_fraction": 0.2, "bias_height": 7.6000000000000005, "perturbation_size": 0.01, "optimizer": "Scipy"}