{"found_minima": [[0.6234994051229935, 0.028037758632698632], [-0.5582236351381538, 1.4417258416243675], [-0.05001082273403996, 0.4666941042837841]], "found_saddles": [[0.10238312721891643, 0.46739815602626056], [-0.07593151366309048, 0.46468193535555113]], "bias_count": 755, "energy_calls_at_each_min": [13, 3364, 17271], "force_calls_at_each_min": [13, 3364, 17271], "run_id": 1430, "seed": 1, "bias_std_dev_scale": 0.1, "bias_covariance": 0.0030250000000000008, "bias_height_fraction": 0.03333333333333333, "bias_height": 1.2666666666666666, "perturbation_size": 0.001, "optimizer": "Scipy"}