{"found_minima": [[0.623499405875948, 0.02803775524263026], [-0.05001077625486125, 0.46669409491577274], [-0.5582236422124814, 1.4417258348916375]], "found_saddles": [[0.4399117246073138, 0.307204625837927], [-0.004116773194811472, 0.7315312627695548]], "bias_count": 445, "energy_calls_at_each_min": [101, 7362, 50758], "force_calls_at_each_min": [101, 7362, 50758], "run_id": 1623, "seed": 4, "bias_std_dev_scale": 0.07142857142857142, "bias_covariance": 0.0015433673469387754, "bias_height_fraction": 0.2, "bias_height": 7.6000000000000005, "perturbation_size": 0.01, "optimizer": "FIRE"}