{"found_minima": [[0.6234994051229935, 0.028037758632698632], [-0.5582236342561526, 1.4417258423396309], [-0.05001082366165435, 0.4666941052643874]], "found_saddles": [[0.5924289029714457, 0.0667866863251452], [-0.03698465977115606, 0.46754782089207925]], "bias_count": 119, "energy_calls_at_each_min": [13, 44, 3390], "force_calls_at_each_min": [13, 44, 3390], "run_id": 1271, "seed": 2, "bias_std_dev_scale": 0.1, "bias_covariance": 0.0030250000000000008, "bias_height_fraction": 0.2, "bias_height": 7.6000000000000005, "perturbation_size": 0.001, "optimizer": "Scipy"}