{"found_minima": [[0.623499405875948, 0.02803775524263026], [-0.0500108618022109, 0.4666941102645709], [-0.5582236570965643, 1.4417258197313503]], "found_saddles": [[0.2935316151725071, 0.4680619103731074], [1.2229659407002815, -0.3725424736330773]], "bias_count": 122, "energy_calls_at_each_min": [101, 225, 15469], "force_calls_at_each_min": [101, 225, 15469], "run_id": 1364, "seed": 5, "bias_std_dev_scale": 0.1, "bias_covariance": 0.0030250000000000008, "bias_height_fraction": 0.03333333333333333, "bias_height": 1.2666666666666666, "perturbation_size": 0.55, "optimizer": "FIRE"}