{"found_minima": [[0.6234994051229935, 0.028037758632698632], [-0.05001082442949029, 0.46669410476058626], [-0.5582236369772023, 1.4417258392607655]], "found_saddles": [[0.25820114705344566, 0.18031009262838893], [0.04505595549646491, 0.45676159597449023]], "bias_count": 885, "energy_calls_at_each_min": [13, 17837, 17967], "force_calls_at_each_min": [13, 17837, 17967], "run_id": 1971, "seed": 2, "bias_std_dev_scale": 0.07142857142857142, "bias_covariance": 0.0015433673469387754, "bias_height_fraction": 0.01, "bias_height": 0.38, "perturbation_size": 0.005, "optimizer": "Scipy"}