{"found_minima": [[0.6234994051229935, 0.028037758632698632], [-0.0500108210471107, 0.4666941050509881], [-0.5582236348930322, 1.4417258414837815]], "found_saddles": [[0.5499110953268342, -0.517017064904663], [0.38981625077660625, -0.4698499644278396]], "bias_count": 9, "energy_calls_at_each_min": [13, 25, 135], "force_calls_at_each_min": [13, 25, 135], "run_id": 1451, "seed": 2, "bias_std_dev_scale": 0.1, "bias_covariance": 0.0030250000000000008, "bias_height_fraction": 0.02, "bias_height": 0.76, "perturbation_size": 0.55, "optimizer": "Scipy"}