{"found_minima": [[0.623499405875948, 0.02803775524263026], [-0.5582224386323724, 1.4417273494370688]], "found_saddles": [[-0.8344539836051538, 0.5958791989394306]], "bias_count": 5000, "energy_calls_at_each_min": [101, 32535], "force_calls_at_each_min": [101, 32535], "run_id": 263, "seed": 4, "bias_std_dev_scale": 0.3333333333333333, "bias_covariance": 0.03361111111111112, "bias_height_fraction": 0.02, "bias_height": 0.76, "perturbation_size": 0.01, "optimizer": "FIRE"}