{"found_minima": [[0.623499405875948, 0.02803775524263026], [-0.050010784708771155, 0.4666941012713769], [-0.5582236313643474, 1.441725848770595]], "found_saddles": [[0.34087059944674025, 0.31166724764660353], [-0.7554478400780135, 0.6817012922102399]], "bias_count": 317, "energy_calls_at_each_min": [101, 8373, 36652], "force_calls_at_each_min": [101, 8373, 36652], "run_id": 1643, "seed": 4, "bias_std_dev_scale": 0.07142857142857142, "bias_covariance": 0.0015433673469387754, "bias_height_fraction": 0.2, "bias_height": 7.6000000000000005, "perturbation_size": 0.005, "optimizer": "FIRE"}