{"found_minima": [[0.623499405875948, 0.02803775524263026], [-0.050010864532437985, 0.4666941141687761], [-0.5582236245248569, 1.44172585384254]], "found_saddles": [[0.21654890001713056, 0.2878571237328381], [-0.8149069173379107, 0.6333113941563978]], "bias_count": 1792, "energy_calls_at_each_min": [101, 35548, 220254], "force_calls_at_each_min": [101, 35548, 220254], "run_id": 1466, "seed": 7, "bias_std_dev_scale": 0.1, "bias_covariance": 0.0030250000000000008, "bias_height_fraction": 0.02, "bias_height": 0.76, "perturbation_size": 0.01, "optimizer": "FIRE"}