{"found_minima": [[0.623499405875948, 0.02803775524263026], [-0.050010844899010115, 0.4666941008415558], [-0.5582236499800283, 1.4417258265310116]], "found_saddles": [[0.13636610701496593, 0.08581352299473553], [-0.8344171729788314, 0.5815609169164425]], "bias_count": 277, "energy_calls_at_each_min": [101, 8062, 32895], "force_calls_at_each_min": [101, 8062, 32895], "run_id": 1345, "seed": 6, "bias_std_dev_scale": 0.1, "bias_covariance": 0.0030250000000000008, "bias_height_fraction": 0.1, "bias_height": 3.8000000000000003, "perturbation_size": 0.001, "optimizer": "FIRE"}