{"found_minima": [[0.623499405875948, 0.02803775524263026], [-0.5582225598054265, 1.4417272124891845]], "found_saddles": [[-0.8228884549514678, 0.5896630213854487]], "bias_count": 5000, "energy_calls_at_each_min": [101, 30274], "force_calls_at_each_min": [101, 30274], "run_id": 286, "seed": 7, "bias_std_dev_scale": 0.3333333333333333, "bias_covariance": 0.03361111111111112, "bias_height_fraction": 0.02, "bias_height": 0.76, "perturbation_size": 0.005, "optimizer": "FIRE"}