{"found_minima": [[0.623499405875948, 0.02803775524263026], [-0.5582226007228265, 1.4417271646563707]], "found_saddles": [[-0.8361916471645106, 0.5996200647839232]], "bias_count": 5000, "energy_calls_at_each_min": [101, 59346], "force_calls_at_each_min": [101, 59346], "run_id": 383, "seed": 4, "bias_std_dev_scale": 0.3333333333333333, "bias_covariance": 0.03361111111111112, "bias_height_fraction": 0.01, "bias_height": 0.38, "perturbation_size": 0.001, "optimizer": "FIRE"}