{"found_minima": [[0.6234994051229935, 0.028037758632698632], [-0.5582235923368817, 1.4417259050116753]], "found_saddles": [[-0.30556478295945516, 0.4909402630289437]], "bias_count": 5000, "energy_calls_at_each_min": [13, 660], "force_calls_at_each_min": [13, 660], "run_id": 212, "seed": 3, "bias_std_dev_scale": 0.3333333333333333, "bias_covariance": 0.03361111111111112, "bias_height_fraction": 0.03333333333333333, "bias_height": 1.2666666666666666, "perturbation_size": 0.005, "optimizer": "Scipy"}