{"found_minima": [[0.623499405875948, 0.02803775524263026], [-0.05001079462971509, 0.46669409735675615], [-0.5582236349151805, 1.4417258373590394]], "found_saddles": [[0.4296519425882288, 0.5427446242243027], [-0.22073441424144322, 0.9641439118932644]], "bias_count": 8, "energy_calls_at_each_min": [101, 241, 1006], "force_calls_at_each_min": [101, 241, 1006], "run_id": 1920, "seed": 1, "bias_std_dev_scale": 0.07142857142857142, "bias_covariance": 0.0015433673469387754, "bias_height_fraction": 0.01, "bias_height": 0.38, "perturbation_size": 0.55, "optimizer": "FIRE"}