{"found_minima": [[0.623499405875948, 0.02803775524263026], [-0.05001083077878788, 0.46669410623809454], [-0.558223620614482, 1.4417258566550766]], "found_saddles": [[0.13067065808415132, 0.17587459940791092], [-0.7855569001838474, 0.6336424287527701]], "bias_count": 534, "energy_calls_at_each_min": [101, 16410, 60538], "force_calls_at_each_min": [101, 16410, 60538], "run_id": 1709, "seed": 10, "bias_std_dev_scale": 0.07142857142857142, "bias_covariance": 0.0015433673469387754, "bias_height_fraction": 0.1, "bias_height": 3.8000000000000003, "perturbation_size": 0.01, "optimizer": "FIRE"}