{"found_minima": [[0.623499405875948, 0.02803775524263026], [-0.05001086023671834, 0.4666941066726215], [-0.5582236497886719, 1.4417258273083473]], "found_saddles": [[0.8944648534321133, -0.4505828943648507], [0.6884345730026444, -0.5181155381370671]], "bias_count": 23, "energy_calls_at_each_min": [101, 600, 2925], "force_calls_at_each_min": [101, 600, 2925], "run_id": 1129, "seed": 10, "bias_std_dev_scale": 0.125, "bias_covariance": 0.004726562500000001, "bias_height_fraction": 0.01, "bias_height": 0.38, "perturbation_size": 0.55, "optimizer": "FIRE"}