{"found_minima": [[0.6234994051229935, 0.028037758632698632], [-0.5582236347002981, 1.4417258417558716], [-0.050010822996050974, 0.46669410486677726]], "found_saddles": [[0.4095199851773842, 0.1352331860672306], [0.2390748308499167, 0.28008531181412316]], "bias_count": 257, "energy_calls_at_each_min": [13, 566, 6636], "force_calls_at_each_min": [13, 566, 6636], "run_id": 1357, "seed": 8, "bias_std_dev_scale": 0.1, "bias_covariance": 0.0030250000000000008, "bias_height_fraction": 0.1, "bias_height": 3.8000000000000003, "perturbation_size": 0.001, "optimizer": "Scipy"}