{"found_minima": [[0.6234994051229935, 0.028037758632698632], [-0.5582236347121627, 1.441725841722993], [-0.050010822817374026, 0.4666941048806126]], "found_saddles": [[0.2198555987168963, 0.07042350080534715], [0.0676348080524648, 0.4729087994673862]], "bias_count": 1211, "energy_calls_at_each_min": [13, 4948, 25765], "force_calls_at_each_min": [13, 4948, 25765], "run_id": 1512, "seed": 3, "bias_std_dev_scale": 0.1, "bias_covariance": 0.0030250000000000008, "bias_height_fraction": 0.02, "bias_height": 0.76, "perturbation_size": 0.001, "optimizer": "Scipy"}