{"found_minima": [[0.623499405875948, 0.02803775524263026], [-0.050010779648555576, 0.4666940989826724], [-0.5582236461244021, 1.441725830199242]], "found_saddles": [[0.22499005110259568, 0.2841481132555127], [-0.8241804766702221, 0.6202806332849254]], "bias_count": 1819, "energy_calls_at_each_min": [101, 38065, 232685], "force_calls_at_each_min": [101, 38065, 232685], "run_id": 1508, "seed": 9, "bias_std_dev_scale": 0.1, "bias_covariance": 0.0030250000000000008, "bias_height_fraction": 0.02, "bias_height": 0.76, "perturbation_size": 0.001, "optimizer": "FIRE"}