{"found_minima": [[0.623499405875948, 0.02803775524263026], [-0.05001078976959839, 0.46669409671403067], [-0.5582236155354693, 1.4417258617626885]], "found_saddles": [[0.26255685982546045, 0.2922593700919355], [-0.8431803143934484, 0.6199006234093536]], "bias_count": 312, "energy_calls_at_each_min": [101, 8385, 36010], "force_calls_at_each_min": [101, 8385, 36010], "run_id": 1320, "seed": 1, "bias_std_dev_scale": 0.1, "bias_covariance": 0.0030250000000000008, "bias_height_fraction": 0.1, "bias_height": 3.8000000000000003, "perturbation_size": 0.005, "optimizer": "FIRE"}