{"found_minima": [[0.6234994051229935, 0.028037758632698632], [-0.05001082300336193, 0.46669410487469765], [-0.5582236319537403, 1.4417258429814803]], "found_saddles": [[1.124217129911433, 0.25559378928675613], [1.0053318522469703, -0.3678207770734521]], "bias_count": 8, "energy_calls_at_each_min": [13, 41, 114], "force_calls_at_each_min": [13, 41, 114], "run_id": 1933, "seed": 4, "bias_std_dev_scale": 0.07142857142857142, "bias_covariance": 0.0015433673469387754, "bias_height_fraction": 0.01, "bias_height": 0.38, "perturbation_size": 0.55, "optimizer": "Scipy"}