{"found_minima": [[0.623499405875948, 0.02803775524263026], [-0.0500108618022109, 0.4666941102645709], [-0.5582236493001578, 1.4417258290066157]], "found_saddles": [[0.2935316151725071, 0.4680619103731074], [1.1101165939638928, -0.40451285241536217]], "bias_count": 66, "energy_calls_at_each_min": [101, 225, 8100], "force_calls_at_each_min": [101, 225, 8100], "run_id": 1044, "seed": 5, "bias_std_dev_scale": 0.125, "bias_covariance": 0.004726562500000001, "bias_height_fraction": 0.02, "bias_height": 0.76, "perturbation_size": 0.55, "optimizer": "FIRE"}