{"found_minima": [[0.623499405875948, 0.02803775524263026], [-0.0500107882545592, 0.4666941040014746], [-0.5582236349856746, 1.4417258374729367]], "found_saddles": [[0.21709085041658266, 0.2905452688577172], [-0.815109067691135, 0.6265298518272796]], "bias_count": 2372, "energy_calls_at_each_min": [101, 48310, 313814], "force_calls_at_each_min": [101, 48310, 313814], "run_id": 1146, "seed": 7, "bias_std_dev_scale": 0.125, "bias_covariance": 0.004726562500000001, "bias_height_fraction": 0.01, "bias_height": 0.38, "perturbation_size": 0.01, "optimizer": "FIRE"}