{"found_minima": [[0.623499405875948, 0.02803775524263026], [-0.5582225489372136, 1.4417272293942238]], "found_saddles": [[-0.8538517990453993, 0.6096102135187862]], "bias_count": 5000, "energy_calls_at_each_min": [101, 53530], "force_calls_at_each_min": [101, 53530], "run_id": 381, "seed": 2, "bias_std_dev_scale": 0.3333333333333333, "bias_covariance": 0.03361111111111112, "bias_height_fraction": 0.01, "bias_height": 0.38, "perturbation_size": 0.001, "optimizer": "FIRE"}