{"found_minima": [[0.6234994051229935, 0.028037758632698632], [-0.5582236343465998, 1.441725842512408], [-0.05001082241716534, 0.46669410484770596]], "found_saddles": [[0.2812100072623232, 0.1721333379318857], [0.033013806303911264, 0.4617161871944351]], "bias_count": 4405, "energy_calls_at_each_min": [13, 16328, 86340], "force_calls_at_each_min": [13, 16328, 86340], "run_id": 1952, "seed": 3, "bias_std_dev_scale": 0.07142857142857142, "bias_covariance": 0.0015433673469387754, "bias_height_fraction": 0.01, "bias_height": 0.38, "perturbation_size": 0.01, "optimizer": "Scipy"}