{"found_minima": [[0.623499405875948, 0.02803775524263026], [-0.050992675773084695, 0.46691114144002555], [-0.5582235836847966, 1.4417259168767411]], "found_saddles": [[0.937826767341927, -0.4232917117444782], [1.2699254703316454, -0.18013586076048324]], "bias_count": 21, "energy_calls_at_each_min": [101, 1076, 2639], "force_calls_at_each_min": [101, 1076, 2639], "run_id": 83, "seed": 4, "bias_std_dev_scale": 0.3333333333333333, "bias_covariance": 0.03361111111111112, "bias_height_fraction": 0.1, "bias_height": 3.8000000000000003, "perturbation_size": 0.55, "optimizer": "FIRE"}