{"found_minima": [[0.6234994051229935, 0.028037758632698632], [-0.5582236039634775, 1.4417258869185194]], "found_saddles": [[-0.29011200089150735, 0.4864628084073455]], "bias_count": 5000, "energy_calls_at_each_min": [13, 884], "force_calls_at_each_min": [13, 884], "run_id": 218, "seed": 9, "bias_std_dev_scale": 0.3333333333333333, "bias_covariance": 0.03361111111111112, "bias_height_fraction": 0.03333333333333333, "bias_height": 1.2666666666666666, "perturbation_size": 0.005, "optimizer": "Scipy"}