{"found_minima": [[0.6234994051229935, 0.028037758632698632], [-0.5582236346664878, 1.4417258417838001], [-0.050010828343167876, 0.46669410108800774]], "found_saddles": [[0.3975283886300688, 0.14927721055356882], [0.02486399849002674, 0.4689094375827596]], "bias_count": 1978, "energy_calls_at_each_min": [13, 5212, 46895], "force_calls_at_each_min": [13, 5212, 46895], "run_id": 1916, "seed": 7, "bias_std_dev_scale": 0.07142857142857142, "bias_covariance": 0.0015433673469387754, "bias_height_fraction": 0.02, "bias_height": 0.76, "perturbation_size": 0.001, "optimizer": "Scipy"}