{"found_minima": [[0.623499405875948, 0.02803775524263026], [-0.0500108707675332, 0.4666941148345466], [-0.5582236442632321, 1.4417258328576201]], "found_saddles": [[0.8944648534321133, -0.4505828943648507], [0.8288421447735698, -0.5253317561942764]], "bias_count": 22, "energy_calls_at_each_min": [101, 568, 2567], "force_calls_at_each_min": [101, 568, 2567], "run_id": 1609, "seed": 10, "bias_std_dev_scale": 0.07142857142857142, "bias_covariance": 0.0015433673469387754, "bias_height_fraction": 0.2, "bias_height": 7.6000000000000005, "perturbation_size": 0.55, "optimizer": "FIRE"}