{"found_minima": [[0.623499405875948, 0.02803775524263026], [-0.050010868519662875, 0.46669411374660025], [-0.5582236473447555, 1.4417258290741302]], "found_saddles": [[0.31883494416390495, 0.2992805631956947], [-0.8551764926758821, 0.4988693384746087]], "bias_count": 265, "energy_calls_at_each_min": [101, 4523, 31127], "force_calls_at_each_min": [101, 4523, 31127], "run_id": 1243, "seed": 4, "bias_std_dev_scale": 0.1, "bias_covariance": 0.0030250000000000008, "bias_height_fraction": 0.2, "bias_height": 7.6000000000000005, "perturbation_size": 0.005, "optimizer": "FIRE"}