{"found_minima": [[0.6234994051229935, 0.028037758632698632], [-0.05001082476685591, 0.46669410727811683], [-0.5582236345909108, 1.4417258418527854]], "found_saddles": [[0.21908888866585677, 0.3964286841367206], [0.04304255549504904, 0.45736435963096256]], "bias_count": 432, "energy_calls_at_each_min": [13, 6736, 6918], "force_calls_at_each_min": [13, 6736, 6918], "run_id": 1150, "seed": 1, "bias_std_dev_scale": 0.125, "bias_covariance": 0.004726562500000001, "bias_height_fraction": 0.01, "bias_height": 0.38, "perturbation_size": 0.01, "optimizer": "Scipy"}