{"found_minima": [[0.6234994051229935, 0.028037758632698632], [-0.55822363602723, 1.4417258402958315], [-0.05001082324550661, 0.466694104904038]], "found_saddles": [[0.3046428000779104, 0.19470790595213033], [-0.01976873363614451, 0.4678126449470934]], "bias_count": 507, "energy_calls_at_each_min": [13, 2073, 9853], "force_calls_at_each_min": [13, 2073, 9853], "run_id": 1035, "seed": 6, "bias_std_dev_scale": 0.125, "bias_covariance": 0.004726562500000001, "bias_height_fraction": 0.03333333333333333, "bias_height": 1.2666666666666666, "perturbation_size": 0.001, "optimizer": "Scipy"}