{"found_minima": [[0.623499405875948, 0.02803775524263026], [-0.5766330259510982, 1.459355985587056]], "found_saddles": [[-0.8300179148936601, 0.5942612875508161]], "bias_count": 5000, "energy_calls_at_each_min": [101, 56144], "force_calls_at_each_min": [101, 56144], "run_id": 384, "seed": 5, "bias_std_dev_scale": 0.3333333333333333, "bias_covariance": 0.03361111111111112, "bias_height_fraction": 0.01, "bias_height": 0.38, "perturbation_size": 0.001, "optimizer": "FIRE"}