{"found_minima": [[0.623499405875948, 0.02803775524263026], [-0.05751296820486255, 0.4684668246373086], [-0.5582222413443638, 1.4417275917115258]], "found_saddles": [[0.15421264824653663, 0.24617557524021863], [-0.8534107558864641, 0.6076975001490847]], "bias_count": 41, "energy_calls_at_each_min": [101, 1131, 4637], "force_calls_at_each_min": [101, 1131, 4637], "run_id": 43, "seed": 4, "bias_std_dev_scale": 0.3333333333333333, "bias_covariance": 0.03361111111111112, "bias_height_fraction": 0.2, "bias_height": 7.6000000000000005, "perturbation_size": 0.005, "optimizer": "FIRE"}