{"found_minima": [[0.623499405875948, 0.02803775524263026], [-0.05001084778554007, 0.4666941111540479], [-0.5582236364262415, 1.441725844288201]], "found_saddles": [[1.252816620914774, 0.27284404685000463], [1.2213422696435166, -0.4918158547354237]], "bias_count": 131, "energy_calls_at_each_min": [101, 1370, 15723], "force_calls_at_each_min": [101, 1370, 15723], "run_id": 1602, "seed": 3, "bias_std_dev_scale": 0.07142857142857142, "bias_covariance": 0.0015433673469387754, "bias_height_fraction": 0.2, "bias_height": 7.6000000000000005, "perturbation_size": 0.55, "optimizer": "FIRE"}