{"found_minima": [[0.6234994051229935, 0.028037758632698632], [-0.050010822247629365, 0.466694104684281], [-0.5582236281971822, 1.441725846126122]], "found_saddles": [[0.7615196508786033, 0.18175296618054257], [0.08377920629555546, 0.5446303359963298]], "bias_count": 55, "energy_calls_at_each_min": [13, 1010, 1154], "force_calls_at_each_min": [13, 1010, 1154], "run_id": 1657, "seed": 8, "bias_std_dev_scale": 0.07142857142857142, "bias_covariance": 0.0015433673469387754, "bias_height_fraction": 0.2, "bias_height": 7.6000000000000005, "perturbation_size": 0.005, "optimizer": "Scipy"}