{"found_minima": [[0.6234994051229935, 0.028037758632698632], [-0.05001082300532471, 0.46669410487234764], [-0.5582236346337922, 1.4417258418036347]], "found_saddles": [[-0.16925193282519568, 0.4411222629545705], [0.23666169775487703, 0.44370183647736583]], "bias_count": 118, "energy_calls_at_each_min": [13, 2511, 3195], "force_calls_at_each_min": [13, 2511, 3195], "run_id": 1754, "seed": 5, "bias_std_dev_scale": 0.07142857142857142, "bias_covariance": 0.0015433673469387754, "bias_height_fraction": 0.1, "bias_height": 3.8000000000000003, "perturbation_size": 0.001, "optimizer": "Scipy"}