{"found_minima": [[0.623499405875948, 0.02803775524263026], [-0.05001322384230884, 0.46669458261137936], [-0.5582236418496951, 1.4417258348357316]], "found_saddles": [[0.4296519425882288, 0.5427446242243027], [1.0199866396689492, -0.35316083564865314]], "bias_count": 48, "energy_calls_at_each_min": [101, 244, 6312], "force_calls_at_each_min": [101, 244, 6312], "run_id": 320, "seed": 1, "bias_std_dev_scale": 0.3333333333333333, "bias_covariance": 0.03361111111111112, "bias_height_fraction": 0.01, "bias_height": 0.38, "perturbation_size": 0.55, "optimizer": "FIRE"}