{"found_minima": [[0.623499405875948, 0.02803775524263026], [-0.055683556317960015, 0.46800661620417516], [-0.5582225974184041, 1.441727175372222]], "found_saddles": [[0.15623045703227498, 0.24901935715179951], [-0.8407207146341397, 0.5928663237868553]], "bias_count": 21, "energy_calls_at_each_min": [101, 1259, 2349], "force_calls_at_each_min": [101, 1259, 2349], "run_id": 62, "seed": 3, "bias_std_dev_scale": 0.3333333333333333, "bias_covariance": 0.03361111111111112, "bias_height_fraction": 0.2, "bias_height": 7.6000000000000005, "perturbation_size": 0.001, "optimizer": "FIRE"}