{"found_minima": [[0.6234994051229935, 0.028037758632698632], [-0.05568354065228185, 0.4680066085954819], [-0.5582234170754439, 1.441726155090226]], "found_saddles": [[0.20304531540549886, 0.12293705591988634], [-0.31081973833325105, 0.504909611975882]], "bias_count": 19, "energy_calls_at_each_min": [13, 166, 267], "force_calls_at_each_min": [13, 166, 267], "run_id": 32, "seed": 3, "bias_std_dev_scale": 0.3333333333333333, "bias_covariance": 0.03361111111111112, "bias_height_fraction": 0.2, "bias_height": 7.6000000000000005, "perturbation_size": 0.01, "optimizer": "Scipy"}