{"found_minima": [[0.6234994051229935, 0.028037758632698632], [-0.05001082951745993, 0.46669410275887496], [-0.5582236344620927, 1.441725841867084]], "found_saddles": [[1.1291914234290958, -0.188238875846157], [0.8131014952525306, -0.4882480609486581]], "bias_count": 11, "energy_calls_at_each_min": [13, 24, 176], "force_calls_at_each_min": [13, 24, 176], "run_id": 1535, "seed": 6, "bias_std_dev_scale": 0.1, "bias_covariance": 0.0030250000000000008, "bias_height_fraction": 0.01, "bias_height": 0.38, "perturbation_size": 0.55, "optimizer": "Scipy"}