{"found_minima": [[0.6234994051229935, 0.028037758632698632], [-0.05001082305211298, 0.46669410488276003], [-0.5582236349175888, 1.4417258412474778]], "found_saddles": [[0.16846616104781503, 0.12817476852166504], [0.12399261684292642, 0.37427636735548353]], "bias_count": 109, "energy_calls_at_each_min": [13, 2184, 2270], "force_calls_at_each_min": [13, 2184, 2270], "run_id": 1735, "seed": 6, "bias_std_dev_scale": 0.07142857142857142, "bias_covariance": 0.0015433673469387754, "bias_height_fraction": 0.1, "bias_height": 3.8000000000000003, "perturbation_size": 0.005, "optimizer": "Scipy"}