{"found_minima": [[0.6234994051229935, 0.028037758632698632], [-0.5582235612577631, 1.4417259491307879]], "found_saddles": [[0.11001292174996197, 0.07209049218408572]], "bias_count": 5000, "energy_calls_at_each_min": [13, 314], "force_calls_at_each_min": [13, 314], "run_id": 71, "seed": 2, "bias_std_dev_scale": 0.3333333333333333, "bias_covariance": 0.03361111111111112, "bias_height_fraction": 0.2, "bias_height": 7.6000000000000005, "perturbation_size": 0.001, "optimizer": "Scipy"}