{"found_minima": [[0.6234994051229935, 0.028037758632698632], [-0.5582236346623966, 1.441725841859891]], "found_saddles": [[-0.2699940270941259, 0.4344956797908105]], "bias_count": 5000, "energy_calls_at_each_min": [13, 552], "force_calls_at_each_min": [13, 552], "run_id": 219, "seed": 10, "bias_std_dev_scale": 0.3333333333333333, "bias_covariance": 0.03361111111111112, "bias_height_fraction": 0.03333333333333333, "bias_height": 1.2666666666666666, "perturbation_size": 0.005, "optimizer": "Scipy"}