{"found_minima": [[0.623499405875948, 0.02803775524263026], [-0.05001086953421836, 0.4666941127523323], [-0.5582236186540124, 1.44172585879413]], "found_saddles": [[0.2096691026493915, 0.2908364540912241], [-0.8104910407594462, 0.6551561496426368]], "bias_count": 285, "energy_calls_at_each_min": [101, 7284, 33247], "force_calls_at_each_min": [101, 7284, 33247], "run_id": 1325, "seed": 6, "bias_std_dev_scale": 0.1, "bias_covariance": 0.0030250000000000008, "bias_height_fraction": 0.1, "bias_height": 3.8000000000000003, "perturbation_size": 0.005, "optimizer": "FIRE"}