{"found_minima": [[0.6234994051229935, 0.028037758632698632], [-0.05001081897509337, 0.4666941038852323], [-0.5582236347235161, 1.441725841831739]], "found_saddles": [[1.0107556941434102, 0.4185918354202002], [1.1526501399507336, 0.27764562124800946]], "bias_count": 16, "energy_calls_at_each_min": [13, 59, 274], "force_calls_at_each_min": [13, 59, 274], "run_id": 1452, "seed": 3, "bias_std_dev_scale": 0.1, "bias_covariance": 0.0030250000000000008, "bias_height_fraction": 0.02, "bias_height": 0.76, "perturbation_size": 0.55, "optimizer": "Scipy"}