{"found_minima": [[0.6234994051229935, 0.028037758632698632], [-0.05001082216057892, 0.46669410652208465], [-0.5582236342461929, 1.4417258424778447]], "found_saddles": [[0.24591241322904295, 0.14079014613253543], [0.02374751459865872, 0.45591422496959]], "bias_count": 489, "energy_calls_at_each_min": [13, 8725, 8834], "force_calls_at_each_min": [13, 8725, 8834], "run_id": 1574, "seed": 5, "bias_std_dev_scale": 0.1, "bias_covariance": 0.0030250000000000008, "bias_height_fraction": 0.01, "bias_height": 0.38, "perturbation_size": 0.005, "optimizer": "Scipy"}