{"found_minima": [[0.6234994051229935, 0.028037758632698632], [-0.05001081897343866, 0.46669410388482263], [-0.5582236347428479, 1.4417258400999073]], "found_saddles": [[1.0107558010402748, 0.4185918312043365], [1.1123621775518595, 0.28005599105173984]], "bias_count": 16, "energy_calls_at_each_min": [13, 57, 230], "force_calls_at_each_min": [13, 57, 230], "run_id": 1132, "seed": 3, "bias_std_dev_scale": 0.125, "bias_covariance": 0.004726562500000001, "bias_height_fraction": 0.01, "bias_height": 0.38, "perturbation_size": 0.55, "optimizer": "Scipy"}