{"found_minima": [[0.623499405875948, 0.02803775524263026], [-0.05001080635432062, 0.46669409919569277], [-0.5582236183896168, 1.4417258591958324]], "found_saddles": [[0.1847117037099163, 0.2554509263503306], [-0.7968042859109461, 0.6292027467906315]], "bias_count": 2170, "energy_calls_at_each_min": [101, 42970, 252037], "force_calls_at_each_min": [101, 42970, 252037], "run_id": 1820, "seed": 1, "bias_std_dev_scale": 0.07142857142857142, "bias_covariance": 0.0015433673469387754, "bias_height_fraction": 0.03333333333333333, "bias_height": 1.2666666666666666, "perturbation_size": 0.001, "optimizer": "FIRE"}