{"found_minima": [[0.6234994051229935, 0.028037758632698632], [-0.558223626529684, 1.4417258462990445], [-0.05001082008500092, 0.4666941051483501]], "found_saddles": [[1.1511459652616725, 0.41138452442686335], [-1.04205071246431, 1.4312524193489478]], "bias_count": 6, "energy_calls_at_each_min": [13, 67, 89], "force_calls_at_each_min": [13, 67, 89], "run_id": 1612, "seed": 3, "bias_std_dev_scale": 0.07142857142857142, "bias_covariance": 0.0015433673469387754, "bias_height_fraction": 0.2, "bias_height": 7.6000000000000005, "perturbation_size": 0.55, "optimizer": "Scipy"}