{"found_minima": [[0.623499405875948, 0.02803775524263026], [-0.05001086537105709, 0.46669410830727903], [-0.5582236156196091, 1.4417258611535317]], "found_saddles": [[0.21715790851048378, 0.2865837387260705], [-0.8181585527111847, 0.6081828018204568]], "bias_count": 1103, "energy_calls_at_each_min": [101, 20730, 133205], "force_calls_at_each_min": [101, 20730, 133205], "run_id": 1404, "seed": 5, "bias_std_dev_scale": 0.1, "bias_covariance": 0.0030250000000000008, "bias_height_fraction": 0.03333333333333333, "bias_height": 1.2666666666666666, "perturbation_size": 0.005, "optimizer": "FIRE"}