{"found_minima": [[0.6234994051229935, 0.028037758632698632], [-0.05001082824036894, 0.46669410609919815], [-0.558223634459716, 1.4417258401168995]], "found_saddles": [[0.16460482990505437, 0.331213893636012], [0.6249394203867271, -0.5219603563459514]], "bias_count": 12, "energy_calls_at_each_min": [13, 26, 228], "force_calls_at_each_min": [13, 26, 228], "run_id": 1936, "seed": 7, "bias_std_dev_scale": 0.07142857142857142, "bias_covariance": 0.0015433673469387754, "bias_height_fraction": 0.01, "bias_height": 0.38, "perturbation_size": 0.55, "optimizer": "Scipy"}