{"found_minima": [[0.6234994051229935, 0.028037758632698632], [-0.5582235780883181, 1.44172592131341]], "found_saddles": [[-0.36658994079496854, 0.37866515862442224]], "bias_count": 5000, "energy_calls_at_each_min": [13, 2347], "force_calls_at_each_min": [13, 2347], "run_id": 390, "seed": 1, "bias_std_dev_scale": 0.3333333333333333, "bias_covariance": 0.03361111111111112, "bias_height_fraction": 0.01, "bias_height": 0.38, "perturbation_size": 0.001, "optimizer": "Scipy"}