{"found_minima": [[0.623499405875948, 0.02803775524263026], [-0.050010791347482375, 0.4666941020791023], [-0.5582236561034274, 1.4417258202067753]], "found_saddles": [[0.5467305983173333, -0.516984320057665], [1.22099106520563, -0.28799922601237127]], "bias_count": 59, "energy_calls_at_each_min": [101, 804, 7291], "force_calls_at_each_min": [101, 804, 7291], "run_id": 1688, "seed": 9, "bias_std_dev_scale": 0.07142857142857142, "bias_covariance": 0.0015433673469387754, "bias_height_fraction": 0.1, "bias_height": 3.8000000000000003, "perturbation_size": 0.55, "optimizer": "FIRE"}