{"found_minima": [[0.623499405875948, 0.02803775524263026], [-0.05001086277543007, 0.46669410565764624], [-0.5582236530477812, 1.441725822668638]], "found_saddles": [[0.6171511561326062, -0.5219256016075206], [1.1040316165629007, -0.39581172838067596]], "bias_count": 62, "energy_calls_at_each_min": [101, 887, 7773], "force_calls_at_each_min": [101, 887, 7773], "run_id": 1048, "seed": 9, "bias_std_dev_scale": 0.125, "bias_covariance": 0.004726562500000001, "bias_height_fraction": 0.02, "bias_height": 0.76, "perturbation_size": 0.55, "optimizer": "FIRE"}