{"found_minima": [[0.6234994051229935, 0.028037758632698632], [-0.5582236346922941, 1.4417258418558465], [-0.050010823835269634, 0.46669410442097864]], "found_saddles": [[0.2751420198926043, 0.10865622634599706], [0.013155425752725103, 0.46713883512180265]], "bias_count": 2087, "energy_calls_at_each_min": [13, 6746, 49828], "force_calls_at_each_min": [13, 6746, 49828], "run_id": 1917, "seed": 8, "bias_std_dev_scale": 0.07142857142857142, "bias_covariance": 0.0015433673469387754, "bias_height_fraction": 0.02, "bias_height": 0.76, "perturbation_size": 0.001, "optimizer": "Scipy"}