{"found_minima": [[0.623499405875948, 0.02803775524263026], [-0.0500108666734022, 0.4666941127768168], [-0.5582236525765238, 1.4417258247707025]], "found_saddles": [[0.8635763951254418, -0.4169987213944031], [1.155593730987233, -0.3509694813900966]], "bias_count": 55, "energy_calls_at_each_min": [101, 681, 7452], "force_calls_at_each_min": [101, 681, 7452], "run_id": 1285, "seed": 6, "bias_std_dev_scale": 0.1, "bias_covariance": 0.0030250000000000008, "bias_height_fraction": 0.1, "bias_height": 3.8000000000000003, "perturbation_size": 0.55, "optimizer": "FIRE"}