{"found_minima": [[0.623499405875948, 0.02803775524263026], [-0.05001084266261048, 0.4666941141774237], [-0.5582236143017324, 1.4417258624115596]], "found_saddles": [[0.25942371423862454, 0.2909548239406523], [-0.8223134538716966, 0.6319095158951195]], "bias_count": 1238, "energy_calls_at_each_min": [101, 22414, 157359], "force_calls_at_each_min": [101, 22414, 157359], "run_id": 1106, "seed": 7, "bias_std_dev_scale": 0.125, "bias_covariance": 0.004726562500000001, "bias_height_fraction": 0.02, "bias_height": 0.76, "perturbation_size": 0.001, "optimizer": "FIRE"}