{"found_minima": [[0.6234994051229935, 0.028037758632698632], [-0.050010822540646614, 0.46669410441132136], [-0.5582236345402402, 1.441725842342461]], "found_saddles": [[0.39054842303152565, 0.2211119927884458], [-0.17777163831402, 0.32603239497513425]], "bias_count": 42, "energy_calls_at_each_min": [13, 378, 768], "force_calls_at_each_min": [13, 378, 768], "run_id": 1233, "seed": 4, "bias_std_dev_scale": 0.1, "bias_covariance": 0.0030250000000000008, "bias_height_fraction": 0.2, "bias_height": 7.6000000000000005, "perturbation_size": 0.01, "optimizer": "Scipy"}