{"found_minima": [[0.6234994051229935, 0.028037758632698632], [-0.05001081940122168, 0.4666941036811883], [-0.5582236348258685, 1.4417258416226473]], "found_saddles": [[0.2935144011736154, 0.2253419922341614], [-0.20933783413352014, 0.5235098464500808]], "bias_count": 105, "energy_calls_at_each_min": [13, 1957, 2061], "force_calls_at_each_min": [13, 1957, 2061], "run_id": 1715, "seed": 6, "bias_std_dev_scale": 0.07142857142857142, "bias_covariance": 0.0015433673469387754, "bias_height_fraction": 0.1, "bias_height": 3.8000000000000003, "perturbation_size": 0.01, "optimizer": "Scipy"}