{"found_minima": [[0.623499405875948, 0.02803775524263026], [-0.05003511623696288, 0.46669890150241594], [-0.5582235399946052, 1.4417259765897157]], "found_saddles": [[0.2935316151725071, 0.4680619103731074], [0.9347643110851359, -0.48320501391164683]], "bias_count": 22, "energy_calls_at_each_min": [101, 225, 2810], "force_calls_at_each_min": [101, 225, 2810], "run_id": 84, "seed": 5, "bias_std_dev_scale": 0.3333333333333333, "bias_covariance": 0.03361111111111112, "bias_height_fraction": 0.1, "bias_height": 3.8000000000000003, "perturbation_size": 0.55, "optimizer": "FIRE"}