{"found_minima": [[0.6234994051229935, 0.028037758632698632], [-0.558223634450672, 1.441725842030585], [-0.050010820676046494, 0.4666941101953313]], "found_saddles": [[0.33068255270760594, 0.27685175278562274], [-0.28485232774269087, 0.4432878010574022]], "bias_count": 265, "energy_calls_at_each_min": [13, 1106, 4983], "force_calls_at_each_min": [13, 1106, 4983], "run_id": 1631, "seed": 2, "bias_std_dev_scale": 0.07142857142857142, "bias_covariance": 0.0015433673469387754, "bias_height_fraction": 0.2, "bias_height": 7.6000000000000005, "perturbation_size": 0.01, "optimizer": "Scipy"}