{"found_minima": [[0.623499405875948, 0.02803775524263026], [-0.050010779430349594, 0.46669410197116445], [-0.5582236304058124, 1.4417258420437695]], "found_saddles": [[0.2239023684829538, 0.317655548405707], [-0.4296599650647447, 0.7194171701986867]], "bias_count": 168, "energy_calls_at_each_min": [101, 4514, 19733], "force_calls_at_each_min": [101, 4514, 19733], "run_id": 1248, "seed": 9, "bias_std_dev_scale": 0.1, "bias_covariance": 0.0030250000000000008, "bias_height_fraction": 0.2, "bias_height": 7.6000000000000005, "perturbation_size": 0.005, "optimizer": "FIRE"}