{"found_minima": [[0.623499405875948, 0.02803775524263026], [-0.05001078442164892, 0.46669409763522873], [-0.5582236503110559, 1.4417258249811047]], "found_saddles": [[0.2221645278025683, 0.29224839346057274], [-0.8336083360739193, 0.611022997296875]], "bias_count": 1223, "energy_calls_at_each_min": [101, 19865, 144722], "force_calls_at_each_min": [101, 19865, 144722], "run_id": 1388, "seed": 9, "bias_std_dev_scale": 0.1, "bias_covariance": 0.0030250000000000008, "bias_height_fraction": 0.03333333333333333, "bias_height": 1.2666666666666666, "perturbation_size": 0.01, "optimizer": "FIRE"}