{"found_minima": [[0.623499405875948, 0.02803775524263026], [-0.5582225599480795, 1.4417272082640475]], "found_saddles": [[-0.8332923645928998, 0.5899723142690037]], "bias_count": 5000, "energy_calls_at_each_min": [101, 62892], "force_calls_at_each_min": [101, 62892], "run_id": 369, "seed": 10, "bias_std_dev_scale": 0.3333333333333333, "bias_covariance": 0.03361111111111112, "bias_height_fraction": 0.01, "bias_height": 0.38, "perturbation_size": 0.005, "optimizer": "FIRE"}