{"found_minima": [[0.623499405875948, 0.02803775524263026], [-0.0500108163537439, 0.46669410365733816], [-0.5582236104868712, 1.4417258659698757]], "found_saddles": [[0.2307419424072359, 0.2878031149842949], [-0.8306868267511058, 0.620933966950662]], "bias_count": 1209, "energy_calls_at_each_min": [101, 22582, 148940], "force_calls_at_each_min": [101, 22582, 148940], "run_id": 1060, "seed": 1, "bias_std_dev_scale": 0.125, "bias_covariance": 0.004726562500000001, "bias_height_fraction": 0.02, "bias_height": 0.76, "perturbation_size": 0.01, "optimizer": "FIRE"}