{"found_minima": [[0.623499405875948, 0.02803775524263026], [-0.050010788619096636, 0.46669410134312783], [-0.558223650738742, 1.4417258260985157]], "found_saddles": [[0.17793463555866046, 0.287296177382573], [-0.834729897124277, 0.6387588517171457]], "bias_count": 1756, "energy_calls_at_each_min": [101, 35827, 213927], "force_calls_at_each_min": [101, 35827, 213927], "run_id": 1460, "seed": 1, "bias_std_dev_scale": 0.1, "bias_covariance": 0.0030250000000000008, "bias_height_fraction": 0.02, "bias_height": 0.76, "perturbation_size": 0.01, "optimizer": "FIRE"}