{"found_minima": [[0.623499405875948, 0.02803775524263026], [-0.05001081396366243, 0.4666940973522414], [-0.5582236449576548, 1.4417258331043286]], "found_saddles": [[0.6171511829103135, -0.5219256056989895], [1.1923036615206104, -0.2833895679907119]], "bias_count": 61, "energy_calls_at_each_min": [101, 847, 7560], "force_calls_at_each_min": [101, 847, 7560], "run_id": 1368, "seed": 9, "bias_std_dev_scale": 0.1, "bias_covariance": 0.0030250000000000008, "bias_height_fraction": 0.03333333333333333, "bias_height": 1.2666666666666666, "perturbation_size": 0.55, "optimizer": "FIRE"}