{"found_minima": [[0.6234994051229935, 0.028037758632698632], [-0.5582236254830072, 1.4417258574997984]], "found_saddles": [[-0.3284127140404943, 0.41238050889590816]], "bias_count": 5000, "energy_calls_at_each_min": [13, 1160], "force_calls_at_each_min": [13, 1160], "run_id": 279, "seed": 10, "bias_std_dev_scale": 0.3333333333333333, "bias_covariance": 0.03361111111111112, "bias_height_fraction": 0.02, "bias_height": 0.76, "perturbation_size": 0.01, "optimizer": "Scipy"}