{"found_minima": [[0.6234994051229935, 0.028037758632698632], [-0.558223634183627, 1.4417258422247508], [-0.050010822961754485, 0.46669410487727114]], "found_saddles": [[0.2245284408338964, 0.20255386554391724], [-1.102386652921981, 0.8152089471100865]], "bias_count": 341, "energy_calls_at_each_min": [13, 1544, 9394], "force_calls_at_each_min": [13, 1544, 9394], "run_id": 1359, "seed": 10, "bias_std_dev_scale": 0.1, "bias_covariance": 0.0030250000000000008, "bias_height_fraction": 0.1, "bias_height": 3.8000000000000003, "perturbation_size": 0.001, "optimizer": "Scipy"}