{"found_minima": [[0.6234994051229935, 0.028037758632698632], [-0.05001082219239216, 0.4666941042052779], [-0.558223630532655, 1.4417258460343017]], "found_saddles": [[0.08016641864710683, 0.27273600356993666], [-0.2846411716033599, 0.4073703484800827]], "bias_count": 64, "energy_calls_at_each_min": [13, 921, 1146], "force_calls_at_each_min": [13, 921, 1146], "run_id": 1639, "seed": 10, "bias_std_dev_scale": 0.07142857142857142, "bias_covariance": 0.0015433673469387754, "bias_height_fraction": 0.2, "bias_height": 7.6000000000000005, "perturbation_size": 0.01, "optimizer": "Scipy"}