{"found_minima": [[0.623499405875948, 0.02803775524263026], [-0.05001077813107839, 0.4666940974754236], [-0.5582236365434835, 1.4417258358253542]], "found_saddles": [[0.23200708681343649, 0.29675053349012886], [-0.8111662641394718, 0.6370049312651216]], "bias_count": 2074, "energy_calls_at_each_min": [101, 39279, 236613], "force_calls_at_each_min": [101, 39279, 236613], "run_id": 1806, "seed": 7, "bias_std_dev_scale": 0.07142857142857142, "bias_covariance": 0.0015433673469387754, "bias_height_fraction": 0.03333333333333333, "bias_height": 1.2666666666666666, "perturbation_size": 0.005, "optimizer": "FIRE"}