{"found_minima": [[0.6234994051229935, 0.028037758632698632], [-0.050010789129023514, 0.4666940984711604], [-0.5582236346186582, 1.44172584181759]], "found_saddles": [[0.2671709642117023, 0.17840560157060262], [0.3515150554550241, 0.394344740204503]], "bias_count": 281, "energy_calls_at_each_min": [13, 2641, 6365], "force_calls_at_each_min": [13, 2641, 6365], "run_id": 1034, "seed": 5, "bias_std_dev_scale": 0.125, "bias_covariance": 0.004726562500000001, "bias_height_fraction": 0.03333333333333333, "bias_height": 1.2666666666666666, "perturbation_size": 0.001, "optimizer": "Scipy"}