{"found_minima": [[0.6234994051229935, 0.028037758632698632], [-0.5582236349339418, 1.4417258414719352], [-0.050010818342666144, 0.4666941061195727]], "found_saddles": [[0.28220687937784483, 0.06194745587455579], [-0.2841600591504914, 1.8693971066296584]], "bias_count": 208, "energy_calls_at_each_min": [13, 236, 4140], "force_calls_at_each_min": [13, 236, 4140], "run_id": 1633, "seed": 4, "bias_std_dev_scale": 0.07142857142857142, "bias_covariance": 0.0015433673469387754, "bias_height_fraction": 0.2, "bias_height": 7.6000000000000005, "perturbation_size": 0.01, "optimizer": "Scipy"}