{"found_minima": [[0.623499405875948, 0.02803775524263026], [-0.05001078016191443, 0.46669409962695263]], "found_saddles": [[0.21222331976975786, 0.2913573314676844]], "bias_count": 5000, "energy_calls_at_each_min": [101, 137799], "force_calls_at_each_min": [101, 137799], "run_id": 1987, "seed": 8, "bias_std_dev_scale": 0.07142857142857142, "bias_covariance": 0.0015433673469387754, "bias_height_fraction": 0.01, "bias_height": 0.38, "perturbation_size": 0.001, "optimizer": "FIRE"}