{"found_minima": [[0.6234994051229935, 0.028037758632698632], [-0.0556835433978108, 0.46800661189424464], [-0.5582234177117623, 1.4417261534172703]], "found_saddles": [[0.20174479138477122, 0.12522579511282636], [-0.31602158048381895, 0.48851347945934426]], "bias_count": 19, "energy_calls_at_each_min": [13, 170, 274], "force_calls_at_each_min": [13, 170, 274], "run_id": 52, "seed": 3, "bias_std_dev_scale": 0.3333333333333333, "bias_covariance": 0.03361111111111112, "bias_height_fraction": 0.2, "bias_height": 7.6000000000000005, "perturbation_size": 0.005, "optimizer": "Scipy"}