{"found_minima": [[0.6234994051229935, 0.028037758632698632], [-0.05001079816139832, 0.46669410761042546], [-0.5582236336661031, 1.441725844706809]], "found_saddles": [[0.8989310330584734, -0.024681912292483718], [0.16220945546156237, 0.4864274973448256]], "bias_count": 48, "energy_calls_at_each_min": [13, 1031, 1145], "force_calls_at_each_min": [13, 1031, 1145], "run_id": 1676, "seed": 7, "bias_std_dev_scale": 0.07142857142857142, "bias_covariance": 0.0015433673469387754, "bias_height_fraction": 0.2, "bias_height": 7.6000000000000005, "perturbation_size": 0.001, "optimizer": "Scipy"}