{"found_minima": [[0.623499405875948, 0.02803775524263026], [-0.05001079131227239, 0.46669410310935755], [-0.5582236412868666, 1.44172583520873]], "found_saddles": [[0.19884872703627032, 0.2816964926222725], [-0.8325161757846029, 0.6233933082538401]], "bias_count": 666, "energy_calls_at_each_min": [101, 12876, 78937], "force_calls_at_each_min": [101, 12876, 78937], "run_id": 1748, "seed": 9, "bias_std_dev_scale": 0.07142857142857142, "bias_covariance": 0.0015433673469387754, "bias_height_fraction": 0.1, "bias_height": 3.8000000000000003, "perturbation_size": 0.001, "optimizer": "FIRE"}