{"found_minima": [[0.6234994051229935, 0.028037758632698632], [-0.0500108206995336, 0.4666941016776804], [-0.5582236381125206, 1.4417258415213374]], "found_saddles": [[0.2367677752487181, 0.16673769492983492], [0.08127271267439332, 0.49088707414903127]], "bias_count": 461, "energy_calls_at_each_min": [13, 9377, 9658], "force_calls_at_each_min": [13, 9377, 9658], "run_id": 1872, "seed": 3, "bias_std_dev_scale": 0.07142857142857142, "bias_covariance": 0.0015433673469387754, "bias_height_fraction": 0.02, "bias_height": 0.76, "perturbation_size": 0.01, "optimizer": "Scipy"}