{"found_minima": [[0.623499405875948, 0.02803775524263026], [-0.0500108593263428, 0.4666941043746074], [-0.5582236228870695, 1.4417258554297396]], "found_saddles": [[0.19121367352765414, 0.2509615372693551], [-0.8433441673211931, 0.6080581914714857]], "bias_count": 1258, "energy_calls_at_each_min": [101, 23940, 155726], "force_calls_at_each_min": [101, 23940, 155726], "run_id": 1087, "seed": 8, "bias_std_dev_scale": 0.125, "bias_covariance": 0.004726562500000001, "bias_height_fraction": 0.02, "bias_height": 0.76, "perturbation_size": 0.005, "optimizer": "FIRE"}