{"found_minima": [[0.6234994051229935, 0.028037758632698632], [-0.558222965375732, 1.4417267145721082]], "found_saddles": [[-0.5410902677596885, 0.49157209022259374]], "bias_count": 5000, "energy_calls_at_each_min": [13, 235], "force_calls_at_each_min": [13, 235], "run_id": 35, "seed": 6, "bias_std_dev_scale": 0.3333333333333333, "bias_covariance": 0.03361111111111112, "bias_height_fraction": 0.2, "bias_height": 7.6000000000000005, "perturbation_size": 0.01, "optimizer": "Scipy"}