{"found_minima": [[0.623499405875948, 0.02803775524263026], [-0.05001083073911713, 0.46669410731855687], [-0.558223617640752, 1.441725858329757]], "found_saddles": [[0.17993597937975014, 0.22941297723293147], [-0.8266818731897916, 0.6132937954513118]], "bias_count": 2043, "energy_calls_at_each_min": [101, 41057, 231067], "force_calls_at_each_min": [101, 41057, 231067], "run_id": 1782, "seed": 3, "bias_std_dev_scale": 0.07142857142857142, "bias_covariance": 0.0015433673469387754, "bias_height_fraction": 0.03333333333333333, "bias_height": 1.2666666666666666, "perturbation_size": 0.01, "optimizer": "FIRE"}