{"found_minima": [[0.623499405875948, 0.02803775524263026], [-0.05001078151066499, 0.4666940973440862], [-0.5582236484084299, 1.441725828168354]], "found_saddles": [[0.2238367248376286, 0.30681094853084634], [-0.8225187515131328, 0.6221959579231104]], "bias_count": 3594, "energy_calls_at_each_min": [101, 61760, 412052], "force_calls_at_each_min": [101, 61760, 412052], "run_id": 1860, "seed": 1, "bias_std_dev_scale": 0.07142857142857142, "bias_covariance": 0.0015433673469387754, "bias_height_fraction": 0.02, "bias_height": 0.76, "perturbation_size": 0.01, "optimizer": "FIRE"}