{"found_minima": [[0.623499405875948, 0.02803775524263026], [-0.05001086822557266, 0.4666941093277253], [-0.5582236393640295, 1.4417258334957053]], "found_saddles": [[0.24470526358537958, 0.29630106320902333], [-0.829810705476729, 0.6208774726223772]], "bias_count": 1261, "energy_calls_at_each_min": [101, 25480, 156191], "force_calls_at_each_min": [101, 25480, 156191], "run_id": 1063, "seed": 4, "bias_std_dev_scale": 0.125, "bias_covariance": 0.004726562500000001, "bias_height_fraction": 0.02, "bias_height": 0.76, "perturbation_size": 0.01, "optimizer": "FIRE"}