{"found_minima": [[0.6234994051229935, 0.028037758632698632], [-0.05751294137372122, 0.4684668162350858], [-0.5582235386367154, 1.4417259787346497]], "found_saddles": [[0.2224074569112698, 0.1024009964866125], [-0.2925164636000605, 0.5290739035725844]], "bias_count": 14, "energy_calls_at_each_min": [13, 146, 233], "force_calls_at_each_min": [13, 146, 233], "run_id": 76, "seed": 7, "bias_std_dev_scale": 0.3333333333333333, "bias_covariance": 0.03361111111111112, "bias_height_fraction": 0.2, "bias_height": 7.6000000000000005, "perturbation_size": 0.001, "optimizer": "Scipy"}