{"found_minima": [[0.623499405875948, 0.02803775524263026], [-0.558222616880148, 1.4417271498573905]], "found_saddles": [[-0.8360652993395709, 0.5980193326507023]], "bias_count": 5000, "energy_calls_at_each_min": [101, 21702], "force_calls_at_each_min": [101, 21702], "run_id": 187, "seed": 8, "bias_std_dev_scale": 0.3333333333333333, "bias_covariance": 0.03361111111111112, "bias_height_fraction": 0.03333333333333333, "bias_height": 1.2666666666666666, "perturbation_size": 0.01, "optimizer": "FIRE"}