{"found_minima": [[0.6234994051229935, 0.028037758632698632], [-0.05001082353413252, 0.46669410507515247], [-0.5582236368560163, 1.441725839538729]], "found_saddles": [[0.19828100666062887, 0.2788595396735859], [-0.18372038267837812, 0.4850844842044531]], "bias_count": 43, "energy_calls_at_each_min": [13, 789, 823], "force_calls_at_each_min": [13, 789, 823], "run_id": 1632, "seed": 3, "bias_std_dev_scale": 0.07142857142857142, "bias_covariance": 0.0015433673469387754, "bias_height_fraction": 0.2, "bias_height": 7.6000000000000005, "perturbation_size": 0.01, "optimizer": "Scipy"}