{"found_minima": [[0.6234994051229935, 0.028037758632698632], [-0.5582236267159665, 1.4417258484714164], [-0.050011306055105, 0.46669421962124574]], "found_saddles": [[-0.08067885911732531, 0.4519064928623382], [0.014275455549359384, 0.46516654621638764]], "bias_count": 705, "energy_calls_at_each_min": [13, 1403, 8329], "force_calls_at_each_min": [13, 1403, 8329], "run_id": 774, "seed": 5, "bias_std_dev_scale": 0.2, "bias_covariance": 0.012100000000000003, "bias_height_fraction": 0.01, "bias_height": 0.38, "perturbation_size": 0.005, "optimizer": "Scipy"}