{"found_minima": [[0.6234994051229935, 0.028037758632698632], [-0.050010823363615765, 0.4666941049869682], [-0.558223634764515, 1.44172584187687]], "found_saddles": [[0.20441425079621786, 0.015421945553074048], [0.05756615147746626, 0.4726766211943882]], "bias_count": 55, "energy_calls_at_each_min": [13, 982, 1018], "force_calls_at_each_min": [13, 982, 1018], "run_id": 1653, "seed": 4, "bias_std_dev_scale": 0.07142857142857142, "bias_covariance": 0.0015433673469387754, "bias_height_fraction": 0.2, "bias_height": 7.6000000000000005, "perturbation_size": 0.005, "optimizer": "Scipy"}