{"found_minima": [[0.623499405875948, 0.02803775524263026], [-0.05001078086350101, 0.4666941018846217], [-0.5582236465424808, 1.4417258300399143]], "found_saddles": [[0.21127682190147123, 0.29610573510837646], [-0.8228859756494138, 0.6249780078246068]], "bias_count": 2002, "energy_calls_at_each_min": [101, 39407, 234388], "force_calls_at_each_min": [101, 39407, 234388], "run_id": 1827, "seed": 8, "bias_std_dev_scale": 0.07142857142857142, "bias_covariance": 0.0015433673469387754, "bias_height_fraction": 0.03333333333333333, "bias_height": 1.2666666666666666, "perturbation_size": 0.001, "optimizer": "FIRE"}