{"found_minima": [[0.623499405875948, 0.02803775524263026], [-0.050010857245907495, 0.46669410922319393], [-0.5582236376453938, 1.4417258365846026]], "found_saddles": [[0.22050064863811272, 0.29377149887904896], [-0.8216994337816375, 0.6236524457832597]], "bias_count": 2133, "energy_calls_at_each_min": [101, 33926, 243055], "force_calls_at_each_min": [101, 33926, 243055], "run_id": 1789, "seed": 10, "bias_std_dev_scale": 0.07142857142857142, "bias_covariance": 0.0015433673469387754, "bias_height_fraction": 0.03333333333333333, "bias_height": 1.2666666666666666, "perturbation_size": 0.01, "optimizer": "FIRE"}