{"found_minima": [[0.623499405875948, 0.02803775524263026], [-0.05001085591687607, 0.4666941102449119], [-0.5582236408246387, 1.4417258351732618]], "found_saddles": [[0.516564697116218, -0.514514505997838], [1.2786298523240691, 0.23343398466442114]], "bias_count": 40, "energy_calls_at_each_min": [101, 829, 4764], "force_calls_at_each_min": [101, 829, 4764], "run_id": 1208, "seed": 9, "bias_std_dev_scale": 0.1, "bias_covariance": 0.0030250000000000008, "bias_height_fraction": 0.2, "bias_height": 7.6000000000000005, "perturbation_size": 0.55, "optimizer": "FIRE"}