{"found_minima": [[0.6234994051229935, 0.028037758632698632], [-0.050171935921321506, 0.466725740144476], [-0.5582235191310384, 1.4417260117308024]], "found_saddles": [[-0.03464194798134157, 0.46962496681351684], [-0.27978647403368606, 0.4851710404908035]], "bias_count": 10, "energy_calls_at_each_min": [13, 75, 143], "force_calls_at_each_min": [13, 75, 143], "run_id": 56, "seed": 7, "bias_std_dev_scale": 0.3333333333333333, "bias_covariance": 0.03361111111111112, "bias_height_fraction": 0.2, "bias_height": 7.6000000000000005, "perturbation_size": 0.005, "optimizer": "Scipy"}