{"found_minima": [[0.6234994051229935, 0.028037758632698632], [-0.050010822998022945, 0.4666941048719882], [-0.5582236352276023, 1.4417258403342852]], "found_saddles": [[-0.05602286238821319, 0.4665528756344885], [0.0974217899994339, 0.4028713364992431]], "bias_count": 221, "energy_calls_at_each_min": [13, 3829, 4094], "force_calls_at_each_min": [13, 3829, 4094], "run_id": 1478, "seed": 9, "bias_std_dev_scale": 0.1, "bias_covariance": 0.0030250000000000008, "bias_height_fraction": 0.02, "bias_height": 0.76, "perturbation_size": 0.01, "optimizer": "Scipy"}