{"found_minima": [[0.6234994051229935, 0.028037758632698632], [-0.5582236349919876, 1.4417258417872887], [-0.05001082471764822, 0.4666941044143883]], "found_saddles": [[0.3625392774143758, 0.042049881852541604], [0.1063340791733644, 0.4672186083610518]], "bias_count": 2170, "energy_calls_at_each_min": [13, 3418, 51953], "force_calls_at_each_min": [13, 3418, 51953], "run_id": 1915, "seed": 6, "bias_std_dev_scale": 0.07142857142857142, "bias_covariance": 0.0015433673469387754, "bias_height_fraction": 0.02, "bias_height": 0.76, "perturbation_size": 0.001, "optimizer": "Scipy"}