{"found_minima": [[0.6234994051229935, 0.028037758632698632], [-0.5582236022537005, 1.4417258945016151]], "found_saddles": [[-0.27193452073361246, 0.48533465891156646]], "bias_count": 5000, "energy_calls_at_each_min": [13, 2134], "force_calls_at_each_min": [13, 2134], "run_id": 394, "seed": 5, "bias_std_dev_scale": 0.3333333333333333, "bias_covariance": 0.03361111111111112, "bias_height_fraction": 0.01, "bias_height": 0.38, "perturbation_size": 0.001, "optimizer": "Scipy"}