{"found_minima": [[0.623499405875948, 0.02803775524263026], [-0.05001079120799783, 0.4666940970525741], [-0.558223619649494, 1.4417258559421864]], "found_saddles": [[0.178606091078294, 0.2741599175395214], [-0.8283354482101527, 0.5870304847354922]], "bias_count": 1824, "energy_calls_at_each_min": [101, 36327, 224234], "force_calls_at_each_min": [101, 36327, 224234], "run_id": 1484, "seed": 5, "bias_std_dev_scale": 0.1, "bias_covariance": 0.0030250000000000008, "bias_height_fraction": 0.02, "bias_height": 0.76, "perturbation_size": 0.005, "optimizer": "FIRE"}