{"found_minima": [[0.6234994051229935, 0.028037758632698632], [-0.5582236355916368, 1.4417258411740017], [-0.050010830463824284, 0.46669410653650967]], "found_saddles": [[0.2596380716710703, 0.10804007356542124], [-0.07672101114862195, 0.46172904086956224]], "bias_count": 856, "energy_calls_at_each_min": [13, 2661, 14877], "force_calls_at_each_min": [13, 2661, 14877], "run_id": 1074, "seed": 5, "bias_std_dev_scale": 0.125, "bias_covariance": 0.004726562500000001, "bias_height_fraction": 0.02, "bias_height": 0.76, "perturbation_size": 0.01, "optimizer": "Scipy"}