{"found_minima": [[0.6234994051229935, 0.028037758632698632], [-0.050010823079956974, 0.46669410487476154], [-0.558223634400255, 1.441725842061446]], "found_saddles": [[0.01926543232657829, 0.4836497416429776], [0.05626660830901932, 0.4499177775668403]], "bias_count": 166, "energy_calls_at_each_min": [13, 2552, 2711], "force_calls_at_each_min": [13, 2552, 2711], "run_id": 1097, "seed": 8, "bias_std_dev_scale": 0.125, "bias_covariance": 0.004726562500000001, "bias_height_fraction": 0.02, "bias_height": 0.76, "perturbation_size": 0.005, "optimizer": "Scipy"}