{"found_minima": [[0.6234994051229935, 0.028037758632698632], [-0.05001082620970919, 0.4666940996896884], [-0.5582236340059831, 1.4417258423433512]], "found_saddles": [[0.023635359595782557, 0.48011311444020677], [-0.1485005637391819, 0.4392255266914724]], "bias_count": 48, "energy_calls_at_each_min": [13, 867, 934], "force_calls_at_each_min": [13, 867, 934], "run_id": 1313, "seed": 4, "bias_std_dev_scale": 0.1, "bias_covariance": 0.0030250000000000008, "bias_height_fraction": 0.1, "bias_height": 3.8000000000000003, "perturbation_size": 0.01, "optimizer": "Scipy"}