{"found_minima": [[0.623499405875948, 0.02803775524263026], [-0.050010790189600925, 0.4666941079015213], [-0.5582236523606156, 1.4417258245439408]], "found_saddles": [[1.1784036795071269, 0.2762119743032442], [1.3614680066338862, 0.17005707953312327]], "bias_count": 188, "energy_calls_at_each_min": [101, 1443, 23706], "force_calls_at_each_min": [101, 1443, 23706], "run_id": 1042, "seed": 3, "bias_std_dev_scale": 0.125, "bias_covariance": 0.004726562500000001, "bias_height_fraction": 0.02, "bias_height": 0.76, "perturbation_size": 0.55, "optimizer": "FIRE"}