{"found_minima": [[0.623499405875948, 0.02803775524263026], [-0.05001083609691672, 0.4666940996647814], [-0.5582236300501364, 1.4417258428147706]], "found_saddles": [[0.146932099192903, 0.03661311175750424], [0.258723686801016, -0.17703351082405455]], "bias_count": 396, "energy_calls_at_each_min": [101, 8188, 46553], "force_calls_at_each_min": [101, 8188, 46553], "run_id": 1661, "seed": 2, "bias_std_dev_scale": 0.07142857142857142, "bias_covariance": 0.0015433673469387754, "bias_height_fraction": 0.2, "bias_height": 7.6000000000000005, "perturbation_size": 0.001, "optimizer": "FIRE"}