{"found_minima": [[0.623499405875948, 0.02803775524263026], [-0.0500107772844404, 0.4666940980554601], [-0.5582236371288148, 1.4417258421934371]], "found_saddles": [[0.12262203207537009, 0.2572799868558784], [-0.8149366927400669, 0.5487510749802277]], "bias_count": 117, "energy_calls_at_each_min": [101, 4142, 14042], "force_calls_at_each_min": [101, 4142, 14042], "run_id": 1269, "seed": 10, "bias_std_dev_scale": 0.1, "bias_covariance": 0.0030250000000000008, "bias_height_fraction": 0.2, "bias_height": 7.6000000000000005, "perturbation_size": 0.001, "optimizer": "FIRE"}