{"found_minima": [[0.6234994051229935, 0.028037758632698632], [-0.05001082286956216, 0.4666941053527133], [-0.5582236337590388, 1.4417258421624446]], "found_saddles": [[0.9216066246985354, -0.00572286864427337], [0.023628078917406703, 0.39515937905852455]], "bias_count": 57, "energy_calls_at_each_min": [13, 1112, 1147], "force_calls_at_each_min": [13, 1112, 1147], "run_id": 1651, "seed": 2, "bias_std_dev_scale": 0.07142857142857142, "bias_covariance": 0.0015433673469387754, "bias_height_fraction": 0.2, "bias_height": 7.6000000000000005, "perturbation_size": 0.005, "optimizer": "Scipy"}