{"found_minima": [[0.623499405875948, 0.02803775524263026], [-0.5582225599002755, 1.441727218409572]], "found_saddles": [[-0.8421690169827745, 0.597909735652283]], "bias_count": 5000, "energy_calls_at_each_min": [101, 21129], "force_calls_at_each_min": [101, 21129], "run_id": 225, "seed": 6, "bias_std_dev_scale": 0.3333333333333333, "bias_covariance": 0.03361111111111112, "bias_height_fraction": 0.03333333333333333, "bias_height": 1.2666666666666666, "perturbation_size": 0.001, "optimizer": "FIRE"}