{"found_minima": [[0.623499405875948, 0.02803775524263026], [-0.050010826459919853, 0.46669410998162286], [-0.5582236556423689, 1.4417258206613865]], "found_saddles": [[0.5415490416152704, -0.5165770283445631], [1.2279456365572827, 0.3926687753367229]], "bias_count": 40, "energy_calls_at_each_min": [101, 859, 4823], "force_calls_at_each_min": [101, 859, 4823], "run_id": 1288, "seed": 9, "bias_std_dev_scale": 0.1, "bias_covariance": 0.0030250000000000008, "bias_height_fraction": 0.1, "bias_height": 3.8000000000000003, "perturbation_size": 0.55, "optimizer": "FIRE"}