{"found_minima": [[0.6234994051229935, 0.028037758632698632], [-0.05001082425022279, 0.46669410417275115], [-0.5582236331560186, 1.4417258433558309]], "found_saddles": [[0.005606332825823096, 0.4661196314465131], [-0.2116577279423027, 0.4860305134734271]], "bias_count": 183, "energy_calls_at_each_min": [13, 3494, 3719], "force_calls_at_each_min": [13, 3494, 3719], "run_id": 1091, "seed": 2, "bias_std_dev_scale": 0.125, "bias_covariance": 0.004726562500000001, "bias_height_fraction": 0.02, "bias_height": 0.76, "perturbation_size": 0.005, "optimizer": "Scipy"}