{"found_minima": [[0.6234994051229935, 0.028037758632698632], [-0.05001082261301874, 0.4666941054062451], [-0.5582236469648393, 1.4417258275156923]], "found_saddles": [[-0.10664014980636294, 0.4441900719919528], [-0.13084197721292443, 0.4705511759916951]], "bias_count": 145, "energy_calls_at_each_min": [13, 2778, 2840], "force_calls_at_each_min": [13, 2778, 2840], "run_id": 1395, "seed": 6, "bias_std_dev_scale": 0.1, "bias_covariance": 0.0030250000000000008, "bias_height_fraction": 0.03333333333333333, "bias_height": 1.2666666666666666, "perturbation_size": 0.01, "optimizer": "Scipy"}