{"found_minima": [[0.6234994051229935, 0.028037758632698632], [-0.5582236328612129, 1.4417258433393196], [-0.05001082190249483, 0.46669410504860626]], "found_saddles": [[0.4814707648987817, 0.19655840310707284], [-0.15305604276624213, 1.6508270566718222]], "bias_count": 547, "energy_calls_at_each_min": [13, 1786, 15528], "force_calls_at_each_min": [13, 1786, 15528], "run_id": 1752, "seed": 3, "bias_std_dev_scale": 0.07142857142857142, "bias_covariance": 0.0015433673469387754, "bias_height_fraction": 0.1, "bias_height": 3.8000000000000003, "perturbation_size": 0.001, "optimizer": "Scipy"}