{"found_minima": [[0.6234994051229935, 0.028037758632698632], [-0.05001082366238559, 0.4666941047114514], [-0.5582236167879049, 1.4417258593629865]], "found_saddles": [[0.23306798438269888, 0.06045099800759579], [0.037931661039651635, 0.44490261486554206]], "bias_count": 753, "energy_calls_at_each_min": [13, 15187, 15380], "force_calls_at_each_min": [13, 15187, 15380], "run_id": 1972, "seed": 3, "bias_std_dev_scale": 0.07142857142857142, "bias_covariance": 0.0015433673469387754, "bias_height_fraction": 0.01, "bias_height": 0.38, "perturbation_size": 0.005, "optimizer": "Scipy"}