{"found_minima": [[0.6234994051229935, 0.028037758632698632], [-0.5582236342896424, 1.4417258427811777], [-0.05001081597061208, 0.46669410303993236]], "found_saddles": [[0.15316770317746115, 0.45509321985190543], [-1.0267181715214646, 0.8391877386262524]], "bias_count": 115, "energy_calls_at_each_min": [13, 337, 2276], "force_calls_at_each_min": [13, 337, 2276], "run_id": 1237, "seed": 8, "bias_std_dev_scale": 0.1, "bias_covariance": 0.0030250000000000008, "bias_height_fraction": 0.2, "bias_height": 7.6000000000000005, "perturbation_size": 0.01, "optimizer": "Scipy"}