{"found_minima": [[0.6234994051229935, 0.028037758632698632], [-0.050010805914340054, 0.46669409999441475], [-0.5582236346404327, 1.4417258418119754]], "found_saddles": [[-0.16849994869356644, 0.384545040400923], [0.14649280893932826, 0.3963450644457298]], "bias_count": 439, "energy_calls_at_each_min": [13, 6238, 6990], "force_calls_at_each_min": [13, 6238, 6990], "run_id": 1198, "seed": 9, "bias_std_dev_scale": 0.125, "bias_covariance": 0.004726562500000001, "bias_height_fraction": 0.01, "bias_height": 0.38, "perturbation_size": 0.001, "optimizer": "Scipy"}