{"found_minima": [[0.623499405875948, 0.02803775524263026], [-0.5582221043044847, 1.44172778949961]], "found_saddles": [[-0.25147119268291995, 0.14313206149400065]], "bias_count": 5000, "energy_calls_at_each_min": [101, 5470], "force_calls_at_each_min": [101, 5470], "run_id": 41, "seed": 2, "bias_std_dev_scale": 0.3333333333333333, "bias_covariance": 0.03361111111111112, "bias_height_fraction": 0.2, "bias_height": 7.6000000000000005, "perturbation_size": 0.005, "optimizer": "FIRE"}