{"found_minima": [[0.6234994051229935, 0.028037758632698632], [-0.5582236460855383, 1.4417258295256], [-0.050010822867148946, 0.4666941044339335]], "found_saddles": [[0.30008396286454314, 0.06413661171694013], [-0.9890948294338718, 0.8929775154691929]], "bias_count": 787, "energy_calls_at_each_min": [13, 1719, 17866], "force_calls_at_each_min": [13, 1719, 17866], "run_id": 1432, "seed": 3, "bias_std_dev_scale": 0.1, "bias_covariance": 0.0030250000000000008, "bias_height_fraction": 0.03333333333333333, "bias_height": 1.2666666666666666, "perturbation_size": 0.001, "optimizer": "Scipy"}