{"found_minima": [[0.623499405875948, 0.02803775524263026], [-0.05001078565321942, 0.46669410681886553], [-0.5582236491953643, 1.4417258278064364]], "found_saddles": [[0.44605298681921823, 0.2772080540892529], [1.0637745826426255, 0.03600538455803278]], "bias_count": 476, "energy_calls_at_each_min": [101, 9468, 54553], "force_calls_at_each_min": [101, 9468, 54553], "run_id": 1660, "seed": 1, "bias_std_dev_scale": 0.07142857142857142, "bias_covariance": 0.0015433673469387754, "bias_height_fraction": 0.2, "bias_height": 7.6000000000000005, "perturbation_size": 0.001, "optimizer": "FIRE"}