{"found_minima": [[0.623499405875948, 0.02803775524263026], [-0.5582226111760052, 1.4417271513111436]], "found_saddles": [[-0.8525726840053354, 0.6122379075250107]], "bias_count": 5000, "energy_calls_at_each_min": [101, 51162], "force_calls_at_each_min": [101, 51162], "run_id": 385, "seed": 6, "bias_std_dev_scale": 0.3333333333333333, "bias_covariance": 0.03361111111111112, "bias_height_fraction": 0.01, "bias_height": 0.38, "perturbation_size": 0.001, "optimizer": "FIRE"}