{"found_minima": [[0.6234994051229935, 0.028037758632698632], [-0.05001081738648423, 0.4666941012865827], [-0.5582236294574001, 1.4417258475528059]], "found_saddles": [[0.14296760195326397, 0.45244543283872707], [-0.13551993479798724, 0.5352160286921175]], "bias_count": 87, "energy_calls_at_each_min": [13, 1733, 1808], "force_calls_at_each_min": [13, 1733, 1808], "run_id": 1730, "seed": 1, "bias_std_dev_scale": 0.07142857142857142, "bias_covariance": 0.0015433673469387754, "bias_height_fraction": 0.1, "bias_height": 3.8000000000000003, "perturbation_size": 0.005, "optimizer": "Scipy"}