{"found_minima": [[0.6234994051229935, 0.028037758632698632], [-0.05001082775428646, 0.46669410591600063], [-0.5582236346562669, 1.4417258417813406]], "found_saddles": [[0.2557906214966083, 0.23027129893377676], [-0.05915317243654675, 0.4707459615045856]], "bias_count": 215, "energy_calls_at_each_min": [13, 3714, 3749], "force_calls_at_each_min": [13, 3714, 3749], "run_id": 1078, "seed": 9, "bias_std_dev_scale": 0.125, "bias_covariance": 0.004726562500000001, "bias_height_fraction": 0.02, "bias_height": 0.76, "perturbation_size": 0.01, "optimizer": "Scipy"}