{"found_minima": [[0.623499405875948, 0.02803775524263026], [-0.05001080650913286, 0.46669409681142604], [-0.5582236412511185, 1.441725834771093]], "found_saddles": [[0.2768588764947042, 0.3149901218136733], [-0.1613689974297599, 0.020112303173774437]], "bias_count": 966, "energy_calls_at_each_min": [101, 12407, 113899], "force_calls_at_each_min": [101, 12407, 113899], "run_id": 1749, "seed": 10, "bias_std_dev_scale": 0.07142857142857142, "bias_covariance": 0.0015433673469387754, "bias_height_fraction": 0.1, "bias_height": 3.8000000000000003, "perturbation_size": 0.001, "optimizer": "FIRE"}