{"found_minima": [[0.623499405875948, 0.02803775524263026], [-0.0500110356739945, 0.46669415907630535], [-0.558223645361396, 1.441725832395484]], "found_saddles": [[1.25292748841764, 0.3655135550420033], [-0.7701692760709854, 0.19018466645115994]], "bias_count": 15, "energy_calls_at_each_min": [101, 1212, 1801], "force_calls_at_each_min": [101, 1212, 1801], "run_id": 407, "seed": 8, "bias_std_dev_scale": 0.2, "bias_covariance": 0.012100000000000003, "bias_height_fraction": 0.2, "bias_height": 7.6000000000000005, "perturbation_size": 0.55, "optimizer": "FIRE"}