{"found_minima": [[0.6234994051229935, 0.028037758632698632], [-0.5582236328208795, 1.441725841181976]], "found_saddles": [[0.1865734290957681, 0.45966741618695184]], "bias_count": 5000, "energy_calls_at_each_min": [13, 1761], "force_calls_at_each_min": [13, 1761], "run_id": 355, "seed": 6, "bias_std_dev_scale": 0.3333333333333333, "bias_covariance": 0.03361111111111112, "bias_height_fraction": 0.01, "bias_height": 0.38, "perturbation_size": 0.01, "optimizer": "Scipy"}