{"found_minima": [[0.6234994051229935, 0.028037758632698632], [-0.5582236393326665, 1.4417258369278747], [-0.05001081652360552, 0.4666941077428719]], "found_saddles": [[0.22475150385209475, 0.09434921545775246], [-1.0475287813301992, 0.8855384360638898]], "bias_count": 469, "energy_calls_at_each_min": [13, 1386, 10372], "force_calls_at_each_min": [13, 1386, 10372], "run_id": 1739, "seed": 10, "bias_std_dev_scale": 0.07142857142857142, "bias_covariance": 0.0015433673469387754, "bias_height_fraction": 0.1, "bias_height": 3.8000000000000003, "perturbation_size": 0.005, "optimizer": "Scipy"}