{"found_minima": [[0.623499405875948, 0.02803775524263026], [-0.05001573032742988, 0.4666950706393451], [-0.5582235814538994, 1.4417259119007655]], "found_saddles": [[0.16460483065800885, 0.3312138902459436], [1.242430806370509, 0.3151991782085168]], "bias_count": 109, "energy_calls_at_each_min": [101, 223, 14708], "force_calls_at_each_min": [101, 223, 14708], "run_id": 126, "seed": 7, "bias_std_dev_scale": 0.3333333333333333, "bias_covariance": 0.03361111111111112, "bias_height_fraction": 0.02, "bias_height": 0.76, "perturbation_size": 0.55, "optimizer": "FIRE"}