{"found_minima": [[0.623499405875948, 0.02803775524263026], [-0.05001079244309842, 0.46669409636824893], [-0.5582236531002347, 1.4417258241422055]], "found_saddles": [[0.16460483065800885, 0.3312138902459436], [1.3458290469093384, 0.3648404407952688]], "bias_count": 141, "energy_calls_at_each_min": [101, 221, 16741], "force_calls_at_each_min": [101, 221, 16741], "run_id": 1286, "seed": 7, "bias_std_dev_scale": 0.1, "bias_covariance": 0.0030250000000000008, "bias_height_fraction": 0.1, "bias_height": 3.8000000000000003, "perturbation_size": 0.55, "optimizer": "FIRE"}