{"found_minima": [[0.6234994051229935, 0.028037758632698632], [-0.5582236402513163, 1.4417258390923502], [-0.05001082304119807, 0.4666941048684716]], "found_saddles": [[0.24406492756339992, 0.08951134125285498], [-0.07355225554722289, 0.46510102082774596]], "bias_count": 2149, "energy_calls_at_each_min": [13, 7083, 44454], "force_calls_at_each_min": [13, 7083, 44454], "run_id": 1891, "seed": 2, "bias_std_dev_scale": 0.07142857142857142, "bias_covariance": 0.0015433673469387754, "bias_height_fraction": 0.02, "bias_height": 0.76, "perturbation_size": 0.005, "optimizer": "Scipy"}