{"found_minima": [[0.6234994051229935, 0.028037758632698632], [-0.558223606194762, 1.4417258849354986]], "found_saddles": [[-0.2689597885967711, 0.43559123466750793]], "bias_count": 5000, "energy_calls_at_each_min": [13, 780], "force_calls_at_each_min": [13, 780], "run_id": 191, "seed": 2, "bias_std_dev_scale": 0.3333333333333333, "bias_covariance": 0.03361111111111112, "bias_height_fraction": 0.03333333333333333, "bias_height": 1.2666666666666666, "perturbation_size": 0.01, "optimizer": "Scipy"}