{"found_minima": [[0.623499405875948, 0.02803775524263026], [-0.5582224890362899, 1.4417272974281092]], "found_saddles": [[-0.8407617588110633, 0.6008420417320491]], "bias_count": 5000, "energy_calls_at_each_min": [101, 30618], "force_calls_at_each_min": [101, 30618], "run_id": 300, "seed": 1, "bias_std_dev_scale": 0.3333333333333333, "bias_covariance": 0.03361111111111112, "bias_height_fraction": 0.02, "bias_height": 0.76, "perturbation_size": 0.001, "optimizer": "FIRE"}