{"found_minima": [[0.6234994051229935, 0.028037758632698632], [-0.05001082711062847, 0.46669410567968034], [-0.5582236295258062, 1.4417258467795777]], "found_saddles": [[0.2389576954206881, 0.3675681102527885], [0.26017253114379785, 0.3997655764967045]], "bias_count": 674, "energy_calls_at_each_min": [13, 6661, 12027], "force_calls_at_each_min": [13, 6661, 12027], "run_id": 1193, "seed": 4, "bias_std_dev_scale": 0.125, "bias_covariance": 0.004726562500000001, "bias_height_fraction": 0.01, "bias_height": 0.38, "perturbation_size": 0.001, "optimizer": "Scipy"}