{"found_minima": [[0.623499405875948, 0.02803775524263026], [-0.05003519600235596, 0.4666989101392827], [-0.5582235929695956, 1.4417259077305287]], "found_saddles": [[0.4296519425882288, 0.5427446242243027], [-0.07265800469013159, 0.928522897764466]], "bias_count": 8, "energy_calls_at_each_min": [101, 234, 959], "force_calls_at_each_min": [101, 234, 959], "run_id": 80, "seed": 1, "bias_std_dev_scale": 0.3333333333333333, "bias_covariance": 0.03361111111111112, "bias_height_fraction": 0.1, "bias_height": 3.8000000000000003, "perturbation_size": 0.55, "optimizer": "FIRE"}