{"found_minima": [[0.623499405875948, 0.02803775524263026], [-0.0500108498608595, 0.46669411347158674], [-0.5582236269639345, 1.4417258511689723]], "found_saddles": [[0.20902141182979245, 0.30337128537945607], [-0.8337845385418762, 0.624644594257933]], "bias_count": 2386, "energy_calls_at_each_min": [101, 50320, 313334], "force_calls_at_each_min": [101, 50320, 313334], "run_id": 1142, "seed": 3, "bias_std_dev_scale": 0.125, "bias_covariance": 0.004726562500000001, "bias_height_fraction": 0.01, "bias_height": 0.38, "perturbation_size": 0.01, "optimizer": "FIRE"}