{"found_minima": [[0.623499405875948, 0.02803775524263026], [-0.558222638629201, 1.4417271180761286]], "found_saddles": [[-0.8404997782815518, 0.6032463628576635]], "bias_count": 5000, "energy_calls_at_each_min": [101, 62631], "force_calls_at_each_min": [101, 62631], "run_id": 360, "seed": 1, "bias_std_dev_scale": 0.3333333333333333, "bias_covariance": 0.03361111111111112, "bias_height_fraction": 0.01, "bias_height": 0.38, "perturbation_size": 0.005, "optimizer": "FIRE"}