{"found_minima": [[0.623499405875948, 0.02803775524263026], [-0.05001079428401948, 0.4666941084208064], [-0.5582236432523434, 1.4417258335031695]], "found_saddles": [[0.19582248200244556, 0.2838827512887895], [-0.826665118390874, 0.6221621374089259]], "bias_count": 689, "energy_calls_at_each_min": [101, 16454, 85092], "force_calls_at_each_min": [101, 16454, 85092], "run_id": 1005, "seed": 6, "bias_std_dev_scale": 0.125, "bias_covariance": 0.004726562500000001, "bias_height_fraction": 0.03333333333333333, "bias_height": 1.2666666666666666, "perturbation_size": 0.005, "optimizer": "FIRE"}