{"found_minima": [[0.623499405875948, 0.02803775524263026], [-0.05001080543250262, 0.4666941090667824], [-0.558223651255625, 1.4417258244377513]], "found_saddles": [[0.21977197201357357, 0.2854312624824109], [-0.8393750604086394, 0.6328843713797159]], "bias_count": 1156, "energy_calls_at_each_min": [101, 20790, 146273], "force_calls_at_each_min": [101, 20790, 146273], "run_id": 1109, "seed": 10, "bias_std_dev_scale": 0.125, "bias_covariance": 0.004726562500000001, "bias_height_fraction": 0.02, "bias_height": 0.76, "perturbation_size": 0.001, "optimizer": "FIRE"}