{"found_minima": [[0.6234994051229935, 0.028037758632698632], [-0.050010823237541066, 0.46669410432570957], [-0.5582236315740028, 1.441725844381577]], "found_saddles": [[0.42965194183527433, 0.542744627614371], [-0.47261726280623795, 0.05782275948220916]], "bias_count": 4, "energy_calls_at_each_min": [13, 30, 59], "force_calls_at_each_min": [13, 30, 59], "run_id": 1370, "seed": 1, "bias_std_dev_scale": 0.1, "bias_covariance": 0.0030250000000000008, "bias_height_fraction": 0.03333333333333333, "bias_height": 1.2666666666666666, "perturbation_size": 0.55, "optimizer": "Scipy"}