{"found_minima": [[0.623499405875948, 0.02803775524263026], [-0.05010803289921139, 0.46671327881331187], [-0.5582235562873994, 1.4417259532539606]], "found_saddles": [[0.8944648534321133, -0.4505828943648507], [1.210176326767954, 0.3276814977779869]], "bias_count": 22, "energy_calls_at_each_min": [101, 534, 2655], "force_calls_at_each_min": [101, 534, 2655], "run_id": 89, "seed": 10, "bias_std_dev_scale": 0.3333333333333333, "bias_covariance": 0.03361111111111112, "bias_height_fraction": 0.1, "bias_height": 3.8000000000000003, "perturbation_size": 0.55, "optimizer": "FIRE"}