{"found_minima": [[0.623499405875948, 0.02803775524263026], [-0.05001077831378932, 0.4666940993383685], [-0.5582236522891074, 1.441725824210235]], "found_saddles": [[0.2076466084088544, 0.2836093319775645], [-0.8223220163154327, 0.631146700233691]], "bias_count": 1081, "energy_calls_at_each_min": [101, 21674, 130063], "force_calls_at_each_min": [101, 21674, 130063], "run_id": 1400, "seed": 1, "bias_std_dev_scale": 0.1, "bias_covariance": 0.0030250000000000008, "bias_height_fraction": 0.03333333333333333, "bias_height": 1.2666666666666666, "perturbation_size": 0.005, "optimizer": "FIRE"}