{"found_minima": [[0.623499405875948, 0.02803775524263026], [-0.05001085306262135, 0.46669411041685754], [-0.5582236449400231, 1.44172583197631]], "found_saddles": [[0.14241541873695596, 0.11875786856470702], [-0.8125937647251964, 0.5179319422171885]], "bias_count": 509, "energy_calls_at_each_min": [101, 8009, 58321], "force_calls_at_each_min": [101, 8009, 58321], "run_id": 1302, "seed": 3, "bias_std_dev_scale": 0.1, "bias_covariance": 0.0030250000000000008, "bias_height_fraction": 0.1, "bias_height": 3.8000000000000003, "perturbation_size": 0.01, "optimizer": "FIRE"}