{"found_minima": [[0.623499405875948, 0.02803775524263026], [-0.05001081663689988, 0.46669410984665366], [-0.5582236181906163, 1.4417258578139722]], "found_saddles": [[0.2402420670365724, 0.29877224696625254], [-0.8008361326409926, 0.643498548195053]], "bias_count": 1126, "energy_calls_at_each_min": [101, 24206, 134253], "force_calls_at_each_min": [101, 24206, 134253], "run_id": 1408, "seed": 9, "bias_std_dev_scale": 0.1, "bias_covariance": 0.0030250000000000008, "bias_height_fraction": 0.03333333333333333, "bias_height": 1.2666666666666666, "perturbation_size": 0.005, "optimizer": "FIRE"}