{"found_minima": [[0.623499405875948, 0.02803775524263026], [-0.05001085336863672, 0.46669410169558245], [-0.5582236446384358, 1.4417258339364172]], "found_saddles": [[0.21632908419127822, 0.29636426743690175], [-0.8103172311567715, 0.6336803783368096]], "bias_count": 3582, "energy_calls_at_each_min": [101, 69643, 467475], "force_calls_at_each_min": [101, 69643, 467475], "run_id": 1540, "seed": 1, "bias_std_dev_scale": 0.1, "bias_covariance": 0.0030250000000000008, "bias_height_fraction": 0.01, "bias_height": 0.38, "perturbation_size": 0.01, "optimizer": "FIRE"}