{"found_minima": [[0.623499405875948, 0.02803775524263026], [-0.05001086562600424, 0.4666941098027988], [-0.5582236194842412, 1.4417258565287356]], "found_saddles": [[0.2037436470764114, 0.2926898867974263], [-0.817682543271942, 0.6270931215137283]], "bias_count": 1073, "energy_calls_at_each_min": [101, 22945, 127199], "force_calls_at_each_min": [101, 22945, 127199], "run_id": 1385, "seed": 6, "bias_std_dev_scale": 0.1, "bias_covariance": 0.0030250000000000008, "bias_height_fraction": 0.03333333333333333, "bias_height": 1.2666666666666666, "perturbation_size": 0.01, "optimizer": "FIRE"}