{"found_minima": [[0.6234994051229935, 0.028037758632698632], [-0.05001083058057341, 0.46669410560238817], [-0.5582236362412248, 1.4417258401349624]], "found_saddles": [[0.2324464299058328, 0.2271413085232211], [0.056113997300618355, 0.449574998135494]], "bias_count": 204, "energy_calls_at_each_min": [13, 3294, 3407], "force_calls_at_each_min": [13, 3294, 3407], "run_id": 1071, "seed": 2, "bias_std_dev_scale": 0.125, "bias_covariance": 0.004726562500000001, "bias_height_fraction": 0.02, "bias_height": 0.76, "perturbation_size": 0.01, "optimizer": "Scipy"}