{"found_minima": [[0.623499405875948, 0.02803775524263026], [-0.05001080731929567, 0.4666941103323404], [-0.5582236292726168, 1.4417258503382377]], "found_saddles": [[0.21005063761988826, 0.29624614613765476], [-0.8284772762444579, 0.6214707981670792]], "bias_count": 2333, "energy_calls_at_each_min": [101, 48635, 317643], "force_calls_at_each_min": [101, 48635, 317643], "run_id": 1186, "seed": 7, "bias_std_dev_scale": 0.125, "bias_covariance": 0.004726562500000001, "bias_height_fraction": 0.01, "bias_height": 0.38, "perturbation_size": 0.001, "optimizer": "FIRE"}