{"found_minima": [[0.623499405875948, 0.02803775524263026], [-0.5582226169987838, 1.4417271475805868]], "found_saddles": [[-0.8355316755727644, 0.5970464174268619]], "bias_count": 5000, "energy_calls_at_each_min": [101, 32766], "force_calls_at_each_min": [101, 32766], "run_id": 262, "seed": 3, "bias_std_dev_scale": 0.3333333333333333, "bias_covariance": 0.03361111111111112, "bias_height_fraction": 0.02, "bias_height": 0.76, "perturbation_size": 0.01, "optimizer": "FIRE"}