{"found_minima": [[0.6234994051229935, 0.028037758632698632], [-0.05001082951745993, 0.46669410275887496], [-0.5582236344977355, 1.4417258419819656]], "found_saddles": [[1.1291914234290958, -0.188238875846157], [1.1926599369631532, 0.29267597907839094]], "bias_count": 95, "energy_calls_at_each_min": [13, 24, 1799], "force_calls_at_each_min": [13, 24, 1799], "run_id": 1855, "seed": 6, "bias_std_dev_scale": 0.07142857142857142, "bias_covariance": 0.0015433673469387754, "bias_height_fraction": 0.02, "bias_height": 0.76, "perturbation_size": 0.55, "optimizer": "Scipy"}