{"found_minima": [[0.623499405875948, 0.02803775524263026], [-0.05001080896247844, 0.46669409749650287], [-0.5582236240152438, 1.4417258504246695]], "found_saddles": [[0.21614944629641883, 0.28949899942585927], [-0.8156907747051249, 0.5715116235064142]], "bias_count": 3649, "energy_calls_at_each_min": [101, 71924, 502166], "force_calls_at_each_min": [101, 71924, 502166], "run_id": 1581, "seed": 2, "bias_std_dev_scale": 0.1, "bias_covariance": 0.0030250000000000008, "bias_height_fraction": 0.01, "bias_height": 0.38, "perturbation_size": 0.001, "optimizer": "FIRE"}