{"found_minima": [[0.6234994051229935, 0.028037758632698632], [-0.0500108220043712, 0.4666941004712652], [-0.5582236346341958, 1.4417258418041685]], "found_saddles": [[-0.11649524328123162, 0.45872146219192667], [-0.1815808633631977, 0.46448518089147106]], "bias_count": 707, "energy_calls_at_each_min": [13, 14659, 15009], "force_calls_at_each_min": [13, 14659, 15009], "run_id": 1976, "seed": 7, "bias_std_dev_scale": 0.07142857142857142, "bias_covariance": 0.0015433673469387754, "bias_height_fraction": 0.01, "bias_height": 0.38, "perturbation_size": 0.005, "optimizer": "Scipy"}