{"found_minima": [[0.623499405875948, 0.02803775524263026], [-0.5582225753375796, 1.4417271954322415]], "found_saddles": [[-0.8480813673395231, 0.6160929583406238]], "bias_count": 5000, "energy_calls_at_each_min": [101, 65348], "force_calls_at_each_min": [101, 65348], "run_id": 342, "seed": 3, "bias_std_dev_scale": 0.3333333333333333, "bias_covariance": 0.03361111111111112, "bias_height_fraction": 0.01, "bias_height": 0.38, "perturbation_size": 0.01, "optimizer": "FIRE"}