{"found_minima": [[0.6234994051229935, 0.028037758632698632], [-0.050010820441208886, 0.46669410460617583], [-0.5582236346398342, 1.4417258417974173]], "found_saddles": [[-0.13057474519343648, 0.3829618603758905], [-0.38967609763242345, 0.48628946503464104]], "bias_count": 164, "energy_calls_at_each_min": [13, 2844, 4992], "force_calls_at_each_min": [13, 2844, 4992], "run_id": 1753, "seed": 4, "bias_std_dev_scale": 0.07142857142857142, "bias_covariance": 0.0015433673469387754, "bias_height_fraction": 0.1, "bias_height": 3.8000000000000003, "perturbation_size": 0.001, "optimizer": "Scipy"}