{"found_minima": [[0.6234994051229935, 0.028037758632698632], [-0.5582236207306116, 1.4417258639922377]], "found_saddles": [[0.2932949527987115, 0.42390528875805006]], "bias_count": 5000, "energy_calls_at_each_min": [13, 1758], "force_calls_at_each_min": [13, 1758], "run_id": 295, "seed": 6, "bias_std_dev_scale": 0.3333333333333333, "bias_covariance": 0.03361111111111112, "bias_height_fraction": 0.02, "bias_height": 0.76, "perturbation_size": 0.005, "optimizer": "Scipy"}