{"found_minima": [[0.623499405875948, 0.02803775524263026], [-0.05001084739461312, 0.4666941142099464], [-0.5582236308664139, 1.4417258486584221]], "found_saddles": [[0.25274232483840053, 0.3031276506259518], [-0.8272385812456051, 0.6252248747659418]], "bias_count": 1730, "energy_calls_at_each_min": [101, 37631, 211367], "force_calls_at_each_min": [101, 37631, 211367], "run_id": 1480, "seed": 1, "bias_std_dev_scale": 0.1, "bias_covariance": 0.0030250000000000008, "bias_height_fraction": 0.02, "bias_height": 0.76, "perturbation_size": 0.005, "optimizer": "FIRE"}