{"found_minima": [[0.6234994051229935, 0.028037758632698632], [-0.05568354063055682, 0.4680066086313045], [-0.558222592163127, 1.4417271794238007]], "found_saddles": [[0.20300835554411742, 0.12297224386151312], [-0.5273523005244777, 0.5076596522611513]], "bias_count": 21, "energy_calls_at_each_min": [13, 178, 330], "force_calls_at_each_min": [13, 178, 330], "run_id": 72, "seed": 3, "bias_std_dev_scale": 0.3333333333333333, "bias_covariance": 0.03361111111111112, "bias_height_fraction": 0.2, "bias_height": 7.6000000000000005, "perturbation_size": 0.001, "optimizer": "Scipy"}