{"found_minima": [[0.6234994051229935, 0.028037758632698632], [-0.0500108230234973, 0.46669410465907196], [-0.5582236342739504, 1.4417258418883405]], "found_saddles": [[-0.030856580622584118, 0.4595173202067237], [0.3515888161890127, 0.2907502775958862]], "bias_count": 140, "energy_calls_at_each_min": [13, 864, 2904], "force_calls_at_each_min": [13, 864, 2904], "run_id": 1731, "seed": 2, "bias_std_dev_scale": 0.07142857142857142, "bias_covariance": 0.0015433673469387754, "bias_height_fraction": 0.1, "bias_height": 3.8000000000000003, "perturbation_size": 0.005, "optimizer": "Scipy"}