{"found_minima": [[0.6234994051229935, 0.028037758632698632], [-0.05005419037839014, 0.46670451161558113], [-0.5582236353908817, 1.4417258409928368]], "found_saddles": [[0.2258171047067547, 0.40839459707288633], [-0.26946863025381235, 0.4850261622331966]], "bias_count": 262, "energy_calls_at_each_min": [13, 2373, 2899], "force_calls_at_each_min": [13, 2373, 2899], "run_id": 776, "seed": 7, "bias_std_dev_scale": 0.2, "bias_covariance": 0.012100000000000003, "bias_height_fraction": 0.01, "bias_height": 0.38, "perturbation_size": 0.005, "optimizer": "Scipy"}