{"found_minima": [[0.6234994051229935, 0.028037758632698632], [-0.05001082296730137, 0.46669410488694024], [-0.5582236341372896, 1.4417258420486767]], "found_saddles": [[0.3063207125201417, 0.22065814475668236], [0.14920747279487015, 0.4750895267421679]], "bias_count": 505, "energy_calls_at_each_min": [13, 9769, 10394], "force_calls_at_each_min": [13, 9769, 10394], "run_id": 1896, "seed": 7, "bias_std_dev_scale": 0.07142857142857142, "bias_covariance": 0.0015433673469387754, "bias_height_fraction": 0.02, "bias_height": 0.76, "perturbation_size": 0.005, "optimizer": "Scipy"}