{"run_id": 1008, "bias_std_dev_scale": 0.170998, "bias_height_fraction": 0.119897, "perturbation_size": 0.005, "optimizer": "FIRE", "found_minima": [[0.6234994049, 0.02803775853], [-0.05001237516445171, 0.4666944731413882], [-0.5582236509119378, 1.441725825969485]], "found_saddles": [[0.1971713302132872, 0.268269883783745], [-0.7650553716654849, 0.6460248396194433]], "bias_count": 76, "energy_calls_at_each_min": [1, 1403, 8882], "force_calls_at_each_min": [1, 1403, 8882], "adaptive_height_scale": 2.0, "adaptive_cov_scale": 1.0, "pert_type": "fixed"}