{"run_id": 233, "bias_std_dev_scale": 0.170998, "bias_height_fraction": 0.119897, "perturbation_size": 0.005, "optimizer": "FIRE", "found_minima": [[0.6234994049, 0.02803775853], [-0.05013055251367997, 0.4667177287142773], [-0.5582236458095601, 1.4417258323851871]], "found_saddles": [[0.23576036864076766, 0.282826905086557], [0.2296107150937676, 0.697750277609849]], "bias_count": 73, "energy_calls_at_each_min": [1, 886, 9387], "force_calls_at_each_min": [1, 886, 9387], "adaptive_height_scale": 2.5, "adaptive_cov_scale": 5.0, "pert_type": "adaptive"}