{"run_id": 955, "bias_std_dev_scale": 0.170998, "bias_height_fraction": 0.119897, "perturbation_size": 0.005, "optimizer": "FIRE", "found_minima": [[0.6234994049, 0.02803775853], [-0.05001251154863628, 0.466694550354899], [-0.5582236544932359, 1.4417258227611598]], "found_saddles": [[0.8385057711218598, -0.09677425151776275], [1.1582010221315613, 0.05102470506369441]], "bias_count": 81, "energy_calls_at_each_min": [1, 1500, 9374], "force_calls_at_each_min": [1, 1500, 9374], "adaptive_height_scale": 5.0, "adaptive_cov_scale": 1.0, "pert_type": "adaptive"}