{"run_id": 549, "bias_std_dev_scale": 0.170998, "bias_height_fraction": 0.119897, "perturbation_size": 0.005, "optimizer": "FIRE", "found_minima": [[0.6234994049, 0.02803775853], [-0.558223636891707, 1.4417258367711097]], "found_saddles": [[-0.6024102486879037, 0.7259657575352197]], "bias_count": 5000, "energy_calls_at_each_min": [1, 6772], "force_calls_at_each_min": [1, 6772], "adaptive_height_scale": 2.5, "adaptive_cov_scale": 3.0, "pert_type": "adaptive"}