{"run_id": 473, "bias_std_dev_scale": 0.170998, "bias_height_fraction": 0.119897, "perturbation_size": 0.005, "optimizer": "FIRE", "found_minima": [[0.6234994049, 0.02803775853], [-0.050041191380207524, 0.46669977506446536], [-0.5582236172163223, 1.4417258587697976]], "found_saddles": [[0.3604306933565499, 0.32606608282901495], [-0.8459996586124869, 0.43841663423953453]], "bias_count": 29, "energy_calls_at_each_min": [1, 665, 3453], "force_calls_at_each_min": [1, 665, 3453], "adaptive_height_scale": 5.0, "adaptive_cov_scale": 2.0, "pert_type": "adaptive"}