{"run_id": 650, "bias_std_dev_scale": 0.170998, "bias_height_fraction": 0.119897, "perturbation_size": 0.005, "optimizer": "FIRE", "found_minima": [[0.6234994049, 0.02803775853], [-0.05005588296425813, 0.4667027590837597], [-0.5582236520290585, 1.4417258248576361]], "found_saddles": [[0.1410276507379058, 0.17532527188351396], [-0.8419492689262098, 0.5854048701744148]], "bias_count": 131, "energy_calls_at_each_min": [1, 3216, 15682], "force_calls_at_each_min": [1, 3216, 15682], "adaptive_height_scale": 1.0, "adaptive_cov_scale": 1.5, "pert_type": "fixed"}