{"run_id": 179, "bias_std_dev_scale": 0.170998, "bias_height_fraction": 0.119897, "perturbation_size": 0.005, "optimizer": "FIRE", "found_minima": [[0.6234994049, 0.02803775853], [-0.05027967655887685, 0.46675053778912523], [-0.5582219573856261, 1.4417280567010757]], "found_saddles": [[0.35600640576113673, 0.3102399989817296], [-0.8726654448765787, 0.5746823348490236]], "bias_count": 96, "energy_calls_at_each_min": [1, 3658, 11541], "force_calls_at_each_min": [1, 3658, 11541], "adaptive_height_scale": 1.0, "adaptive_cov_scale": 5.0, "pert_type": "adaptive"}