{"run_id": 591, "bias_std_dev_scale": 0.170998, "bias_height_fraction": 0.119897, "perturbation_size": 0.005, "optimizer": "FIRE", "found_minima": [[0.6234994049, 0.02803775853], [-0.050126932693663216, 0.46671841356323646], [-0.5582236423512392, 1.4417258341295434]], "found_saddles": [[0.6509862806370063, -0.1417957362082924], [0.21451696596188757, 0.7309201065466517]], "bias_count": 57, "energy_calls_at_each_min": [1, 1547, 8978], "force_calls_at_each_min": [1, 1547, 8978], "adaptive_height_scale": 3.5, "adaptive_cov_scale": 4.5, "pert_type": "adaptive"}