{"run_id": 1125, "bias_std_dev_scale": 0.170998, "bias_height_fraction": 0.119897, "perturbation_size": 0.005, "optimizer": "FIRE", "found_minima": [[0.6234994049, 0.02803775853], [-0.05003236858203874, 0.4667041233560135], [-0.5582236278333085, 1.441725850521589]], "found_saddles": [[0.16816724238357392, 0.2543480438945388], [-0.5487591062612005, 0.7257908275872176]], "bias_count": 31, "energy_calls_at_each_min": [1, 557, 3644], "force_calls_at_each_min": [1, 557, 3644], "adaptive_height_scale": 5.0, "adaptive_cov_scale": 3.0, "pert_type": "adaptive"}