{"run_id": 392, "bias_std_dev_scale": 0.170998, "bias_height_fraction": 0.119897, "perturbation_size": 0.005, "optimizer": "FIRE", "found_minima": [[0.6234994049, 0.02803775853], [-0.050122070930741724, 0.4667160613645721], [-0.5582236338540336, 1.441725839102191]], "found_saddles": [[0.15513749751686423, 0.18631545402514316], [-0.16283181960625606, -0.04067952087631913]], "bias_count": 79, "energy_calls_at_each_min": [1, 1162, 10063], "force_calls_at_each_min": [1, 1162, 10063], "adaptive_height_scale": 2.5, "adaptive_cov_scale": 4.5, "pert_type": "fixed"}