{"run_id": 734, "bias_std_dev_scale": 0.170998, "bias_height_fraction": 0.119897, "perturbation_size": 0.005, "optimizer": "FIRE", "found_minima": [[0.6234994049, 0.02803775853], [-0.05121574072265835, 0.4670905399481066], [-0.5582236564276271, 1.4417258205510488]], "found_saddles": [[0.5105170603407423, 0.28425640555863063], [-0.04293590597429373, -0.10031127121752749]], "bias_count": 72, "energy_calls_at_each_min": [1, 1456, 9813], "force_calls_at_each_min": [1, 1456, 9813], "adaptive_height_scale": 3.0, "adaptive_cov_scale": 4.5, "pert_type": "fixed"}