{"run_id": 1497, "bias_std_dev_scale": 0.170998, "bias_height_fraction": 0.119897, "perturbation_size": 0.005, "optimizer": "FIRE", "found_minima": [[0.6234994049, 0.02803775853], [-0.050121996659297965, 0.466716729878017], [-0.5582236510586863, 1.4417258254371559]], "found_saddles": [[0.0647533874315276, 0.17422963479822817], [1.0377004429021508, 0.06994466823777705]], "bias_count": 82, "energy_calls_at_each_min": [1, 2459, 9498], "force_calls_at_each_min": [1, 2459, 9498], "adaptive_height_scale": 2.0, "adaptive_cov_scale": 1.5, "pert_type": "adaptive"}