{"run_id": 578, "bias_std_dev_scale": 0.170998, "bias_height_fraction": 0.119897, "perturbation_size": 0.005, "optimizer": "FIRE", "found_minima": [[0.6234994049, 0.02803775853], [-0.05001082445538077, 0.4666941150243384], [-0.5582236139868324, 1.4417258617857034]], "found_saddles": [[0.17506807445627592, 0.29227719865282786], [0.6955922583655986, 0.3704671643962354]], "bias_count": 78, "energy_calls_at_each_min": [1, 1371, 9858], "force_calls_at_each_min": [1, 1371, 9858], "adaptive_height_scale": 3.5, "adaptive_cov_scale": 1.5, "pert_type": "fixed"}