{"run_id": 556, "bias_std_dev_scale": 0.170998, "bias_height_fraction": 0.119897, "perturbation_size": 0.005, "optimizer": "FIRE", "found_minima": [[0.6234994049, 0.02803775853], [-0.05013069894396439, 0.4667177670528123], [-0.5582232489747013, 1.4417263439144348]], "found_saddles": [[0.382001585378334, 0.2723053368472028], [-0.8415048190187231, 0.4057326348823883]], "bias_count": 49, "energy_calls_at_each_min": [1, 1586, 6318], "force_calls_at_each_min": [1, 1586, 6318], "adaptive_height_scale": 2.5, "adaptive_cov_scale": 5.0, "pert_type": "fixed"}