{"run_id": 377, "bias_std_dev_scale": 0.170998, "bias_height_fraction": 0.119897, "perturbation_size": 0.005, "optimizer": "FIRE", "found_minima": [[0.6234994049, 0.02803775853], [-0.05347618363954132, 0.46717464528814384], [-0.5582236176156701, 1.4417258583771069]], "found_saddles": [[0.30951124893378995, 0.3257831648260766], [0.38070380822886235, 0.6149300834212916]], "bias_count": 97, "energy_calls_at_each_min": [1, 1716, 12699], "force_calls_at_each_min": [1, 1716, 12699], "adaptive_height_scale": 2.0, "adaptive_cov_scale": 5.0, "pert_type": "adaptive"}