{"run_id": 1026, "bias_std_dev_scale": 0.170998, "bias_height_fraction": 0.119897, "perturbation_size": 0.005, "optimizer": "FIRE", "found_minima": [[0.6234994049, 0.02803775853], [-0.050012181338168614, 0.46669447209113896], [-0.5582236444185773, 1.4417258320697992]], "found_saddles": [[0.1419537348950624, 0.11388055093104349], [-0.8225861462396745, 0.6189854270275585]], "bias_count": 56, "energy_calls_at_each_min": [1, 1511, 6600], "force_calls_at_each_min": [1, 1511, 6600], "adaptive_height_scale": 2.5, "adaptive_cov_scale": 1.0, "pert_type": "fixed"}