{"run_id": 1223, "bias_std_dev_scale": 0.170998, "bias_height_fraction": 0.119897, "perturbation_size": 0.005, "optimizer": "FIRE", "found_minima": [[0.6234994049, 0.02803775853], [-0.050131773583072095, 0.4667183472189501], [-0.5582236478440791, 1.441725829336357]], "found_saddles": [[0.2845595672050768, 0.34320795915326396], [-0.7095132387334819, 0.6966358130032388]], "bias_count": 41, "energy_calls_at_each_min": [1, 1871, 5012], "force_calls_at_each_min": [1, 1871, 5012], "adaptive_height_scale": 3.0, "adaptive_cov_scale": 5.0, "pert_type": "adaptive"}