{"run_id": 708, "bias_std_dev_scale": 0.170998, "bias_height_fraction": 0.119897, "perturbation_size": 0.005, "optimizer": "FIRE", "found_minima": [[0.6234994049, 0.02803775853], [-0.050114855745637024, 0.4667249862614626], [-0.5582236170317192, 1.4417258603352698]], "found_saddles": [[0.21469943009770426, 0.3170928829160043], [-0.6280271831156453, 0.688347996147906]], "bias_count": 60, "energy_calls_at_each_min": [1, 1277, 7317], "force_calls_at_each_min": [1, 1277, 7317], "adaptive_height_scale": 2.5, "adaptive_cov_scale": 2.5, "pert_type": "fixed"}