{"run_id": 805, "bias_std_dev_scale": 0.170998, "bias_height_fraction": 0.119897, "perturbation_size": 0.005, "optimizer": "FIRE", "found_minima": [[0.6234994049, 0.02803775853], [-0.05005801015325704, 0.4667041312998788], [-0.5582236494129171, 1.4417258291370025]], "found_saddles": [[0.1264583533416759, -0.07624934307180753], [-0.7516795659994598, 0.34518848056670515]], "bias_count": 22, "energy_calls_at_each_min": [1, 1713, 2767], "force_calls_at_each_min": [1, 1713, 2767], "adaptive_height_scale": 5.0, "adaptive_cov_scale": 4.0, "pert_type": "adaptive"}