{"run_id": 271, "bias_std_dev_scale": 0.170998, "bias_height_fraction": 0.119897, "perturbation_size": 0.005, "optimizer": "FIRE", "found_minima": [[0.6234994049, 0.02803775853], [-0.05001113049777911, 0.46669419022093994], [-0.5582236150712728, 1.4417258608408001]], "found_saddles": [[0.9428745333302841, 0.006157055482511373], [-0.8216163582060554, 0.5708222406346944]], "bias_count": 33, "energy_calls_at_each_min": [1, 1168, 3633], "force_calls_at_each_min": [1, 1168, 3633], "adaptive_height_scale": 4.0, "adaptive_cov_scale": 1.0, "pert_type": "adaptive"}