{"run_id": 1418, "bias_std_dev_scale": 0.170998, "bias_height_fraction": 0.119897, "perturbation_size": 0.005, "optimizer": "FIRE", "found_minima": [[0.6234994049, 0.02803775853], [-0.05012084501796412, 0.4667158646797505], [-0.5582236458249804, 1.4417258305437786]], "found_saddles": [[0.27794381889584274, 0.33011842388665247], [0.3700001806704033, 0.6915123197316224]], "bias_count": 24, "energy_calls_at_each_min": [1, 507, 2980], "force_calls_at_each_min": [1, 507, 2980], "adaptive_height_scale": 4.0, "adaptive_cov_scale": 4.5, "pert_type": "fixed"}