{"run_id": 1102, "bias_std_dev_scale": 0.170998, "bias_height_fraction": 0.119897, "perturbation_size": 0.005, "optimizer": "FIRE", "found_minima": [[0.6234994049, 0.02803775853], [-0.05001079243524562, 0.4666941060046447], [-0.5582236324944759, 1.4417258472753727]], "found_saddles": [[0.27711436049079985, 0.3024868787609162], [-0.876309380990954, 0.4763050296781287]], "bias_count": 22, "energy_calls_at_each_min": [1, 937, 2561], "force_calls_at_each_min": [1, 937, 2561], "adaptive_height_scale": 4.5, "adaptive_cov_scale": 2.0, "pert_type": "fixed"}