{"run_id": 1413, "bias_std_dev_scale": 0.170998, "bias_height_fraction": 0.119897, "perturbation_size": 0.005, "optimizer": "FIRE", "found_minima": [[0.6234994049, 0.02803775853], [-0.0500165692458414, 0.4666959958125253], [-0.5582236436378301, 1.4417258331206833]], "found_saddles": [[0.21702666739232915, 0.2756550349684841], [-0.12083156178108907, 0.0594277053051492]], "bias_count": 31, "energy_calls_at_each_min": [1, 979, 3792], "force_calls_at_each_min": [1, 979, 3792], "adaptive_height_scale": 4.0, "adaptive_cov_scale": 3.0, "pert_type": "adaptive"}