{"run_id": 417, "bias_std_dev_scale": 0.170998, "bias_height_fraction": 0.119897, "perturbation_size": 0.005, "optimizer": "FIRE", "found_minima": [[0.6234994049, 0.02803775853], [-0.05001088138356432, 0.46669411705039143], [-0.5582236485304851, 1.4417258288258141]], "found_saddles": [[0.9867385683369252, 0.033230924507887574], [1.0960116214395985, 0.07480262955408458]], "bias_count": 82, "energy_calls_at_each_min": [1, 1654, 9762], "force_calls_at_each_min": [1, 1654, 9762], "adaptive_height_scale": 3.5, "adaptive_cov_scale": 1.5, "pert_type": "adaptive"}