{"run_id": 1231, "bias_std_dev_scale": 0.170998, "bias_height_fraction": 0.119897, "perturbation_size": 0.005, "optimizer": "FIRE", "found_minima": [[0.6234994049, 0.02803775853], [-0.050017219833411196, 0.46669579537445005], [-0.5582236382891841, 1.4417258360604404]], "found_saddles": [[0.9702378104356333, 0.07270006042748253], [-0.17777397597657513, 0.8113280478120105]], "bias_count": 70, "energy_calls_at_each_min": [1, 1843, 8846], "force_calls_at_each_min": [1, 1843, 8846], "adaptive_height_scale": 3.5, "adaptive_cov_scale": 2.5, "pert_type": "adaptive"}