{"run_id": 1583, "bias_std_dev_scale": 0.170998, "bias_height_fraction": 0.119897, "perturbation_size": 0.005, "optimizer": "FIRE", "found_minima": [[0.6234994049, 0.02803775853], [-0.05013317871112036, 0.4667189186679323], [-0.5582236424269326, 1.4417258342099666]], "found_saddles": [[0.2786016610919826, 0.37748980346346783], [-0.6475202365709183, 0.3228833166059071]], "bias_count": 38, "energy_calls_at_each_min": [1, 1135, 4870], "force_calls_at_each_min": [1, 1135, 4870], "adaptive_height_scale": 4.0, "adaptive_cov_scale": 5.0, "pert_type": "adaptive"}