{"run_id": 487, "bias_std_dev_scale": 0.170998, "bias_height_fraction": 0.119897, "perturbation_size": 0.005, "optimizer": "FIRE", "found_minima": [[0.6234994049, 0.02803775853], [-0.05001500889481773, 0.4666951857216688], [-0.5582236456952844, 1.4417258311358299]], "found_saddles": [[0.1817696845288569, 0.2976551038393582], [-0.8331910410268053, 0.6169815582320908]], "bias_count": 80, "energy_calls_at_each_min": [1, 2393, 8685], "force_calls_at_each_min": [1, 2393, 8685], "adaptive_height_scale": 1.0, "adaptive_cov_scale": 1.0, "pert_type": "adaptive"}