{"run_id": 1584, "bias_std_dev_scale": 0.170998, "bias_height_fraction": 0.119897, "perturbation_size": 0.005, "optimizer": "FIRE", "found_minima": [[0.6234994049, 0.02803775853], [-0.05001241252260045, 0.4666945224500287], [-0.5582236367843834, 1.4417258435605902]], "found_saddles": [[0.9769443491661549, 0.03772651909938348], [0.729127117786878, 0.37778090034772666]], "bias_count": 51, "energy_calls_at_each_min": [1, 1089, 5890], "force_calls_at_each_min": [1, 1089, 5890], "adaptive_height_scale": 4.5, "adaptive_cov_scale": 1.0, "pert_type": "fixed"}