{"run_id": 292, "bias_std_dev_scale": 0.170998, "bias_height_fraction": 0.119897, "perturbation_size": 0.005, "optimizer": "FIRE", "found_minima": [[0.6234994049, 0.02803775853], [-0.050011764966284344, 0.46669429436168564], [-0.55822361542178, 1.4417258601668257]], "found_saddles": [[0.09983946796274613, 0.08647972014159518], [-0.1846115062215291, 0.7728187008708233]], "bias_count": 49, "energy_calls_at_each_min": [1, 479, 5889], "force_calls_at_each_min": [1, 479, 5889], "adaptive_height_scale": 4.5, "adaptive_cov_scale": 2.0, "pert_type": "fixed"}