{"run_id": 1487, "bias_std_dev_scale": 0.170998, "bias_height_fraction": 0.119897, "perturbation_size": 0.005, "optimizer": "FIRE", "found_minima": [[0.6234994049, 0.02803775853], [-0.05008785955267429, 0.4667251921874299], [-0.5582236297519594, 1.4417258446592296]], "found_saddles": [[0.2037633042228863, 0.302061069701487], [-0.6968595932407882, 0.3779599417917829]], "bias_count": 70, "energy_calls_at_each_min": [1, 1727, 9444], "force_calls_at_each_min": [1, 1727, 9444], "adaptive_height_scale": 1.5, "adaptive_cov_scale": 3.5, "pert_type": "adaptive"}