{"run_id": 282, "bias_std_dev_scale": 0.170998, "bias_height_fraction": 0.119897, "perturbation_size": 0.005, "optimizer": "FIRE", "found_minima": [[0.6234994049, 0.02803775853], [-0.05005576692761538, 0.46670300676536275], [-0.5582236519523941, 1.441725823291715]], "found_saddles": [[0.3413052961081265, 0.33987177148596687], [0.34237026178213675, -0.25731961334428677]], "bias_count": 66, "energy_calls_at_each_min": [1, 471, 8281], "force_calls_at_each_min": [1, 471, 8281], "adaptive_height_scale": 4.0, "adaptive_cov_scale": 4.0, "pert_type": "fixed"}