{"run_id": 865, "bias_std_dev_scale": 0.170998, "bias_height_fraction": 0.119897, "perturbation_size": 0.005, "optimizer": "FIRE", "found_minima": [[0.6234994049, 0.02803775853], [-0.05001237279143243, 0.46669451332182693], [-0.5582236197616814, 1.4417258563307536]], "found_saddles": [[0.23034585604157884, 0.2967860318577766], [-0.8472882125873821, 0.5673313242228105]], "bias_count": 50, "energy_calls_at_each_min": [1, 1582, 5675], "force_calls_at_each_min": [1, 1582, 5675], "adaptive_height_scale": 2.5, "adaptive_cov_scale": 1.0, "pert_type": "adaptive"}