{"run_id": 1427, "bias_std_dev_scale": 0.170998, "bias_height_fraction": 0.119897, "perturbation_size": 0.005, "optimizer": "FIRE", "found_minima": [[0.6234994049, 0.02803775853], [-0.050046587732017145, 0.4667011107863493], [-0.5582236441629213, 1.4417258302921936]], "found_saddles": [[0.3621936969882089, 0.2911589449252593], [-0.31779902174278174, 0.059247636987236986]], "bias_count": 52, "energy_calls_at_each_min": [1, 787, 6175], "force_calls_at_each_min": [1, 787, 6175], "adaptive_height_scale": 4.5, "adaptive_cov_scale": 2.0, "pert_type": "adaptive"}