{"run_id": 1389, "bias_std_dev_scale": 0.170998, "bias_height_fraction": 0.119897, "perturbation_size": 0.005, "optimizer": "FIRE", "found_minima": [[0.6234994049, 0.02803775853], [-0.05001577404241097, 0.46669512405866465], [-0.5582236289769339, 1.4417258503714796]], "found_saddles": [[0.10720788616344987, 0.16055886365999064], [-0.8250083655889181, 0.595767216778219]], "bias_count": 47, "energy_calls_at_each_min": [1, 1104, 5513], "force_calls_at_each_min": [1, 1104, 5513], "adaptive_height_scale": 3.5, "adaptive_cov_scale": 1.5, "pert_type": "adaptive"}