{"run_id": 1264, "bias_std_dev_scale": 0.170998, "bias_height_fraction": 0.119897, "perturbation_size": 0.005, "optimizer": "FIRE", "found_minima": [[0.6234994049, 0.02803775853], [-0.050010859678687285, 0.4666941192674496], [-0.5582236430852032, 1.4417258334024854]], "found_saddles": [[0.9817566381579947, -0.029221044621720017], [0.520305262804335, 0.6138743113240253]], "bias_count": 53, "energy_calls_at_each_min": [1, 1759, 6709], "force_calls_at_each_min": [1, 1759, 6709], "adaptive_height_scale": 4.5, "adaptive_cov_scale": 2.0, "pert_type": "fixed"}