{"run_id": 926, "bias_std_dev_scale": 0.170998, "bias_height_fraction": 0.119897, "perturbation_size": 0.005, "optimizer": "FIRE", "found_minima": [[0.6234994049, 0.02803775853], [-0.05001387030861395, 0.4666947236988473], [-0.5582236516136367, 1.441725826165429]], "found_saddles": [[0.050830243702108424, 0.1852788227442387], [-0.7505690068582641, 0.3980210436431335]], "bias_count": 21, "energy_calls_at_each_min": [1, 1441, 2646], "force_calls_at_each_min": [1, 1441, 2646], "adaptive_height_scale": 4.0, "adaptive_cov_scale": 3.0, "pert_type": "fixed"}