{"run_id": 267, "bias_std_dev_scale": 0.170998, "bias_height_fraction": 0.119897, "perturbation_size": 0.005, "optimizer": "FIRE", "found_minima": [[0.6234994049, 0.02803775853], [-0.05012758367758171, 0.4667190471146189], [-0.5582236159718111, 1.4417258620052162]], "found_saddles": [[0.35789063721530384, 0.37962383385748993], [-0.5676244733918252, 0.25912155147186267]], "bias_count": 47, "energy_calls_at_each_min": [1, 1499, 5823], "force_calls_at_each_min": [1, 1499, 5823], "adaptive_height_scale": 3.5, "adaptive_cov_scale": 4.5, "pert_type": "adaptive"}