{"run_id": 1542, "bias_std_dev_scale": 0.170998, "bias_height_fraction": 0.119897, "perturbation_size": 0.005, "optimizer": "FIRE", "found_minima": [[0.6234994049, 0.02803775853], [-0.05005674134042425, 0.4667033665431131], [-0.5582236504699161, 1.4417258261751131]], "found_saddles": [[0.1466084846254198, 0.19710453472790598], [-0.6759622135959071, 0.38443280471761576]], "bias_count": 50, "energy_calls_at_each_min": [1, 1309, 6252], "force_calls_at_each_min": [1, 1309, 6252], "adaptive_height_scale": 3.0, "adaptive_cov_scale": 4.0, "pert_type": "fixed"}