{"run_id": 778, "bias_std_dev_scale": 0.170998, "bias_height_fraction": 0.119897, "perturbation_size": 0.005, "optimizer": "FIRE", "found_minima": [[0.6234994049, 0.02803775853], [-0.05021201419562301, 0.466732401710427], [-0.5582236517539879, 1.4417258237615034]], "found_saddles": [[0.09460477873642864, 0.08520962972188048], [0.6542568222937316, 0.4710980801332781]], "bias_count": 59, "energy_calls_at_each_min": [1, 1265, 7197], "force_calls_at_each_min": [1, 1265, 7197], "adaptive_height_scale": 4.5, "adaptive_cov_scale": 2.0, "pert_type": "fixed"}