{"run_id": 1029, "bias_std_dev_scale": 0.170998, "bias_height_fraction": 0.119897, "perturbation_size": 0.005, "optimizer": "FIRE", "found_minima": [[0.6234994049, 0.02803775853], [-0.05004173268414792, 0.46670028878528974], [-0.558223644130212, 1.4417258323594955]], "found_saddles": [[0.2769038590852132, 0.3823875384932427], [-0.815515651340367, 0.6044847367267379]], "bias_count": 17, "energy_calls_at_each_min": [1, 1106, 1759], "force_calls_at_each_min": [1, 1106, 1759], "adaptive_height_scale": 2.5, "adaptive_cov_scale": 1.5, "pert_type": "adaptive"}