{"run_id": 1368, "bias_std_dev_scale": 0.170998, "bias_height_fraction": 0.119897, "perturbation_size": 0.005, "optimizer": "FIRE", "found_minima": [[0.6234994049, 0.02803775853], [-0.050046279917647506, 0.46670103168323357], [-0.5582236156524973, 1.4417258599505136]], "found_saddles": [[0.417979687739341, 0.3574587752671438], [-0.45899614625152985, 0.07795431312367791]], "bias_count": 92, "energy_calls_at_each_min": [1, 1904, 11100], "force_calls_at_each_min": [1, 1904, 11100], "adaptive_height_scale": 3.0, "adaptive_cov_scale": 1.0, "pert_type": "fixed"}