{"run_id": 777, "bias_std_dev_scale": 0.170998, "bias_height_fraction": 0.119897, "perturbation_size": 0.005, "optimizer": "FIRE", "found_minima": [[0.6234994049, 0.02803775853], [-0.05001161830833838, 0.4666943339195607], [-0.5582236176005312, 1.441725858393369]], "found_saddles": [[0.05721051709804018, 0.15304402103414808], [0.7729178885650362, 0.33032248887328697]], "bias_count": 58, "energy_calls_at_each_min": [1, 1730, 6864], "force_calls_at_each_min": [1, 1730, 6864], "adaptive_height_scale": 4.5, "adaptive_cov_scale": 1.5, "pert_type": "adaptive"}