{"run_id": 1492, "bias_std_dev_scale": 0.170998, "bias_height_fraction": 0.119897, "perturbation_size": 0.005, "optimizer": "FIRE", "found_minima": [[0.6234994049, 0.02803775853], [-0.05013169102386806, 0.46671811086697657], [-0.5582236400201469, 1.441725835619783]], "found_saddles": [[0.22106046245323552, 0.2743168543628467], [-0.6568535146326111, 0.6870704612017439]], "bias_count": 83, "energy_calls_at_each_min": [1, 1584, 10495], "force_calls_at_each_min": [1, 1584, 10495], "adaptive_height_scale": 1.5, "adaptive_cov_scale": 5.0, "pert_type": "fixed"}