{"run_id": 1601, "bias_std_dev_scale": 0.170998, "bias_height_fraction": 0.119897, "perturbation_size": 0.005, "optimizer": "FIRE", "found_minima": [[0.6234994049, 0.02803775853], [-0.05013066357234969, 0.466717797883599], [-0.5582236411840719, 1.4417258388096923]], "found_saddles": [[0.1615141048809761, 0.2238504530672752], [-0.8090029246019381, 0.6257110961527625]], "bias_count": 22, "energy_calls_at_each_min": [1, 1049, 2736], "force_calls_at_each_min": [1, 1049, 2736], "adaptive_height_scale": 4.5, "adaptive_cov_scale": 5.0, "pert_type": "adaptive"}