{"run_id": 493, "bias_std_dev_scale": 0.170998, "bias_height_fraction": 0.119897, "perturbation_size": 0.005, "optimizer": "FIRE", "found_minima": [[0.6234994049, 0.02803775853], [-0.05009891997011284, 0.4667125781564423], [-0.558223637847251, 1.4417258362599643]], "found_saddles": [[0.20658845293198463, 0.2769992953450487], [-0.7671838777627783, 0.6606384747180942]], "bias_count": 101, "energy_calls_at_each_min": [1, 1761, 11965], "force_calls_at_each_min": [1, 1761, 11965], "adaptive_height_scale": 1.0, "adaptive_cov_scale": 2.5, "pert_type": "adaptive"}