{"run_id": 888, "bias_std_dev_scale": 0.170998, "bias_height_fraction": 0.119897, "perturbation_size": 0.005, "optimizer": "FIRE", "found_minima": [[0.6234994049, 0.02803775853], [-0.050238941466421064, 0.4667733934180712], [-0.5582236230389442, 1.4417258509464976]], "found_saddles": [[0.941374052382384, 0.01242228595025539], [-0.8136300859906301, 0.6414036668730853]], "bias_count": 20, "energy_calls_at_each_min": [1, 1340, 2248], "force_calls_at_each_min": [1, 1340, 2248], "adaptive_height_scale": 3.0, "adaptive_cov_scale": 2.5, "pert_type": "fixed"}