{"run_id": 1069, "bias_std_dev_scale": 0.170998, "bias_height_fraction": 0.119897, "perturbation_size": 0.005, "optimizer": "FIRE", "found_minima": [[0.6234994049, 0.02803775853], [-0.0505636253366774, 0.46679522764647585], [-0.5582236363329288, 1.4417258401384165]], "found_saddles": [[0.2594956705396031, 0.30814107260805], [0.6482518247908268, 0.4572903733595576]], "bias_count": 67, "energy_calls_at_each_min": [1, 964, 8006], "force_calls_at_each_min": [1, 964, 8006], "adaptive_height_scale": 3.5, "adaptive_cov_scale": 2.5, "pert_type": "adaptive"}