{"run_id": 942, "bias_std_dev_scale": 0.170998, "bias_height_fraction": 0.119897, "perturbation_size": 0.005, "optimizer": "FIRE", "found_minima": [[0.6234994049, 0.02803775853], [-0.050011157654117906, 0.46669417641724004], [-0.5582236469060156, 1.4417258297927937]], "found_saddles": [[0.3548130563673964, 0.3070890208265376], [-0.4222220990599631, -0.07018496605842749]], "bias_count": 48, "energy_calls_at_each_min": [1, 1106, 5918], "force_calls_at_each_min": [1, 1106, 5918], "adaptive_height_scale": 4.5, "adaptive_cov_scale": 2.5, "pert_type": "fixed"}