{"run_id": 1458, "bias_std_dev_scale": 0.170998, "bias_height_fraction": 0.119897, "perturbation_size": 0.005, "optimizer": "FIRE", "found_minima": [[0.6234994049, 0.02803775853], [-0.050012612207574914, 0.466694594370656], [-0.5582236448272637, 1.4417258316500658]], "found_saddles": [[0.21428763414126029, 0.29560965430802183], [-0.8426117360788985, 0.6110915477580623]], "bias_count": 80, "energy_calls_at_each_min": [1, 2136, 9260], "force_calls_at_each_min": [1, 2136, 9260], "adaptive_height_scale": 1.0, "adaptive_cov_scale": 1.0, "pert_type": "fixed"}