{"run_id": 796, "bias_std_dev_scale": 0.170998, "bias_height_fraction": 0.119897, "perturbation_size": 0.005, "optimizer": "FIRE", "found_minima": [[0.6234994049, 0.02803775853], [-0.0501058920422883, 0.4667120072260058], [-0.5582236440574037, 1.4417258325350348]], "found_saddles": [[0.08357125166565159, 0.07756446930242404], [-0.9081253300091032, 0.4312181402198825]], "bias_count": 26, "energy_calls_at_each_min": [1, 793, 3014], "force_calls_at_each_min": [1, 793, 3014], "adaptive_height_scale": 5.0, "adaptive_cov_scale": 2.0, "pert_type": "fixed"}