{"run_id": 519, "bias_std_dev_scale": 0.170998, "bias_height_fraction": 0.119897, "perturbation_size": 0.005, "optimizer": "FIRE", "found_minima": [[0.6234994049, 0.02803775853], [-0.05110073151377134, 0.46687265222186103], [-0.558223638139552, 1.4417258357415523]], "found_saddles": [[0.12217133075128411, 0.26983044949744095], [0.5041717763526679, 0.5014821174979909]], "bias_count": 104, "energy_calls_at_each_min": [1, 1485, 13640], "force_calls_at_each_min": [1, 1485, 13640], "adaptive_height_scale": 1.5, "adaptive_cov_scale": 4.5, "pert_type": "adaptive"}