{"run_id": 1314, "bias_std_dev_scale": 0.170998, "bias_height_fraction": 0.119897, "perturbation_size": 0.005, "optimizer": "FIRE", "found_minima": [[0.6234994049, 0.02803775853], [-0.05001272962686744, 0.4666946009540055], [-0.5582236312853615, 1.441725848132238]], "found_saddles": [[0.12973572849500004, 0.12506834384155846], [-0.11346283128767704, 0.03625115686796521]], "bias_count": 110, "energy_calls_at_each_min": [1, 2029, 12969], "force_calls_at_each_min": [1, 2029, 12969], "adaptive_height_scale": 1.5, "adaptive_cov_scale": 1.0, "pert_type": "fixed"}