{"run_id": 1075, "bias_std_dev_scale": 0.170998, "bias_height_fraction": 0.119897, "perturbation_size": 0.005, "optimizer": "FIRE", "found_minima": [[0.6234994049, 0.02803775853], [-0.050055744110495556, 0.466703081468625], [-0.5582236210283205, 1.44172585689557]], "found_saddles": [[0.24744120208045153, 0.2890824656939672], [0.5112989852946499, 0.446098460819466]], "bias_count": 53, "energy_calls_at_each_min": [1, 1384, 6595], "force_calls_at_each_min": [1, 1384, 6595], "adaptive_height_scale": 3.5, "adaptive_cov_scale": 4.0, "pert_type": "adaptive"}