{"run_id": 20, "bias_std_dev_scale": 0.170998, "bias_height_fraction": 0.119897, "perturbation_size": 0.005, "optimizer": "FIRE", "found_minima": [[0.6234994049, 0.02803775853], [-0.05015263031611239, 0.4667234999226357], [-0.5582236516789247, 1.441725824565685]], "found_saddles": [[0.12590023252976468, 0.10626292682009705], [-0.7080822410600359, 0.7105556907001832]], "bias_count": 80, "energy_calls_at_each_min": [1, 2192, 9502], "force_calls_at_each_min": [1, 2192, 9502], "adaptive_height_scale": 1.5, "adaptive_cov_scale": 1.5, "pert_type": "fixed"}