{"run_id": 15, "bias_std_dev_scale": 0.170998, "bias_height_fraction": 0.119897, "perturbation_size": 0.005, "optimizer": "FIRE", "found_minima": [[0.6234994049, 0.02803775853], [-0.050271204402674, 0.46674250103040477], [-0.5582236335734686, 1.441725849051781]], "found_saddles": [[0.1672973298517841, 0.2890134793518226], [-0.7835432684855119, 0.6330955628953383]], "bias_count": 133, "energy_calls_at_each_min": [1, 2370, 16304], "force_calls_at_each_min": [1, 2370, 16304], "adaptive_height_scale": 1.0, "adaptive_cov_scale": 4.5, "pert_type": "adaptive"}