{"run_id": 304, "bias_std_dev_scale": 0.170998, "bias_height_fraction": 0.119897, "perturbation_size": 0.005, "optimizer": "FIRE", "found_minima": [[0.6234994049, 0.02803775853], [-0.05013795437794832, 0.4667209794125772], [-0.5582236495634589, 1.4417258280365655]], "found_saddles": [[0.8967426567199818, -0.08787151234441934], [0.2861716441076893, 0.7784248377279166]], "bias_count": 50, "energy_calls_at_each_min": [1, 1461, 6696], "force_calls_at_each_min": [1, 1461, 6696], "adaptive_height_scale": 4.5, "adaptive_cov_scale": 5.0, "pert_type": "fixed"}