{"run_id": 1066, "bias_std_dev_scale": 0.170998, "bias_height_fraction": 0.119897, "perturbation_size": 0.005, "optimizer": "FIRE", "found_minima": [[0.6234994049, 0.02803775853], [-0.050044431670762876, 0.4667008111252678], [-0.5582236202485681, 1.4417258555916108]], "found_saddles": [[0.14748688967817594, 0.1487798936550942], [-0.8722539294484066, 0.47310569563071747]], "bias_count": 30, "energy_calls_at_each_min": [1, 679, 3536], "force_calls_at_each_min": [1, 679, 3536], "adaptive_height_scale": 3.5, "adaptive_cov_scale": 2.0, "pert_type": "fixed"}