{"run_id": 773, "bias_std_dev_scale": 0.170998, "bias_height_fraction": 0.119897, "perturbation_size": 0.005, "optimizer": "FIRE", "found_minima": [[0.6234994049, 0.02803775853], [-0.050133015591621866, 0.46671885237810173], [-0.558223641593963, 1.4417258354422198]], "found_saddles": [[0.6465950723430824, 0.23693761741361963], [0.09714471749659165, 0.7767890619324935]], "bias_count": 59, "energy_calls_at_each_min": [1, 1561, 7539], "force_calls_at_each_min": [1, 1561, 7539], "adaptive_height_scale": 4.0, "adaptive_cov_scale": 5.0, "pert_type": "adaptive"}