{"run_id": 203, "bias_std_dev_scale": 0.170998, "bias_height_fraction": 0.119897, "perturbation_size": 0.005, "optimizer": "FIRE", "found_minima": [[0.6234994049, 0.02803775853], [-0.05001196461452798, 0.4666943638963149], [-0.5582236229465445, 1.441725850682821]], "found_saddles": [[0.15234818853253287, 0.27983173496382613], [-0.24832704441510026, 0.07326045471621907]], "bias_count": 94, "energy_calls_at_each_min": [1, 1015, 11183], "force_calls_at_each_min": [1, 1015, 11183], "adaptive_height_scale": 2.0, "adaptive_cov_scale": 2.0, "pert_type": "adaptive"}