{"run_id": 809, "bias_std_dev_scale": 0.170998, "bias_height_fraction": 0.119897, "perturbation_size": 0.005, "optimizer": "FIRE", "found_minima": [[0.6234994049, 0.02803775853], [-0.050130496648738566, 0.46671770948815766], [-0.5582170492185955, 1.44174017669914]], "found_saddles": [[0.6302383397649617, -0.15264630235803728], [0.15175177384830754, 0.789310199299194]], "bias_count": 59, "energy_calls_at_each_min": [1, 858, 7767], "force_calls_at_each_min": [1, 858, 7767], "adaptive_height_scale": 5.0, "adaptive_cov_scale": 5.0, "pert_type": "adaptive"}