{"run_id": 1417, "bias_std_dev_scale": 0.170998, "bias_height_fraction": 0.119897, "perturbation_size": 0.005, "optimizer": "FIRE", "found_minima": [[0.6234994049, 0.02803775853], [-0.05005565524646554, 0.46670297574801256], [-0.5582227109322855, 1.4417269614191752]], "found_saddles": [[0.11692584749713132, 0.19946105593687039], [-0.03952790731515706, -0.2302890597069512]], "bias_count": 71, "energy_calls_at_each_min": [1, 1121, 9129], "force_calls_at_each_min": [1, 1121, 9129], "adaptive_height_scale": 4.0, "adaptive_cov_scale": 4.0, "pert_type": "adaptive"}