{"run_id": 821, "bias_std_dev_scale": 0.170998, "bias_height_fraction": 0.119897, "perturbation_size": 0.005, "optimizer": "FIRE", "found_minima": [[0.6234994049, 0.02803775853], [-0.050558963144603675, 0.4667929109945073], [-0.5582236374873519, 1.4417258370358221]], "found_saddles": [[0.266952571727672, 0.306325800459405], [-0.8331145963719232, 0.5996512829310514]], "bias_count": 110, "energy_calls_at_each_min": [1, 2665, 13221], "force_calls_at_each_min": [1, 2665, 13221], "adaptive_height_scale": 1.0, "adaptive_cov_scale": 3.5, "pert_type": "adaptive"}