{"run_id": 138, "bias_std_dev_scale": 0.170998, "bias_height_fraction": 0.119897, "perturbation_size": 0.005, "optimizer": "FIRE", "found_minima": [[0.6234994049, 0.02803775853], [-0.05007313668343968, 0.46671541166040237], [-0.5582236509025256, 1.4417258240744144]], "found_saddles": [[0.13314510130413465, -0.06798000921203776], [0.5177520608547901, 0.7047300052967482]], "bias_count": 29, "energy_calls_at_each_min": [1, 1461, 3714], "force_calls_at_each_min": [1, 1461, 3714], "adaptive_height_scale": 4.5, "adaptive_cov_scale": 4.0, "pert_type": "fixed"}