{"run_id": 1419, "bias_std_dev_scale": 0.170998, "bias_height_fraction": 0.119897, "perturbation_size": 0.005, "optimizer": "FIRE", "found_minima": [[0.6234994049, 0.02803775853], [-0.050121523630563686, 0.46671622750090147], [-0.5582236175247305, 1.4417258580040746]], "found_saddles": [[0.5972902610731161, -0.1358621218276271], [-0.7408763631811804, 0.6983445733025845]], "bias_count": 36, "energy_calls_at_each_min": [1, 1724, 4499], "force_calls_at_each_min": [1, 1724, 4499], "adaptive_height_scale": 4.0, "adaptive_cov_scale": 4.5, "pert_type": "adaptive"}