{"run_id": 424, "bias_std_dev_scale": 0.170998, "bias_height_fraction": 0.119897, "perturbation_size": 0.005, "optimizer": "FIRE", "found_minima": [[0.6234994049, 0.02803775853], [-0.05002525843131508, 0.46669706777565284], [-0.5582236536384805, 1.4417258233530044]], "found_saddles": [[0.6676016237902126, 0.2295370924058953], [0.03247757491114912, 0.7368535083613889]], "bias_count": 55, "energy_calls_at_each_min": [1, 1659, 7160], "force_calls_at_each_min": [1, 1659, 7160], "adaptive_height_scale": 3.5, "adaptive_cov_scale": 3.5, "pert_type": "fixed"}