{"run_id": 1184, "bias_std_dev_scale": 0.170998, "bias_height_fraction": 0.119897, "perturbation_size": 0.005, "optimizer": "FIRE", "found_minima": [[0.6234994049, 0.02803775853], [-0.05026190852533487, 0.4668116661351388], [-0.5582236350817058, 1.4417258377471402]], "found_saddles": [[0.11656204258307168, 0.24761835886917588], [-0.798572744871857, 0.641090882065953]], "bias_count": 45, "energy_calls_at_each_min": [1, 1778, 5633], "force_calls_at_each_min": [1, 1778, 5633], "adaptive_height_scale": 2.0, "adaptive_cov_scale": 4.5, "pert_type": "fixed"}