{"run_id": 177, "bias_std_dev_scale": 0.170998, "bias_height_fraction": 0.119897, "perturbation_size": 0.005, "optimizer": "FIRE", "found_minima": [[0.6234994049, 0.02803775853], [-0.05313377391107457, 0.46701985113368655], [-0.5582236399125722, 1.441725838748877]], "found_saddles": [[0.12336859774375097, 0.2781601073702207], [0.3642108852405881, 0.5989927602802483]], "bias_count": 130, "energy_calls_at_each_min": [1, 2269, 16377], "force_calls_at_each_min": [1, 2269, 16377], "adaptive_height_scale": 1.0, "adaptive_cov_scale": 4.5, "pert_type": "adaptive"}