{"run_id": 781, "bias_std_dev_scale": 0.170998, "bias_height_fraction": 0.119897, "perturbation_size": 0.005, "optimizer": "FIRE", "found_minima": [[0.6234994049, 0.02803775853], [-0.050023255044249676, 0.46669744158643184], [-0.55822365012205, 1.4417258273620368]], "found_saddles": [[0.4068217770491943, -0.1587389529218194], [0.4065534126945277, -0.22485460886318615]], "bias_count": 54, "energy_calls_at_each_min": [1, 1471, 6580], "force_calls_at_each_min": [1, 1471, 6580], "adaptive_height_scale": 4.5, "adaptive_cov_scale": 2.5, "pert_type": "adaptive"}