{"run_id": 154, "bias_std_dev_scale": 0.170998, "bias_height_fraction": 0.119897, "perturbation_size": 0.005, "optimizer": "FIRE", "found_minima": [[0.6234994049, 0.02803775853], [-0.0500249327308879, 0.46669694653560795], [-0.5582236568771405, 1.4417258193661862]], "found_saddles": [[0.2679451513119554, 0.36005565541517415], [-0.7729433732049197, 0.38142994500886457]], "bias_count": 12, "energy_calls_at_each_min": [1, 690, 1527], "force_calls_at_each_min": [1, 690, 1527], "adaptive_height_scale": 5.0, "adaptive_cov_scale": 3.5, "pert_type": "fixed"}