{"run_id": 222, "bias_std_dev_scale": 0.170998, "bias_height_fraction": 0.119897, "perturbation_size": 0.005, "optimizer": "FIRE", "found_minima": [[0.6234994049, 0.02803775853], [-0.05001124217053463, 0.46669419313612076], [-0.558223619028304, 1.4417258584110724]], "found_saddles": [[0.21018015816298657, 0.28167163629445824], [-0.3926343188700463, 0.16872274586357733]], "bias_count": 75, "energy_calls_at_each_min": [1, 883, 9484], "force_calls_at_each_min": [1, 883, 9484], "adaptive_height_scale": 2.5, "adaptive_cov_scale": 2.5, "pert_type": "fixed"}