{"run_id": 884, "bias_std_dev_scale": 0.170998, "bias_height_fraction": 0.119897, "perturbation_size": 0.005, "optimizer": "FIRE", "found_minima": [[0.6234994049, 0.02803775853], [-0.05001086972352177, 0.4666941076120507], [-0.5582236196206193, 1.4417258549201293]], "found_saddles": [[0.1791418896008728, 0.23941875876700952], [-0.9204442998277506, 0.5597757695711906]], "bias_count": 50, "energy_calls_at_each_min": [1, 1255, 5832], "force_calls_at_each_min": [1, 1255, 5832], "adaptive_height_scale": 3.0, "adaptive_cov_scale": 1.5, "pert_type": "fixed"}