{"run_id": 826, "bias_std_dev_scale": 0.170998, "bias_height_fraction": 0.119897, "perturbation_size": 0.005, "optimizer": "FIRE", "found_minima": [[0.6234994049, 0.02803775853], [-0.054122755884976705, 0.46768583680026166], [-0.558223609550374, 1.4417258676974865]], "found_saddles": [[0.14997028883804692, 0.2836490425560672], [-0.8586175708124193, 0.5242790238431343]], "bias_count": 133, "energy_calls_at_each_min": [1, 2887, 16965], "force_calls_at_each_min": [1, 2887, 16965], "adaptive_height_scale": 1.0, "adaptive_cov_scale": 5.0, "pert_type": "fixed"}