{"run_id": 294, "bias_std_dev_scale": 0.170998, "bias_height_fraction": 0.119897, "perturbation_size": 0.005, "optimizer": "FIRE", "found_minima": [[0.6234994049, 0.02803775853], [-0.05001109529422813, 0.466694163698173], [-0.5582236484942154, 1.4417258291797777]], "found_saddles": [[0.41287303419044447, 0.3133255189150732], [0.7130188824261801, 0.35883904915260817]], "bias_count": 52, "energy_calls_at_each_min": [1, 1018, 6576], "force_calls_at_each_min": [1, 1018, 6576], "adaptive_height_scale": 4.5, "adaptive_cov_scale": 2.5, "pert_type": "fixed"}