{"run_id": 225, "bias_std_dev_scale": 0.170998, "bias_height_fraction": 0.119897, "perturbation_size": 0.005, "optimizer": "FIRE", "found_minima": [[0.6234994049, 0.02803775853], [-0.5582236368253866, 1.4417258365337515]], "found_saddles": [[-0.7210752023156122, 0.7376217531367221]], "bias_count": 5000, "energy_calls_at_each_min": [1, 2557], "force_calls_at_each_min": [1, 2557], "adaptive_height_scale": 2.5, "adaptive_cov_scale": 3.0, "pert_type": "adaptive"}