{"run_id": 767, "bias_std_dev_scale": 0.170998, "bias_height_fraction": 0.119897, "perturbation_size": 0.005, "optimizer": "FIRE", "found_minima": [[0.6234994049, 0.02803775853], [-0.050026288358575546, 0.46669770302324887], [-0.5582236206714666, 1.4417258536450615]], "found_saddles": [[0.08150042772435528, 0.1730285790711428], [-0.5423391975535246, 0.280767281145925]], "bias_count": 33, "energy_calls_at_each_min": [1, 1144, 4122], "force_calls_at_each_min": [1, 1144, 4122], "adaptive_height_scale": 4.0, "adaptive_cov_scale": 3.5, "pert_type": "adaptive"}