{"run_id": 993, "bias_std_dev_scale": 0.170998, "bias_height_fraction": 0.119897, "perturbation_size": 0.005, "optimizer": "FIRE", "found_minima": [[0.6234994049, 0.02803775853], [-0.05002794582206496, 0.46669778150168223], [-0.5582236189380411, 1.4417258563076418]], "found_saddles": [[0.1686856081209798, 0.270554970771312], [-0.20324093388111428, 0.04507660003893593]], "bias_count": 124, "energy_calls_at_each_min": [1, 1503, 14380], "force_calls_at_each_min": [1, 1503, 14380], "adaptive_height_scale": 1.5, "adaptive_cov_scale": 1.5, "pert_type": "adaptive"}