{"run_id": 409, "bias_std_dev_scale": 0.170998, "bias_height_fraction": 0.119897, "perturbation_size": 0.005, "optimizer": "FIRE", "found_minima": [[0.6234994049, 0.02803775853], [-0.05005907477249269, 0.46670422697111574], [-0.5582236274260594, 1.4417258500386154]], "found_saddles": [[0.20637430720594485, 0.2593566486492264], [-0.6701692894605663, 0.6863675715812674]], "bias_count": 22, "energy_calls_at_each_min": [1, 1069, 2622], "force_calls_at_each_min": [1, 1069, 2622], "adaptive_height_scale": 3.0, "adaptive_cov_scale": 4.0, "pert_type": "adaptive"}