{"run_id": 822, "bias_std_dev_scale": 0.170998, "bias_height_fraction": 0.119897, "perturbation_size": 0.005, "optimizer": "FIRE", "found_minima": [[0.6234994049, 0.02803775853], [-0.05232998977024037, 0.4673062060698413], [-0.5582236283254438, 1.4417258453603463]], "found_saddles": [[0.15625323132072927, 0.011136512789321283], [-0.24194160769346965, 0.16332680100125763]], "bias_count": 141, "energy_calls_at_each_min": [1, 3414, 18032], "force_calls_at_each_min": [1, 3414, 18032], "adaptive_height_scale": 1.0, "adaptive_cov_scale": 4.0, "pert_type": "fixed"}