{"run_id": 658, "bias_std_dev_scale": 0.170998, "bias_height_fraction": 0.119897, "perturbation_size": 0.005, "optimizer": "FIRE", "found_minima": [[0.6234994049, 0.02803775853], [-0.05043476023174767, 0.4667928535453789], [-0.5582236177286449, 1.4417258598229656]], "found_saddles": [[0.2683848942192201, 0.33678578365078865], [-0.7970443667680919, 0.6421850866922829]], "bias_count": 117, "energy_calls_at_each_min": [1, 2270, 14350], "force_calls_at_each_min": [1, 2270, 14350], "adaptive_height_scale": 1.0, "adaptive_cov_scale": 3.5, "pert_type": "fixed"}