{"run_id": 319, "bias_std_dev_scale": 0.170998, "bias_height_fraction": 0.119897, "perturbation_size": 0.005, "optimizer": "FIRE", "found_minima": [[0.6234994049, 0.02803775853], [-0.050070462203973, 0.46670900989454717], [-0.5582236444887972, 1.441725834632344]], "found_saddles": [[0.9333717688442204, 0.09084845371829575], [0.9010530051448655, 0.23908563814827932]], "bias_count": 56, "energy_calls_at_each_min": [1, 1583, 7172], "force_calls_at_each_min": [1, 1583, 7172], "adaptive_height_scale": 5.0, "adaptive_cov_scale": 4.0, "pert_type": "adaptive"}