{"run_id": 1122, "bias_std_dev_scale": 0.170998, "bias_height_fraction": 0.119897, "perturbation_size": 0.005, "optimizer": "FIRE", "found_minima": [[0.6234994049, 0.02803775853], [-0.5582236410654751, 1.4417258356652698]], "found_saddles": [[-0.8190733474651507, 0.4405040623165627]], "bias_count": 5000, "energy_calls_at_each_min": [1, 1648], "force_calls_at_each_min": [1, 1648], "adaptive_height_scale": 5.0, "adaptive_cov_scale": 2.5, "pert_type": "fixed"}