{"run_id": 567, "bias_std_dev_scale": 0.170998, "bias_height_fraction": 0.119897, "perturbation_size": 0.005, "optimizer": "FIRE", "found_minima": [[0.6234994049, 0.02803775853], [-0.050013709219407086, 0.46669469345849746], [-0.5582236456568519, 1.4417258328293767]], "found_saddles": [[0.24667761819013986, 0.3028904932410607], [0.4785922407625565, 0.5929187055792292]], "bias_count": 73, "energy_calls_at_each_min": [1, 1179, 9277], "force_calls_at_each_min": [1, 1179, 9277], "adaptive_height_scale": 3.0, "adaptive_cov_scale": 3.0, "pert_type": "adaptive"}