{"run_id": 1567, "bias_std_dev_scale": 0.170998, "bias_height_fraction": 0.119897, "perturbation_size": 0.005, "optimizer": "FIRE", "found_minima": [[0.6234994049, 0.02803775853], [-0.050011617300620884, 0.4666943209410083], [-0.5582236545010902, 1.4417258213546036]], "found_saddles": [[1.027089509300568, -0.006580738275339955], [0.617001934706728, 0.4576341344680117]], "bias_count": 80, "energy_calls_at_each_min": [1, 1775, 9485], "force_calls_at_each_min": [1, 1775, 9485], "adaptive_height_scale": 4.0, "adaptive_cov_scale": 1.0, "pert_type": "adaptive"}