{"run_id": 806, "bias_std_dev_scale": 0.170998, "bias_height_fraction": 0.119897, "perturbation_size": 0.005, "optimizer": "FIRE", "found_minima": [[0.6234994049, 0.02803775853], [-0.05012050035227738, 0.4667157484629808], [-0.5582236400060065, 1.4417258364926193]], "found_saddles": [[0.772466880715557, -0.1714724501920759], [-0.4292272516414296, 0.09783473796419924]], "bias_count": 47, "energy_calls_at_each_min": [1, 1227, 6076], "force_calls_at_each_min": [1, 1227, 6076], "adaptive_height_scale": 5.0, "adaptive_cov_scale": 4.5, "pert_type": "fixed"}