{"run_id": 187, "bias_std_dev_scale": 0.170998, "bias_height_fraction": 0.119897, "perturbation_size": 0.005, "optimizer": "FIRE", "found_minima": [[0.6234994049, 0.02803775853], [-0.050309873033272105, 0.4667421431261473], [-0.5582236161844051, 1.4417258612437427]], "found_saddles": [[0.21122652948195592, 0.2914257337389457], [-0.8187351154717256, 0.6338627675064281]], "bias_count": 54, "energy_calls_at_each_min": [1, 1345, 6342], "force_calls_at_each_min": [1, 1345, 6342], "adaptive_height_scale": 1.5, "adaptive_cov_scale": 2.5, "pert_type": "adaptive"}