{"run_id": 1465, "bias_std_dev_scale": 0.170998, "bias_height_fraction": 0.119897, "perturbation_size": 0.005, "optimizer": "FIRE", "found_minima": [[0.6234994049, 0.02803775853], [-0.050855999528896814, 0.46693162760086376], [-0.5582236378931994, 1.4417258348650228]], "found_saddles": [[0.21394566511026003, 0.2743929558854859], [-0.8174535720143791, 0.6007638173037136]], "bias_count": 117, "energy_calls_at_each_min": [1, 2927, 13799], "force_calls_at_each_min": [1, 2927, 13799], "adaptive_height_scale": 1.0, "adaptive_cov_scale": 2.5, "pert_type": "adaptive"}