{"run_id": 1401, "bias_std_dev_scale": 0.170998, "bias_height_fraction": 0.119897, "perturbation_size": 0.005, "optimizer": "FIRE", "found_minima": [[0.6234994049, 0.02803775853], [-0.05012773023895458, 0.4667189373933171], [-0.558223631698484, 1.4417258470445737]], "found_saddles": [[0.14499212038049425, 0.2576900773190235], [-0.3131108926346494, 0.7573769703667022]], "bias_count": 65, "energy_calls_at_each_min": [1, 1105, 8186], "force_calls_at_each_min": [1, 1105, 8186], "adaptive_height_scale": 3.5, "adaptive_cov_scale": 4.5, "pert_type": "adaptive"}