{"run_id": 886, "bias_std_dev_scale": 0.170998, "bias_height_fraction": 0.119897, "perturbation_size": 0.005, "optimizer": "FIRE", "found_minima": [[0.6234994049, 0.02803775853], [-0.05035750433825074, 0.4668459481901149], [-0.5582236369431844, 1.4417258430378406]], "found_saddles": [[0.3510380338817461, 0.3674369331844075], [-0.17168242317353394, -0.020750153739511282]], "bias_count": 61, "energy_calls_at_each_min": [1, 1502, 7516], "force_calls_at_each_min": [1, 1502, 7516], "adaptive_height_scale": 3.0, "adaptive_cov_scale": 2.0, "pert_type": "fixed"}