{"run_id": 54, "bias_std_dev_scale": 0.170998, "bias_height_fraction": 0.119897, "perturbation_size": 0.005, "optimizer": "FIRE", "found_minima": [[0.6234994049, 0.02803775853], [-0.050012212379585856, 0.46669447696064503], [-0.5582236205814249, 1.4417258572906861]], "found_saddles": [[0.20906327161942245, 0.29450191432759676], [-0.8752086817059503, 0.6007117009803102]], "bias_count": 58, "energy_calls_at_each_min": [1, 1403, 6761], "force_calls_at_each_min": [1, 1403, 6761], "adaptive_height_scale": 2.5, "adaptive_cov_scale": 1.0, "pert_type": "fixed"}