{"run_id": 141, "bias_std_dev_scale": 0.170998, "bias_height_fraction": 0.119897, "perturbation_size": 0.005, "optimizer": "FIRE", "found_minima": [[0.6234994049, 0.02803775853], [-0.050130643298510295, 0.46672408807946275], [-0.5582236155639655, 1.4417258603337637]], "found_saddles": [[0.6165400766177753, 0.26505670610167453], [-0.6770989009515765, 0.695108985594618]], "bias_count": 21, "energy_calls_at_each_min": [1, 1483, 2702], "force_calls_at_each_min": [1, 1483, 2702], "adaptive_height_scale": 4.5, "adaptive_cov_scale": 4.5, "pert_type": "adaptive"}