{"run_id": 741, "bias_std_dev_scale": 0.170998, "bias_height_fraction": 0.119897, "perturbation_size": 0.005, "optimizer": "FIRE", "found_minima": [[0.6234994049, 0.02803775853], [-0.05001084170153748, 0.4666941139104641], [-0.5582236297593499, 1.4417258492243044]], "found_saddles": [[0.18364585964101277, 0.3018142284990183], [-0.8902137587099407, 0.5828526249330569]], "bias_count": 31, "energy_calls_at_each_min": [1, 1154, 3650], "force_calls_at_each_min": [1, 1154, 3650], "adaptive_height_scale": 3.5, "adaptive_cov_scale": 1.5, "pert_type": "adaptive"}