{"run_id": 257, "bias_std_dev_scale": 0.170998, "bias_height_fraction": 0.119897, "perturbation_size": 0.005, "optimizer": "FIRE", "found_minima": [[0.6234994049, 0.02803775853], [-0.0500157698605162, 0.46669510515127666], [-0.5582236497524821, 1.4417258269992599]], "found_saddles": [[1.0034172989088261, 0.030187378558636263], [-0.7851348761989231, 0.6493087566671017]], "bias_count": 45, "energy_calls_at_each_min": [1, 1895, 5289], "force_calls_at_each_min": [1, 1895, 5289], "adaptive_height_scale": 3.5, "adaptive_cov_scale": 2.0, "pert_type": "adaptive"}