{"run_id": 1335, "bias_std_dev_scale": 0.170998, "bias_height_fraction": 0.119897, "perturbation_size": 0.005, "optimizer": "FIRE", "found_minima": [[0.6234994049, 0.02803775853], [-0.05006821599693698, 0.46670643422105346], [-0.5582236482061425, 1.441725828669722]], "found_saddles": [[0.2838226695984517, 0.3911965622043938], [-0.8208902101541685, 0.6252297969318179]], "bias_count": 81, "energy_calls_at_each_min": [1, 1343, 9566], "force_calls_at_each_min": [1, 1343, 9566], "adaptive_height_scale": 2.0, "adaptive_cov_scale": 1.5, "pert_type": "adaptive"}