{"run_id": 1273, "bias_std_dev_scale": 0.170998, "bias_height_fraction": 0.119897, "perturbation_size": 0.005, "optimizer": "FIRE", "found_minima": [[0.6234994049, 0.02803775853], [-0.050055597607699086, 0.46670294977110754], [-0.5582236416738441, 1.4417258325601987]], "found_saddles": [[0.5183795942121813, -0.13977567613916633], [-0.6762920144851179, 0.7543084748919149]], "bias_count": 39, "energy_calls_at_each_min": [1, 1912, 5730], "force_calls_at_each_min": [1, 1912, 5730], "adaptive_height_scale": 4.5, "adaptive_cov_scale": 4.0, "pert_type": "adaptive"}