{"run_id": 1234, "bias_std_dev_scale": 0.170998, "bias_height_fraction": 0.119897, "perturbation_size": 0.005, "optimizer": "FIRE", "found_minima": [[0.6234994049, 0.02803775853], [-0.050024757882292166, 0.4666968757976834], [-0.558223619919364, 1.4417258574990988]], "found_saddles": [[0.3005242021497136, 0.32757670578801507], [-0.8495348376208327, 0.550508390036565]], "bias_count": 18, "energy_calls_at_each_min": [1, 443, 2207], "force_calls_at_each_min": [1, 443, 2207], "adaptive_height_scale": 3.5, "adaptive_cov_scale": 3.5, "pert_type": "fixed"}