{"run_id": 1293, "bias_std_dev_scale": 0.170998, "bias_height_fraction": 0.119897, "perturbation_size": 0.005, "optimizer": "FIRE", "found_minima": [[0.6234994049, 0.02803775853], [-0.050120482186769094, 0.46671574359477863], [-0.5582236214235373, 1.441725855440776]], "found_saddles": [[0.1547261979389044, 0.2140071249369504], [0.6894657127721444, 0.38240863570096595]], "bias_count": 41, "energy_calls_at_each_min": [1, 965, 6042], "force_calls_at_each_min": [1, 965, 6042], "adaptive_height_scale": 5.0, "adaptive_cov_scale": 4.5, "pert_type": "adaptive"}