{"run_id": 841, "bias_std_dev_scale": 0.170998, "bias_height_fraction": 0.119897, "perturbation_size": 0.005, "optimizer": "FIRE", "found_minima": [[0.6234994049, 0.02803775853], [-0.05056399206011062, 0.466961598314679], [-0.5582236462094291, 1.4417258305989638]], "found_saddles": [[0.23301807754648898, 0.3176408794468401], [-0.34398887296923425, 0.22315639425852551]], "bias_count": 93, "energy_calls_at_each_min": [1, 2186, 11605], "force_calls_at_each_min": [1, 2186, 11605], "adaptive_height_scale": 1.5, "adaptive_cov_scale": 4.0, "pert_type": "adaptive"}