{"run_id": 185, "bias_std_dev_scale": 0.170998, "bias_height_fraction": 0.119897, "perturbation_size": 0.005, "optimizer": "FIRE", "found_minima": [[0.6234994049, 0.02803775853], [-0.05001091782962318, 0.46669412519344544], [-0.5582236355792647, 1.4417258400738096]], "found_saddles": [[0.21436970811544592, 0.27855017109997326], [-0.8165930092039705, 0.6262552515513237]], "bias_count": 77, "energy_calls_at_each_min": [1, 1858, 9230], "force_calls_at_each_min": [1, 1858, 9230], "adaptive_height_scale": 1.5, "adaptive_cov_scale": 2.0, "pert_type": "adaptive"}