{"run_id": 994, "bias_std_dev_scale": 0.170998, "bias_height_fraction": 0.119897, "perturbation_size": 0.005, "optimizer": "FIRE", "found_minima": [[0.6234994049, 0.02803775853], [-0.05001822995543448, 0.46669610862096444], [-0.5582236145934764, 1.4417258610012587]], "found_saddles": [[0.24774716152231616, 0.3313479668126277], [-0.16345173539299895, 0.07759475939256007]], "bias_count": 97, "energy_calls_at_each_min": [1, 1393, 11900], "force_calls_at_each_min": [1, 1393, 11900], "adaptive_height_scale": 1.5, "adaptive_cov_scale": 2.0, "pert_type": "fixed"}