{"run_id": 1587, "bias_std_dev_scale": 0.170998, "bias_height_fraction": 0.119897, "perturbation_size": 0.005, "optimizer": "FIRE", "found_minima": [[0.6234994049, 0.02803775853], [-0.05013219793839834, 0.46671266442054743], [-0.5582236560546389, 1.441725819842959]], "found_saddles": [[0.09911560070910846, 0.08806924930833845], [0.5412715582875793, 0.5753451247789344]], "bias_count": 66, "energy_calls_at_each_min": [1, 1162, 8103], "force_calls_at_each_min": [1, 1162, 8103], "adaptive_height_scale": 4.5, "adaptive_cov_scale": 1.5, "pert_type": "adaptive"}