{"run_id": 84, "bias_std_dev_scale": 0.170998, "bias_height_fraction": 0.119897, "perturbation_size": 0.005, "optimizer": "FIRE", "found_minima": [[0.6234994049, 0.02803775853], [-0.05005793418107991, 0.4667037617461523], [-0.5582236296250371, 1.4417258711394043]], "found_saddles": [[0.24445654865466362, 0.31057120671609717], [-0.28581194681493777, -0.06796125359444308]], "bias_count": 72, "energy_calls_at_each_min": [1, 858, 9207], "force_calls_at_each_min": [1, 858, 9207], "adaptive_height_scale": 3.0, "adaptive_cov_scale": 4.0, "pert_type": "fixed"}