{"run_id": 797, "bias_std_dev_scale": 0.170998, "bias_height_fraction": 0.119897, "perturbation_size": 0.005, "optimizer": "FIRE", "found_minima": [[0.6234994049, 0.02803775853], [-0.05004447662519767, 0.4667006020368366], [-0.5582236264923429, 1.4417258489041276]], "found_saddles": [[0.38180100010953016, 0.29114047679471133], [1.069672385228407, 0.018324980638408164]], "bias_count": 34, "energy_calls_at_each_min": [1, 825, 3896], "force_calls_at_each_min": [1, 825, 3896], "adaptive_height_scale": 5.0, "adaptive_cov_scale": 2.0, "pert_type": "adaptive"}