{"run_id": 1100, "bias_std_dev_scale": 0.170998, "bias_height_fraction": 0.119897, "perturbation_size": 0.005, "optimizer": "FIRE", "found_minima": [[0.6234994049, 0.02803775853], [-0.05002324270497314, 0.46669631859753147], [-0.558223654907406, 1.4417258220817482]], "found_saddles": [[0.675481990434904, 0.20379644963940838], [0.5491885598485453, 0.5808998395515096]], "bias_count": 62, "energy_calls_at_each_min": [1, 2037, 7480], "force_calls_at_each_min": [1, 2037, 7480], "adaptive_height_scale": 4.5, "adaptive_cov_scale": 1.5, "pert_type": "fixed"}