{"run_id": 1373, "bias_std_dev_scale": 0.170998, "bias_height_fraction": 0.119897, "perturbation_size": 0.005, "optimizer": "FIRE", "found_minima": [[0.6234994049, 0.02803775853], [-0.05001091926143972, 0.4666941198827679], [-0.5582236498993972, 1.4417258266634632]], "found_saddles": [[0.1728595066922514, 0.19525314293843044], [-0.7815368039310802, 0.6641216376483183]], "bias_count": 42, "energy_calls_at_each_min": [1, 883, 5089], "force_calls_at_each_min": [1, 883, 5089], "adaptive_height_scale": 3.0, "adaptive_cov_scale": 2.0, "pert_type": "adaptive"}