{"run_id": 515, "bias_std_dev_scale": 0.170998, "bias_height_fraction": 0.119897, "perturbation_size": 0.005, "optimizer": "FIRE", "found_minima": [[0.6234994049, 0.02803775853], [-0.05103607841443155, 0.46702931029894756], [-0.5582236362138043, 1.4417258433296598]], "found_saddles": [[0.29851377938701934, 0.29648619398558584], [-0.8126600944962576, 0.6114480515427092]], "bias_count": 74, "energy_calls_at_each_min": [1, 1980, 9544], "force_calls_at_each_min": [1, 1980, 9544], "adaptive_height_scale": 1.5, "adaptive_cov_scale": 3.5, "pert_type": "adaptive"}