{"run_id": 332, "bias_std_dev_scale": 0.170998, "bias_height_fraction": 0.119897, "perturbation_size": 0.005, "optimizer": "FIRE", "found_minima": [[0.6234994049, 0.02803775853], [-0.051502592958519326, 0.4672661077320528], [-0.558223628731646, 1.4417258503499988]], "found_saddles": [[0.25614363086767367, 0.31381715200563254], [-0.8655996713874077, 0.5114749770108125]], "bias_count": 149, "energy_calls_at_each_min": [1, 4024, 19658], "force_calls_at_each_min": [1, 4024, 19658], "adaptive_height_scale": 1.0, "adaptive_cov_scale": 3.0, "pert_type": "fixed"}