{"run_id": 912, "bias_std_dev_scale": 0.170998, "bias_height_fraction": 0.119897, "perturbation_size": 0.005, "optimizer": "FIRE", "found_minima": [[0.6234994049, 0.02803775853], [-0.0500581424902784, 0.4667040308712512], [-0.5582236039679812, 1.4417258760505722]], "found_saddles": [[0.8146382789135957, -0.11129917355125066], [0.15827694310149198, 0.7273027005217699]], "bias_count": 50, "energy_calls_at_each_min": [1, 1188, 7423], "force_calls_at_each_min": [1, 1188, 7423], "adaptive_height_scale": 3.5, "adaptive_cov_scale": 4.0, "pert_type": "fixed"}