{"run_id": 1428, "bias_std_dev_scale": 0.170998, "bias_height_fraction": 0.119897, "perturbation_size": 0.005, "optimizer": "FIRE", "found_minima": [[0.6234994049, 0.02803775853], [-0.050011253647410644, 0.46669425750885707], [-0.5582236178485834, 1.4417258579488261]], "found_saddles": [[0.17060419455148487, -0.08046255417708527], [-0.5159034775546869, 0.22954143309716368]], "bias_count": 47, "energy_calls_at_each_min": [1, 1306, 6037], "force_calls_at_each_min": [1, 1306, 6037], "adaptive_height_scale": 4.5, "adaptive_cov_scale": 2.5, "pert_type": "fixed"}