{"run_id": 544, "bias_std_dev_scale": 0.170998, "bias_height_fraction": 0.119897, "perturbation_size": 0.005, "optimizer": "FIRE", "found_minima": [[0.6234994049, 0.02803775853], [-0.05007188044125942, 0.4667225947160521], [-0.5582236355606496, 1.4417258399472488]], "found_saddles": [[0.05565279941802763, 0.07502104669516362], [1.0220015853120223, 0.10330932590169101]], "bias_count": 69, "energy_calls_at_each_min": [1, 1878, 8491], "force_calls_at_each_min": [1, 1878, 8491], "adaptive_height_scale": 2.5, "adaptive_cov_scale": 2.0, "pert_type": "fixed"}