{"run_id": 538, "bias_std_dev_scale": 0.170998, "bias_height_fraction": 0.119897, "perturbation_size": 0.005, "optimizer": "FIRE", "found_minima": [[0.6234994049, 0.02803775853], [-0.050189674462579804, 0.4667348482332433], [-0.5582236383272922, 1.4417258355777387]], "found_saddles": [[0.20512109373595488, 0.264331993225292], [-0.6870324872483657, 0.33120507194758914]], "bias_count": 65, "energy_calls_at_each_min": [1, 979, 8027], "force_calls_at_each_min": [1, 979, 8027], "adaptive_height_scale": 2.0, "adaptive_cov_scale": 5.0, "pert_type": "fixed"}