{"run_id": 336, "bias_std_dev_scale": 0.170998, "bias_height_fraction": 0.119897, "perturbation_size": 0.005, "optimizer": "FIRE", "found_minima": [[0.6234994049, 0.02803775853], [-0.050056546254589905, 0.46670339342252337], [-0.5582236289750132, 1.441725848753711]], "found_saddles": [[0.253719757485096, 0.292947251473721], [-0.11087694228469981, -0.008599972252036701]], "bias_count": 159, "energy_calls_at_each_min": [1, 1933, 20026], "force_calls_at_each_min": [1, 1933, 20026], "adaptive_height_scale": 1.0, "adaptive_cov_scale": 4.0, "pert_type": "fixed"}