{"run_id": 1243, "bias_std_dev_scale": 0.170998, "bias_height_fraction": 0.119897, "perturbation_size": 0.005, "optimizer": "FIRE", "found_minima": [[0.6234994049, 0.02803775853], [-0.05001111596750055, 0.4666941848907559], [-0.5582236522549197, 1.4417258253748486]], "found_saddles": [[0.09216903883172176, 0.13621874038130566], [-0.8235962996122653, 0.6049460917183443]], "bias_count": 32, "energy_calls_at_each_min": [1, 716, 3579], "force_calls_at_each_min": [1, 716, 3579], "adaptive_height_scale": 4.0, "adaptive_cov_scale": 1.0, "pert_type": "adaptive"}