{"run_id": 551, "bias_std_dev_scale": 0.170998, "bias_height_fraction": 0.119897, "perturbation_size": 0.005, "optimizer": "FIRE", "found_minima": [[0.6234994049, 0.02803775853], [-0.5582236546946407, 1.441725821259188]], "found_saddles": [[-0.37663165721967035, 0.22716267579556265]], "bias_count": 5000, "energy_calls_at_each_min": [1, 7322], "force_calls_at_each_min": [1, 7322], "adaptive_height_scale": 2.5, "adaptive_cov_scale": 3.5, "pert_type": "adaptive"}