{"run_id": 937, "bias_std_dev_scale": 0.170998, "bias_height_fraction": 0.119897, "perturbation_size": 0.005, "optimizer": "FIRE", "found_minima": [[0.6234994049, 0.02803775853], [-0.05001242989400069, 0.46669451495014036], [-0.5582236222459296, 1.4417258537750197]], "found_saddles": [[0.9844662608429304, 0.0650357847616786], [1.074734311714111, -0.014675636194185802]], "bias_count": 53, "energy_calls_at_each_min": [1, 1317, 6082], "force_calls_at_each_min": [1, 1317, 6082], "adaptive_height_scale": 4.5, "adaptive_cov_scale": 1.0, "pert_type": "adaptive"}