{"run_id": 613, "bias_std_dev_scale": 0.170998, "bias_height_fraction": 0.119897, "perturbation_size": 0.005, "optimizer": "FIRE", "found_minima": [[0.6234994049, 0.02803775853], [-0.05001239482785371, 0.4666945236168067], [-0.5582236500374871, 1.4417258267815272]], "found_saddles": [[0.9710023756615123, -0.027444156761053218], [-0.41567706897583534, -0.2683690209749428]], "bias_count": 88, "energy_calls_at_each_min": [1, 1529, 10212], "force_calls_at_each_min": [1, 1529, 10212], "adaptive_height_scale": 4.5, "adaptive_cov_scale": 1.0, "pert_type": "adaptive"}