{"run_id": 1219, "bias_std_dev_scale": 0.170998, "bias_height_fraction": 0.119897, "perturbation_size": 0.005, "optimizer": "FIRE", "found_minima": [[0.6234994049, 0.02803775853], [-0.5582236216336847, 1.4417258544651075]], "found_saddles": [[-0.7582285609198596, 0.6591530360422432]], "bias_count": 5000, "energy_calls_at_each_min": [1, 6546], "force_calls_at_each_min": [1, 6546], "adaptive_height_scale": 3.0, "adaptive_cov_scale": 4.0, "pert_type": "adaptive"}