{"run_id": 703, "bias_std_dev_scale": 0.170998, "bias_height_fraction": 0.119897, "perturbation_size": 0.005, "optimizer": "FIRE", "found_minima": [[0.6234994049, 0.02803775853], [-0.0500122884859197, 0.46669450774280963], [-0.5582236506415317, 1.4417258262700763]], "found_saddles": [[0.2253115573938719, 0.30175063540292596], [1.0370660274745602, 0.057833027704352453]], "bias_count": 56, "energy_calls_at_each_min": [1, 1025, 6465], "force_calls_at_each_min": [1, 1025, 6465], "adaptive_height_scale": 2.5, "adaptive_cov_scale": 1.0, "pert_type": "adaptive"}