{"run_id": 724, "bias_std_dev_scale": 0.170998, "bias_height_fraction": 0.119897, "perturbation_size": 0.005, "optimizer": "FIRE", "found_minima": [[0.6234994049, 0.02803775853], [-0.05001094082376305, 0.4666941286327057], [-0.5582236509135344, 1.4417258258430188]], "found_saddles": [[0.20510206571938608, 0.2926979738192366], [-0.2341851787370987, -0.004193047312979689]], "bias_count": 71, "energy_calls_at_each_min": [1, 1013, 8752], "force_calls_at_each_min": [1, 1013, 8752], "adaptive_height_scale": 3.0, "adaptive_cov_scale": 2.0, "pert_type": "fixed"}