{"run_id": 1534, "bias_std_dev_scale": 0.170998, "bias_height_fraction": 0.119897, "perturbation_size": 0.005, "optimizer": "FIRE", "found_minima": [[0.6234994049, 0.02803775853], [-0.050032554680599035, 0.4666998066377449], [-0.5582236583118019, 1.44172581806273]], "found_saddles": [[0.4168221801309147, 0.30277846497701116], [1.018618994745558, -0.05973901455010052]], "bias_count": 50, "energy_calls_at_each_min": [1, 1318, 6011], "force_calls_at_each_min": [1, 1318, 6011], "adaptive_height_scale": 3.0, "adaptive_cov_scale": 2.0, "pert_type": "fixed"}