{"run_id": 636, "bias_std_dev_scale": 0.170998, "bias_height_fraction": 0.119897, "perturbation_size": 0.005, "optimizer": "FIRE", "found_minima": [[0.6234994049, 0.02803775853], [-0.050011220778930346, 0.4666941782767148], [-0.5582236127192028, 1.4417258635838328]], "found_saddles": [[0.2848992503304063, -0.1060523303464777], [0.4097416802790788, 0.7033034446024453]], "bias_count": 61, "energy_calls_at_each_min": [1, 1228, 7725], "force_calls_at_each_min": [1, 1228, 7725], "adaptive_height_scale": 5.0, "adaptive_cov_scale": 2.5, "pert_type": "fixed"}