{"run_id": 1410, "bias_std_dev_scale": 0.170998, "bias_height_fraction": 0.119897, "perturbation_size": 0.005, "optimizer": "FIRE", "found_minima": [[0.6234994049, 0.02803775853], [-0.05022361529891665, 0.46673741443991995], [-0.5582236230027935, 1.4417258530407009]], "found_saddles": [[0.29984122341917824, 0.30264683095499895], [0.05831107857339567, 0.7294274892011452]], "bias_count": 33, "energy_calls_at_each_min": [1, 1263, 4296], "force_calls_at_each_min": [1, 1263, 4296], "adaptive_height_scale": 4.0, "adaptive_cov_scale": 2.5, "pert_type": "fixed"}