{"run_id": 930, "bias_std_dev_scale": 0.170998, "bias_height_fraction": 0.119897, "perturbation_size": 0.005, "optimizer": "FIRE", "found_minima": [[0.6234994049, 0.02803775853], [-0.05005580207397423, 0.46670301059105507], [-0.558223645743314, 1.4417258309302055]], "found_saddles": [[0.3067852752069785, 0.32563295054178654], [0.5151121954039977, 0.672497324599718]], "bias_count": 92, "energy_calls_at_each_min": [1, 910, 11775], "force_calls_at_each_min": [1, 910, 11775], "adaptive_height_scale": 4.0, "adaptive_cov_scale": 4.0, "pert_type": "fixed"}