{"run_id": 1565, "bias_std_dev_scale": 0.170998, "bias_height_fraction": 0.119897, "perturbation_size": 0.005, "optimizer": "FIRE", "found_minima": [[0.6234994049, 0.02803775853], [-0.0501409541141242, 0.4667221769887181], [-0.5582236451607114, 1.4417258313181733]], "found_saddles": [[0.29450302048576643, 0.3680427502214124], [-0.27826762292891344, 0.1404348396749252]], "bias_count": 41, "energy_calls_at_each_min": [1, 1483, 5297], "force_calls_at_each_min": [1, 1483, 5297], "adaptive_height_scale": 3.5, "adaptive_cov_scale": 5.0, "pert_type": "adaptive"}