{"run_id": 1376, "bias_std_dev_scale": 0.170998, "bias_height_fraction": 0.119897, "perturbation_size": 0.005, "optimizer": "FIRE", "found_minima": [[0.6234994049, 0.02803775853], [-0.5582236576587486, 1.4417258188480646]], "found_saddles": [[-0.12103689322446687, -0.01844104608323993]], "bias_count": 5000, "energy_calls_at_each_min": [1, 6236], "force_calls_at_each_min": [1, 6236], "adaptive_height_scale": 3.0, "adaptive_cov_scale": 3.0, "pert_type": "fixed"}