{"run_id": 1480, "bias_std_dev_scale": 0.170998, "bias_height_fraction": 0.119897, "perturbation_size": 0.005, "optimizer": "FIRE", "found_minima": [[0.6234994049, 0.02803775853], [-0.05001780084150408, 0.4666957054264415], [-0.5582236361932789, 1.4417258391891297]], "found_saddles": [[0.18674045018741628, 0.24510420696126417], [-0.8339351441864109, 0.5991113902728223]], "bias_count": 74, "energy_calls_at_each_min": [1, 1699, 9012], "force_calls_at_each_min": [1, 1699, 9012], "adaptive_height_scale": 1.5, "adaptive_cov_scale": 2.0, "pert_type": "fixed"}