{"run_id": 1247, "bias_std_dev_scale": 0.170998, "bias_height_fraction": 0.119897, "perturbation_size": 0.005, "optimizer": "FIRE", "found_minima": [[0.6234994049, 0.02803775853], [-0.05001242329540818, 0.46669441468193007], [-0.5582236489031249, 1.4417258284368508]], "found_saddles": [[0.2624926550608665, 0.30277934927810124], [-0.06502538142612022, -0.019322986651490355]], "bias_count": 42, "energy_calls_at_each_min": [1, 1123, 4941], "force_calls_at_each_min": [1, 1123, 4941], "adaptive_height_scale": 4.0, "adaptive_cov_scale": 2.0, "pert_type": "adaptive"}