{"run_id": 250, "bias_std_dev_scale": 0.170998, "bias_height_fraction": 0.119897, "perturbation_size": 0.005, "optimizer": "FIRE", "found_minima": [[0.6234994049, 0.02803775853], [-0.05013145362023797, 0.4667180939675963], [-0.558223626266868, 1.4417258489441525]], "found_saddles": [[0.3052686657718238, 0.29564756304039275], [-0.6772102908582348, 0.715163686134567]], "bias_count": 41, "energy_calls_at_each_min": [1, 480, 6059], "force_calls_at_each_min": [1, 480, 6059], "adaptive_height_scale": 3.0, "adaptive_cov_scale": 5.0, "pert_type": "fixed"}