{"run_id": 287, "bias_std_dev_scale": 0.170998, "bias_height_fraction": 0.119897, "perturbation_size": 0.005, "optimizer": "FIRE", "found_minima": [[0.6234994049, 0.02803775853], [-0.05013243293665545, 0.4667186381666617], [-0.5582236238757952, 1.4417258549498868]], "found_saddles": [[0.30172295047325387, 0.36833395921669304], [-0.1548774170418778, 0.7702252998478417]], "bias_count": 60, "energy_calls_at_each_min": [1, 984, 8683], "force_calls_at_each_min": [1, 984, 8683], "adaptive_height_scale": 4.0, "adaptive_cov_scale": 5.0, "pert_type": "adaptive"}