{"run_id": 1286, "bias_std_dev_scale": 0.170998, "bias_height_fraction": 0.119897, "perturbation_size": 0.005, "optimizer": "FIRE", "found_minima": [[0.6234994049, 0.02803775853], [-0.05023736547959112, 0.4668114149825145], [-0.5582236198590899, 1.441725857578676]], "found_saddles": [[0.40112986971328995, 0.3594050662414042], [0.100414690726036, 0.7577712078435659]], "bias_count": 38, "energy_calls_at_each_min": [1, 984, 4660], "force_calls_at_each_min": [1, 984, 4660], "adaptive_height_scale": 5.0, "adaptive_cov_scale": 3.0, "pert_type": "fixed"}