{"run_id": 1434, "bias_std_dev_scale": 0.170998, "bias_height_fraction": 0.119897, "perturbation_size": 0.005, "optimizer": "FIRE", "found_minima": [[0.6234994049, 0.02803775853], [-0.050055839178595025, 0.4667030485076148], [-0.5582236456546933, 1.4417258283851155]], "found_saddles": [[0.26426632955059937, 0.36543854398634934], [0.29327013887317427, 0.7564077783595099]], "bias_count": 68, "energy_calls_at_each_min": [1, 462, 9041], "force_calls_at_each_min": [1, 462, 9041], "adaptive_height_scale": 4.5, "adaptive_cov_scale": 4.0, "pert_type": "fixed"}