{"run_id": 902, "bias_std_dev_scale": 0.170998, "bias_height_fraction": 0.119897, "perturbation_size": 0.005, "optimizer": "FIRE", "found_minima": [[0.6234994049, 0.02803775853], [-0.050181595682732325, 0.46672731256986394], [-0.5582236170205198, 1.4417258602755618]], "found_saddles": [[0.06644647203306614, 0.07372270548276445], [-0.6566523480327164, 0.701958861563839]], "bias_count": 33, "energy_calls_at_each_min": [1, 587, 4061], "force_calls_at_each_min": [1, 587, 4061], "adaptive_height_scale": 3.5, "adaptive_cov_scale": 1.5, "pert_type": "fixed"}