{"run_id": 653, "bias_std_dev_scale": 0.170998, "bias_height_fraction": 0.119897, "perturbation_size": 0.005, "optimizer": "FIRE", "found_minima": [[0.6234994049, 0.02803775853], [-0.050440908213634006, 0.46681183102581547], [-0.5582236541619421, 1.4417258228388519]], "found_saddles": [[0.22179315229102528, 0.3194350430614845], [-0.8906338873361256, 0.5842796901205247]], "bias_count": 143, "energy_calls_at_each_min": [1, 2693, 16851], "force_calls_at_each_min": [1, 2693, 16851], "adaptive_height_scale": 1.0, "adaptive_cov_scale": 2.0, "pert_type": "adaptive"}