{"run_id": 901, "bias_std_dev_scale": 0.170998, "bias_height_fraction": 0.119897, "perturbation_size": 0.005, "optimizer": "FIRE", "found_minima": [[0.6234994049, 0.02803775853], [-0.050011434688073064, 0.466694266874639], [-0.5582236473568714, 1.4417258315012509]], "found_saddles": [[0.09718093807574107, 0.10514679731933337], [-0.46376897557524044, 0.16064749986523455]], "bias_count": 70, "energy_calls_at_each_min": [1, 1189, 8274], "force_calls_at_each_min": [1, 1189, 8274], "adaptive_height_scale": 3.5, "adaptive_cov_scale": 1.0, "pert_type": "adaptive"}