{"run_id": 664, "bias_std_dev_scale": 0.170998, "bias_height_fraction": 0.119897, "perturbation_size": 0.005, "optimizer": "FIRE", "found_minima": [[0.6234994049, 0.02803775853], [-0.050202069330881866, 0.4667420468075644], [-0.5582236258826437, 1.4417258506943043]], "found_saddles": [[0.22309921928288534, 0.28646384873820296], [0.45888951835528724, 0.52409506419692]], "bias_count": 149, "energy_calls_at_each_min": [1, 1773, 19586], "force_calls_at_each_min": [1, 1773, 19586], "adaptive_height_scale": 1.0, "adaptive_cov_scale": 5.0, "pert_type": "fixed"}