{"run_id": 1063, "bias_std_dev_scale": 0.170998, "bias_height_fraction": 0.119897, "perturbation_size": 0.005, "optimizer": "FIRE", "found_minima": [[0.6234994049, 0.02803775853], [-0.050273866613004786, 0.46674976657107625], [-0.5582236250500775, 1.4417258485884559]], "found_saddles": [[0.05431716255685151, 0.20164442648135006], [0.10432130447996293, 0.7963286573074215]], "bias_count": 70, "energy_calls_at_each_min": [1, 1174, 8325], "force_calls_at_each_min": [1, 1174, 8325], "adaptive_height_scale": 3.5, "adaptive_cov_scale": 1.0, "pert_type": "adaptive"}