{"run_id": 1152, "bias_std_dev_scale": 0.170998, "bias_height_fraction": 0.119897, "perturbation_size": 0.005, "optimizer": "FIRE", "found_minima": [[0.6234994049, 0.02803775853], [-0.05002447429330528, 0.4666975122238102], [-0.5582236164403653, 1.4417258609418284]], "found_saddles": [[0.9491761410912893, 0.01755157137357522], [-0.8282082005750369, 0.5997715018334546]], "bias_count": 63, "energy_calls_at_each_min": [1, 3405, 7091], "force_calls_at_each_min": [1, 3405, 7091], "adaptive_height_scale": 1.5, "adaptive_cov_scale": 1.0, "pert_type": "fixed"}