{"run_id": 279, "bias_std_dev_scale": 0.170998, "bias_height_fraction": 0.119897, "perturbation_size": 0.005, "optimizer": "FIRE", "found_minima": [[0.6234994049, 0.02803775853], [-0.050014528243869684, 0.4666952228462694], [-0.5582236479397953, 1.4417258270965283]], "found_saddles": [[0.10759022787027095, 0.20379664262644984], [-0.7604557875414099, 0.7029448630167447]], "bias_count": 16, "energy_calls_at_each_min": [1, 771, 1851], "force_calls_at_each_min": [1, 771, 1851], "adaptive_height_scale": 4.0, "adaptive_cov_scale": 3.0, "pert_type": "adaptive"}