{"run_id": 637, "bias_std_dev_scale": 0.170998, "bias_height_fraction": 0.119897, "perturbation_size": 0.005, "optimizer": "FIRE", "found_minima": [[0.6234994049, 0.02803775853], [-0.5582236192248241, 1.4417258556391204]], "found_saddles": [[0.6693870758747972, 0.42107265837223806]], "bias_count": 5000, "energy_calls_at_each_min": [1, 5189], "force_calls_at_each_min": [1, 5189], "adaptive_height_scale": 5.0, "adaptive_cov_scale": 2.5, "pert_type": "adaptive"}