{"run_id": 1592, "bias_std_dev_scale": 0.170998, "bias_height_fraction": 0.119897, "perturbation_size": 0.005, "optimizer": "FIRE", "found_minima": [[0.6234994049, 0.02803775853], [-0.5582236176056754, 1.4417258582037344]], "found_saddles": [[1.0552502104955246, 0.15386884444843357]], "bias_count": 5000, "energy_calls_at_each_min": [1, 4751], "force_calls_at_each_min": [1, 4751], "adaptive_height_scale": 4.5, "adaptive_cov_scale": 3.0, "pert_type": "fixed"}