{"run_id": 581, "bias_std_dev_scale": 0.170998, "bias_height_fraction": 0.119897, "perturbation_size": 0.005, "optimizer": "FIRE", "found_minima": [[0.6234994049, 0.02803775853], [-0.050014118704537855, 0.4666947938321303], [-0.5582236209199036, 1.4417258551323777]], "found_saddles": [[0.11155479775876176, 0.13421460607187538], [-0.7071666862817962, 0.39372027298786527]], "bias_count": 17, "energy_calls_at_each_min": [1, 875, 1883], "force_calls_at_each_min": [1, 875, 1883], "adaptive_height_scale": 3.5, "adaptive_cov_scale": 2.0, "pert_type": "adaptive"}