{"run_id": 560, "bias_std_dev_scale": 0.170998, "bias_height_fraction": 0.119897, "perturbation_size": 0.005, "optimizer": "FIRE", "found_minima": [[0.6234994049, 0.02803775853], [-0.05009248147581403, 0.46671091285623323], [-0.5582236206004699, 1.441725856135046]], "found_saddles": [[0.3277323752019829, 0.3349959705969132], [-0.43006346280435975, 0.734181919549447]], "bias_count": 58, "energy_calls_at_each_min": [1, 1307, 6919], "force_calls_at_each_min": [1, 1307, 6919], "adaptive_height_scale": 3.0, "adaptive_cov_scale": 1.5, "pert_type": "fixed"}