{"run_id": 795, "bias_std_dev_scale": 0.170998, "bias_height_fraction": 0.119897, "perturbation_size": 0.005, "optimizer": "FIRE", "found_minima": [[0.6234994049, 0.02803775853], [-0.05007109634588283, 0.4667067570138695], [-0.5582236179060708, 1.4417258580952212]], "found_saddles": [[0.9894064433672238, 0.04903222341733838], [-0.45395515148281135, 0.1821034722454028]], "bias_count": 45, "energy_calls_at_each_min": [1, 1028, 5020], "force_calls_at_each_min": [1, 1028, 5020], "adaptive_height_scale": 5.0, "adaptive_cov_scale": 1.5, "pert_type": "adaptive"}