{"run_id": 8, "bias_std_dev_scale": 0.170998, "bias_height_fraction": 0.119897, "perturbation_size": 0.005, "optimizer": "FIRE", "found_minima": [[0.6234994049, 0.02803775853], [-0.05001423020075713, 0.46669481882438035], [-0.5582234812242162, 1.4417260447104119]], "found_saddles": [[0.21346120183423042, 0.27675024936464854], [0.47382790691990445, 0.5487617842592178]], "bias_count": 167, "energy_calls_at_each_min": [1, 1614, 20934], "force_calls_at_each_min": [1, 1614, 20934], "adaptive_height_scale": 1.0, "adaptive_cov_scale": 3.0, "pert_type": "fixed"}