{"run_id": 807, "bias_std_dev_scale": 0.170998, "bias_height_fraction": 0.119897, "perturbation_size": 0.005, "optimizer": "FIRE", "found_minima": [[0.6234994049, 0.02803775853], [-0.05031349140968307, 0.4667958346573675], [-0.5582236179083588, 1.4417258596288605]], "found_saddles": [[0.3537653691834822, 0.3835523120021814], [-0.268059080815546, 0.08434974603232316]], "bias_count": 43, "energy_calls_at_each_min": [1, 967, 5634], "force_calls_at_each_min": [1, 967, 5634], "adaptive_height_scale": 5.0, "adaptive_cov_scale": 4.5, "pert_type": "adaptive"}