{"run_id": 1319, "bias_std_dev_scale": 0.170998, "bias_height_fraction": 0.119897, "perturbation_size": 0.005, "optimizer": "FIRE", "found_minima": [[0.6234994049, 0.02803775853], [-0.05001900958550708, 0.4666961710317249], [-0.5582236538641484, 1.4417258220446263]], "found_saddles": [[0.20601895757647448, 0.3132733665668399], [0.381560857550099, 0.590389302492243]], "bias_count": 98, "energy_calls_at_each_min": [1, 2100, 11728], "force_calls_at_each_min": [1, 2100, 11728], "adaptive_height_scale": 1.5, "adaptive_cov_scale": 2.0, "pert_type": "adaptive"}