{"run_id": 689, "bias_std_dev_scale": 0.170998, "bias_height_fraction": 0.119897, "perturbation_size": 0.005, "optimizer": "FIRE", "found_minima": [[0.6234994049, 0.02803775853], [-0.05010396417318519, 0.4667133472115768], [-0.558223640225147, 1.4417258382266642]], "found_saddles": [[0.25739953244798347, 0.3150723397905441], [-0.8653417100444948, 0.5275093566495147]], "bias_count": 81, "energy_calls_at_each_min": [1, 1542, 9965], "force_calls_at_each_min": [1, 1542, 9965], "adaptive_height_scale": 2.0, "adaptive_cov_scale": 2.0, "pert_type": "adaptive"}