{"run_id": 6, "bias_std_dev_scale": 0.170998, "bias_height_fraction": 0.119897, "perturbation_size": 0.005, "optimizer": "FIRE", "found_minima": [[0.6234994049, 0.02803775853], [-0.05468604794923314, 0.4679132200455421], [-0.5582236478993337, 1.4417258293165913]], "found_saddles": [[0.2656283668134499, 0.33577144457775554], [-0.7369835858637974, 0.6930592124980072]], "bias_count": 102, "energy_calls_at_each_min": [1, 2628, 12844], "force_calls_at_each_min": [1, 2628, 12844], "adaptive_height_scale": 1.0, "adaptive_cov_scale": 2.5, "pert_type": "fixed"}