{"run_id": 69, "bias_std_dev_scale": 0.170998, "bias_height_fraction": 0.119897, "perturbation_size": 0.005, "optimizer": "FIRE", "found_minima": [[0.6234994049, 0.02803775853], [-0.050120503249456376, 0.4667157500539165], [-0.5582236491523418, 1.4417258264136694]], "found_saddles": [[0.2158180579367888, 0.31656195950522875], [-0.6489072090631914, 0.8023964125815503]], "bias_count": 58, "energy_calls_at_each_min": [1, 826, 7178], "force_calls_at_each_min": [1, 826, 7178], "adaptive_height_scale": 2.5, "adaptive_cov_scale": 4.5, "pert_type": "adaptive"}