{"run_id": 111, "bias_std_dev_scale": 0.170998, "bias_height_fraction": 0.119897, "perturbation_size": 0.005, "optimizer": "FIRE", "found_minima": [[0.6234994049, 0.02803775853], [-0.05003899998395185, 0.4667016940622283], [-0.5582236215962993, 1.4417258555807808]], "found_saddles": [[0.9719525696689066, 0.030259971194189942], [-0.7421661585295449, 0.6586859838439599]], "bias_count": 38, "energy_calls_at_each_min": [1, 1459, 4385], "force_calls_at_each_min": [1, 1459, 4385], "adaptive_height_scale": 4.0, "adaptive_cov_scale": 1.5, "pert_type": "adaptive"}