{"run_id": 486, "bias_std_dev_scale": 0.170998, "bias_height_fraction": 0.119897, "perturbation_size": 0.005, "optimizer": "FIRE", "found_minima": [[0.6234994049, 0.02803775853], [-0.05001318103472273, 0.46669474015690765], [-0.5582236387083044, 1.4417258349398216]], "found_saddles": [[0.22316117378603967, 0.29270706920376716], [-0.8549514124090004, 0.5869427651309717]], "bias_count": 105, "energy_calls_at_each_min": [1, 1679, 11729], "force_calls_at_each_min": [1, 1679, 11729], "adaptive_height_scale": 1.0, "adaptive_cov_scale": 1.0, "pert_type": "fixed"}