{"run_id": 329, "bias_std_dev_scale": 0.170998, "bias_height_fraction": 0.119897, "perturbation_size": 0.005, "optimizer": "FIRE", "found_minima": [[0.6234994049, 0.02803775853], [-0.050157895386348, 0.46672178241449425], [-0.5582236353927353, 1.4417258453101398]], "found_saddles": [[0.2486999836066634, 0.3026412136646263], [-0.8397652536217239, 0.5742261322258962]], "bias_count": 132, "energy_calls_at_each_min": [1, 2691, 15044], "force_calls_at_each_min": [1, 2691, 15044], "adaptive_height_scale": 1.0, "adaptive_cov_scale": 2.0, "pert_type": "adaptive"}