{"run_id": 494, "bias_std_dev_scale": 0.170998, "bias_height_fraction": 0.119897, "perturbation_size": 0.005, "optimizer": "FIRE", "found_minima": [[0.6234994049, 0.02803775853], [-0.05187193265128157, 0.46741495367417263], [-0.5582236452319721, 1.4417258316798465]], "found_saddles": [[0.20150161000241337, 0.27976211626807607], [-0.34577514990492697, 0.23309639570992574]], "bias_count": 162, "energy_calls_at_each_min": [1, 2361, 20715], "force_calls_at_each_min": [1, 2361, 20715], "adaptive_height_scale": 1.0, "adaptive_cov_scale": 3.0, "pert_type": "fixed"}