{"run_id": 1108, "bias_std_dev_scale": 0.170998, "bias_height_fraction": 0.119897, "perturbation_size": 0.005, "optimizer": "FIRE", "found_minima": [[0.6234994049, 0.02803775853], [-0.05003539096626819, 0.46670362575474056], [-0.55822361618836, 1.4417258601085365]], "found_saddles": [[0.3982556348376638, 0.32950101179877195], [0.2582074914834647, 0.7491926686773737]], "bias_count": 66, "energy_calls_at_each_min": [1, 1038, 8081], "force_calls_at_each_min": [1, 1038, 8081], "adaptive_height_scale": 4.5, "adaptive_cov_scale": 3.5, "pert_type": "fixed"}