{"run_id": 193, "bias_std_dev_scale": 0.170998, "bias_height_fraction": 0.119897, "perturbation_size": 0.005, "optimizer": "FIRE", "found_minima": [[0.6234994049, 0.02803775853], [-0.05027225600631878, 0.4667671796661974], [-0.5582236495618839, 1.4417258276132787]], "found_saddles": [[0.13062043475097115, 0.266052434746507], [-0.18134922167027143, 0.022911388066555103]], "bias_count": 98, "energy_calls_at_each_min": [1, 1610, 12438], "force_calls_at_each_min": [1, 1610, 12438], "adaptive_height_scale": 1.5, "adaptive_cov_scale": 4.0, "pert_type": "adaptive"}