{"run_id": 164, "bias_std_dev_scale": 0.170998, "bias_height_fraction": 0.119897, "perturbation_size": 0.005, "optimizer": "FIRE", "found_minima": [[0.6234994049, 0.02803775853], [-0.05002218007071787, 0.4666963522558106], [-0.5582236475325827, 1.4417258292888835]], "found_saddles": [[0.14211961399733553, 0.18694630417669772], [-0.7653363443573193, 0.6840477022386331]], "bias_count": 96, "energy_calls_at_each_min": [1, 2579, 11101], "force_calls_at_each_min": [1, 2579, 11101], "adaptive_height_scale": 1.0, "adaptive_cov_scale": 1.5, "pert_type": "fixed"}