{"run_id": 1290, "bias_std_dev_scale": 0.170998, "bias_height_fraction": 0.119897, "perturbation_size": 0.005, "optimizer": "FIRE", "found_minima": [[0.6234994049, 0.02803775853], [-0.05005830295474764, 0.4667043905328898], [-0.5582236148518653, 1.4417258616048632]], "found_saddles": [[0.39004332446344653, -0.1455861514241875], [-0.4574880161483297, 0.7362200007728844]], "bias_count": 28, "energy_calls_at_each_min": [1, 1545, 3294], "force_calls_at_each_min": [1, 1545, 3294], "adaptive_height_scale": 5.0, "adaptive_cov_scale": 4.0, "pert_type": "fixed"}