{"run_id": 769, "bias_std_dev_scale": 0.170998, "bias_height_fraction": 0.119897, "perturbation_size": 0.005, "optimizer": "FIRE", "found_minima": [[0.6234994049, 0.02803775853], [-0.05005809782299006, 0.4667051898619866], [-0.5582236301726128, 1.441725848713065]], "found_saddles": [[0.3102810464932047, 0.3507976892774424], [-0.1346217336886614, -0.16413738285830382]], "bias_count": 67, "energy_calls_at_each_min": [1, 1039, 8928], "force_calls_at_each_min": [1, 1039, 8928], "adaptive_height_scale": 4.0, "adaptive_cov_scale": 4.0, "pert_type": "adaptive"}