{"run_id": 40, "bias_std_dev_scale": 0.170998, "bias_height_fraction": 0.119897, "perturbation_size": 0.005, "optimizer": "FIRE", "found_minima": [[0.6234994049, 0.02803775853], [-0.050036282032823384, 0.46669991335390193], [-0.5582236225646083, 1.4417258534661217]], "found_saddles": [[0.20564911532226868, 0.3020562753770444], [-0.6401116507894679, 0.32031620601979516]], "bias_count": 87, "energy_calls_at_each_min": [1, 881, 10686], "force_calls_at_each_min": [1, 881, 10686], "adaptive_height_scale": 2.0, "adaptive_cov_scale": 2.0, "pert_type": "fixed"}