{"run_id": 495, "bias_std_dev_scale": 0.170998, "bias_height_fraction": 0.119897, "perturbation_size": 0.005, "optimizer": "FIRE", "found_minima": [[0.6234994049, 0.02803775853], [-0.050035805491031295, 0.466702645692082], [-0.5582236453752083, 1.4417258328146034]], "found_saddles": [[0.22744450876624667, 0.2963087713369046], [-0.8473089832588302, 0.5343739292570006]], "bias_count": 133, "energy_calls_at_each_min": [1, 2461, 16304], "force_calls_at_each_min": [1, 2461, 16304], "adaptive_height_scale": 1.0, "adaptive_cov_scale": 3.0, "pert_type": "adaptive"}