{"run_id": 194, "bias_std_dev_scale": 0.170998, "bias_height_fraction": 0.119897, "perturbation_size": 0.005, "optimizer": "FIRE", "found_minima": [[0.6234994049, 0.02803775853], [-0.050265651247429245, 0.4667675506467074], [-0.558223652379794, 1.4417258248772036]], "found_saddles": [[0.11236031954105094, 0.23135109602372783], [-0.512412254181569, 0.7431376178651584]], "bias_count": 106, "energy_calls_at_each_min": [1, 2530, 13243], "force_calls_at_each_min": [1, 2530, 13243], "adaptive_height_scale": 1.5, "adaptive_cov_scale": 4.5, "pert_type": "fixed"}