{"run_id": 1538, "bias_std_dev_scale": 0.170998, "bias_height_fraction": 0.119897, "perturbation_size": 0.005, "optimizer": "FIRE", "found_minima": [[0.6234994049, 0.02803775853], [-0.05001423642904565, 0.4666956821552856], [-0.5582236157393734, 1.441725861358764]], "found_saddles": [[0.314245877709867, 0.3073836611633016], [-0.6143641969344096, 0.7520911905750574]], "bias_count": 47, "energy_calls_at_each_min": [1, 1322, 6070], "force_calls_at_each_min": [1, 1322, 6070], "adaptive_height_scale": 3.0, "adaptive_cov_scale": 3.0, "pert_type": "fixed"}