{"run_id": 410, "bias_std_dev_scale": 0.170998, "bias_height_fraction": 0.119897, "perturbation_size": 0.005, "optimizer": "FIRE", "found_minima": [[0.6234994049, 0.02803775853], [-0.05012295892099174, 0.46671662719377255], [-0.5582236219056556, 1.441725852294155]], "found_saddles": [[0.24154242488149702, 0.31874543550448625], [0.2748468909479484, 0.7267033529260085]], "bias_count": 58, "energy_calls_at_each_min": [1, 701, 7383], "force_calls_at_each_min": [1, 701, 7383], "adaptive_height_scale": 3.0, "adaptive_cov_scale": 4.5, "pert_type": "fixed"}