{"run_id": 817, "bias_std_dev_scale": 0.170998, "bias_height_fraction": 0.119897, "perturbation_size": 0.005, "optimizer": "FIRE", "found_minima": [[0.6234994049, 0.02803775853], [-0.05009467156378926, 0.4667295177492238], [-0.5582236440904845, 1.441725832497833]], "found_saddles": [[0.2835498764101515, 0.3523422774678592], [-0.832783173904383, 0.5353138120736333]], "bias_count": 112, "energy_calls_at_each_min": [1, 2971, 13579], "force_calls_at_each_min": [1, 2971, 13579], "adaptive_height_scale": 1.0, "adaptive_cov_scale": 2.5, "pert_type": "adaptive"}