{"run_id": 922, "bias_std_dev_scale": 0.170998, "bias_height_fraction": 0.119897, "perturbation_size": 0.005, "optimizer": "FIRE", "found_minima": [[0.6234994049, 0.02803775853], [-0.05001866010592161, 0.4666959969925156], [-0.5582236290720489, 1.4417258492555]], "found_saddles": [[0.4657166274074003, 0.3161368521108541], [-0.2543735044448086, 0.8042918636610059]], "bias_count": 61, "energy_calls_at_each_min": [1, 1696, 7327], "force_calls_at_each_min": [1, 1696, 7327], "adaptive_height_scale": 4.0, "adaptive_cov_scale": 2.0, "pert_type": "fixed"}