{"run_id": 1278, "bias_std_dev_scale": 0.170998, "bias_height_fraction": 0.119897, "perturbation_size": 0.005, "optimizer": "FIRE", "found_minima": [[0.6234994049, 0.02803775853], [-0.05001276388639635, 0.4666946240113743], [-0.5582236380303914, 1.4417258363861234]], "found_saddles": [[0.8977191834088232, 0.11378787275593806], [0.7968703128083722, 0.29933645152082616]], "bias_count": 55, "energy_calls_at_each_min": [1, 1167, 6626], "force_calls_at_each_min": [1, 1167, 6626], "adaptive_height_scale": 5.0, "adaptive_cov_scale": 1.0, "pert_type": "fixed"}