{"run_id": 980, "bias_std_dev_scale": 0.170998, "bias_height_fraction": 0.119897, "perturbation_size": 0.005, "optimizer": "FIRE", "found_minima": [[0.6234994049, 0.02803775853], [-0.05058014922102917, 0.4668987894688776], [-0.5582236527360598, 1.441725823703929]], "found_saddles": [[0.4443157006954173, 0.2664512316586266], [-0.6474924868823532, 0.3665151710202166]], "bias_count": 116, "energy_calls_at_each_min": [1, 3750, 14729], "force_calls_at_each_min": [1, 3750, 14729], "adaptive_height_scale": 1.0, "adaptive_cov_scale": 3.0, "pert_type": "fixed"}