{"run_id": 1422, "bias_std_dev_scale": 0.170998, "bias_height_fraction": 0.119897, "perturbation_size": 0.005, "optimizer": "FIRE", "found_minima": [[0.6234994049, 0.02803775853], [-0.05001233561510955, 0.4666945010848371], [-0.5582236505677122, 1.4417258261646344]], "found_saddles": [[0.35256472061041094, 0.2771872293200407], [0.3173962009948727, -0.19967159062043077]], "bias_count": 47, "energy_calls_at_each_min": [1, 889, 5600], "force_calls_at_each_min": [1, 889, 5600], "adaptive_height_scale": 4.5, "adaptive_cov_scale": 1.0, "pert_type": "fixed"}