{"run_id": 170, "bias_std_dev_scale": 0.170998, "bias_height_fraction": 0.119897, "perturbation_size": 0.005, "optimizer": "FIRE", "found_minima": [[0.6234994049, 0.02803775853], [-0.05001380998152659, 0.466694698293922], [-0.5582236413010269, 1.4417258337418581]], "found_saddles": [[0.22311142977951207, 0.2867034045952934], [-0.8331834061525031, 0.621201116392362]], "bias_count": 139, "energy_calls_at_each_min": [1, 1857, 17678], "force_calls_at_each_min": [1, 1857, 17678], "adaptive_height_scale": 1.0, "adaptive_cov_scale": 3.0, "pert_type": "fixed"}