{"run_id": 1284, "bias_std_dev_scale": 0.170998, "bias_height_fraction": 0.119897, "perturbation_size": 0.005, "optimizer": "FIRE", "found_minima": [[0.6234994049, 0.02803775853], [-0.050049338970489465, 0.4667007147331588], [-0.5582236323030422, 1.4417258400986148]], "found_saddles": [[0.10275722151649472, 0.09681576711405532], [-0.277289425962907, -0.09153528076122125]], "bias_count": 60, "energy_calls_at_each_min": [1, 930, 7523], "force_calls_at_each_min": [1, 930, 7523], "adaptive_height_scale": 5.0, "adaptive_cov_scale": 2.5, "pert_type": "fixed"}