{"run_id": 169, "bias_std_dev_scale": 0.170998, "bias_height_fraction": 0.119897, "perturbation_size": 0.005, "optimizer": "FIRE", "found_minima": [[0.6234994049, 0.02803775853], [-0.05002204192127199, 0.46669996176791434], [-0.5582236202371554, 1.4417258577713976]], "found_saddles": [[0.17993949469406995, 0.29956492851210786], [-0.7453447017855377, 0.41522059189010063]], "bias_count": 134, "energy_calls_at_each_min": [1, 2189, 16117], "force_calls_at_each_min": [1, 2189, 16117], "adaptive_height_scale": 1.0, "adaptive_cov_scale": 2.5, "pert_type": "adaptive"}