{"run_id": 1470, "bias_std_dev_scale": 0.170998, "bias_height_fraction": 0.119897, "perturbation_size": 0.005, "optimizer": "FIRE", "found_minima": [[0.6234994049, 0.02803775853], [-0.050063749784326345, 0.4667058167985935], [-0.558216489839803, 1.441734410707901]], "found_saddles": [[0.2433803229050339, 0.2961794412492771], [-0.7749982138251424, 0.6595865288798785]], "bias_count": 138, "energy_calls_at_each_min": [1, 2219, 17108], "force_calls_at_each_min": [1, 2219, 17108], "adaptive_height_scale": 1.0, "adaptive_cov_scale": 4.0, "pert_type": "fixed"}