{"run_id": 905, "bias_std_dev_scale": 0.170998, "bias_height_fraction": 0.119897, "perturbation_size": 0.005, "optimizer": "FIRE", "found_minima": [[0.6234994049, 0.02803775853], [-0.050046505185568906, 0.46670126586718264], [-0.5582236185780418, 1.4417258586470996]], "found_saddles": [[0.9630757986562111, 0.02207728381364394], [-0.7733917482127577, 0.6362466712379363]], "bias_count": 24, "energy_calls_at_each_min": [1, 1471, 2661], "force_calls_at_each_min": [1, 1471, 2661], "adaptive_height_scale": 3.5, "adaptive_cov_scale": 2.0, "pert_type": "adaptive"}