{"run_id": 27, "bias_std_dev_scale": 0.170998, "bias_height_fraction": 0.119897, "perturbation_size": 0.005, "optimizer": "FIRE", "found_minima": [[0.6234994049, 0.02803775853], [-0.05011246535896532, 0.46672000290755217], [-0.5582236494977196, 1.4417258271041606]], "found_saddles": [[0.16518639071574823, 0.24365939294136996], [-0.7488237763044354, 0.6920489158943567]], "bias_count": 95, "energy_calls_at_each_min": [1, 1523, 11599], "force_calls_at_each_min": [1, 1523, 11599], "adaptive_height_scale": 1.5, "adaptive_cov_scale": 3.0, "pert_type": "adaptive"}