{"run_id": 605, "bias_std_dev_scale": 0.170998, "bias_height_fraction": 0.119897, "perturbation_size": 0.005, "optimizer": "FIRE", "found_minima": [[0.6234994049, 0.02803775853], [-0.05002562011935608, 0.4666973080275005], [-0.558223621611602, 1.4417258543978682]], "found_saddles": [[0.935678554514929, -0.04826315298030584], [-0.22511206102951586, -0.017419704035898195]], "bias_count": 59, "energy_calls_at_each_min": [1, 1670, 7430], "force_calls_at_each_min": [1, 1670, 7430], "adaptive_height_scale": 4.0, "adaptive_cov_scale": 3.5, "pert_type": "adaptive"}