{"run_id": 547, "bias_std_dev_scale": 0.170998, "bias_height_fraction": 0.119897, "perturbation_size": 0.005, "optimizer": "FIRE", "found_minima": [[0.6234994049, 0.02803775853], [-0.05271362663970081, 0.46750637485130697], [-0.5582236196010254, 1.4417258550636451]], "found_saddles": [[0.13219538885460524, 0.22679451391021072], [-0.8413230740845161, 0.44284632448778893]], "bias_count": 51, "energy_calls_at_each_min": [1, 945, 6167], "force_calls_at_each_min": [1, 945, 6167], "adaptive_height_scale": 2.5, "adaptive_cov_scale": 2.5, "pert_type": "adaptive"}