{"run_id": 639, "bias_std_dev_scale": 0.170998, "bias_height_fraction": 0.119897, "perturbation_size": 0.005, "optimizer": "FIRE", "found_minima": [[0.6234994049, 0.02803775853], [-0.05040524131125023, 0.4668874328290443], [-0.558223643993787, 1.4417258356698919]], "found_saddles": [[0.4043398797442759, 0.33463043119501795], [-0.2143157774635647, -0.14766591974986537]], "bias_count": 42, "energy_calls_at_each_min": [1, 1095, 5276], "force_calls_at_each_min": [1, 1095, 5276], "adaptive_height_scale": 5.0, "adaptive_cov_scale": 3.0, "pert_type": "adaptive"}