{"run_id": 918, "bias_std_dev_scale": 0.170998, "bias_height_fraction": 0.119897, "perturbation_size": 0.005, "optimizer": "FIRE", "found_minima": [[0.6234994049, 0.02803775853], [-0.050011644091189154, 0.4666943104900969], [-0.5582236140587751, 1.4417258623489746]], "found_saddles": [[0.09852666476871644, 0.07493745186619769], [0.27331364638751393, 0.6415838589331596]], "bias_count": 46, "energy_calls_at_each_min": [1, 1256, 5420], "force_calls_at_each_min": [1, 1256, 5420], "adaptive_height_scale": 4.0, "adaptive_cov_scale": 1.0, "pert_type": "fixed"}