{"run_id": 372, "bias_std_dev_scale": 0.170998, "bias_height_fraction": 0.119897, "perturbation_size": 0.005, "optimizer": "FIRE", "found_minima": [[0.6234994049, 0.02803775853], [-0.05018111155117557, 0.4667251557614649], [-0.5582236236814788, 1.4417258536500717]], "found_saddles": [[0.20002122300723285, 0.27052471278481016], [-0.8057329617036206, 0.6597360027530279]], "bias_count": 65, "energy_calls_at_each_min": [1, 1838, 9039], "force_calls_at_each_min": [1, 1838, 9039], "adaptive_height_scale": 2.0, "adaptive_cov_scale": 4.0, "pert_type": "fixed"}