{"run_id": 656, "bias_std_dev_scale": 0.170998, "bias_height_fraction": 0.119897, "perturbation_size": 0.005, "optimizer": "FIRE", "found_minima": [[0.6234994049, 0.02803775853], [-0.0500180359564042, 0.4666979483426213], [-0.5582236364473765, 1.4417258401566415]], "found_saddles": [[0.18401980301818593, 0.26816900174385244], [-0.7958158995140139, 0.6348885330127138]], "bias_count": 117, "energy_calls_at_each_min": [1, 2229, 15117], "force_calls_at_each_min": [1, 2229, 15117], "adaptive_height_scale": 1.0, "adaptive_cov_scale": 3.0, "pert_type": "fixed"}