{"run_id": 153, "bias_std_dev_scale": 0.170998, "bias_height_fraction": 0.119897, "perturbation_size": 0.005, "optimizer": "FIRE", "found_minima": [[0.6234994049, 0.02803775853], [-0.05003572317975666, 0.46670557626483045], [-0.5582236462936506, 1.4417258306654661]], "found_saddles": [[0.4777328446471854, -0.14091248826842673], [-0.7133338437314168, 0.7204962072905727]], "bias_count": 33, "energy_calls_at_each_min": [1, 1074, 3992], "force_calls_at_each_min": [1, 1074, 3992], "adaptive_height_scale": 5.0, "adaptive_cov_scale": 3.0, "pert_type": "adaptive"}