{"run_id": 438, "bias_std_dev_scale": 0.170998, "bias_height_fraction": 0.119897, "perturbation_size": 0.005, "optimizer": "FIRE", "found_minima": [[0.6234994049, 0.02803775853], [-0.05001120483416267, 0.46669418201710533], [-0.55822362211352, 1.4417258527166008]], "found_saddles": [[0.3954709667639648, 0.2848176277121802], [0.07463295497292444, -0.24055092610681258]], "bias_count": 83, "energy_calls_at_each_min": [1, 1148, 10444], "force_calls_at_each_min": [1, 1148, 10444], "adaptive_height_scale": 4.0, "adaptive_cov_scale": 2.5, "pert_type": "fixed"}