{"run_id": 834, "bias_std_dev_scale": 0.170998, "bias_height_fraction": 0.119897, "perturbation_size": 0.005, "optimizer": "FIRE", "found_minima": [[0.6234994049, 0.02803775853], [-0.050011161553073114, 0.46669417486522013], [-0.5582236469500388, 1.441725829876533]], "found_saddles": [[0.17133279663784065, 0.28582585905624663], [-0.0880796154196173, 0.00017217822480572985]], "bias_count": 98, "energy_calls_at_each_min": [1, 1069, 12234], "force_calls_at_each_min": [1, 1069, 12234], "adaptive_height_scale": 1.5, "adaptive_cov_scale": 2.5, "pert_type": "fixed"}