{"run_id": 388, "bias_std_dev_scale": 0.170998, "bias_height_fraction": 0.119897, "perturbation_size": 0.005, "optimizer": "FIRE", "found_minima": [[0.6234994049, 0.02803775853], [-0.05070071371548664, 0.4668427383716212], [-0.5582236386668534, 1.4417258347393234]], "found_saddles": [[0.4139468787678026, 0.3294972134663537], [-0.7339646699227069, 0.3858641312318654]], "bias_count": 34, "energy_calls_at_each_min": [1, 1678, 3898], "force_calls_at_each_min": [1, 1678, 3898], "adaptive_height_scale": 2.5, "adaptive_cov_scale": 3.5, "pert_type": "fixed"}