{"run_id": 276, "bias_std_dev_scale": 0.170998, "bias_height_fraction": 0.119897, "perturbation_size": 0.005, "optimizer": "FIRE", "found_minima": [[0.6234994049, 0.02803775853], [-0.05001200098435939, 0.46669432273726497], [-0.5582236479119459, 1.4417258285754069]], "found_saddles": [[0.24914256448194677, 0.2992712467675392], [0.2466650084879461, -0.22151750419099014]], "bias_count": 54, "energy_calls_at_each_min": [1, 1296, 7120], "force_calls_at_each_min": [1, 1296, 7120], "adaptive_height_scale": 4.0, "adaptive_cov_scale": 2.5, "pert_type": "fixed"}