{"run_id": 707, "bias_std_dev_scale": 0.170998, "bias_height_fraction": 0.119897, "perturbation_size": 0.005, "optimizer": "FIRE", "found_minima": [[0.6234994049, 0.02803775853], [-0.05011832354058653, 0.4667177941339482], [-0.5582236476674389, 1.4417258310613845]], "found_saddles": [[0.34886241824378145, 0.28461331057028355], [-0.2836768907230048, 0.17876700429232217]], "bias_count": 48, "energy_calls_at_each_min": [1, 1524, 5490], "force_calls_at_each_min": [1, 1524, 5490], "adaptive_height_scale": 2.5, "adaptive_cov_scale": 2.0, "pert_type": "adaptive"}