{"run_id": 1216, "bias_std_dev_scale": 0.170998, "bias_height_fraction": 0.119897, "perturbation_size": 0.005, "optimizer": "FIRE", "found_minima": [[0.6234994049, 0.02803775853], [-0.05002550925876616, 0.46669725719540206], [-0.5582236419382958, 1.4417258347583872]], "found_saddles": [[0.8701665306143809, -0.09442765565887824], [-0.8239435729445974, 0.6124870007381225]], "bias_count": 31, "energy_calls_at_each_min": [1, 1678, 3995], "force_calls_at_each_min": [1, 1678, 3995], "adaptive_height_scale": 3.0, "adaptive_cov_scale": 3.5, "pert_type": "fixed"}