{"run_id": 1467, "bias_std_dev_scale": 0.170998, "bias_height_fraction": 0.119897, "perturbation_size": 0.005, "optimizer": "FIRE", "found_minima": [[0.6234994049, 0.02803775853], [-0.051419045057981956, 0.46703328419600343], [-0.558223644244916, 1.4417258345358503]], "found_saddles": [[0.2287790413256287, 0.30591384440697156], [-0.12183197243940642, -0.00413291750873588]], "bias_count": 166, "energy_calls_at_each_min": [1, 2460, 20513], "force_calls_at_each_min": [1, 2460, 20513], "adaptive_height_scale": 1.0, "adaptive_cov_scale": 3.0, "pert_type": "adaptive"}