{"run_id": 1355, "bias_std_dev_scale": 0.170998, "bias_height_fraction": 0.119897, "perturbation_size": 0.005, "optimizer": "FIRE", "found_minima": [[0.6234994049, 0.02803775853], [-0.05083383690386984, 0.4669262918947588], [-0.5582236471263372, 1.4417258296621036]], "found_saddles": [[0.3173073112251928, 0.32748477646218954], [-0.8676964193008325, 0.6141072876005365]], "bias_count": 43, "energy_calls_at_each_min": [1, 1232, 5155], "force_calls_at_each_min": [1, 1232, 5155], "adaptive_height_scale": 2.5, "adaptive_cov_scale": 2.0, "pert_type": "adaptive"}