{"run_id": 1148, "bias_std_dev_scale": 0.170998, "bias_height_fraction": 0.119897, "perturbation_size": 0.005, "optimizer": "FIRE", "found_minima": [[0.6234994049, 0.02803775853], [-0.05022900612798804, 0.466769012800809], [-0.5582236280994527, 1.4417258455593305]], "found_saddles": [[0.24590229523062723, 0.3188341721696628], [-0.17391457551011388, 0.10098757107904388]], "bias_count": 136, "energy_calls_at_each_min": [1, 1953, 17976], "force_calls_at_each_min": [1, 1953, 17976], "adaptive_height_scale": 1.0, "adaptive_cov_scale": 4.5, "pert_type": "fixed"}