{"run_id": 1484, "bias_std_dev_scale": 0.170998, "bias_height_fraction": 0.119897, "perturbation_size": 0.005, "optimizer": "FIRE", "found_minima": [[0.6234994049, 0.02803775853], [-0.050018495794245124, 0.4666960369391354], [-0.5582236495794333, 1.4417258252290406]], "found_saddles": [[0.22910031887545004, 0.3200931815470347], [-0.21477880015005368, 0.07482014356630494]], "bias_count": 108, "energy_calls_at_each_min": [1, 1598, 13682], "force_calls_at_each_min": [1, 1598, 13682], "adaptive_height_scale": 1.5, "adaptive_cov_scale": 3.0, "pert_type": "fixed"}