{"run_id": 686, "bias_std_dev_scale": 0.170998, "bias_height_fraction": 0.119897, "perturbation_size": 0.005, "optimizer": "FIRE", "found_minima": [[0.6234994049, 0.02803775853], [-0.05001185117966925, 0.4666943156199585], [-0.5582236298309043, 1.4417258484493278]], "found_saddles": [[0.259771516082008, 0.3201927773361789], [-0.8615745719045961, 0.5742352727714956]], "bias_count": 57, "energy_calls_at_each_min": [1, 1399, 6676], "force_calls_at_each_min": [1, 1399, 6676], "adaptive_height_scale": 2.0, "adaptive_cov_scale": 1.5, "pert_type": "fixed"}