{"run_id": 1547, "bias_std_dev_scale": 0.170998, "bias_height_fraction": 0.119897, "perturbation_size": 0.005, "optimizer": "FIRE", "found_minima": [[0.6234994049, 0.02803775853], [-0.0501559692560299, 0.4667299138296975], [-0.5582236377318629, 1.4417258386599112]], "found_saddles": [[0.45586959138584626, 0.29165136481127557], [-0.48709857750070246, 0.7713528684750949]], "bias_count": 60, "energy_calls_at_each_min": [1, 1710, 7895], "force_calls_at_each_min": [1, 1710, 7895], "adaptive_height_scale": 3.0, "adaptive_cov_scale": 5.0, "pert_type": "adaptive"}