{"run_id": 1211, "bias_std_dev_scale": 0.170998, "bias_height_fraction": 0.119897, "perturbation_size": 0.005, "optimizer": "FIRE", "found_minima": [[0.6234994049, 0.02803775853], [-0.0501943220711225, 0.46673466990383294], [-0.5765896517003705, 1.459309115093714]], "found_saddles": [[0.37755598637732946, 0.3179979024657077], [-0.16061943202499557, -0.04119545573007632]], "bias_count": 72, "energy_calls_at_each_min": [1, 1535, 9510], "force_calls_at_each_min": [1, 1535, 9510], "adaptive_height_scale": 3.0, "adaptive_cov_scale": 2.0, "pert_type": "adaptive"}