{"run_id": 1456, "bias_std_dev_scale": 0.170998, "bias_height_fraction": 0.119897, "perturbation_size": 0.005, "optimizer": "FIRE", "found_minima": [[0.6234994049, 0.02803775853], [-0.5582236313848711, 1.441725846996805]], "found_saddles": [[0.26448511226480825, 0.7194790751164174]], "bias_count": 5000, "energy_calls_at_each_min": [1, 4485], "force_calls_at_each_min": [1, 4485], "adaptive_height_scale": 5.0, "adaptive_cov_scale": 5.0, "pert_type": "fixed"}