{"run_id": 1201, "bias_std_dev_scale": 0.170998, "bias_height_fraction": 0.119897, "perturbation_size": 0.005, "optimizer": "FIRE", "found_minima": [[0.6234994049, 0.02803775853], [-0.5582236261171006, 1.4417258505168038]], "found_saddles": [[-0.4600876270920063, 0.7329439473885526]], "bias_count": 5000, "energy_calls_at_each_min": [1, 9730], "force_calls_at_each_min": [1, 9730], "adaptive_height_scale": 2.5, "adaptive_cov_scale": 4.0, "pert_type": "adaptive"}