{"run_id": 1462, "bias_std_dev_scale": 0.170998, "bias_height_fraction": 0.119897, "perturbation_size": 0.005, "optimizer": "FIRE", "found_minima": [[0.6234994049, 0.02803775853], [-0.050012439844978156, 0.46669460649361433], [-0.5582236546956513, 1.4417258211609778]], "found_saddles": [[0.2247392730089637, 0.2873702423119984], [0.9884866222681038, 0.13032519970724288]], "bias_count": 177, "energy_calls_at_each_min": [1, 2867, 22408], "force_calls_at_each_min": [1, 2867, 22408], "adaptive_height_scale": 1.0, "adaptive_cov_scale": 2.0, "pert_type": "fixed"}