{"run_id": 352, "bias_std_dev_scale": 0.170998, "bias_height_fraction": 0.119897, "perturbation_size": 0.005, "optimizer": "FIRE", "found_minima": [[0.6234994049, 0.02803775853], [-0.05016154702612295, 0.4667212966371475], [-0.5582236457858152, 1.4417258303868568]], "found_saddles": [[0.22841293512089, 0.29365536149609844], [0.5436212156189767, 0.430579225690666]], "bias_count": 109, "energy_calls_at_each_min": [1, 1805, 13427], "force_calls_at_each_min": [1, 1805, 13427], "adaptive_height_scale": 1.5, "adaptive_cov_scale": 3.5, "pert_type": "fixed"}