{"run_id": 1179, "bias_std_dev_scale": 0.170998, "bias_height_fraction": 0.119897, "perturbation_size": 0.005, "optimizer": "FIRE", "found_minima": [[0.6234994049, 0.02803775853], [-0.050657300312342016, 0.46687867268414224], [-0.5582236353542168, 1.4417258441060437]], "found_saddles": [[0.12289709768134285, 0.276599774141763], [-0.7456027588304677, 0.4321127466522182]], "bias_count": 56, "energy_calls_at_each_min": [1, 1773, 6866], "force_calls_at_each_min": [1, 1773, 6866], "adaptive_height_scale": 2.0, "adaptive_cov_scale": 3.0, "pert_type": "adaptive"}