{"run_id": 1517, "bias_std_dev_scale": 0.170998, "bias_height_fraction": 0.119897, "perturbation_size": 0.005, "optimizer": "FIRE", "found_minima": [[0.6234994049, 0.02803775853], [-0.05001094216151518, 0.4666941268282628], [-0.5582236321243687, 1.441725839497882]], "found_saddles": [[0.13526806357040935, 0.2926877368645486], [-0.16797286558987512, 0.051257104770696546]], "bias_count": 71, "energy_calls_at_each_min": [1, 1000, 8662], "force_calls_at_each_min": [1, 1000, 8662], "adaptive_height_scale": 2.5, "adaptive_cov_scale": 2.0, "pert_type": "adaptive"}