{"run_id": 966, "bias_std_dev_scale": 0.170998, "bias_height_fraction": 0.119897, "perturbation_size": 0.005, "optimizer": "FIRE", "found_minima": [[0.6234994049, 0.02803775853], [-0.050055804805685354, 0.4667030265362463], [-0.5582236551960826, 1.441725821113219]], "found_saddles": [[0.40962999983164294, -0.13925365523167088], [0.3372953898854797, 0.674120370751322]], "bias_count": 17, "energy_calls_at_each_min": [1, 801, 2154], "force_calls_at_each_min": [1, 801, 2154], "adaptive_height_scale": 5.0, "adaptive_cov_scale": 4.0, "pert_type": "fixed"}