{"run_id": 936, "bias_std_dev_scale": 0.170998, "bias_height_fraction": 0.119897, "perturbation_size": 0.005, "optimizer": "FIRE", "found_minima": [[0.6234994049, 0.02803775853], [-0.050011853400132526, 0.4666943813016501], [-0.5582236377878074, 1.4417258372791855]], "found_saddles": [[0.3015601208621482, 0.3073624516444118], [-0.7191523275943358, 0.42058141238284036]], "bias_count": 13, "energy_calls_at_each_min": [1, 948, 1386], "force_calls_at_each_min": [1, 948, 1386], "adaptive_height_scale": 4.5, "adaptive_cov_scale": 1.0, "pert_type": "fixed"}