{"run_id": 471, "bias_std_dev_scale": 0.170998, "bias_height_fraction": 0.119897, "perturbation_size": 0.005, "optimizer": "FIRE", "found_minima": [[0.6234994049, 0.02803775853], [-0.0500222422340615, 0.46669645934748805], [-0.558223642605151, 1.4417258316033712]], "found_saddles": [[0.05888251663873152, 0.08242396846467144], [-0.7353230722591042, 0.7324380712382054]], "bias_count": 22, "energy_calls_at_each_min": [1, 1100, 2367], "force_calls_at_each_min": [1, 1100, 2367], "adaptive_height_scale": 5.0, "adaptive_cov_scale": 1.5, "pert_type": "adaptive"}