{"run_id": 1266, "bias_std_dev_scale": 0.170998, "bias_height_fraction": 0.119897, "perturbation_size": 0.005, "optimizer": "FIRE", "found_minima": [[0.6234994049, 0.02803775853], [-0.05001145930493489, 0.46669423554047884], [-0.5582236450651263, 1.44172582887341]], "found_saddles": [[0.07121792591669406, 0.22350349055535887], [-0.8809709346504481, 0.4680721460660553]], "bias_count": 14, "energy_calls_at_each_min": [1, 1130, 1660], "force_calls_at_each_min": [1, 1130, 1660], "adaptive_height_scale": 4.5, "adaptive_cov_scale": 2.5, "pert_type": "fixed"}