{"run_id": 455, "bias_std_dev_scale": 0.170998, "bias_height_fraction": 0.119897, "perturbation_size": 0.005, "optimizer": "FIRE", "found_minima": [[0.6234994049, 0.02803775853], [-0.0500138042364528, 0.4666946899195494], [-0.5582236356601998, 1.4417258401462758]], "found_saddles": [[0.34670684868868745, 0.31335368547185377], [-0.6312453020466169, 0.25575954933917977]], "bias_count": 55, "energy_calls_at_each_min": [1, 1064, 6444], "force_calls_at_each_min": [1, 1064, 6444], "adaptive_height_scale": 4.5, "adaptive_cov_scale": 2.0, "pert_type": "adaptive"}