{"run_id": 732, "bias_std_dev_scale": 0.170998, "bias_height_fraction": 0.119897, "perturbation_size": 0.005, "optimizer": "FIRE", "found_minima": [[0.6234994049, 0.02803775853], [-0.05005664625257577, 0.46670333088086696], [-0.5582236252755992, 1.4417258515837088]], "found_saddles": [[0.28946117837882007, 0.33347305602029165], [-0.7928065672095529, 0.3599507874223651]], "bias_count": 40, "energy_calls_at_each_min": [1, 1236, 4945], "force_calls_at_each_min": [1, 1236, 4945], "adaptive_height_scale": 3.0, "adaptive_cov_scale": 4.0, "pert_type": "fixed"}