{"run_id": 85, "bias_std_dev_scale": 0.170998, "bias_height_fraction": 0.119897, "perturbation_size": 0.005, "optimizer": "FIRE", "found_minima": [[0.6234994049, 0.02803775853], [-0.05019144024573861, 0.4667325839265618], [-0.5582236110288211, 1.4417258654123977]], "found_saddles": [[0.7226696619590167, -0.1687196989280603], [-0.6546616909847318, 0.7365826429106275]], "bias_count": 56, "energy_calls_at_each_min": [1, 2163, 8057], "force_calls_at_each_min": [1, 2163, 8057], "adaptive_height_scale": 3.0, "adaptive_cov_scale": 4.0, "pert_type": "adaptive"}