{"run_id": 436, "bias_std_dev_scale": 0.170998, "bias_height_fraction": 0.119897, "perturbation_size": 0.005, "optimizer": "FIRE", "found_minima": [[0.6234994049, 0.02803775853], [-0.050031286436443494, 0.46669834633316376], [-0.5582236213919156, 1.4417258547047558]], "found_saddles": [[0.18277595491557716, 0.27948198012970754], [0.7963257038808522, 0.27000169296283494]], "bias_count": 42, "energy_calls_at_each_min": [1, 1301, 5022], "force_calls_at_each_min": [1, 1301, 5022], "adaptive_height_scale": 4.0, "adaptive_cov_scale": 2.0, "pert_type": "fixed"}