{"run_id": 196, "bias_std_dev_scale": 0.170998, "bias_height_fraction": 0.119897, "perturbation_size": 0.005, "optimizer": "FIRE", "found_minima": [[0.6234994049, 0.02803775853], [-0.5582236538457251, 1.4417258221581977]], "found_saddles": [[0.16822950568371206, 0.6968630896623657]], "bias_count": 5000, "energy_calls_at_each_min": [1, 15734], "force_calls_at_each_min": [1, 15734], "adaptive_height_scale": 1.5, "adaptive_cov_scale": 5.0, "pert_type": "fixed"}