{"run_id": 793, "bias_std_dev_scale": 0.170998, "bias_height_fraction": 0.119897, "perturbation_size": 0.005, "optimizer": "FIRE", "found_minima": [[0.6234994049, 0.02803775853], [-0.05001255578096947, 0.46669455371401186], [-0.5582236435415336, 1.4417258333275889]], "found_saddles": [[0.2536255999986224, 0.3056283369482179], [0.6113712746731911, 0.4136841683360959]], "bias_count": 40, "energy_calls_at_each_min": [1, 519, 4428], "force_calls_at_each_min": [1, 519, 4428], "adaptive_height_scale": 5.0, "adaptive_cov_scale": 1.0, "pert_type": "adaptive"}