{"run_id": 1364, "bias_std_dev_scale": 0.170998, "bias_height_fraction": 0.119897, "perturbation_size": 0.005, "optimizer": "FIRE", "found_minima": [[0.6234994049, 0.02803775853], [-0.05012062067051141, 0.4667157861384236], [-0.5582236222148228, 1.4417258545388634]], "found_saddles": [[0.2650374390495606, 0.3308561142091792], [-0.7819789935960401, 0.7018452150383739]], "bias_count": 60, "energy_calls_at_each_min": [1, 1062, 7614], "force_calls_at_each_min": [1, 1062, 7614], "adaptive_height_scale": 2.5, "adaptive_cov_scale": 4.5, "pert_type": "fixed"}