{"run_id": 1301, "bias_std_dev_scale": 0.170998, "bias_height_fraction": 0.119897, "perturbation_size": 0.005, "optimizer": "FIRE", "found_minima": [[0.6234994049, 0.02803775853], [-0.05001223708799726, 0.46669441056917693], [-0.5582236523397789, 1.4417258246123115]], "found_saddles": [[0.17417061541932433, 0.20686545833247033], [-0.8044459910701235, 0.6285123613704158]], "bias_count": 125, "energy_calls_at_each_min": [1, 2376, 14591], "force_calls_at_each_min": [1, 2376, 14591], "adaptive_height_scale": 1.0, "adaptive_cov_scale": 2.0, "pert_type": "adaptive"}