{"run_id": 850, "bias_std_dev_scale": 0.170998, "bias_height_fraction": 0.119897, "perturbation_size": 0.005, "optimizer": "FIRE", "found_minima": [[0.6234994049, 0.02803775853], [-0.05438513894950474, 0.4676597065614007], [-0.5582236184490011, 1.4417258575721141]], "found_saddles": [[0.06739056159835076, 0.0804166240950648], [-0.09357423151614967, -0.03920373146326582]], "bias_count": 96, "energy_calls_at_each_min": [1, 1298, 11663], "force_calls_at_each_min": [1, 1298, 11663], "adaptive_height_scale": 2.0, "adaptive_cov_scale": 2.0, "pert_type": "fixed"}