{"run_id": 1479, "bias_std_dev_scale": 0.170998, "bias_height_fraction": 0.119897, "perturbation_size": 0.005, "optimizer": "FIRE", "found_minima": [[0.6234994049, 0.02803775853], [-0.05002541151197557, 0.4666974450282302], [-0.5582236490151391, 1.4417258258750514]], "found_saddles": [[0.9616396411940379, 0.0275456754105842], [-0.8377198899666832, 0.6206455674602916]], "bias_count": 88, "energy_calls_at_each_min": [1, 2082, 10298], "force_calls_at_each_min": [1, 2082, 10298], "adaptive_height_scale": 1.5, "adaptive_cov_scale": 1.5, "pert_type": "adaptive"}