{"run_id": 1555, "bias_std_dev_scale": 0.170998, "bias_height_fraction": 0.119897, "perturbation_size": 0.005, "optimizer": "FIRE", "found_minima": [[0.6234994049, 0.02803775853], [-0.05001615618910459, 0.466695449826154], [-0.5582236349902621, 1.4417258437321738]], "found_saddles": [[0.7025906789209372, -0.13140826411326642], [-0.22393414488437252, 0.7567218408493013]], "bias_count": 59, "energy_calls_at_each_min": [1, 1343, 7012], "force_calls_at_each_min": [1, 1343, 7012], "adaptive_height_scale": 3.5, "adaptive_cov_scale": 2.5, "pert_type": "adaptive"}