{"run_id": 1309, "bias_std_dev_scale": 0.170998, "bias_height_fraction": 0.119897, "perturbation_size": 0.005, "optimizer": "FIRE", "found_minima": [[0.6234994049, 0.02803775853], [-0.5582236132606115, 1.441725862739469]], "found_saddles": [[-0.8235763014207572, 0.603001936058379]], "bias_count": 5000, "energy_calls_at_each_min": [1, 14621], "force_calls_at_each_min": [1, 14621], "adaptive_height_scale": 1.0, "adaptive_cov_scale": 4.0, "pert_type": "adaptive"}