{"run_id": 453, "bias_std_dev_scale": 0.170998, "bias_height_fraction": 0.119897, "perturbation_size": 0.005, "optimizer": "FIRE", "found_minima": [[0.6234994049, 0.02803775853], [-0.05004001373700512, 0.4667004982157676], [-0.5582236497788782, 1.441725827512081]], "found_saddles": [[0.34677678228591935, 0.3054432431651277], [-0.6974709745391086, 0.7314168300079659]], "bias_count": 36, "energy_calls_at_each_min": [1, 848, 4057], "force_calls_at_each_min": [1, 848, 4057], "adaptive_height_scale": 4.5, "adaptive_cov_scale": 1.5, "pert_type": "adaptive"}