{"run_id": 433, "bias_std_dev_scale": 0.170998, "bias_height_fraction": 0.119897, "perturbation_size": 0.005, "optimizer": "FIRE", "found_minima": [[0.6234994049, 0.02803775853], [-0.050011198485252734, 0.46669420048947996], [-0.5582236220845374, 1.4417258541135327]], "found_saddles": [[0.0789124269151713, 0.14722878027235617], [1.046441259155347, 0.011904174623441139]], "bias_count": 40, "energy_calls_at_each_min": [1, 1185, 4496], "force_calls_at_each_min": [1, 1185, 4496], "adaptive_height_scale": 4.0, "adaptive_cov_scale": 1.0, "pert_type": "adaptive"}