{"run_id": 210, "bias_std_dev_scale": 0.170998, "bias_height_fraction": 0.119897, "perturbation_size": 0.005, "optimizer": "FIRE", "found_minima": [[0.6234994049, 0.02803775853], [-0.05012726161555511, 0.4667305378696443], [-0.5582236483849624, 1.441725830075772]], "found_saddles": [[0.40922678939647467, 0.29410032777285045], [0.5472867171636189, 0.5158748735307556]], "bias_count": 95, "energy_calls_at_each_min": [1, 1522, 12529], "force_calls_at_each_min": [1, 1522, 12529], "adaptive_height_scale": 2.0, "adaptive_cov_scale": 4.0, "pert_type": "fixed"}