{"run_id": 1191, "bias_std_dev_scale": 0.170998, "bias_height_fraction": 0.119897, "perturbation_size": 0.005, "optimizer": "FIRE", "found_minima": [[0.6234994049, 0.02803775853], [-0.05001606367236519, 0.46669538041624026], [-0.558223628955707, 1.4417258450812462]], "found_saddles": [[0.16081388961616264, 0.28803269355328787], [-0.31561892503548566, 0.15404311944021598]], "bias_count": 89, "energy_calls_at_each_min": [1, 1165, 10332], "force_calls_at_each_min": [1, 1165, 10332], "adaptive_height_scale": 2.5, "adaptive_cov_scale": 1.5, "pert_type": "adaptive"}