{"run_id": 418, "bias_std_dev_scale": 0.170998, "bias_height_fraction": 0.119897, "perturbation_size": 0.005, "optimizer": "FIRE", "found_minima": [[0.6234994049, 0.02803775853], [-0.05001150520254922, 0.46669420941186235], [-0.558223618620704, 1.4417258566469815]], "found_saddles": [[0.11405786384226654, 0.1561302057365055], [-0.5746287099540209, 0.7034103556079436]], "bias_count": 45, "energy_calls_at_each_min": [1, 1276, 5463], "force_calls_at_each_min": [1, 1276, 5463], "adaptive_height_scale": 3.5, "adaptive_cov_scale": 2.0, "pert_type": "fixed"}