{"run_id": 322, "bias_std_dev_scale": 0.170998, "bias_height_fraction": 0.119897, "perturbation_size": 0.005, "optimizer": "FIRE", "found_minima": [[0.6234994049, 0.02803775853], [-0.05013775430229124, 0.46673597116694926], [-0.5582236480313375, 1.4417258265891835]], "found_saddles": [[0.17051269693689536, -0.05695219447856885], [0.19460277025084993, 0.6791011265519293]], "bias_count": 29, "energy_calls_at_each_min": [1, 1315, 3826], "force_calls_at_each_min": [1, 1315, 3826], "adaptive_height_scale": 5.0, "adaptive_cov_scale": 5.0, "pert_type": "fixed"}