{"run_id": 750, "bias_std_dev_scale": 0.170998, "bias_height_fraction": 0.119897, "perturbation_size": 0.005, "optimizer": "FIRE", "found_minima": [[0.6234994049, 0.02803775853], [-0.05005808466133502, 0.4667040111653804], [-0.5582236292360254, 1.4417258498270804]], "found_saddles": [[0.8148405487890523, -0.11251785524015184], [-0.6755631538833592, 0.3541404819065501]], "bias_count": 31, "energy_calls_at_each_min": [1, 1217, 3785], "force_calls_at_each_min": [1, 1217, 3785], "adaptive_height_scale": 3.5, "adaptive_cov_scale": 4.0, "pert_type": "fixed"}