{"run_id": 501, "bias_std_dev_scale": 0.170998, "bias_height_fraction": 0.119897, "perturbation_size": 0.005, "optimizer": "FIRE", "found_minima": [[0.6234994049, 0.02803775853], [-0.05012497440079863, 0.4667167274535234], [-0.5582235014781887, 1.4417260192962962]], "found_saddles": [[0.21541325905620357, 0.2992687921044126], [-0.7976192947705545, 0.6267605078560198]], "bias_count": 121, "energy_calls_at_each_min": [1, 2080, 14975], "force_calls_at_each_min": [1, 2080, 14975], "adaptive_height_scale": 1.0, "adaptive_cov_scale": 4.5, "pert_type": "adaptive"}