{"run_id": 1331, "bias_std_dev_scale": 0.170998, "bias_height_fraction": 0.119897, "perturbation_size": 0.005, "optimizer": "FIRE", "found_minima": [[0.6234994049, 0.02803775853], [-0.05059866552408693, 0.46685795412703446], [-0.5582236400719935, 1.4417258358386325]], "found_saddles": [[0.2565954743052423, 0.31126090474428403], [0.13775855931007686, 0.6816864979233724]], "bias_count": 92, "energy_calls_at_each_min": [1, 1414, 11754], "force_calls_at_each_min": [1, 1414, 11754], "adaptive_height_scale": 1.5, "adaptive_cov_scale": 5.0, "pert_type": "adaptive"}