{"run_id": 1396, "bias_std_dev_scale": 0.170998, "bias_height_fraction": 0.119897, "perturbation_size": 0.005, "optimizer": "FIRE", "found_minima": [[0.6234994049, 0.02803775853], [-0.05002505597136655, 0.4666969782079308], [-0.558223648091655, 1.4417258288928327]], "found_saddles": [[0.9661307275018786, -0.07283878207857201], [0.2062147488677126, 0.7194769158091854]], "bias_count": 43, "energy_calls_at_each_min": [1, 1869, 5505], "force_calls_at_each_min": [1, 1869, 5505], "adaptive_height_scale": 3.5, "adaptive_cov_scale": 3.5, "pert_type": "fixed"}