{"run_id": 1585, "bias_std_dev_scale": 0.170998, "bias_height_fraction": 0.119897, "perturbation_size": 0.005, "optimizer": "FIRE", "found_minima": [[0.6234994049, 0.02803775853], [-0.05001157376573513, 0.46669430699251013], [-0.5582236283709854, 1.441725845351233]], "found_saddles": [[0.33469482239916887, 0.27607862398565153], [-0.22227066283417163, -0.18302331940918345]], "bias_count": 69, "energy_calls_at_each_min": [1, 473, 7925], "force_calls_at_each_min": [1, 473, 7925], "adaptive_height_scale": 4.5, "adaptive_cov_scale": 1.0, "pert_type": "adaptive"}