{"run_id": 1380, "bias_std_dev_scale": 0.170998, "bias_height_fraction": 0.119897, "perturbation_size": 0.005, "optimizer": "FIRE", "found_minima": [[0.6234994049, 0.02803775853], [-0.05005592140461051, 0.4667030747206122], [-0.558223647756402, 1.4417258292862263]], "found_saddles": [[0.3513613263320554, 0.27248639524979146], [0.5565327650429026, 0.5371529479567877]], "bias_count": 74, "energy_calls_at_each_min": [1, 421, 9180], "force_calls_at_each_min": [1, 421, 9180], "adaptive_height_scale": 3.0, "adaptive_cov_scale": 4.0, "pert_type": "fixed"}