{"run_id": 1136, "bias_std_dev_scale": 0.170998, "bias_height_fraction": 0.119897, "perturbation_size": 0.005, "optimizer": "FIRE", "found_minima": [[0.6234994049, 0.02803775853], [-0.0500682160352856, 0.4667087471536082], [-0.5582236514886435, 1.4417258264625938]], "found_saddles": [[0.21591178815635773, 0.2914801093113235], [-0.14174656568315014, 0.08360828757491498]], "bias_count": 158, "energy_calls_at_each_min": [1, 2359, 19225], "force_calls_at_each_min": [1, 2359, 19225], "adaptive_height_scale": 1.0, "adaptive_cov_scale": 1.5, "pert_type": "fixed"}