{"run_id": 1372, "bias_std_dev_scale": 0.170998, "bias_height_fraction": 0.119897, "perturbation_size": 0.005, "optimizer": "FIRE", "found_minima": [[0.6234994049, 0.02803775853], [-0.05001130350517108, 0.4666942037848202], [-0.5582236418300054, 1.4417258348221198]], "found_saddles": [[0.20198188510860596, 0.27552655079631433], [-0.7619297071601511, 0.7101007098717412]], "bias_count": 28, "energy_calls_at_each_min": [1, 945, 3302], "force_calls_at_each_min": [1, 945, 3302], "adaptive_height_scale": 3.0, "adaptive_cov_scale": 2.0, "pert_type": "fixed"}