{"run_id": 93, "bias_std_dev_scale": 0.170998, "bias_height_fraction": 0.119897, "perturbation_size": 0.005, "optimizer": "FIRE", "found_minima": [[0.6234994049, 0.02803775853], [-0.05001270323810937, 0.4666945020547789], [-0.5582236302215616, 1.4417258482805966]], "found_saddles": [[0.12581006496679353, 0.09825604254302545], [-0.8204473320349566, 0.6235798016989141]], "bias_count": 35, "energy_calls_at_each_min": [1, 1218, 4128], "force_calls_at_each_min": [1, 1218, 4128], "adaptive_height_scale": 3.5, "adaptive_cov_scale": 1.5, "pert_type": "adaptive"}