{"run_id": 692, "bias_std_dev_scale": 0.170998, "bias_height_fraction": 0.119897, "perturbation_size": 0.005, "optimizer": "FIRE", "found_minima": [[0.6234994049, 0.02803775853], [-0.05138720052006149, 0.46706384688033287], [-0.5582236474818716, 1.4417258294416266]], "found_saddles": [[0.08066222298861818, 0.1677775330325924], [-0.7339876582645616, 0.6486577134540495]], "bias_count": 59, "energy_calls_at_each_min": [1, 1307, 7283], "force_calls_at_each_min": [1, 1307, 7283], "adaptive_height_scale": 2.0, "adaptive_cov_scale": 3.0, "pert_type": "fixed"}