{"run_id": 70, "bias_std_dev_scale": 0.170998, "bias_height_fraction": 0.119897, "perturbation_size": 0.005, "optimizer": "FIRE", "found_minima": [[0.6234994049, 0.02803775853], [-0.05013052527403611, 0.4667177249339428], [-0.5582236485691369, 1.4417258313463455]], "found_saddles": [[0.2174068323379317, 0.2986317632815745], [0.21234694970631873, 0.7586479115372017]], "bias_count": 88, "energy_calls_at_each_min": [1, 996, 12369], "force_calls_at_each_min": [1, 996, 12369], "adaptive_height_scale": 2.5, "adaptive_cov_scale": 5.0, "pert_type": "fixed"}