{"run_id": 394, "bias_std_dev_scale": 0.170998, "bias_height_fraction": 0.119897, "perturbation_size": 0.005, "optimizer": "FIRE", "found_minima": [[0.6234994049, 0.02803775853], [-0.050130644949847855, 0.46671775634667106], [-0.5582236349689046, 1.4417258444892456]], "found_saddles": [[0.22070933835673587, 0.29241112450394213], [-0.19813487794178314, 0.029350894630319885]], "bias_count": 59, "energy_calls_at_each_min": [1, 1159, 7372], "force_calls_at_each_min": [1, 1159, 7372], "adaptive_height_scale": 2.5, "adaptive_cov_scale": 5.0, "pert_type": "fixed"}