{"run_id": 1050, "bias_std_dev_scale": 0.170998, "bias_height_fraction": 0.119897, "perturbation_size": 0.005, "optimizer": "FIRE", "found_minima": [[0.6234994049, 0.02803775853], [-0.05001254509204257, 0.466694554447541], [-0.5582236186644107, 1.4417258588300454]], "found_saddles": [[0.17587142473270934, 0.2720726496827277], [0.5380323626079833, 0.544937301057283]], "bias_count": 70, "energy_calls_at_each_min": [1, 884, 8888], "force_calls_at_each_min": [1, 884, 8888], "adaptive_height_scale": 3.0, "adaptive_cov_scale": 2.5, "pert_type": "fixed"}