{"run_id": 975, "bias_std_dev_scale": 0.170998, "bias_height_fraction": 0.119897, "perturbation_size": 0.005, "optimizer": "FIRE", "found_minima": [[0.6234994049, 0.02803775853], [-0.05048130343774876, 0.46681047295005107], [-0.558223651768984, 1.4417258249124056]], "found_saddles": [[0.2227388292980295, 0.2838318858627189], [-0.8441719169691468, 0.5687612104418068]], "bias_count": 92, "energy_calls_at_each_min": [1, 2723, 10273], "force_calls_at_each_min": [1, 2723, 10273], "adaptive_height_scale": 1.0, "adaptive_cov_scale": 1.5, "pert_type": "adaptive"}