{"run_id": 125, "bias_std_dev_scale": 0.170998, "bias_height_fraction": 0.119897, "perturbation_size": 0.005, "optimizer": "FIRE", "found_minima": [[0.6234994049, 0.02803775853], [-0.05013327476468945, 0.4667189399692922], [-0.5582236198462522, 1.441725856128489]], "found_saddles": [[0.27879961170369205, 0.37700590493569497], [0.2197221712820497, 0.717830548491798]], "bias_count": 60, "energy_calls_at_each_min": [1, 1074, 7967], "force_calls_at_each_min": [1, 1074, 7967], "adaptive_height_scale": 4.0, "adaptive_cov_scale": 5.0, "pert_type": "adaptive"}