{"run_id": 524, "bias_std_dev_scale": 0.170998, "bias_height_fraction": 0.119897, "perturbation_size": 0.005, "optimizer": "FIRE", "found_minima": [[0.6234994049, 0.02803775853], [-0.05009982777823689, 0.46671858271821237], [-0.558223619811651, 1.4417258559696662]], "found_saddles": [[0.3153595631897582, 0.3420446843083601], [0.46465041682935526, 0.5506383022275306]], "bias_count": 99, "energy_calls_at_each_min": [1, 1803, 11901], "force_calls_at_each_min": [1, 1803, 11901], "adaptive_height_scale": 2.0, "adaptive_cov_scale": 1.5, "pert_type": "fixed"}