{"run_id": 1071, "bias_std_dev_scale": 0.170998, "bias_height_fraction": 0.119897, "perturbation_size": 0.005, "optimizer": "FIRE", "found_minima": [[0.6234994049, 0.02803775853], [-0.05001372050783038, 0.4666946778884264], [-0.5582236161591584, 1.4417258611439259]], "found_saddles": [[0.35513890991392283, 0.29432118080952013], [-0.8059428221104341, 0.6468328868988169]], "bias_count": 15, "energy_calls_at_each_min": [1, 1259, 1783], "force_calls_at_each_min": [1, 1259, 1783], "adaptive_height_scale": 3.5, "adaptive_cov_scale": 3.0, "pert_type": "adaptive"}