{"run_id": 443, "bias_std_dev_scale": 0.170998, "bias_height_fraction": 0.119897, "perturbation_size": 0.005, "optimizer": "FIRE", "found_minima": [[0.6234994049, 0.02803775853], [-0.05002530544920896, 0.46669716340526046], [-0.5582236437638094, 1.4417258327830633]], "found_saddles": [[0.6628936315362766, 0.21883882362964646], [-0.8320357605291708, 0.6486450294211991]], "bias_count": 16, "energy_calls_at_each_min": [1, 1450, 1982], "force_calls_at_each_min": [1, 1450, 1982], "adaptive_height_scale": 4.0, "adaptive_cov_scale": 3.5, "pert_type": "adaptive"}