{"run_id": 696, "bias_std_dev_scale": 0.170998, "bias_height_fraction": 0.119897, "perturbation_size": 0.005, "optimizer": "FIRE", "found_minima": [[0.6234994049, 0.02803775853], [-0.05054636794749968, 0.46687049528924734], [-0.558223652010094, 1.4417258247363698]], "found_saddles": [[0.2566942613839844, 0.3610430880904682], [0.6131233947726282, 0.5724408390467262]], "bias_count": 121, "energy_calls_at_each_min": [1, 1871, 16260], "force_calls_at_each_min": [1, 1871, 16260], "adaptive_height_scale": 2.0, "adaptive_cov_scale": 4.0, "pert_type": "fixed"}