{"run_id": 867, "bias_std_dev_scale": 0.170998, "bias_height_fraction": 0.119897, "perturbation_size": 0.005, "optimizer": "FIRE", "found_minima": [[0.6234994049, 0.02803775853], [-0.05001940359535032, 0.4666962530615684], [-0.5582236546369593, 1.4417258225033847]], "found_saddles": [[0.08397602964586628, 0.18448653972886053], [-0.8220294986034485, 0.5829539636170121]], "bias_count": 37, "energy_calls_at_each_min": [1, 1296, 4186], "force_calls_at_each_min": [1, 1296, 4186], "adaptive_height_scale": 2.5, "adaptive_cov_scale": 1.5, "pert_type": "adaptive"}