{"run_id": 1316, "bias_std_dev_scale": 0.170998, "bias_height_fraction": 0.119897, "perturbation_size": 0.005, "optimizer": "FIRE", "found_minima": [[0.6234994049, 0.02803775853], [-0.0500512543743346, 0.46670479046278907], [-0.5582236230063413, 1.4417258530351993]], "found_saddles": [[0.12161236120013752, 0.15896921833443614], [-0.8511272737904284, 0.5546541771704641]], "bias_count": 70, "energy_calls_at_each_min": [1, 2176, 8249], "force_calls_at_each_min": [1, 2176, 8249], "adaptive_height_scale": 1.5, "adaptive_cov_scale": 1.5, "pert_type": "fixed"}