{"run_id": 297, "bias_std_dev_scale": 0.170998, "bias_height_fraction": 0.119897, "perturbation_size": 0.005, "optimizer": "FIRE", "found_minima": [[0.6234994049, 0.02803775853], [-0.05104333499486913, 0.4671734916842016], [-0.5582236527726052, 1.4417258238053083]], "found_saddles": [[0.41589249811462536, 0.3753446022300245], [-0.7926026886787918, 0.652722687643452]], "bias_count": 29, "energy_calls_at_each_min": [1, 1439, 3590], "force_calls_at_each_min": [1, 1439, 3590], "adaptive_height_scale": 4.5, "adaptive_cov_scale": 3.0, "pert_type": "adaptive"}