{"run_id": 12, "bias_std_dev_scale": 0.170998, "bias_height_fraction": 0.119897, "perturbation_size": 0.005, "optimizer": "FIRE", "found_minima": [[0.6234994049, 0.02803775853], [-0.05208534389177157, 0.4671947441549543], [-0.55822364719731, 1.4417258296342657]], "found_saddles": [[0.2600643960644251, 0.30902864873447805], [-0.8297175286145313, 0.6007596116630809]], "bias_count": 106, "energy_calls_at_each_min": [1, 1988, 14539], "force_calls_at_each_min": [1, 1988, 14539], "adaptive_height_scale": 1.0, "adaptive_cov_scale": 4.0, "pert_type": "fixed"}