{"run_id": 615, "bias_std_dev_scale": 0.170998, "bias_height_fraction": 0.119897, "perturbation_size": 0.005, "optimizer": "FIRE", "found_minima": [[0.6234994049, 0.02803775853], [-0.05001085672170207, 0.46669411242363984], [-0.5582236531887842, 1.4417258234692627]], "found_saddles": [[0.09002320771303286, 0.0964701335293696], [-0.8538470751055133, 0.5180575315707145]], "bias_count": 31, "energy_calls_at_each_min": [1, 754, 3575], "force_calls_at_each_min": [1, 754, 3575], "adaptive_height_scale": 4.5, "adaptive_cov_scale": 1.5, "pert_type": "adaptive"}