{"run_id": 359, "bias_std_dev_scale": 0.170998, "bias_height_fraction": 0.119897, "perturbation_size": 0.005, "optimizer": "FIRE", "found_minima": [[0.6234994049, 0.02803775853], [-0.05029213053052126, 0.4667502725696034], [-0.5582236184812718, 1.4417258575197471]], "found_saddles": [[0.12131189648280163, 0.17772907782080344], [-0.7281090221785425, 0.36455005113518]], "bias_count": 98, "energy_calls_at_each_min": [1, 1853, 12852], "force_calls_at_each_min": [1, 1853, 12852], "adaptive_height_scale": 1.5, "adaptive_cov_scale": 5.0, "pert_type": "adaptive"}