{"run_id": 510, "bias_std_dev_scale": 0.170998, "bias_height_fraction": 0.119897, "perturbation_size": 0.005, "optimizer": "FIRE", "found_minima": [[0.6234994049, 0.02803775853], [-0.050157956288135824, 0.4667345643045472], [-0.5582236294170704, 1.441725843454308]], "found_saddles": [[0.20473706957083596, 0.2839249587682947], [-0.8076509811284214, 0.6243056881274489]], "bias_count": 80, "energy_calls_at_each_min": [1, 1506, 9926], "force_calls_at_each_min": [1, 1506, 9926], "adaptive_height_scale": 1.5, "adaptive_cov_scale": 2.5, "pert_type": "fixed"}