{"run_id": 1360, "bias_std_dev_scale": 0.170998, "bias_height_fraction": 0.119897, "perturbation_size": 0.005, "optimizer": "FIRE", "found_minima": [[0.6234994049, 0.02803775853], [-0.05247907175711966, 0.46716644995919865], [-0.5582236374567381, 1.441725835416527]], "found_saddles": [[0.3022809181932554, -0.1258482264026049], [0.32509391613830385, 0.6782767663467993]], "bias_count": 79, "energy_calls_at_each_min": [1, 2428, 9881], "force_calls_at_each_min": [1, 2428, 9881], "adaptive_height_scale": 2.5, "adaptive_cov_scale": 3.5, "pert_type": "fixed"}