{"run_id": 1109, "bias_std_dev_scale": 0.170998, "bias_height_fraction": 0.119897, "perturbation_size": 0.005, "optimizer": "FIRE", "found_minima": [[0.6234994049, 0.02803775853], [-0.05030740261317436, 0.46674341806716035], [-0.558223630416979, 1.4417258489300664]], "found_saddles": [[0.08974268235369913, 0.05260685582664003], [1.02654597218132, 0.12397993119192871]], "bias_count": 41, "energy_calls_at_each_min": [1, 1193, 5182], "force_calls_at_each_min": [1, 1193, 5182], "adaptive_height_scale": 4.5, "adaptive_cov_scale": 3.5, "pert_type": "adaptive"}