{"run_id": 1133, "bias_std_dev_scale": 0.170998, "bias_height_fraction": 0.119897, "perturbation_size": 0.005, "optimizer": "FIRE", "found_minima": [[0.6234994049, 0.02803775853], [-0.05012061696429493, 0.4667667574907605], [-0.558223636420756, 1.4417258436800013]], "found_saddles": [[0.1706245689066282, -0.1756437495566027], [-0.4563976349086443, 0.8147400913371106]], "bias_count": 51, "energy_calls_at_each_min": [1, 1436, 6987], "force_calls_at_each_min": [1, 1436, 6987], "adaptive_height_scale": 5.0, "adaptive_cov_scale": 5.0, "pert_type": "adaptive"}