{"run_id": 907, "bias_std_dev_scale": 0.170998, "bias_height_fraction": 0.119897, "perturbation_size": 0.005, "optimizer": "FIRE", "found_minima": [[0.6234994049, 0.02803775853], [-0.05001109236739222, 0.46669415528196534], [-0.5582236508963045, 1.4417258245765547]], "found_saddles": [[0.259366855144526, 0.28897796854444074], [-0.7774368345348287, 0.4289366376505884]], "bias_count": 42, "energy_calls_at_each_min": [1, 1361, 5161], "force_calls_at_each_min": [1, 1361, 5161], "adaptive_height_scale": 3.5, "adaptive_cov_scale": 2.5, "pert_type": "adaptive"}