{"run_id": 1504, "bias_std_dev_scale": 0.170998, "bias_height_fraction": 0.119897, "perturbation_size": 0.005, "optimizer": "FIRE", "found_minima": [[0.6234994049, 0.02803775853], [-0.05006385880996065, 0.46670435685493084], [-0.558223639872873, 1.4417258356722062]], "found_saddles": [[0.12242633038823635, 0.11540868994666778], [-0.7944962397103651, 0.6516160314460798]], "bias_count": 64, "energy_calls_at_each_min": [1, 821, 7920], "force_calls_at_each_min": [1, 821, 7920], "adaptive_height_scale": 2.0, "adaptive_cov_scale": 3.5, "pert_type": "fixed"}