{"run_id": 1263, "bias_std_dev_scale": 0.170998, "bias_height_fraction": 0.119897, "perturbation_size": 0.005, "optimizer": "FIRE", "found_minima": [[0.6234994049, 0.02803775853], [-0.0500680663911992, 0.4667038526553571], [-0.5582236406537766, 1.4417258391879637]], "found_saddles": [[0.3610304571952174, 0.2914261453377174], [-0.7992503072714485, 0.44069839786479875]], "bias_count": 18, "energy_calls_at_each_min": [1, 858, 2011], "force_calls_at_each_min": [1, 858, 2011], "adaptive_height_scale": 4.5, "adaptive_cov_scale": 1.5, "pert_type": "adaptive"}