{"run_id": 1265, "bias_std_dev_scale": 0.170998, "bias_height_fraction": 0.119897, "perturbation_size": 0.005, "optimizer": "FIRE", "found_minima": [[0.6234994049, 0.02803775853], [-0.050186501854144805, 0.46674653874227134], [-0.5582236168694567, 1.441725859143916]], "found_saddles": [[0.4303666213076361, 0.2961616822560833], [-0.773417408969209, 0.3496984104497641]], "bias_count": 46, "energy_calls_at_each_min": [1, 1485, 5310], "force_calls_at_each_min": [1, 1485, 5310], "adaptive_height_scale": 4.5, "adaptive_cov_scale": 2.0, "pert_type": "adaptive"}