{"run_id": 1064, "bias_std_dev_scale": 0.170998, "bias_height_fraction": 0.119897, "perturbation_size": 0.005, "optimizer": "FIRE", "found_minima": [[0.6234994049, 0.02803775853], [-0.050557009370434725, 0.46680820702706405], [-0.5582236128324976, 1.4417258639330484]], "found_saddles": [[0.07918680392161566, 0.03539893127046776], [1.0388930593733092, 0.06366284613970995]], "bias_count": 47, "energy_calls_at_each_min": [1, 816, 5484], "force_calls_at_each_min": [1, 816, 5484], "adaptive_height_scale": 3.5, "adaptive_cov_scale": 1.5, "pert_type": "fixed"}