{"run_id": 295, "bias_std_dev_scale": 0.170998, "bias_height_fraction": 0.119897, "perturbation_size": 0.005, "optimizer": "FIRE", "found_minima": [[0.6234994049, 0.02803775853], [-0.05001245504348726, 0.4666945287921565], [-0.5582236192163337, 1.4417258580385355]], "found_saddles": [[0.9243066137306126, 0.09329774918864982], [-0.6666317022654168, 0.2860526292977363]], "bias_count": 40, "energy_calls_at_each_min": [1, 1247, 4877], "force_calls_at_each_min": [1, 1247, 4877], "adaptive_height_scale": 4.5, "adaptive_cov_scale": 2.5, "pert_type": "adaptive"}