{"run_id": 1035, "bias_std_dev_scale": 0.170998, "bias_height_fraction": 0.119897, "perturbation_size": 0.005, "optimizer": "FIRE", "found_minima": [[0.6234994049, 0.02803775853], [-0.558223650564408, 1.4417258261953367]], "found_saddles": [[-0.45371716589345246, 0.21754755006603232]], "bias_count": 5000, "energy_calls_at_each_min": [1, 6109], "force_calls_at_each_min": [1, 6109], "adaptive_height_scale": 2.5, "adaptive_cov_scale": 3.0, "pert_type": "adaptive"}