{"run_id": 270, "bias_std_dev_scale": 0.170998, "bias_height_fraction": 0.119897, "perturbation_size": 0.005, "optimizer": "FIRE", "found_minima": [[0.6234994049, 0.02803775853], [-0.05001119712032208, 0.4666942004088071], [-0.5582236529851982, 1.4417258240175768]], "found_saddles": [[0.07960462598631057, 0.13952342900615855], [-0.82519051901254, 0.5237708936780204]], "bias_count": 26, "energy_calls_at_each_min": [1, 1320, 2813], "force_calls_at_each_min": [1, 1320, 2813], "adaptive_height_scale": 4.0, "adaptive_cov_scale": 1.0, "pert_type": "fixed"}