{"run_id": 167, "bias_std_dev_scale": 0.170998, "bias_height_fraction": 0.119897, "perturbation_size": 0.005, "optimizer": "FIRE", "found_minima": [[0.6234994049, 0.02803775853], [-0.050035707702745826, 0.46670410091356546], [-0.5582236399257426, 1.441725838482592]], "found_saddles": [[0.21414138560855206, 0.28617889409732505], [-0.7960407703750328, 0.6253817388786689]], "bias_count": 105, "energy_calls_at_each_min": [1, 2845, 12522], "force_calls_at_each_min": [1, 2845, 12522], "adaptive_height_scale": 1.0, "adaptive_cov_scale": 2.0, "pert_type": "adaptive"}