{"run_id": 1381, "bias_std_dev_scale": 0.170998, "bias_height_fraction": 0.119897, "perturbation_size": 0.005, "optimizer": "FIRE", "found_minima": [[0.6234994049, 0.02803775853], [-0.05007002579985277, 0.4667096240402513], [-0.5582236570055585, 1.4417258192262852]], "found_saddles": [[0.14235331806733276, 0.21173513671498162], [0.4784368728607086, 0.5367155226442445]], "bias_count": 66, "energy_calls_at_each_min": [1, 991, 8401], "force_calls_at_each_min": [1, 991, 8401], "adaptive_height_scale": 3.0, "adaptive_cov_scale": 4.0, "pert_type": "adaptive"}