{"run_id": 1104, "bias_std_dev_scale": 0.170998, "bias_height_fraction": 0.119897, "perturbation_size": 0.005, "optimizer": "FIRE", "found_minima": [[0.6234994049, 0.02803775853], [-0.05001108608453431, 0.46669415707776757], [-0.5582236219154598, 1.4417258557898858]], "found_saddles": [[0.20357373939713902, 0.3044590807209638], [-0.8627982956777736, 0.576664951763693]], "bias_count": 23, "energy_calls_at_each_min": [1, 463, 2753], "force_calls_at_each_min": [1, 463, 2753], "adaptive_height_scale": 4.5, "adaptive_cov_scale": 2.5, "pert_type": "fixed"}