{"run_id": 1161, "bias_std_dev_scale": 0.170998, "bias_height_fraction": 0.119897, "perturbation_size": 0.005, "optimizer": "FIRE", "found_minima": [[0.6234994049, 0.02803775853], [-0.5582236122419875, 1.441725864332558]], "found_saddles": [[-0.8432184359671907, 0.6025520443913948]], "bias_count": 5000, "energy_calls_at_each_min": [1, 10980], "force_calls_at_each_min": [1, 10980], "adaptive_height_scale": 1.5, "adaptive_cov_scale": 3.0, "pert_type": "adaptive"}