{"run_id": 1325, "bias_std_dev_scale": 0.170998, "bias_height_fraction": 0.119897, "perturbation_size": 0.005, "optimizer": "FIRE", "found_minima": [[0.6234994049, 0.02803775853], [-0.05004673343997205, 0.46670117915483916], [-0.5582236487373057, 1.441725828052288]], "found_saddles": [[0.2078916634443217, 0.29390294292117897], [-0.5846531228932339, 0.33739483886421984]], "bias_count": 71, "energy_calls_at_each_min": [1, 1566, 8772], "force_calls_at_each_min": [1, 1566, 8772], "adaptive_height_scale": 1.5, "adaptive_cov_scale": 3.5, "pert_type": "adaptive"}