{"run_id": 391, "bias_std_dev_scale": 0.170998, "bias_height_fraction": 0.119897, "perturbation_size": 0.005, "optimizer": "FIRE", "found_minima": [[0.6234994049, 0.02803775853], [-0.050055812666277934, 0.4667030391687908], [-0.5582236357458014, 1.4417258404630204]], "found_saddles": [[0.20454942878002458, 0.2672393012524325], [-0.7527268240420328, 0.36812219481464475]], "bias_count": 46, "energy_calls_at_each_min": [1, 1232, 6135], "force_calls_at_each_min": [1, 1232, 6135], "adaptive_height_scale": 2.5, "adaptive_cov_scale": 4.0, "pert_type": "adaptive"}