{"run_id": 1165, "bias_std_dev_scale": 0.170998, "bias_height_fraction": 0.119897, "perturbation_size": 0.005, "optimizer": "FIRE", "found_minima": [[0.6234994049, 0.02803775853], [-0.05582261111327655, 0.4676283346916367], [-0.5582236516062289, 1.4417258254028038]], "found_saddles": [[0.17861254213068603, 0.29325609749496917], [0.5631987646579845, 0.43457162798010324]], "bias_count": 99, "energy_calls_at_each_min": [1, 1661, 12269], "force_calls_at_each_min": [1, 1661, 12269], "adaptive_height_scale": 1.5, "adaptive_cov_scale": 4.0, "pert_type": "adaptive"}