{"run_id": 202, "bias_std_dev_scale": 0.170998, "bias_height_fraction": 0.119897, "perturbation_size": 0.005, "optimizer": "FIRE", "found_minima": [[0.6234994049, 0.02803775853], [-0.050011408698354166, 0.4666942188316935], [-0.5582236501138943, 1.4417258262622161]], "found_saddles": [[0.21462584672309637, 0.28538935334257004], [-0.18202602451642447, 0.11302045381763355]], "bias_count": 79, "energy_calls_at_each_min": [1, 1522, 9716], "force_calls_at_each_min": [1, 1522, 9716], "adaptive_height_scale": 2.0, "adaptive_cov_scale": 2.0, "pert_type": "fixed"}