{"run_id": 852, "bias_std_dev_scale": 0.170998, "bias_height_fraction": 0.119897, "perturbation_size": 0.005, "optimizer": "FIRE", "found_minima": [[0.6234994049, 0.02803775853], [-0.05043930869272568, 0.46682864033290233], [-0.5582235731100345, 1.4417259367034494]], "found_saddles": [[0.11785951765892647, 0.13606245012218], [-0.39469876523664943, 0.7129439360603275]], "bias_count": 79, "energy_calls_at_each_min": [1, 1474, 9879], "force_calls_at_each_min": [1, 1474, 9879], "adaptive_height_scale": 2.0, "adaptive_cov_scale": 2.5, "pert_type": "fixed"}