{"run_id": 155, "bias_std_dev_scale": 0.170998, "bias_height_fraction": 0.119897, "perturbation_size": 0.005, "optimizer": "FIRE", "found_minima": [[0.6234994049, 0.02803775853], [-0.5582236357269905, 1.441725843009352]], "found_saddles": [[0.2608085050250813, -0.23673977519737255]], "bias_count": 5000, "energy_calls_at_each_min": [1, 5054], "force_calls_at_each_min": [1, 5054], "adaptive_height_scale": 5.0, "adaptive_cov_scale": 3.5, "pert_type": "adaptive"}