{"run_id": 798, "bias_std_dev_scale": 0.170998, "bias_height_fraction": 0.119897, "perturbation_size": 0.005, "optimizer": "FIRE", "found_minima": [[0.6234994049, 0.02803775853], [-0.050011151832571536, 0.46669417768565885], [-0.5582236319802614, 1.4417258410734781]], "found_saddles": [[0.8181348140681767, -0.149891958306613], [-0.8400009388742727, 0.4023498467072596]], "bias_count": 26, "energy_calls_at_each_min": [1, 1578, 3223], "force_calls_at_each_min": [1, 1578, 3223], "adaptive_height_scale": 5.0, "adaptive_cov_scale": 2.5, "pert_type": "fixed"}