{"run_id": 1021, "bias_std_dev_scale": 0.170998, "bias_height_fraction": 0.119897, "perturbation_size": 0.005, "optimizer": "FIRE", "found_minima": [[0.6234994049, 0.02803775853], [-0.050124331095566285, 0.4667171086504313], [-0.5582236511404367, 1.44172582481692]], "found_saddles": [[0.1411842620457071, 0.2055689232977348], [-0.621178557114454, 0.7048272758631949]], "bias_count": 57, "energy_calls_at_each_min": [1, 1148, 6821], "force_calls_at_each_min": [1, 1148, 6821], "adaptive_height_scale": 2.0, "adaptive_cov_scale": 4.0, "pert_type": "adaptive"}