{"run_id": 1182, "bias_std_dev_scale": 0.170998, "bias_height_fraction": 0.119897, "perturbation_size": 0.005, "optimizer": "FIRE", "found_minima": [[0.6234994049, 0.02803775853], [-0.050145018608180394, 0.4667205777677623], [-0.5582236308050886, 1.4417258478992623]], "found_saddles": [[0.23576616568526654, 0.3192211098563754], [-0.7550182952627895, 0.37216851003688534]], "bias_count": 84, "energy_calls_at_each_min": [1, 1053, 10768], "force_calls_at_each_min": [1, 1053, 10768], "adaptive_height_scale": 2.0, "adaptive_cov_scale": 4.0, "pert_type": "fixed"}