{"run_id": 956, "bias_std_dev_scale": 0.170998, "bias_height_fraction": 0.119897, "perturbation_size": 0.005, "optimizer": "FIRE", "found_minima": [[0.6234994049, 0.02803775853], [-0.050233693006154316, 0.46672434945942953], [-0.5582236299725509, 1.4417258491938516]], "found_saddles": [[0.5323669844480077, 0.31193108008128106], [-0.420665218652992, 0.033172574100952056]], "bias_count": 54, "energy_calls_at_each_min": [1, 1752, 6673], "force_calls_at_each_min": [1, 1752, 6673], "adaptive_height_scale": 5.0, "adaptive_cov_scale": 1.5, "pert_type": "fixed"}