{"run_id": 300, "bias_std_dev_scale": 0.170998, "bias_height_fraction": 0.119897, "perturbation_size": 0.005, "optimizer": "FIRE", "found_minima": [[0.6234994049, 0.02803775853], [-0.050058053524628984, 0.4667032741915396], [-0.5582236149082821, 1.4417258608192438]], "found_saddles": [[0.6801229960156561, -0.13254493206824136], [0.19376350957024935, 0.667653154150884]], "bias_count": 17, "energy_calls_at_each_min": [1, 928, 1943], "force_calls_at_each_min": [1, 928, 1943], "adaptive_height_scale": 4.5, "adaptive_cov_scale": 4.0, "pert_type": "fixed"}