{"run_id": 383, "bias_std_dev_scale": 0.170998, "bias_height_fraction": 0.119897, "perturbation_size": 0.005, "optimizer": "FIRE", "found_minima": [[0.6234994049, 0.02803775853], [-0.05011334578779903, 0.4667193980122812], [-0.5582236311438857, 1.441725847689466]], "found_saddles": [[0.1020151186687798, 0.1959252476053278], [-0.8408651553927904, 0.6082927995474808]], "bias_count": 20, "energy_calls_at_each_min": [1, 1662, 2269], "force_calls_at_each_min": [1, 1662, 2269], "adaptive_height_scale": 2.5, "adaptive_cov_scale": 2.0, "pert_type": "adaptive"}