{"run_id": 1320, "bias_std_dev_scale": 0.170998, "bias_height_fraction": 0.119897, "perturbation_size": 0.005, "optimizer": "FIRE", "found_minima": [[0.6234994049, 0.02803775853], [-0.05172578277166906, 0.46702185748008707], [-0.5582236182710367, 1.4417258596088767]], "found_saddles": [[0.22410493839795637, 0.28201386299165315], [-0.6588227193984426, 0.7233334931661916]], "bias_count": 101, "energy_calls_at_each_min": [1, 1811, 12704], "force_calls_at_each_min": [1, 1811, 12704], "adaptive_height_scale": 1.5, "adaptive_cov_scale": 2.5, "pert_type": "fixed"}