{"run_id": 79, "bias_std_dev_scale": 0.170998, "bias_height_fraction": 0.119897, "perturbation_size": 0.005, "optimizer": "FIRE", "found_minima": [[0.6234994049, 0.02803775853], [-0.05001431172197215, 0.4666947678148115], [-0.5582236264506318, 1.4417258478377215]], "found_saddles": [[0.1781197266466919, 0.2327701935291042], [-0.8019497056228976, 0.6290309919994428]], "bias_count": 18, "energy_calls_at_each_min": [1, 949, 2060], "force_calls_at_each_min": [1, 949, 2060], "adaptive_height_scale": 3.0, "adaptive_cov_scale": 2.5, "pert_type": "adaptive"}