{"run_id": 978, "bias_std_dev_scale": 0.170998, "bias_height_fraction": 0.119897, "perturbation_size": 0.005, "optimizer": "FIRE", "found_minima": [[0.6234994049, 0.02803775853], [-0.05001438391060968, 0.46669483933361305], [-0.5582236215747162, 1.4417258524121048]], "found_saddles": [[0.18520567088772, 0.241903398714248], [-0.8218839290763429, 0.6057298509244369]], "bias_count": 108, "energy_calls_at_each_min": [1, 2493, 13302], "force_calls_at_each_min": [1, 2493, 13302], "adaptive_height_scale": 1.0, "adaptive_cov_scale": 2.5, "pert_type": "fixed"}