{"run_id": 1308, "bias_std_dev_scale": 0.170998, "bias_height_fraction": 0.119897, "perturbation_size": 0.005, "optimizer": "FIRE", "found_minima": [[0.6234994049, 0.02803775853], [-0.05041442765723425, 0.4668807060404196], [-0.5582236394165612, 1.441725833435834]], "found_saddles": [[0.21124764315524946, 0.3097918067969031], [-0.7815674194081533, 0.6351334697878808]], "bias_count": 134, "energy_calls_at_each_min": [1, 2716, 17117], "force_calls_at_each_min": [1, 2716, 17117], "adaptive_height_scale": 1.0, "adaptive_cov_scale": 4.0, "pert_type": "fixed"}