{"run_id": 892, "bias_std_dev_scale": 0.170998, "bias_height_fraction": 0.119897, "perturbation_size": 0.005, "optimizer": "FIRE", "found_minima": [[0.6234994049, 0.02803775853], [-0.05002627963609803, 0.4666973983334886], [-0.5582236517336845, 1.4417258239251352]], "found_saddles": [[0.2402691519855968, 0.3034120584081258], [0.6660088263495686, 0.3390270861916516]], "bias_count": 62, "energy_calls_at_each_min": [1, 933, 7679], "force_calls_at_each_min": [1, 933, 7679], "adaptive_height_scale": 3.0, "adaptive_cov_scale": 3.5, "pert_type": "fixed"}