{"run_id": 461, "bias_std_dev_scale": 0.170998, "bias_height_fraction": 0.119897, "perturbation_size": 0.005, "optimizer": "FIRE", "found_minima": [[0.6234994049, 0.02803775853], [-0.05002694370205037, 0.46669784313136176], [-0.5582236291519005, 1.4417258448110224]], "found_saddles": [[0.148762898262847, -0.02926100052122602], [-0.7136518901578159, 0.14727021120036451]], "bias_count": 72, "energy_calls_at_each_min": [1, 1129, 9251], "force_calls_at_each_min": [1, 1129, 9251], "adaptive_height_scale": 4.5, "adaptive_cov_scale": 3.5, "pert_type": "adaptive"}