{"run_id": 178, "bias_std_dev_scale": 0.170998, "bias_height_fraction": 0.119897, "perturbation_size": 0.005, "optimizer": "FIRE", "found_minima": [[0.6234994049, 0.02803775853], [-0.050145285525904706, 0.4667208645214317], [-0.5582236481002834, 1.4417258287057357]], "found_saddles": [[0.17349192701089378, 0.28638340218301916], [-0.8293253211106738, 0.5894912818750029]], "bias_count": 89, "energy_calls_at_each_min": [1, 1750, 10995], "force_calls_at_each_min": [1, 1750, 10995], "adaptive_height_scale": 1.0, "adaptive_cov_scale": 5.0, "pert_type": "fixed"}