{"run_id": 133, "bias_std_dev_scale": 0.170998, "bias_height_fraction": 0.119897, "perturbation_size": 0.005, "optimizer": "FIRE", "found_minima": [[0.6234994049, 0.02803775853], [-0.05002859909498343, 0.4666982142683225], [-0.5582236404853402, 1.441725836267364]], "found_saddles": [[0.4352494928773087, 0.28779625613957427], [-0.1312831395550325, 0.0008651395560025435]], "bias_count": 38, "energy_calls_at_each_min": [1, 1087, 4652], "force_calls_at_each_min": [1, 1087, 4652], "adaptive_height_scale": 4.5, "adaptive_cov_scale": 2.5, "pert_type": "adaptive"}