{"run_id": 1594, "bias_std_dev_scale": 0.170998, "bias_height_fraction": 0.119897, "perturbation_size": 0.005, "optimizer": "FIRE", "found_minima": [[0.6234994049, 0.02803775853], [-0.05002964776501957, 0.4666997198486186], [-0.5582236173652623, 1.4417258602377794]], "found_saddles": [[0.1141263950628612, -0.06632296147046576], [-0.602716575827432, 0.8430367497625046]], "bias_count": 26, "energy_calls_at_each_min": [1, 1388, 3286], "force_calls_at_each_min": [1, 1388, 3286], "adaptive_height_scale": 4.5, "adaptive_cov_scale": 3.5, "pert_type": "fixed"}