{"run_id": 900, "bias_std_dev_scale": 0.170998, "bias_height_fraction": 0.119897, "perturbation_size": 0.005, "optimizer": "FIRE", "found_minima": [[0.6234994049, 0.02803775853], [-0.05001142768118926, 0.46669426132273184], [-0.5582236464958417, 1.4417258302262537]], "found_saddles": [[0.10606542695438637, 0.09489128726766868], [-0.9059960877705222, 0.475082030469552]], "bias_count": 33, "energy_calls_at_each_min": [1, 890, 3742], "force_calls_at_each_min": [1, 890, 3742], "adaptive_height_scale": 3.5, "adaptive_cov_scale": 1.0, "pert_type": "fixed"}