{"run_id": 1439, "bias_std_dev_scale": 0.170998, "bias_height_fraction": 0.119897, "perturbation_size": 0.005, "optimizer": "FIRE", "found_minima": [[0.6234994049, 0.02803775853], [-0.05013652912497318, 0.4667206711409406], [-0.5582236299828458, 1.4417258489913958]], "found_saddles": [[0.292835566873207, 0.4287297101385962], [-0.9014269009506813, 0.5309810770945829]], "bias_count": 24, "energy_calls_at_each_min": [1, 1300, 3020], "force_calls_at_each_min": [1, 1300, 3020], "adaptive_height_scale": 4.5, "adaptive_cov_scale": 5.0, "pert_type": "adaptive"}