{"run_id": 657, "bias_std_dev_scale": 0.170998, "bias_height_fraction": 0.119897, "perturbation_size": 0.005, "optimizer": "FIRE", "found_minima": [[0.6234994049, 0.02803775853], [-0.05151237509075099, 0.4670599381569232], [-0.5582235471842429, 1.4417259749619933]], "found_saddles": [[0.2179124205982119, 0.31272488313950586], [-0.7743531291642005, 0.6838750844217015]], "bias_count": 134, "energy_calls_at_each_min": [1, 3509, 17148], "force_calls_at_each_min": [1, 3509, 17148], "adaptive_height_scale": 1.0, "adaptive_cov_scale": 3.0, "pert_type": "adaptive"}