{"run_id": 104, "bias_std_dev_scale": 0.170998, "bias_height_fraction": 0.119897, "perturbation_size": 0.005, "optimizer": "FIRE", "found_minima": [[0.6234994049, 0.02803775853], [-0.05012073422177832, 0.4667158412481502], [-0.5582210255692537, 1.4417300861616609]], "found_saddles": [[0.5405649124795188, 0.24459020131709533], [0.42324537304833226, 0.5964256348802618]], "bias_count": 38, "energy_calls_at_each_min": [1, 1046, 5505], "force_calls_at_each_min": [1, 1046, 5505], "adaptive_height_scale": 3.5, "adaptive_cov_scale": 4.5, "pert_type": "fixed"}