{"run_id": 824, "bias_std_dev_scale": 0.170998, "bias_height_fraction": 0.119897, "perturbation_size": 0.005, "optimizer": "FIRE", "found_minima": [[0.6234994049, 0.02803775853], [-0.05032921111535889, 0.4668307548680767], [-0.5582236189301468, 1.441725858417034]], "found_saddles": [[0.2824693877053891, 0.3319374647688996], [-0.7703064338479337, 0.6530068078973394]], "bias_count": 126, "energy_calls_at_each_min": [1, 1858, 16255], "force_calls_at_each_min": [1, 1858, 16255], "adaptive_height_scale": 1.0, "adaptive_cov_scale": 4.5, "pert_type": "fixed"}