{"run_id": 672, "bias_std_dev_scale": 0.170998, "bias_height_fraction": 0.119897, "perturbation_size": 0.005, "optimizer": "FIRE", "found_minima": [[0.6234994049, 0.02803775853], [-0.050014283016107504, 0.4666949626748572], [-0.558223620068175, 1.441725856612953]], "found_saddles": [[0.37676179338641985, 0.27657240244529147], [-0.8569795664676514, 0.5262573244844161]], "bias_count": 98, "energy_calls_at_each_min": [1, 1987, 12016], "force_calls_at_each_min": [1, 1987, 12016], "adaptive_height_scale": 1.5, "adaptive_cov_scale": 2.5, "pert_type": "fixed"}