{"run_id": 286, "bias_std_dev_scale": 0.170998, "bias_height_fraction": 0.119897, "perturbation_size": 0.005, "optimizer": "FIRE", "found_minima": [[0.6234994049, 0.02803775853], [-0.050135441057350495, 0.46671979892866194], [-0.5582230023246247, 1.4417266999991534]], "found_saddles": [[0.6704618837709981, 0.22255310521698882], [0.4217431425477272, 0.6793444732248798]], "bias_count": 57, "energy_calls_at_each_min": [1, 1295, 7233], "force_calls_at_each_min": [1, 1295, 7233], "adaptive_height_scale": 4.0, "adaptive_cov_scale": 5.0, "pert_type": "fixed"}