{"run_id": 1256, "bias_std_dev_scale": 0.170998, "bias_height_fraction": 0.119897, "perturbation_size": 0.005, "optimizer": "FIRE", "found_minima": [[0.6234994049, 0.02803775853], [-0.050120774823546405, 0.46671585957491246], [-0.5582236204571948, 1.441725856808645]], "found_saddles": [[0.43035673802643104, -0.14817085899336954], [-0.7540786444589628, 0.3857981005218405]], "bias_count": 22, "energy_calls_at_each_min": [1, 1428, 2803], "force_calls_at_each_min": [1, 1428, 2803], "adaptive_height_scale": 4.0, "adaptive_cov_scale": 4.5, "pert_type": "fixed"}