{"run_id": 356, "bias_std_dev_scale": 0.170998, "bias_height_fraction": 0.119897, "perturbation_size": 0.005, "optimizer": "FIRE", "found_minima": [[0.6234994049, 0.02803775853], [-0.05049252078831251, 0.466798197270327], [-0.5582236205110576, 1.4417258555169168]], "found_saddles": [[0.168454362175263, 0.2950191796751562], [-0.5808448010923878, 0.6763129876141084]], "bias_count": 76, "energy_calls_at_each_min": [1, 3037, 9453], "force_calls_at_each_min": [1, 3037, 9453], "adaptive_height_scale": 1.5, "adaptive_cov_scale": 4.5, "pert_type": "fixed"}