{"run_id": 521, "bias_std_dev_scale": 0.170998, "bias_height_fraction": 0.119897, "perturbation_size": 0.005, "optimizer": "FIRE", "found_minima": [[0.6234994049, 0.02803775853], [-0.05032351877509223, 0.4667683579939494], [-0.5582236462344583, 1.441725830640054]], "found_saddles": [[0.33748933339386233, 0.29856078025865446], [-0.5745347808130655, 0.6931931883287329]], "bias_count": 67, "energy_calls_at_each_min": [1, 1712, 9172], "force_calls_at_each_min": [1, 1712, 9172], "adaptive_height_scale": 1.5, "adaptive_cov_scale": 5.0, "pert_type": "adaptive"}