{"run_id": 820, "bias_std_dev_scale": 0.170998, "bias_height_fraction": 0.119897, "perturbation_size": 0.005, "optimizer": "FIRE", "found_minima": [[0.6234994049, 0.02803775853], [-0.05075902818740972, 0.46695052532640174], [-0.5582236551363366, 1.4417258218791384]], "found_saddles": [[0.238397236756598, 0.32017704341575953], [-0.07370701573761357, -0.030571030989008]], "bias_count": 135, "energy_calls_at_each_min": [1, 2779, 16567], "force_calls_at_each_min": [1, 2779, 16567], "adaptive_height_scale": 1.0, "adaptive_cov_scale": 3.5, "pert_type": "fixed"}