{"run_id": 1445, "bias_std_dev_scale": 0.170998, "bias_height_fraction": 0.119897, "perturbation_size": 0.005, "optimizer": "FIRE", "found_minima": [[0.6234994049, 0.02803775853], [-0.05003667101087468, 0.46669894104775544], [-0.5582236309778945, 1.4417258481602087]], "found_saddles": [[0.34619296953652207, 0.3377204718663147], [-0.07618794273736715, 0.8067536801997187]], "bias_count": 55, "energy_calls_at_each_min": [1, 955, 6386], "force_calls_at_each_min": [1, 955, 6386], "adaptive_height_scale": 5.0, "adaptive_cov_scale": 2.0, "pert_type": "adaptive"}