{"run_id": 49, "bias_std_dev_scale": 0.170998, "bias_height_fraction": 0.119897, "perturbation_size": 0.005, "optimizer": "FIRE", "found_minima": [[0.6234994049, 0.02803775853], [-0.05014592324973235, 0.4667209673292019], [-0.5582234787368752, 1.4417260489843455]], "found_saddles": [[0.1582862478510352, 0.2883380595011832], [0.1433618600199794, 0.6970400172481336]], "bias_count": 71, "energy_calls_at_each_min": [1, 1584, 8785], "force_calls_at_each_min": [1, 1584, 8785], "adaptive_height_scale": 2.0, "adaptive_cov_scale": 4.0, "pert_type": "adaptive"}