{"run_id": 1483, "bias_std_dev_scale": 0.170998, "bias_height_fraction": 0.119897, "perturbation_size": 0.005, "optimizer": "FIRE", "found_minima": [[0.6234994049, 0.02803775853], [-0.05037441010550399, 0.46675804715783914], [-0.5582236512093979, 1.4417258254075838]], "found_saddles": [[0.3377506721082912, 0.2965737713878797], [-0.7957897836173504, 0.47447172178927555]], "bias_count": 99, "energy_calls_at_each_min": [1, 1710, 11939], "force_calls_at_each_min": [1, 1710, 11939], "adaptive_height_scale": 1.5, "adaptive_cov_scale": 2.5, "pert_type": "adaptive"}