{"run_id": 368, "bias_std_dev_scale": 0.170998, "bias_height_fraction": 0.119897, "perturbation_size": 0.005, "optimizer": "FIRE", "found_minima": [[0.6234994049, 0.02803775853], [-0.05005689320451502, 0.4667034396526793], [-0.5582236512619061, 1.441725826653007]], "found_saddles": [[0.1960909183429424, 0.28975655394097166], [-0.7779001760911791, 0.6767650459849592]], "bias_count": 69, "energy_calls_at_each_min": [1, 1411, 8250], "force_calls_at_each_min": [1, 1411, 8250], "adaptive_height_scale": 2.0, "adaptive_cov_scale": 3.0, "pert_type": "fixed"}