{"run_id": 669, "bias_std_dev_scale": 0.170998, "bias_height_fraction": 0.119897, "perturbation_size": 0.005, "optimizer": "FIRE", "found_minima": [[0.6234994049, 0.02803775853], [-0.050033793480798366, 0.4667000540535499], [-0.5582236356868978, 1.4417258402186865]], "found_saddles": [[0.22898520937974137, 0.2941066079352735], [-0.8244851082901575, 0.570782587449831]], "bias_count": 99, "energy_calls_at_each_min": [1, 1678, 11601], "force_calls_at_each_min": [1, 1678, 11601], "adaptive_height_scale": 1.5, "adaptive_cov_scale": 1.5, "pert_type": "adaptive"}