{"run_id": 1575, "bias_std_dev_scale": 0.170998, "bias_height_fraction": 0.119897, "perturbation_size": 0.005, "optimizer": "FIRE", "found_minima": [[0.6234994049, 0.02803775853], [-0.050013751666854664, 0.4666947062008015], [-0.5582236262439711, 1.4417258469274934]], "found_saddles": [[0.2863973113162726, 0.3294718545312497], [-0.6903304675835761, 0.6971795811725505]], "bias_count": 14, "energy_calls_at_each_min": [1, 738, 1644], "force_calls_at_each_min": [1, 738, 1644], "adaptive_height_scale": 4.0, "adaptive_cov_scale": 3.0, "pert_type": "adaptive"}