{"run_id": 212, "bias_std_dev_scale": 0.170998, "bias_height_fraction": 0.119897, "perturbation_size": 0.005, "optimizer": "FIRE", "found_minima": [[0.6234994049, 0.02803775853], [-0.05163394197661442, 0.4671947547691469], [-0.5582236164881853, 1.4417258610962438]], "found_saddles": [[0.1825434488106051, 0.2846286009428998], [-0.5264536466068188, 0.693874847643234]], "bias_count": 70, "energy_calls_at_each_min": [1, 1706, 8639], "force_calls_at_each_min": [1, 1706, 8639], "adaptive_height_scale": 2.0, "adaptive_cov_scale": 4.5, "pert_type": "fixed"}