{"run_id": 26, "bias_std_dev_scale": 0.170998, "bias_height_fraction": 0.119897, "perturbation_size": 0.005, "optimizer": "FIRE", "found_minima": [[0.6234994049, 0.02803775853], [-0.05006128619277073, 0.4667097369238565], [-0.5582236152824158, 1.4417258606669785]], "found_saddles": [[0.23498642559636113, 0.3028141416575026], [-0.7476662068224766, 0.6700435380576514]], "bias_count": 75, "energy_calls_at_each_min": [1, 1845, 9019], "force_calls_at_each_min": [1, 1845, 9019], "adaptive_height_scale": 1.5, "adaptive_cov_scale": 3.0, "pert_type": "fixed"}