{"run_id": 378, "bias_std_dev_scale": 0.170998, "bias_height_fraction": 0.119897, "perturbation_size": 0.005, "optimizer": "FIRE", "found_minima": [[0.6234994049, 0.02803775853], [-0.050012016740853045, 0.46669441951711177], [-0.558223628942214, 1.4417258450666743]], "found_saddles": [[0.21648670587068033, 0.2740449097176854], [-0.8245023484089751, 0.6215238759624577]], "bias_count": 41, "energy_calls_at_each_min": [1, 1514, 4712], "force_calls_at_each_min": [1, 1514, 4712], "adaptive_height_scale": 2.5, "adaptive_cov_scale": 1.0, "pert_type": "fixed"}