{"run_id": 186, "bias_std_dev_scale": 0.170998, "bias_height_fraction": 0.119897, "perturbation_size": 0.005, "optimizer": "FIRE", "found_minima": [[0.6234994049, 0.02803775853], [-0.05136968531136898, 0.4672228520566794], [-0.5582236539337613, 1.4417258231839527]], "found_saddles": [[0.3296934208675543, 0.32489550842709974], [0.31483381506226304, 0.6274891751198203]], "bias_count": 104, "energy_calls_at_each_min": [1, 2206, 12625], "force_calls_at_each_min": [1, 2206, 12625], "adaptive_height_scale": 1.5, "adaptive_cov_scale": 2.5, "pert_type": "fixed"}