{"run_id": 582, "bias_std_dev_scale": 0.170998, "bias_height_fraction": 0.119897, "perturbation_size": 0.005, "optimizer": "FIRE", "found_minima": [[0.6234994049, 0.02803775853], [-0.050011537686372357, 0.46669428169093785], [-0.5582236482259773, 1.4417258285959471]], "found_saddles": [[0.20877888471643732, 0.2983656386106857], [-0.8633143695386443, 0.4980036546580776]], "bias_count": 40, "energy_calls_at_each_min": [1, 1101, 5068], "force_calls_at_each_min": [1, 1101, 5068], "adaptive_height_scale": 3.5, "adaptive_cov_scale": 2.5, "pert_type": "fixed"}