{"run_id": 857, "bias_std_dev_scale": 0.170998, "bias_height_fraction": 0.119897, "perturbation_size": 0.005, "optimizer": "FIRE", "found_minima": [[0.6234994049, 0.02803775853], [-0.05029053888633445, 0.4667482577039071], [-0.5582236437351915, 1.441725832819109]], "found_saddles": [[0.2873295039376134, 0.33709142677247317], [-0.4742585351438432, 0.2831548283097967]], "bias_count": 56, "energy_calls_at_each_min": [1, 1494, 6856], "force_calls_at_each_min": [1, 1494, 6856], "adaptive_height_scale": 2.0, "adaptive_cov_scale": 3.5, "pert_type": "adaptive"}