{"run_id": 883, "bias_std_dev_scale": 0.170998, "bias_height_fraction": 0.119897, "perturbation_size": 0.005, "optimizer": "FIRE", "found_minima": [[0.6234994049, 0.02803775853], [-0.050029899946314474, 0.4666991496998453], [-0.5582236224660572, 1.4417258535610096]], "found_saddles": [[0.26267765133916793, 0.3160811935807645], [-0.3274083524856208, 0.2060638173645307]], "bias_count": 51, "energy_calls_at_each_min": [1, 1458, 6738], "force_calls_at_each_min": [1, 1458, 6738], "adaptive_height_scale": 3.0, "adaptive_cov_scale": 1.0, "pert_type": "adaptive"}