{"run_id": 1147, "bias_std_dev_scale": 0.170998, "bias_height_fraction": 0.119897, "perturbation_size": 0.005, "optimizer": "FIRE", "found_minima": [[0.6234994049, 0.02803775853], [-0.050099404764183245, 0.46675197032442], [-0.5582236432874724, 1.4417258330369909]], "found_saddles": [[0.279143369569973, 0.30448665474868125], [-0.6178137318093229, 0.700651211290881]], "bias_count": 127, "energy_calls_at_each_min": [1, 2060, 16863], "force_calls_at_each_min": [1, 2060, 16863], "adaptive_height_scale": 1.0, "adaptive_cov_scale": 4.0, "pert_type": "adaptive"}