{"run_id": 835, "bias_std_dev_scale": 0.170998, "bias_height_fraction": 0.119897, "perturbation_size": 0.005, "optimizer": "FIRE", "found_minima": [[0.6234994049, 0.02803775853], [-0.05009668295944865, 0.4667115742185381], [-0.5582236364417893, 1.4417258450387829]], "found_saddles": [[0.09674198390812247, 0.19046651377637552], [-0.6262356066401245, 0.3581077672414021]], "bias_count": 78, "energy_calls_at_each_min": [1, 1464, 9336], "force_calls_at_each_min": [1, 1464, 9336], "adaptive_height_scale": 1.5, "adaptive_cov_scale": 2.5, "pert_type": "adaptive"}