{"run_id": 1209, "bias_std_dev_scale": 0.170998, "bias_height_fraction": 0.119897, "perturbation_size": 0.005, "optimizer": "FIRE", "found_minima": [[0.6234994049, 0.02803775853], [-0.05003045248063197, 0.4666978605299789], [-0.5582236367868032, 1.4417258367533108]], "found_saddles": [[0.323033649310657, 0.3222920863117986], [-0.7333280464543005, 0.7158529363384912]], "bias_count": 42, "energy_calls_at_each_min": [1, 949, 4757], "force_calls_at_each_min": [1, 949, 4757], "adaptive_height_scale": 3.0, "adaptive_cov_scale": 1.5, "pert_type": "adaptive"}