{"run_id": 1566, "bias_std_dev_scale": 0.170998, "bias_height_fraction": 0.119897, "perturbation_size": 0.005, "optimizer": "FIRE", "found_minima": [[0.6234994049, 0.02803775853], [-0.05001120139988373, 0.4666942040801961], [-0.558223617520199, 1.4417258598620302]], "found_saddles": [[0.14756956707114624, 0.1742724047722265], [1.0724815359666262, 0.000942172991453015]], "bias_count": 68, "energy_calls_at_each_min": [1, 973, 7805], "force_calls_at_each_min": [1, 973, 7805], "adaptive_height_scale": 4.0, "adaptive_cov_scale": 1.0, "pert_type": "fixed"}