{"run_id": 1260, "bias_std_dev_scale": 0.170998, "bias_height_fraction": 0.119897, "perturbation_size": 0.005, "optimizer": "FIRE", "found_minima": [[0.6234994049, 0.02803775853], [-0.05001168560794609, 0.4666943165195964], [-0.5582236527311789, 1.4417258225902743]], "found_saddles": [[0.06522138566667172, 0.1172227279424863], [-0.4572745859663238, 0.7097293588836977]], "bias_count": 44, "energy_calls_at_each_min": [1, 886, 5001], "force_calls_at_each_min": [1, 886, 5001], "adaptive_height_scale": 4.5, "adaptive_cov_scale": 1.0, "pert_type": "fixed"}