{"run_id": 1275, "bias_std_dev_scale": 0.170998, "bias_height_fraction": 0.119897, "perturbation_size": 0.005, "optimizer": "FIRE", "found_minima": [[0.6234994049, 0.02803775853], [-0.05012132610379143, 0.4667161784297815], [-0.5582214617041235, 1.441728691153102]], "found_saddles": [[0.5843290142046154, 0.2859864206116123], [0.0646606974833621, 0.6985281868764606]], "bias_count": 41, "energy_calls_at_each_min": [1, 1249, 6189], "force_calls_at_each_min": [1, 1249, 6189], "adaptive_height_scale": 4.5, "adaptive_cov_scale": 4.5, "pert_type": "adaptive"}