{"run_id": 1539, "bias_std_dev_scale": 0.170998, "bias_height_fraction": 0.119897, "perturbation_size": 0.005, "optimizer": "FIRE", "found_minima": [[0.6234994049, 0.02803775853], [-0.05010717330883446, 0.46672115948519605], [-0.5582236134967038, 1.4417258624614488]], "found_saddles": [[0.1395719515313437, 0.24270276133539728], [-0.8420733263234349, 0.4526240286950902]], "bias_count": 27, "energy_calls_at_each_min": [1, 1267, 3277], "force_calls_at_each_min": [1, 1267, 3277], "adaptive_height_scale": 3.0, "adaptive_cov_scale": 3.0, "pert_type": "adaptive"}