{"run_id": 1407, "bias_std_dev_scale": 0.170998, "bias_height_fraction": 0.119897, "perturbation_size": 0.005, "optimizer": "FIRE", "found_minima": [[0.6234994049, 0.02803775853], [-0.05001097321056338, 0.46669413534185844], [-0.5582236560017391, 1.4417258210349533]], "found_saddles": [[0.11622764090257354, 0.13097784681682065], [-0.714195755874662, 0.3916376825529031]], "bias_count": 45, "energy_calls_at_each_min": [1, 1332, 5217], "force_calls_at_each_min": [1, 1332, 5217], "adaptive_height_scale": 4.0, "adaptive_cov_scale": 1.5, "pert_type": "adaptive"}