{"run_id": 587, "bias_std_dev_scale": 0.170998, "bias_height_fraction": 0.119897, "perturbation_size": 0.005, "optimizer": "FIRE", "found_minima": [[0.6234994049, 0.02803775853], [-0.05002968373145589, 0.4666990204994264], [-0.5582236204908508, 1.4417258573675307]], "found_saddles": [[0.4272908464272288, 0.2958435738110985], [-0.059867141650150245, 0.7099509814511762]], "bias_count": 55, "energy_calls_at_each_min": [1, 1161, 6939], "force_calls_at_each_min": [1, 1161, 6939], "adaptive_height_scale": 3.5, "adaptive_cov_scale": 3.5, "pert_type": "adaptive"}