{"run_id": 738, "bias_std_dev_scale": 0.170998, "bias_height_fraction": 0.119897, "perturbation_size": 0.005, "optimizer": "FIRE", "found_minima": [[0.6234994049, 0.02803775853], [-0.05023703036948859, 0.46674193605342584], [-0.5582236237592196, 1.4417258531618218]], "found_saddles": [[0.38700124460684887, 0.38287492027137765], [-0.8040942731322284, 0.4149881980575435]], "bias_count": 38, "energy_calls_at_each_min": [1, 1432, 4299], "force_calls_at_each_min": [1, 1432, 4299], "adaptive_height_scale": 3.5, "adaptive_cov_scale": 1.0, "pert_type": "fixed"}