{"run_id": 272, "bias_std_dev_scale": 0.170998, "bias_height_fraction": 0.119897, "perturbation_size": 0.005, "optimizer": "FIRE", "found_minima": [[0.6234994049, 0.02803775853], [-0.050283014380230466, 0.4667380244433807], [-0.558223644404404, 1.4417258323870497]], "found_saddles": [[0.08571755523080427, 0.175147189017602], [-0.054137644430519376, -0.0790945090928217]], "bias_count": 50, "energy_calls_at_each_min": [1, 1411, 6150], "force_calls_at_each_min": [1, 1411, 6150], "adaptive_height_scale": 4.0, "adaptive_cov_scale": 1.5, "pert_type": "fixed"}