{"run_id": 373, "bias_std_dev_scale": 0.170998, "bias_height_fraction": 0.119897, "perturbation_size": 0.005, "optimizer": "FIRE", "found_minima": [[0.6234994049, 0.02803775853], [-0.05150832705110405, 0.46724011215770445], [-0.5582236469081594, 1.4417258275152847]], "found_saddles": [[0.2628674354378399, 0.3449256993155999], [-0.7990804195260515, 0.689187882430178]], "bias_count": 78, "energy_calls_at_each_min": [1, 1444, 9739], "force_calls_at_each_min": [1, 1444, 9739], "adaptive_height_scale": 2.0, "adaptive_cov_scale": 4.0, "pert_type": "adaptive"}