{"run_id": 1469, "bias_std_dev_scale": 0.170998, "bias_height_fraction": 0.119897, "perturbation_size": 0.005, "optimizer": "FIRE", "found_minima": [[0.6234994049, 0.02803775853], [-0.052444948280147646, 0.46720999323480417], [-0.5582233975917926, 1.4417262535064248]], "found_saddles": [[0.2364593980579845, 0.33168783807954305], [-0.8469964724500662, 0.6189119401525051]], "bias_count": 123, "energy_calls_at_each_min": [1, 2756, 15540], "force_calls_at_each_min": [1, 2756, 15540], "adaptive_height_scale": 1.0, "adaptive_cov_scale": 3.5, "pert_type": "adaptive"}