{"run_id": 308, "bias_std_dev_scale": 0.170998, "bias_height_fraction": 0.119897, "perturbation_size": 0.005, "optimizer": "FIRE", "found_minima": [[0.6234994049, 0.02803775853], [-0.050063525139837466, 0.46670564087002203], [-0.5582236540885989, 1.4417258226128293]], "found_saddles": [[0.09954371117635857, 0.22895583176316475], [-0.8515754488552124, 0.6152804109746196]], "bias_count": 22, "energy_calls_at_each_min": [1, 696, 2640], "force_calls_at_each_min": [1, 696, 2640], "adaptive_height_scale": 5.0, "adaptive_cov_scale": 1.5, "pert_type": "fixed"}