{"run_id": 262, "bias_std_dev_scale": 0.170998, "bias_height_fraction": 0.119897, "perturbation_size": 0.005, "optimizer": "FIRE", "found_minima": [[0.6234994049, 0.02803775853], [-0.05002474502549071, 0.46669686829670076], [-0.5582236488167687, 1.4417258280395728]], "found_saddles": [[0.3060401595685304, 0.318777587662735], [-0.8476783587996914, 0.5767682049869971]], "bias_count": 41, "energy_calls_at_each_min": [1, 480, 5298], "force_calls_at_each_min": [1, 480, 5298], "adaptive_height_scale": 3.5, "adaptive_cov_scale": 3.5, "pert_type": "fixed"}