{"run_id": 586, "bias_std_dev_scale": 0.170998, "bias_height_fraction": 0.119897, "perturbation_size": 0.005, "optimizer": "FIRE", "found_minima": [[0.6234994049, 0.02803775853], [-0.05002494024679597, 0.4666969298875099], [-0.5582236466840873, 1.4417258297986455]], "found_saddles": [[0.25932365856840256, 0.33894998322649805], [0.13652792045251677, -0.18608433772537306]], "bias_count": 55, "energy_calls_at_each_min": [1, 1470, 7759], "force_calls_at_each_min": [1, 1470, 7759], "adaptive_height_scale": 3.5, "adaptive_cov_scale": 3.5, "pert_type": "fixed"}