{"run_id": 379, "bias_std_dev_scale": 0.170998, "bias_height_fraction": 0.119897, "perturbation_size": 0.005, "optimizer": "FIRE", "found_minima": [[0.6234994049, 0.02803775853], [-0.05001195274327589, 0.46669440245315696], [-0.5582236273522193, 1.441725851751914]], "found_saddles": [[0.21796880069512511, 0.304047897407812], [-0.4729505471712897, 0.23670360432802842]], "bias_count": 52, "energy_calls_at_each_min": [1, 1457, 5796], "force_calls_at_each_min": [1, 1457, 5796], "adaptive_height_scale": 2.5, "adaptive_cov_scale": 1.0, "pert_type": "adaptive"}