{"run_id": 624, "bias_std_dev_scale": 0.170998, "bias_height_fraction": 0.119897, "perturbation_size": 0.005, "optimizer": "FIRE", "found_minima": [[0.6234994049, 0.02803775853], [-0.05005581495357849, 0.46670303716071626], [-0.558223631289436, 1.4417258421898225]], "found_saddles": [[0.26353624800831915, 0.3649566149412814], [-0.05975023763390039, -0.19576533469096505]], "bias_count": 47, "energy_calls_at_each_min": [1, 498, 6005], "force_calls_at_each_min": [1, 498, 6005], "adaptive_height_scale": 4.5, "adaptive_cov_scale": 4.0, "pert_type": "fixed"}