{"run_id": 646, "bias_std_dev_scale": 0.170998, "bias_height_fraction": 0.119897, "perturbation_size": 0.005, "optimizer": "FIRE", "found_minima": [[0.6234994049, 0.02803775853], [-0.050131875685383104, 0.46671829633274037], [-0.5582236393589388, 1.4417258356397107]], "found_saddles": [[0.28583607264662775, 0.3515115363438347], [-0.27180929807828846, -0.14852501949646743]], "bias_count": 39, "energy_calls_at_each_min": [1, 513, 5039], "force_calls_at_each_min": [1, 513, 5039], "adaptive_height_scale": 5.0, "adaptive_cov_scale": 5.0, "pert_type": "fixed"}