{"run_id": 837, "bias_std_dev_scale": 0.170998, "bias_height_fraction": 0.119897, "perturbation_size": 0.005, "optimizer": "FIRE", "found_minima": [[0.6234994049, 0.02803775853], [-0.050046333057206356, 0.46670231289961805], [-0.5582236469732211, 1.4417258313670747]], "found_saddles": [[0.21847204608140008, 0.2881433856019862], [-0.7999326450287183, 0.6552236519738269]], "bias_count": 89, "energy_calls_at_each_min": [1, 1422, 10566], "force_calls_at_each_min": [1, 1422, 10566], "adaptive_height_scale": 1.5, "adaptive_cov_scale": 3.0, "pert_type": "adaptive"}