{"run_id": 246, "bias_std_dev_scale": 0.170998, "bias_height_fraction": 0.119897, "perturbation_size": 0.005, "optimizer": "FIRE", "found_minima": [[0.6234994049, 0.02803775853], [-0.05005607340939006, 0.46670314441619976], [-0.5582236148258525, 1.4417258610398154]], "found_saddles": [[0.9328788539436037, -0.022313878014677442], [-0.7305393400563982, 0.34699981534509966]], "bias_count": 32, "energy_calls_at_each_min": [1, 1190, 3896], "force_calls_at_each_min": [1, 1190, 3896], "adaptive_height_scale": 3.0, "adaptive_cov_scale": 4.0, "pert_type": "fixed"}