{"run_id": 311, "bias_std_dev_scale": 0.170998, "bias_height_fraction": 0.119897, "perturbation_size": 0.005, "optimizer": "FIRE", "found_minima": [[0.6234994049, 0.02803775853], [-0.05001096066066849, 0.4666941294399325], [-0.5582236521143569, 1.441725824091256]], "found_saddles": [[0.3452522110422898, 0.29651904009782704], [0.07324056221853398, -0.133572034512692]], "bias_count": 41, "energy_calls_at_each_min": [1, 790, 4838], "force_calls_at_each_min": [1, 790, 4838], "adaptive_height_scale": 5.0, "adaptive_cov_scale": 2.0, "pert_type": "adaptive"}