{"run_id": 1369, "bias_std_dev_scale": 0.170998, "bias_height_fraction": 0.119897, "perturbation_size": 0.005, "optimizer": "FIRE", "found_minima": [[0.6234994049, 0.02803775853], [-0.050011146902601666, 0.46669419104343457], [-0.5582236187486432, 1.4417258576741674]], "found_saddles": [[0.1435905656305034, 0.09934157802674484], [-0.8416586978917985, 0.48837043113130646]], "bias_count": 23, "energy_calls_at_each_min": [1, 1141, 2352], "force_calls_at_each_min": [1, 1141, 2352], "adaptive_height_scale": 3.0, "adaptive_cov_scale": 1.0, "pert_type": "adaptive"}