{"run_id": 1579, "bias_std_dev_scale": 0.170998, "bias_height_fraction": 0.119897, "perturbation_size": 0.005, "optimizer": "FIRE", "found_minima": [[0.6234994049, 0.02803775853], [-0.05005595885583969, 0.46670308729563414], [-0.5582224935630216, 1.4417271040508264]], "found_saddles": [[0.48802955857260977, 0.2890953165277884], [-0.6043184685704948, 0.2602520787648938]], "bias_count": 48, "energy_calls_at_each_min": [1, 1434, 6027], "force_calls_at_each_min": [1, 1434, 6027], "adaptive_height_scale": 4.0, "adaptive_cov_scale": 4.0, "pert_type": "adaptive"}