{"run_id": 310, "bias_std_dev_scale": 0.170998, "bias_height_fraction": 0.119897, "perturbation_size": 0.005, "optimizer": "FIRE", "found_minima": [[0.6234994049, 0.02803775853], [-0.05006383101825093, 0.4667046156625051], [-0.558223643619604, 1.4417258330726033]], "found_saddles": [[0.04845415110368931, 0.12448929509905093], [-0.4542827165663148, 0.7364246640051083]], "bias_count": 37, "energy_calls_at_each_min": [1, 1056, 4527], "force_calls_at_each_min": [1, 1056, 4527], "adaptive_height_scale": 5.0, "adaptive_cov_scale": 2.0, "pert_type": "fixed"}