{"run_id": 1042, "bias_std_dev_scale": 0.170998, "bias_height_fraction": 0.119897, "perturbation_size": 0.005, "optimizer": "FIRE", "found_minima": [[0.6234994049, 0.02803775853], [-0.05316710569250741, 0.46751241834023666], [-0.5582236232313158, 1.441725852820075]], "found_saddles": [[0.2757122867912465, 0.3226814177738779], [-0.8602215190191366, 0.5360618292105731]], "bias_count": 14, "energy_calls_at_each_min": [1, 596, 1828], "force_calls_at_each_min": [1, 596, 1828], "adaptive_height_scale": 2.5, "adaptive_cov_scale": 5.0, "pert_type": "fixed"}