{"run_id": 800, "bias_std_dev_scale": 0.170998, "bias_height_fraction": 0.119897, "perturbation_size": 0.005, "optimizer": "FIRE", "found_minima": [[0.6234994049, 0.02803775853], [-0.0501774393499805, 0.4668048729426933], [-0.5582236197764229, 1.4417258561427913]], "found_saddles": [[0.28823555221831115, 0.3867176121319391], [0.6184649252926937, 0.5422649244247058]], "bias_count": 38, "energy_calls_at_each_min": [1, 725, 4608], "force_calls_at_each_min": [1, 725, 4608], "adaptive_height_scale": 5.0, "adaptive_cov_scale": 3.0, "pert_type": "fixed"}