{"run_id": 1254, "bias_std_dev_scale": 0.170998, "bias_height_fraction": 0.119897, "perturbation_size": 0.005, "optimizer": "FIRE", "found_minima": [[0.6234994049, 0.02803775853], [-0.05005598798437723, 0.46670309738766463], [-0.5582236170211474, 1.441725859389566]], "found_saddles": [[0.8862577564237525, -0.13004221166092905], [-0.7560746398803165, 0.39066778949312597]], "bias_count": 28, "energy_calls_at_each_min": [1, 1485, 3728], "force_calls_at_each_min": [1, 1485, 3728], "adaptive_height_scale": 4.0, "adaptive_cov_scale": 4.0, "pert_type": "fixed"}