{"run_id": 634, "bias_std_dev_scale": 0.170998, "bias_height_fraction": 0.119897, "perturbation_size": 0.005, "optimizer": "FIRE", "found_minima": [[0.6234994049, 0.02803775853], [-0.05002129162465697, 0.46669606043841716], [-0.5582236443541314, 1.4417258322567503]], "found_saddles": [[0.07769151569531266, 0.13502928735250844], [0.5934640505688842, 0.36240372775427243]], "bias_count": 28, "energy_calls_at_each_min": [1, 711, 3366], "force_calls_at_each_min": [1, 711, 3366], "adaptive_height_scale": 5.0, "adaptive_cov_scale": 2.0, "pert_type": "fixed"}