{"run_id": 1435, "bias_std_dev_scale": 0.170998, "bias_height_fraction": 0.119897, "perturbation_size": 0.005, "optimizer": "FIRE", "found_minima": [[0.6234994049, 0.02803775853], [-0.05006401883394691, 0.46670546816518327], [-0.5582236217912476, 1.441725852919216]], "found_saddles": [[0.08977995797754404, 0.21885573308954154], [-0.7183272302787116, 0.6737687196733275]], "bias_count": 29, "energy_calls_at_each_min": [1, 1088, 3616], "force_calls_at_each_min": [1, 1088, 3616], "adaptive_height_scale": 4.5, "adaptive_cov_scale": 4.0, "pert_type": "adaptive"}