{"run_id": 317, "bias_std_dev_scale": 0.170998, "bias_height_fraction": 0.119897, "perturbation_size": 0.005, "optimizer": "FIRE", "found_minima": [[0.6234994049, 0.02803775853], [-0.5582236385331149, 1.4417258415475065]], "found_saddles": [[-0.8534358591291775, 0.6084013559438577]], "bias_count": 5000, "energy_calls_at_each_min": [1, 2681], "force_calls_at_each_min": [1, 2681], "adaptive_height_scale": 5.0, "adaptive_cov_scale": 3.5, "pert_type": "adaptive"}