{"run_id": 235, "bias_std_dev_scale": 0.170998, "bias_height_fraction": 0.119897, "perturbation_size": 0.005, "optimizer": "FIRE", "found_minima": [[0.6234994049, 0.02803775853], [-0.05002965624110477, 0.4666991951844933], [-0.5582236457650135, 1.4417258323588489]], "found_saddles": [[0.3007129661739533, 0.32130445051802803], [0.5576737884204875, 0.47279067114426543]], "bias_count": 72, "energy_calls_at_each_min": [1, 1058, 9518], "force_calls_at_each_min": [1, 1058, 9518], "adaptive_height_scale": 3.0, "adaptive_cov_scale": 1.0, "pert_type": "adaptive"}