{"run_id": 1358, "bias_std_dev_scale": 0.170998, "bias_height_fraction": 0.119897, "perturbation_size": 0.005, "optimizer": "FIRE", "found_minima": [[0.6234994049, 0.02803775853], [-0.5582236355687678, 1.4417258401910023]], "found_saddles": [[-0.09171583979987599, -0.03971582483387953]], "bias_count": 5000, "energy_calls_at_each_min": [1, 8120], "force_calls_at_each_min": [1, 8120], "adaptive_height_scale": 2.5, "adaptive_cov_scale": 3.0, "pert_type": "fixed"}