{"run_id": 856, "bias_std_dev_scale": 0.170998, "bias_height_fraction": 0.119897, "perturbation_size": 0.005, "optimizer": "FIRE", "found_minima": [[0.6234994049, 0.02803775853], [-0.051309431651176206, 0.4669852662633787], [-0.5582236193041912, 1.441725856713665]], "found_saddles": [[0.16018379697735222, 0.2341960209228728], [-0.7765083026642783, 0.6443821587856765]], "bias_count": 60, "energy_calls_at_each_min": [1, 1310, 7626], "force_calls_at_each_min": [1, 1310, 7626], "adaptive_height_scale": 2.0, "adaptive_cov_scale": 3.5, "pert_type": "fixed"}