{"run_id": 1099, "bias_std_dev_scale": 0.170998, "bias_height_fraction": 0.119897, "perturbation_size": 0.005, "optimizer": "FIRE", "found_minima": [[0.6234994049, 0.02803775853], [-0.0500115737674703, 0.4666943069934178], [-0.558223631036659, 1.4417258409811071]], "found_saddles": [[0.334694824207874, 0.2760786257334578], [0.009943474239937473, 0.7497966392739425]], "bias_count": 46, "energy_calls_at_each_min": [1, 495, 5217], "force_calls_at_each_min": [1, 495, 5217], "adaptive_height_scale": 4.5, "adaptive_cov_scale": 1.0, "pert_type": "adaptive"}