{"run_id": 719, "bias_std_dev_scale": 0.170998, "bias_height_fraction": 0.119897, "perturbation_size": 0.005, "optimizer": "FIRE", "found_minima": [[0.6234994049, 0.02803775853], [-0.05019837482517911, 0.46673655842607564], [-0.5582236576339968, 1.4417258188277484]], "found_saddles": [[0.16576609879285303, 0.24134753822241042], [-0.5709632412603362, 0.7477162875382963]], "bias_count": 44, "energy_calls_at_each_min": [1, 1094, 5522], "force_calls_at_each_min": [1, 1094, 5522], "adaptive_height_scale": 2.5, "adaptive_cov_scale": 5.0, "pert_type": "adaptive"}