{"run_id": 1094, "bias_std_dev_scale": 0.170998, "bias_height_fraction": 0.119897, "perturbation_size": 0.005, "optimizer": "FIRE", "found_minima": [[0.6234994049, 0.02803775853], [-0.05012076934631305, 0.46671585897282425], [-0.5582235424291395, 1.441725969019448]], "found_saddles": [[0.849385819337882, -0.13603983532784503], [0.3205389793193352, 0.8796462606604577]], "bias_count": 84, "energy_calls_at_each_min": [1, 1683, 10586], "force_calls_at_each_min": [1, 1683, 10586], "adaptive_height_scale": 4.0, "adaptive_cov_scale": 4.5, "pert_type": "fixed"}