{"run_id": 1036, "bias_std_dev_scale": 0.170998, "bias_height_fraction": 0.119897, "perturbation_size": 0.005, "optimizer": "FIRE", "found_minima": [[0.6234994049, 0.02803775853], [-0.050341619062706094, 0.4667699957025704], [-0.5582236526928495, 1.4417258239706339]], "found_saddles": [[0.600183829497288, 0.22663706124994928], [-0.9042241604799099, 0.4790548747069772]], "bias_count": 72, "energy_calls_at_each_min": [1, 1558, 8911], "force_calls_at_each_min": [1, 1558, 8911], "adaptive_height_scale": 2.5, "adaptive_cov_scale": 3.5, "pert_type": "fixed"}