{"run_id": 1404, "bias_std_dev_scale": 0.170998, "bias_height_fraction": 0.119897, "perturbation_size": 0.005, "optimizer": "FIRE", "found_minima": [[0.6234994049, 0.02803775853], [-0.05001111809885105, 0.46669419102757437], [-0.5582236411383013, 1.441725835351726]], "found_saddles": [[0.17322753404617697, 0.2872907966196182], [-0.7465421022634794, 0.6669420404478911]], "bias_count": 33, "energy_calls_at_each_min": [1, 1032, 3711], "force_calls_at_each_min": [1, 1032, 3711], "adaptive_height_scale": 4.0, "adaptive_cov_scale": 1.0, "pert_type": "fixed"}