{"run_id": 1120, "bias_std_dev_scale": 0.170998, "bias_height_fraction": 0.119897, "perturbation_size": 0.005, "optimizer": "FIRE", "found_minima": [[0.6234994049, 0.02803775853], [-0.05001108126862661, 0.4666941535995642], [-0.5582236508427729, 1.441725826079263]], "found_saddles": [[0.08236002243379603, 0.1477189621300364], [-0.9112843205337691, 0.4389632463448471]], "bias_count": 20, "energy_calls_at_each_min": [1, 613, 2431], "force_calls_at_each_min": [1, 613, 2431], "adaptive_height_scale": 5.0, "adaptive_cov_scale": 2.0, "pert_type": "fixed"}