{"run_id": 733, "bias_std_dev_scale": 0.170998, "bias_height_fraction": 0.119897, "perturbation_size": 0.005, "optimizer": "FIRE", "found_minima": [[0.6234994049, 0.02803775853], [-0.05005630182856016, 0.46670322111369567], [-0.5582236474269806, 1.4417258314798114]], "found_saddles": [[0.5902679756280557, 0.24819861489411235], [-0.16580876761931562, 0.7498860842303106]], "bias_count": 54, "energy_calls_at_each_min": [1, 1155, 6921], "force_calls_at_each_min": [1, 1155, 6921], "adaptive_height_scale": 3.0, "adaptive_cov_scale": 4.0, "pert_type": "adaptive"}