{"run_id": 1474, "bias_std_dev_scale": 0.170998, "bias_height_fraction": 0.119897, "perturbation_size": 0.005, "optimizer": "FIRE", "found_minima": [[0.6234994049, 0.02803775853], [-0.05027159798518709, 0.46676384479278105], [-0.5582236490455975, 1.441725828413339]], "found_saddles": [[0.21785220017375956, 0.28119835060586373], [0.7261792007714972, 0.2912155670923917]], "bias_count": 151, "energy_calls_at_each_min": [1, 1965, 19006], "force_calls_at_each_min": [1, 1965, 19006], "adaptive_height_scale": 1.0, "adaptive_cov_scale": 5.0, "pert_type": "fixed"}