{"run_id": 825, "bias_std_dev_scale": 0.170998, "bias_height_fraction": 0.119897, "perturbation_size": 0.005, "optimizer": "FIRE", "found_minima": [[0.6234994049, 0.02803775853], [-0.05014364803130569, 0.4667238536923734], [-0.5582236283161485, 1.4417258454220188]], "found_saddles": [[0.276566582885146, 0.3052964699805302], [-0.7585607966953726, 0.6469175292014044]], "bias_count": 122, "energy_calls_at_each_min": [1, 2551, 14956], "force_calls_at_each_min": [1, 2551, 14956], "adaptive_height_scale": 1.0, "adaptive_cov_scale": 4.5, "pert_type": "adaptive"}