{"run_id": 1142, "bias_std_dev_scale": 0.170998, "bias_height_fraction": 0.119897, "perturbation_size": 0.005, "optimizer": "FIRE", "found_minima": [[0.6234994049, 0.02803775853], [-0.05001402730474431, 0.466694768631638], [-0.5582233803940863, 1.4417261974184012]], "found_saddles": [[0.2297832745747505, 0.2840419175729525], [-0.0705597707905981, -0.05659493886164382]], "bias_count": 161, "energy_calls_at_each_min": [1, 2801, 20433], "force_calls_at_each_min": [1, 2801, 20433], "adaptive_height_scale": 1.0, "adaptive_cov_scale": 3.0, "pert_type": "fixed"}