{"run_id": 695, "bias_std_dev_scale": 0.170998, "bias_height_fraction": 0.119897, "perturbation_size": 0.005, "optimizer": "FIRE", "found_minima": [[0.6234994049, 0.02803775853], [-0.05010498927884741, 0.4667118164568447], [-0.5582236189936389, 1.4417258590358082]], "found_saddles": [[0.2648718006687271, 0.3758808873536508], [-0.7249978311578417, 0.6705532726261865]], "bias_count": 37, "energy_calls_at_each_min": [1, 1290, 4292], "force_calls_at_each_min": [1, 1290, 4292], "adaptive_height_scale": 2.0, "adaptive_cov_scale": 3.5, "pert_type": "adaptive"}