{"run_id": 697, "bias_std_dev_scale": 0.170998, "bias_height_fraction": 0.119897, "perturbation_size": 0.005, "optimizer": "FIRE", "found_minima": [[0.6234994049, 0.02803775853], [-0.050118961074944984, 0.4667164606911205], [-0.5582236175044016, 1.441725860050871]], "found_saddles": [[0.16420488943858114, 0.2744469276564051], [-0.36801185657690405, 0.10858177703159719]], "bias_count": 91, "energy_calls_at_each_min": [1, 1691, 11322], "force_calls_at_each_min": [1, 1691, 11322], "adaptive_height_scale": 2.0, "adaptive_cov_scale": 4.0, "pert_type": "adaptive"}