{"run_id": 958, "bias_std_dev_scale": 0.170998, "bias_height_fraction": 0.119897, "perturbation_size": 0.005, "optimizer": "FIRE", "found_minima": [[0.6234994049, 0.02803775853], [-0.05001180820927904, 0.46669428401183066], [-0.5582236203421124, 1.441725857048155]], "found_saddles": [[0.09122249571266236, 0.13288909718103897], [-0.8433586809938254, 0.38645920622730173]], "bias_count": 37, "energy_calls_at_each_min": [1, 504, 4328], "force_calls_at_each_min": [1, 504, 4328], "adaptive_height_scale": 5.0, "adaptive_cov_scale": 2.0, "pert_type": "fixed"}