{"run_id": 1385, "bias_std_dev_scale": 0.170998, "bias_height_fraction": 0.119897, "perturbation_size": 0.005, "optimizer": "FIRE", "found_minima": [[0.6234994049, 0.02803775853], [-0.05013236516312755, 0.46671854667782464], [-0.5582236465363631, 1.4417258302980867]], "found_saddles": [[0.5904201186697737, -0.14093106097795377], [0.5696398860833903, 0.40999761010499586]], "bias_count": 58, "energy_calls_at_each_min": [1, 1926, 7446], "force_calls_at_each_min": [1, 1926, 7446], "adaptive_height_scale": 3.0, "adaptive_cov_scale": 5.0, "pert_type": "adaptive"}