{"run_id": 9, "bias_std_dev_scale": 0.170998, "bias_height_fraction": 0.119897, "perturbation_size": 0.005, "optimizer": "FIRE", "found_minima": [[0.6234994049, 0.02803775853], [-0.050033428773357314, 0.4667009900559675], [-0.5582236401275966, 1.4417258380521307]], "found_saddles": [[0.1699581790350907, 0.2874601890915566], [-0.8358293725869939, 0.6350801792279732]], "bias_count": 96, "energy_calls_at_each_min": [1, 2394, 11789], "force_calls_at_each_min": [1, 2394, 11789], "adaptive_height_scale": 1.0, "adaptive_cov_scale": 3.0, "pert_type": "adaptive"}