{"run_id": 1317, "bias_std_dev_scale": 0.170998, "bias_height_fraction": 0.119897, "perturbation_size": 0.005, "optimizer": "FIRE", "found_minima": [[0.6234994049, 0.02803775853], [-0.05008348256803246, 0.4667114155339544], [-0.5582236175677383, 1.4417258599159257]], "found_saddles": [[0.12926276544829177, 0.1815735161097446], [-0.8342967987408576, 0.6187322556487861]], "bias_count": 78, "energy_calls_at_each_min": [1, 1522, 9186], "force_calls_at_each_min": [1, 1522, 9186], "adaptive_height_scale": 1.5, "adaptive_cov_scale": 1.5, "pert_type": "adaptive"}