{"run_id": 263, "bias_std_dev_scale": 0.170998, "bias_height_fraction": 0.119897, "perturbation_size": 0.005, "optimizer": "FIRE", "found_minima": [[0.6234994049, 0.02803775853], [-0.05002501664574096, 0.46669695454179677], [-0.5582236203223057, 1.4417258570793205]], "found_saddles": [[0.8228101454183292, -0.10008455861872899], [-0.15718202201848835, -0.01762624972596808]], "bias_count": 59, "energy_calls_at_each_min": [1, 1751, 7339], "force_calls_at_each_min": [1, 1751, 7339], "adaptive_height_scale": 3.5, "adaptive_cov_scale": 3.5, "pert_type": "adaptive"}