{"run_id": 1556, "bias_std_dev_scale": 0.170998, "bias_height_fraction": 0.119897, "perturbation_size": 0.005, "optimizer": "FIRE", "found_minima": [[0.6234994049, 0.02803775853], [-0.05001403957065702, 0.46669487354381467], [-0.5582236450228621, 1.4417258288791883]], "found_saddles": [[0.1416940022491458, 0.18702036031434402], [-0.7361521853767047, 0.3979795680758281]], "bias_count": 26, "energy_calls_at_each_min": [1, 681, 3343], "force_calls_at_each_min": [1, 681, 3343], "adaptive_height_scale": 3.5, "adaptive_cov_scale": 3.0, "pert_type": "fixed"}