{"run_id": 428, "bias_std_dev_scale": 0.170998, "bias_height_fraction": 0.119897, "perturbation_size": 0.005, "optimizer": "FIRE", "found_minima": [[0.6234994049, 0.02803775853], [-0.05012621240309024, 0.46671803161021685], [-0.5582236503059771, 1.4417258265189328]], "found_saddles": [[0.5746130275038986, 0.23590581598221774], [-0.1629102069153201, 0.811853439978168]], "bias_count": 89, "energy_calls_at_each_min": [1, 1097, 11191], "force_calls_at_each_min": [1, 1097, 11191], "adaptive_height_scale": 3.5, "adaptive_cov_scale": 4.5, "pert_type": "fixed"}