{"run_id": 977, "bias_std_dev_scale": 0.170998, "bias_height_fraction": 0.119897, "perturbation_size": 0.005, "optimizer": "FIRE", "found_minima": [[0.6234994049, 0.02803775853], [-0.050039143047092054, 0.46669994640496343], [-0.5582236495546253, 1.4417258270634838]], "found_saddles": [[0.17700030605484185, 0.2917036463042437], [-0.8132974165630344, 0.4878069232497465]], "bias_count": 123, "energy_calls_at_each_min": [1, 2805, 14331], "force_calls_at_each_min": [1, 2805, 14331], "adaptive_height_scale": 1.0, "adaptive_cov_scale": 2.0, "pert_type": "adaptive"}