{"run_id": 50, "bias_std_dev_scale": 0.170998, "bias_height_fraction": 0.119897, "perturbation_size": 0.005, "optimizer": "FIRE", "found_minima": [[0.6234994049, 0.02803775853], [-0.050158537601796234, 0.46672597603174204], [-0.5582157310857361, 1.4417348443897655]], "found_saddles": [[0.29492367100916345, 0.2882054835537628], [-0.24390182961798273, -0.004186950425773394]], "bias_count": 111, "energy_calls_at_each_min": [1, 1101, 14370], "force_calls_at_each_min": [1, 1101, 14370], "adaptive_height_scale": 2.0, "adaptive_cov_scale": 4.5, "pert_type": "fixed"}