{"run_id": 14, "bias_std_dev_scale": 0.170998, "bias_height_fraction": 0.119897, "perturbation_size": 0.005, "optimizer": "FIRE", "found_minima": [[0.6234994049, 0.02803775853], [-0.05217317838388735, 0.4676135421271478], [-0.5582162099134171, 1.4417361374832853]], "found_saddles": [[0.2213564647930701, 0.3200670804740027], [-0.8522352134288124, 0.5267224914454586]], "bias_count": 128, "energy_calls_at_each_min": [1, 2272, 16388], "force_calls_at_each_min": [1, 2272, 16388], "adaptive_height_scale": 1.0, "adaptive_cov_scale": 4.5, "pert_type": "fixed"}