{"run_id": 961, "bias_std_dev_scale": 0.170998, "bias_height_fraction": 0.119897, "perturbation_size": 0.005, "optimizer": "FIRE", "found_minima": [[0.6234994049, 0.02803775853], [-0.5582236515947022, 1.4417258244132247]], "found_saddles": [[-0.6846124995598674, 0.7032681360859894]], "bias_count": 5000, "energy_calls_at_each_min": [1, 4897], "force_calls_at_each_min": [1, 4897], "adaptive_height_scale": 5.0, "adaptive_cov_scale": 2.5, "pert_type": "adaptive"}