{"run_id": 313, "bias_std_dev_scale": 0.170998, "bias_height_fraction": 0.119897, "perturbation_size": 0.005, "optimizer": "FIRE", "found_minima": [[0.6234994049, 0.02803775853], [-0.050547674119860726, 0.46682287186457216], [-0.5582236156342755, 1.4417258613804704]], "found_saddles": [[0.182918215650298, 0.2645089893914824], [-0.4039555916953113, 0.11335275829284491]], "bias_count": 41, "energy_calls_at_each_min": [1, 483, 5178], "force_calls_at_each_min": [1, 483, 5178], "adaptive_height_scale": 5.0, "adaptive_cov_scale": 2.5, "pert_type": "adaptive"}