{"run_id": 1461, "bias_std_dev_scale": 0.170998, "bias_height_fraction": 0.119897, "perturbation_size": 0.005, "optimizer": "FIRE", "found_minima": [[0.6234994049, 0.02803775853], [-0.050048880306342546, 0.4667018730271917], [-0.55822362168961, 1.44172585681549]], "found_saddles": [[0.22812418095969006, 0.30744753120035523], [-0.8257668399628904, 0.6223018221173754]], "bias_count": 117, "energy_calls_at_each_min": [1, 2575, 13596], "force_calls_at_each_min": [1, 2575, 13596], "adaptive_height_scale": 1.0, "adaptive_cov_scale": 1.5, "pert_type": "adaptive"}