{"run_id": 1045, "bias_std_dev_scale": 0.170998, "bias_height_fraction": 0.119897, "perturbation_size": 0.005, "optimizer": "FIRE", "found_minima": [[0.6234994049, 0.02803775853], [-0.050034861207837754, 0.4667004572717224], [-0.5582236513120722, 1.4417258256457648]], "found_saddles": [[0.2815125149833038, 0.31177459704330907], [-0.7456341449243169, 0.6767989107299079]], "bias_count": 32, "energy_calls_at_each_min": [1, 852, 3484], "force_calls_at_each_min": [1, 852, 3484], "adaptive_height_scale": 3.0, "adaptive_cov_scale": 1.0, "pert_type": "adaptive"}