{"run_id": 858, "bias_std_dev_scale": 0.170998, "bias_height_fraction": 0.119897, "perturbation_size": 0.005, "optimizer": "FIRE", "found_minima": [[0.6234994049, 0.02803775853], [-0.050147355082819235, 0.46672514226785333], [-0.5582236405205386, 1.4417258386189011]], "found_saddles": [[0.3459764544239909, 0.3167401553555035], [-0.1076977331481843, -0.09700801456888303]], "bias_count": 59, "energy_calls_at_each_min": [1, 2012, 7118], "force_calls_at_each_min": [1, 2012, 7118], "adaptive_height_scale": 2.0, "adaptive_cov_scale": 4.0, "pert_type": "fixed"}