{"run_id": 1348, "bias_std_dev_scale": 0.170998, "bias_height_fraction": 0.119897, "perturbation_size": 0.005, "optimizer": "FIRE", "found_minima": [[0.6234994049, 0.02803775853], [-0.05018968710822683, 0.46673484911895713], [-0.5582236293264443, 1.441725849795644]], "found_saddles": [[0.22223775674663285, 0.2972489808994159], [-0.5845444472037823, 0.703489079254872]], "bias_count": 77, "energy_calls_at_each_min": [1, 936, 9955], "force_calls_at_each_min": [1, 936, 9955], "adaptive_height_scale": 2.0, "adaptive_cov_scale": 5.0, "pert_type": "fixed"}