{"run_id": 934, "bias_std_dev_scale": 0.170998, "bias_height_fraction": 0.119897, "perturbation_size": 0.005, "optimizer": "FIRE", "found_minima": [[0.6234994049, 0.02803775853], [-0.050130892726882904, 0.4667178852023285], [-0.558223651521455, 1.4417258252427352]], "found_saddles": [[0.29092501811816757, 0.3582413766238054], [0.3289375367975767, 0.7740966799426333]], "bias_count": 42, "energy_calls_at_each_min": [1, 439, 6208], "force_calls_at_each_min": [1, 439, 6208], "adaptive_height_scale": 4.0, "adaptive_cov_scale": 5.0, "pert_type": "fixed"}