{"run_id": 1398, "bias_std_dev_scale": 0.170998, "bias_height_fraction": 0.119897, "perturbation_size": 0.005, "optimizer": "FIRE", "found_minima": [[0.6234994049, 0.02803775853], [-0.050056546825983365, 0.4667033309543359], [-0.5582236534985657, 1.441725821922089]], "found_saddles": [[0.3480463542682081, 0.31265312452219435], [0.554843772077974, 0.657139463240761]], "bias_count": 71, "energy_calls_at_each_min": [1, 740, 8913], "force_calls_at_each_min": [1, 740, 8913], "adaptive_height_scale": 3.5, "adaptive_cov_scale": 4.0, "pert_type": "fixed"}