{"run_id": 116, "bias_std_dev_scale": 0.170998, "bias_height_fraction": 0.119897, "perturbation_size": 0.005, "optimizer": "FIRE", "found_minima": [[0.6234994049, 0.02803775853], [-0.05002234892326408, 0.4666998542981074], [-0.5582236239266251, 1.4417258497189018]], "found_saddles": [[0.1619267647422345, 0.24911899191830947], [-0.8988419699246432, 0.4895333056389093]], "bias_count": 31, "energy_calls_at_each_min": [1, 1181, 3862], "force_calls_at_each_min": [1, 1181, 3862], "adaptive_height_scale": 4.0, "adaptive_cov_scale": 3.0, "pert_type": "fixed"}