{"run_id": 126, "bias_std_dev_scale": 0.170998, "bias_height_fraction": 0.119897, "perturbation_size": 0.005, "optimizer": "FIRE", "found_minima": [[0.6234994049, 0.02803775853], [-0.050012391351438576, 0.4666945246220448], [-0.5582236533729328, 1.441725823379457]], "found_saddles": [[0.3057862463534706, 0.31373231293795417], [-0.771817432587116, 0.422600399621966]], "bias_count": 20, "energy_calls_at_each_min": [1, 1047, 2209], "force_calls_at_each_min": [1, 1047, 2209], "adaptive_height_scale": 4.5, "adaptive_cov_scale": 1.0, "pert_type": "fixed"}