{"run_id": 984, "bias_std_dev_scale": 0.170998, "bias_height_fraction": 0.119897, "perturbation_size": 0.005, "optimizer": "FIRE", "found_minima": [[0.6234994049, 0.02803775853], [-0.05063658504059111, 0.4670104667796052], [-0.5582236564542998, 1.4417258200612908]], "found_saddles": [[0.2486259200906788, 0.3107621146491687], [0.5630324503648714, 0.39877014960434604]], "bias_count": 145, "energy_calls_at_each_min": [1, 3205, 19228], "force_calls_at_each_min": [1, 3205, 19228], "adaptive_height_scale": 1.0, "adaptive_cov_scale": 4.0, "pert_type": "fixed"}