{"run_id": 1259, "bias_std_dev_scale": 0.170998, "bias_height_fraction": 0.119897, "perturbation_size": 0.005, "optimizer": "FIRE", "found_minima": [[0.6234994049, 0.02803775853], [-0.050132522918277564, 0.4667186562458485], [-0.5582236495492581, 1.4417258281941594]], "found_saddles": [[0.14666004051688034, 0.2533068566900728], [-0.6566403518248763, 0.7313957956444226]], "bias_count": 31, "energy_calls_at_each_min": [1, 968, 4079], "force_calls_at_each_min": [1, 968, 4079], "adaptive_height_scale": 4.0, "adaptive_cov_scale": 5.0, "pert_type": "adaptive"}