{"run_id": 327, "bias_std_dev_scale": 0.170998, "bias_height_fraction": 0.119897, "perturbation_size": 0.005, "optimizer": "FIRE", "found_minima": [[0.6234994049, 0.02803775853], [-0.050099353323749325, 0.46671326131880286], [-0.558223651476959, 1.4417258252370435]], "found_saddles": [[0.2321094489338914, 0.32046510487384683], [-0.828487478195881, 0.5840909167348478]], "bias_count": 128, "energy_calls_at_each_min": [1, 2464, 15250], "force_calls_at_each_min": [1, 2464, 15250], "adaptive_height_scale": 1.0, "adaptive_cov_scale": 1.5, "pert_type": "adaptive"}