{"run_id": 539, "bias_std_dev_scale": 0.170998, "bias_height_fraction": 0.119897, "perturbation_size": 0.005, "optimizer": "FIRE", "found_minima": [[0.6234994049, 0.02803775853], [-0.05043598064489365, 0.4667847355401294], [-0.5582236205975053, 1.4417258567946418]], "found_saddles": [[0.17145946896905723, 0.27244112494487865], [0.09177364572835453, -0.1290133951533429]], "bias_count": 81, "energy_calls_at_each_min": [1, 1153, 10677], "force_calls_at_each_min": [1, 1153, 10677], "adaptive_height_scale": 2.0, "adaptive_cov_scale": 5.0, "pert_type": "adaptive"}