{"run_id": 1061, "bias_std_dev_scale": 0.170998, "bias_height_fraction": 0.119897, "perturbation_size": 0.005, "optimizer": "FIRE", "found_minima": [[0.6234994049, 0.02803775853], [-0.05013574964237178, 0.4667198508959312], [-0.558223638733535, 1.441725834890018]], "found_saddles": [[0.28138133843764995, 0.3244816159029292], [0.6612138059668893, 0.38467628767656037]], "bias_count": 74, "energy_calls_at_each_min": [1, 1237, 9769], "force_calls_at_each_min": [1, 1237, 9769], "adaptive_height_scale": 3.0, "adaptive_cov_scale": 5.0, "pert_type": "adaptive"}