{"run_id": 603, "bias_std_dev_scale": 0.170998, "bias_height_fraction": 0.119897, "perturbation_size": 0.005, "optimizer": "FIRE", "found_minima": [[0.6234994049, 0.02803775853], [-0.05051822414149574, 0.46686940096924895], [-0.558223627258223, 1.441725850887192]], "found_saddles": [[0.1302059266322874, 0.2911404492288188], [-0.8680774113874598, 0.5742003675789551]], "bias_count": 35, "energy_calls_at_each_min": [1, 617, 4254], "force_calls_at_each_min": [1, 617, 4254], "adaptive_height_scale": 4.0, "adaptive_cov_scale": 3.0, "pert_type": "adaptive"}