{"run_id": 1113, "bias_std_dev_scale": 0.170998, "bias_height_fraction": 0.119897, "perturbation_size": 0.005, "optimizer": "FIRE", "found_minima": [[0.6234994049, 0.02803775853], [-0.05012739819683554, 0.466721429969343], [-0.5582236478879945, 1.44172582991843]], "found_saddles": [[0.8053315438648972, 0.1759299426233808], [-0.7280034647834035, 0.6980826896085971]], "bias_count": 21, "energy_calls_at_each_min": [1, 1216, 2498], "force_calls_at_each_min": [1, 1216, 2498], "adaptive_height_scale": 4.5, "adaptive_cov_scale": 4.5, "pert_type": "adaptive"}