{"run_id": 41, "bias_std_dev_scale": 0.170998, "bias_height_fraction": 0.119897, "perturbation_size": 0.005, "optimizer": "FIRE", "found_minima": [[0.6234994049, 0.02803775853], [-0.05001572201150228, 0.46669687469318516], [-0.5582236468034556, 1.4417258299389555]], "found_saddles": [[0.22712017605194393, 0.30312977909719807], [-0.8409012979975303, 0.6242394982280841]], "bias_count": 30, "energy_calls_at_each_min": [1, 1304, 3596], "force_calls_at_each_min": [1, 1304, 3596], "adaptive_height_scale": 2.0, "adaptive_cov_scale": 2.0, "pert_type": "adaptive"}