{"run_id": 307, "bias_std_dev_scale": 0.170998, "bias_height_fraction": 0.119897, "perturbation_size": 0.005, "optimizer": "FIRE", "found_minima": [[0.6234994049, 0.02803775853], [-0.05001243882957655, 0.4666945389772651], [-0.5582236415934609, 1.4417258347708093]], "found_saddles": [[0.2553045018472692, 0.30421719768376987], [0.21934484925660644, 0.7397518330681855]], "bias_count": 71, "energy_calls_at_each_min": [1, 467, 8264], "force_calls_at_each_min": [1, 467, 8264], "adaptive_height_scale": 5.0, "adaptive_cov_scale": 1.0, "pert_type": "adaptive"}