{"run_id": 1344, "bias_std_dev_scale": 0.170998, "bias_height_fraction": 0.119897, "perturbation_size": 0.005, "optimizer": "FIRE", "found_minima": [[0.6234994049, 0.02803775853], [-0.05007483774261569, 0.4667078526006664], [-0.5582236491086533, 1.4417258274494882]], "found_saddles": [[0.1806077981137907, 0.22114754913352913], [-0.7649163813195973, 0.6775312622998702]], "bias_count": 46, "energy_calls_at_each_min": [1, 1781, 5709], "force_calls_at_each_min": [1, 1781, 5709], "adaptive_height_scale": 2.0, "adaptive_cov_scale": 4.0, "pert_type": "fixed"}