{"run_id": 1143, "bias_std_dev_scale": 0.170998, "bias_height_fraction": 0.119897, "perturbation_size": 0.005, "optimizer": "FIRE", "found_minima": [[0.6234994049, 0.02803775853], [-0.05176814451516533, 0.4671760653224501], [-0.5582236469111143, 1.4417258310698609]], "found_saddles": [[0.3370261906050559, 0.31765597075842944], [-0.7747067029738219, 0.639694266798759]], "bias_count": 142, "energy_calls_at_each_min": [1, 2452, 17239], "force_calls_at_each_min": [1, 2452, 17239], "adaptive_height_scale": 1.0, "adaptive_cov_scale": 3.0, "pert_type": "adaptive"}