{"run_id": 709, "bias_std_dev_scale": 0.170998, "bias_height_fraction": 0.119897, "perturbation_size": 0.005, "optimizer": "FIRE", "found_minima": [[0.6234994049, 0.02803775853], [-0.05010776626662191, 0.46671928389501605], [-0.5582236441568805, 1.441725832503312]], "found_saddles": [[0.2736974631486648, 0.30655750517963787], [-0.8509449622364437, 0.6276793042293811]], "bias_count": 19, "energy_calls_at_each_min": [1, 1463, 2107], "force_calls_at_each_min": [1, 1463, 2107], "adaptive_height_scale": 2.5, "adaptive_cov_scale": 2.5, "pert_type": "adaptive"}