{"run_id": 691, "bias_std_dev_scale": 0.170998, "bias_height_fraction": 0.119897, "perturbation_size": 0.005, "optimizer": "FIRE", "found_minima": [[0.6234994049, 0.02803775853], [-0.05001111971546807, 0.4666941687225032], [-0.5582236209283942, 1.4417258564404298]], "found_saddles": [[0.1713803340662402, 0.2826390636047287], [-0.820248680045896, 0.6283713272556072]], "bias_count": 29, "energy_calls_at_each_min": [1, 1436, 3288], "force_calls_at_each_min": [1, 1436, 3288], "adaptive_height_scale": 2.0, "adaptive_cov_scale": 2.5, "pert_type": "adaptive"}