{"run_id": 558, "bias_std_dev_scale": 0.170998, "bias_height_fraction": 0.119897, "perturbation_size": 0.005, "optimizer": "FIRE", "found_minima": [[0.6234994049, 0.02803775853], [-0.0500154060261912, 0.46669503166100357], [-0.5582236450851551, 1.441725831518307]], "found_saddles": [[0.3586142872763396, 0.32969434695981903], [-0.8054204782298711, 0.6337309228779913]], "bias_count": 34, "energy_calls_at_each_min": [1, 1156, 3596], "force_calls_at_each_min": [1, 1156, 3596], "adaptive_height_scale": 3.0, "adaptive_cov_scale": 1.0, "pert_type": "fixed"}