{"run_id": 1350, "bias_std_dev_scale": 0.170998, "bias_height_fraction": 0.119897, "perturbation_size": 0.005, "optimizer": "FIRE", "found_minima": [[0.6234994049, 0.02803775853], [-0.050011014307352955, 0.4666941614140587], [-0.5582236199830829, 1.4417258559775363]], "found_saddles": [[0.21724073249001297, 0.2912702686999204], [-0.2133293749440721, 0.03728230036758681]], "bias_count": 90, "energy_calls_at_each_min": [1, 1766, 10782], "force_calls_at_each_min": [1, 1766, 10782], "adaptive_height_scale": 2.5, "adaptive_cov_scale": 1.0, "pert_type": "fixed"}