{"run_id": 1384, "bias_std_dev_scale": 0.170998, "bias_height_fraction": 0.119897, "perturbation_size": 0.005, "optimizer": "FIRE", "found_minima": [[0.6234994049, 0.02803775853], [-0.05013136650888595, 0.4667180652966772], [-0.5582236511132724, 1.4417258255348242]], "found_saddles": [[0.3342558036879277, 0.2829241770717292], [-0.8291021234125336, 0.587316068161041]], "bias_count": 38, "energy_calls_at_each_min": [1, 418, 4658], "force_calls_at_each_min": [1, 418, 4658], "adaptive_height_scale": 3.0, "adaptive_cov_scale": 5.0, "pert_type": "fixed"}