{"run_id": 1049, "bias_std_dev_scale": 0.170998, "bias_height_fraction": 0.119897, "perturbation_size": 0.005, "optimizer": "FIRE", "found_minima": [[0.6234994049, 0.02803775853], [-0.050024869500942454, 0.46669731510124823], [-0.5582236230887714, 1.4417258529644954]], "found_saddles": [[0.23194929033706047, 0.2804591989561327], [-0.18953295964528408, 0.049934586403812445]], "bias_count": 63, "energy_calls_at_each_min": [1, 979, 7634], "force_calls_at_each_min": [1, 979, 7634], "adaptive_height_scale": 3.0, "adaptive_cov_scale": 2.0, "pert_type": "adaptive"}