{"run_id": 1426, "bias_std_dev_scale": 0.170998, "bias_height_fraction": 0.119897, "perturbation_size": 0.005, "optimizer": "FIRE", "found_minima": [[0.6234994049, 0.02803775853], [-0.050046781091402, 0.4667050452682882], [-0.5582236379639071, 1.4417258367556907]], "found_saddles": [[0.2709893646668767, -0.11898652409687724], [-0.7801598048047466, 0.39438727392490386]], "bias_count": 20, "energy_calls_at_each_min": [1, 1202, 2365], "force_calls_at_each_min": [1, 1202, 2365], "adaptive_height_scale": 4.5, "adaptive_cov_scale": 2.0, "pert_type": "fixed"}