{"run_id": 889, "bias_std_dev_scale": 0.170998, "bias_height_fraction": 0.119897, "perturbation_size": 0.005, "optimizer": "FIRE", "found_minima": [[0.6234994049, 0.02803775853], [-0.050321457527218345, 0.4667619012955509], [-0.5582236376838672, 1.4417258363385748]], "found_saddles": [[0.2248133699322501, 0.30699460996851785], [-0.8821213115813988, 0.5977444836037532]], "bias_count": 19, "energy_calls_at_each_min": [1, 1098, 2178], "force_calls_at_each_min": [1, 1098, 2178], "adaptive_height_scale": 3.0, "adaptive_cov_scale": 2.5, "pert_type": "adaptive"}