{"run_id": 952, "bias_std_dev_scale": 0.170998, "bias_height_fraction": 0.119897, "perturbation_size": 0.005, "optimizer": "FIRE", "found_minima": [[0.6234994049, 0.02803775853], [-0.05013170182250677, 0.46671825043345194], [-0.558223646072417, 1.4417258290219046]], "found_saddles": [[0.1891730652504381, -0.07374354584692924], [0.12478960687720875, 0.8785969559979501]], "bias_count": 47, "energy_calls_at_each_min": [1, 1676, 5906], "force_calls_at_each_min": [1, 1676, 5906], "adaptive_height_scale": 4.5, "adaptive_cov_scale": 5.0, "pert_type": "fixed"}