{"run_id": 472, "bias_std_dev_scale": 0.170998, "bias_height_fraction": 0.119897, "perturbation_size": 0.005, "optimizer": "FIRE", "found_minima": [[0.6234994049, 0.02803775853], [-0.050020833643680665, 0.46669597111520045], [-0.558223648672754, 1.4417258265401984]], "found_saddles": [[0.061944860172447956, 0.16856322722934444], [-0.8326924364130194, 0.3852788951531978]], "bias_count": 34, "energy_calls_at_each_min": [1, 1007, 4106], "force_calls_at_each_min": [1, 1007, 4106], "adaptive_height_scale": 5.0, "adaptive_cov_scale": 2.0, "pert_type": "fixed"}