{"run_id": 1288, "bias_std_dev_scale": 0.170998, "bias_height_fraction": 0.119897, "perturbation_size": 0.005, "optimizer": "FIRE", "found_minima": [[0.6234994049, 0.02803775853], [-0.050083833588121934, 0.4667159512545775], [-0.558223623029501, 1.4417258530163493]], "found_saddles": [[0.5175270685827358, 0.36690681049316], [-0.6216024273983948, 0.35008325979113325]], "bias_count": 30, "energy_calls_at_each_min": [1, 1543, 3747], "force_calls_at_each_min": [1, 1543, 3747], "adaptive_height_scale": 5.0, "adaptive_cov_scale": 3.5, "pert_type": "fixed"}