{"run_id": 204, "bias_std_dev_scale": 0.170998, "bias_height_fraction": 0.119897, "perturbation_size": 0.005, "optimizer": "FIRE", "found_minima": [[0.6234994049, 0.02803775853], [-0.05038089161742111, 0.46678150019551573], [-0.5582236522896838, 1.4417258246588214]], "found_saddles": [[0.2046034586431387, 0.2933100325028749], [-0.8312391934340388, 0.6148674888991935]], "bias_count": 41, "energy_calls_at_each_min": [1, 1723, 4968], "force_calls_at_each_min": [1, 1723, 4968], "adaptive_height_scale": 2.0, "adaptive_cov_scale": 2.5, "pert_type": "fixed"}