{"run_id": 981, "bias_std_dev_scale": 0.170998, "bias_height_fraction": 0.119897, "perturbation_size": 0.005, "optimizer": "FIRE", "found_minima": [[0.6234994049, 0.02803775853], [-0.0548352767156876, 0.4672486257060163], [-0.5582236399785026, 1.4417258385301794]], "found_saddles": [[0.2336045093690799, 0.356470254817408], [-0.805429792106195, 0.6367247344909267]], "bias_count": 127, "energy_calls_at_each_min": [1, 2664, 15588], "force_calls_at_each_min": [1, 2664, 15588], "adaptive_height_scale": 1.0, "adaptive_cov_scale": 3.0, "pert_type": "adaptive"}