{"run_id": 655, "bias_std_dev_scale": 0.170998, "bias_height_fraction": 0.119897, "perturbation_size": 0.005, "optimizer": "FIRE", "found_minima": [[0.6234994049, 0.02803775853], [-0.05001975258307634, 0.4666964393540622], [-0.5582236289078331, 1.4417258450900579]], "found_saddles": [[0.22331733108145227, 0.28617020987593966], [-0.836820855389506, 0.6255188104308307]], "bias_count": 114, "energy_calls_at_each_min": [1, 2566, 14198], "force_calls_at_each_min": [1, 2566, 14198], "adaptive_height_scale": 1.0, "adaptive_cov_scale": 2.5, "pert_type": "adaptive"}