{"run_id": 320, "bias_std_dev_scale": 0.170998, "bias_height_fraction": 0.119897, "perturbation_size": 0.005, "optimizer": "FIRE", "found_minima": [[0.6234994049, 0.02803775853], [-0.050120542602346795, 0.466715748868218], [-0.5582236214916758, 1.4417258605150762]], "found_saddles": [[0.7815239628213305, -0.16717747827237617], [0.5060053204423, -0.23384667736198692]], "bias_count": 34, "energy_calls_at_each_min": [1, 1137, 4287], "force_calls_at_each_min": [1, 1137, 4287], "adaptive_height_scale": 5.0, "adaptive_cov_scale": 4.5, "pert_type": "fixed"}