{"run_id": 88, "bias_std_dev_scale": 0.170998, "bias_height_fraction": 0.119897, "perturbation_size": 0.005, "optimizer": "FIRE", "found_minima": [[0.6234994049, 0.02803775853], [-0.05013091198697202, 0.4667178896939164], [-0.5582236282962798, 1.4417258445110914]], "found_saddles": [[0.2811450188291162, 0.30898056582913064], [0.8512012807960816, -0.19204600646363998]], "bias_count": 73, "energy_calls_at_each_min": [1, 1172, 9820], "force_calls_at_each_min": [1, 1172, 9820], "adaptive_height_scale": 3.0, "adaptive_cov_scale": 5.0, "pert_type": "fixed"}