{"run_id": 1057, "bias_std_dev_scale": 0.170998, "bias_height_fraction": 0.119897, "perturbation_size": 0.005, "optimizer": "FIRE", "found_minima": [[0.6234994049, 0.02803775853], [-0.05005903996971564, 0.46670418320569673], [-0.5582236548599137, 1.4417258216469453]], "found_saddles": [[0.18386667587234454, 0.28764140851895786], [-0.7621431577385702, 0.6977850539482625]], "bias_count": 46, "energy_calls_at_each_min": [1, 1190, 5847], "force_calls_at_each_min": [1, 1190, 5847], "adaptive_height_scale": 3.0, "adaptive_cov_scale": 4.0, "pert_type": "adaptive"}