{"run_id": 1332, "bias_std_dev_scale": 0.170998, "bias_height_fraction": 0.119897, "perturbation_size": 0.005, "optimizer": "FIRE", "found_minima": [[0.6234994049, 0.02803775853], [-0.05001752089827004, 0.4666956313300512], [-0.5582236538138068, 1.4417258227524445]], "found_saddles": [[0.1175615842089077, 0.20270437005923084], [-0.1198078805230273, -0.05342707978403058]], "bias_count": 126, "energy_calls_at_each_min": [1, 2099, 14849], "force_calls_at_each_min": [1, 2099, 14849], "adaptive_height_scale": 2.0, "adaptive_cov_scale": 1.0, "pert_type": "fixed"}