{"run_id": 1557, "bias_std_dev_scale": 0.170998, "bias_height_fraction": 0.119897, "perturbation_size": 0.005, "optimizer": "FIRE", "found_minima": [[0.6234994049, 0.02803775853], [-0.05001364828642126, 0.466694669208647], [-0.5582236365280038, 1.4417258358380272]], "found_saddles": [[0.3025375654197531, 0.31774761233909454], [-0.0932463251744507, 0.018103421872156925]], "bias_count": 38, "energy_calls_at_each_min": [1, 1284, 4506], "force_calls_at_each_min": [1, 1284, 4506], "adaptive_height_scale": 3.5, "adaptive_cov_scale": 3.0, "pert_type": "adaptive"}