{"run_id": 1334, "bias_std_dev_scale": 0.170998, "bias_height_fraction": 0.119897, "perturbation_size": 0.005, "optimizer": "FIRE", "found_minima": [[0.6234994049, 0.02803775853], [-0.0500311898978268, 0.4667007244620317], [-0.5582236252830907, 1.4417258493964187]], "found_saddles": [[0.22583848714423724, 0.32750446851169734], [-0.8224587157919921, 0.6118742425814852]], "bias_count": 54, "energy_calls_at_each_min": [1, 1761, 6269], "force_calls_at_each_min": [1, 1761, 6269], "adaptive_height_scale": 2.0, "adaptive_cov_scale": 1.5, "pert_type": "fixed"}