{"run_id": 512, "bias_std_dev_scale": 0.170998, "bias_height_fraction": 0.119897, "perturbation_size": 0.005, "optimizer": "FIRE", "found_minima": [[0.6234994049, 0.02803775853], [-0.050059110435352265, 0.4667078729399178], [-0.5582236526843414, 1.4417258238375779]], "found_saddles": [[0.21637261294103285, 0.3045110072288823], [-0.8002527486551351, 0.6285268581180472]], "bias_count": 104, "energy_calls_at_each_min": [1, 1544, 12519], "force_calls_at_each_min": [1, 1544, 12519], "adaptive_height_scale": 1.5, "adaptive_cov_scale": 3.0, "pert_type": "fixed"}