{"run_id": 1472, "bias_std_dev_scale": 0.170998, "bias_height_fraction": 0.119897, "perturbation_size": 0.005, "optimizer": "FIRE", "found_minima": [[0.6234994049, 0.02803775853], [-0.05411092691504128, 0.46744546000798554], [-0.5582121661994535, 1.4417409293825432]], "found_saddles": [[0.43485142109008884, 0.2860814756101089], [-0.8141875921278136, 0.6352905577625361]], "bias_count": 119, "energy_calls_at_each_min": [1, 3076, 14579], "force_calls_at_each_min": [1, 3076, 14579], "adaptive_height_scale": 1.0, "adaptive_cov_scale": 4.5, "pert_type": "fixed"}