{"run_id": 1236, "bias_std_dev_scale": 0.170998, "bias_height_fraction": 0.119897, "perturbation_size": 0.005, "optimizer": "FIRE", "found_minima": [[0.6234994049, 0.02803775853], [-0.05005730132980374, 0.46670364760527977], [-0.5582236188521902, 1.4417258585915713]], "found_saddles": [[0.33388899266262145, -0.14259757889552155], [-0.6681201500261865, 0.37169977072187255]], "bias_count": 32, "energy_calls_at_each_min": [1, 1980, 4297], "force_calls_at_each_min": [1, 1980, 4297], "adaptive_height_scale": 3.5, "adaptive_cov_scale": 4.0, "pert_type": "fixed"}