{"run_id": 483, "bias_std_dev_scale": 0.170998, "bias_height_fraction": 0.119897, "perturbation_size": 0.005, "optimizer": "FIRE", "found_minima": [[0.6234994049, 0.02803775853], [-0.050122777955269766, 0.46671786586707803], [-0.55822364150755, 1.4417258348117867]], "found_saddles": [[0.15130683131067313, 0.07005038615493074], [-0.34242994227033685, 0.8758175953325245]], "bias_count": 50, "energy_calls_at_each_min": [1, 1118, 6470], "force_calls_at_each_min": [1, 1118, 6470], "adaptive_height_scale": 5.0, "adaptive_cov_scale": 4.5, "pert_type": "adaptive"}