{"run_id": 1253, "bias_std_dev_scale": 0.170998, "bias_height_fraction": 0.119897, "perturbation_size": 0.005, "optimizer": "FIRE", "found_minima": [[0.6234994049, 0.02803775853], [-0.05002520157077808, 0.46669706542188794], [-0.5582236544241734, 1.4417258229842194]], "found_saddles": [[0.3318435725678197, 0.32922301084928784], [-0.7734072057485011, 0.6714470687102855]], "bias_count": 26, "energy_calls_at_each_min": [1, 837, 3248], "force_calls_at_each_min": [1, 837, 3248], "adaptive_height_scale": 4.0, "adaptive_cov_scale": 3.5, "pert_type": "adaptive"}