{"run_id": 1101, "bias_std_dev_scale": 0.170998, "bias_height_fraction": 0.119897, "perturbation_size": 0.005, "optimizer": "FIRE", "found_minima": [[0.6234994049, 0.02803775853], [-0.050011103956232913, 0.4666941635001167], [-0.5582236297662759, 1.4417258494292988]], "found_saddles": [[0.9663535886217909, 0.028586080960398417], [-0.129354676185744, -0.07567454750711886]], "bias_count": 44, "energy_calls_at_each_min": [1, 1519, 5126], "force_calls_at_each_min": [1, 1519, 5126], "adaptive_height_scale": 4.5, "adaptive_cov_scale": 1.5, "pert_type": "adaptive"}