{"run_id": 1139, "bias_std_dev_scale": 0.170998, "bias_height_fraction": 0.119897, "perturbation_size": 0.005, "optimizer": "FIRE", "found_minima": [[0.6234994049, 0.02803775853], [-0.05088254631853409, 0.46692996429418065], [-0.5582236300145351, 1.441725849246025]], "found_saddles": [[0.34383378389180397, 0.29311049400330386], [-0.8403223938350322, 0.6222572185600567]], "bias_count": 104, "energy_calls_at_each_min": [1, 2592, 11782], "force_calls_at_each_min": [1, 2592, 11782], "adaptive_height_scale": 1.0, "adaptive_cov_scale": 2.0, "pert_type": "adaptive"}