{"run_id": 163, "bias_std_dev_scale": 0.170998, "bias_height_fraction": 0.119897, "perturbation_size": 0.005, "optimizer": "FIRE", "found_minima": [[0.6234994049, 0.02803775853], [-0.05001307537672508, 0.4666947226287822], [-0.5582236134729933, 1.441725862415155]], "found_saddles": [[0.2190077801117618, 0.29864010057324647], [-0.8411150576531015, 0.6010673470799515]], "bias_count": 152, "energy_calls_at_each_min": [1, 1731, 16781], "force_calls_at_each_min": [1, 1731, 16781], "adaptive_height_scale": 1.0, "adaptive_cov_scale": 1.0, "pert_type": "adaptive"}