{"run_id": 74, "bias_std_dev_scale": 0.170998, "bias_height_fraction": 0.119897, "perturbation_size": 0.005, "optimizer": "FIRE", "found_minima": [[0.6234994049, 0.02803775853], [-0.05026363428042079, 0.46674197064593226], [-0.5582236166885515, 1.4417258603460674]], "found_saddles": [[0.34030101018702275, 0.3612932551845304], [-0.8245954405172118, 0.47691668298223866]], "bias_count": 21, "energy_calls_at_each_min": [1, 1017, 2389], "force_calls_at_each_min": [1, 1017, 2389], "adaptive_height_scale": 3.0, "adaptive_cov_scale": 1.5, "pert_type": "fixed"}